symbol,series,trade_date,prev_close,open_price,high_price,low_price,last_price,close_price,vwap,volume,turnover_cr,num_trades,delqty,delpct
NIFTYBEES,EQ,2019-10-01,1215.67,1217.95,1223.9,1191.8,1206.65,1205.03,1207.28,97147,11.7284,3243,46564.0,47.93
NIFTYBEES,EQ,2019-10-03,1205.03,1211.99,1212.0,1193.7,1198.8,1198.44,1198.26,56157,6.7291,1982,22390.0,39.87
NIFTYBEES,EQ,2019-10-04,1198.44,1207.9,1207.9,1180.0,1180.01,1182.15,1185.76,269438,31.9488,3455,174524.0,64.77
NIFTYBEES,EQ,2019-10-07,1182.15,1186.3,1260.0,1174.05,1175.54,1175.69,1182.6,387129,45.7817,3326,312994.0,80.85
NIFTYBEES,EQ,2019-10-09,1175.69,1183.01,1195.84,1170.06,1194.45,1194.27,1185.58,51865,6.149,2194,37374.0,72.06
NIFTYBEES,EQ,2019-10-10,1194.27,1191.95,1193.19,1180.0,1188.41,1185.39,1187.55,52284,6.209,1713,31850.0,60.92
NIFTYBEES,EQ,2019-10-11,1185.39,1189.0,1198.8,1184.0,1196.98,1197.36,1193.42,56743,6.7718,1925,14836.0,26.15
NIFTYBEES,EQ,2019-10-14,1197.36,1200.0,1205.5,1194.5,1197.95,1198.93,1201.04,34018,4.0857,1855,14716.0,43.26
NIFTYBEES,EQ,2019-10-15,1198.93,1208.0,1211.9,1195.1,1208.55,1208.73,1207.07,39619,4.7823,1981,16795.0,42.39
NIFTYBEES,EQ,2019-10-16,1208.73,1213.5,1214.72,1207.45,1209.81,1209.47,1210.49,117627,14.2387,2773,81170.0,69.01
NIFTYBEES,EQ,2019-10-17,1209.47,1211.4,1228.0,1207.7,1225.9,1224.8,1217.08,57285,6.972,2942,38807.0,67.74
NIFTYBEES,EQ,2019-10-18,1224.8,1227.95,1236.99,1221.98,1231.12,1234.55,1229.91,48775,5.9989,2189,30008.0,61.52
NIFTYBEES,EQ,2019-10-22,1234.55,1220.0,1237.0,1201.26,1229.9,1229.63,1232.05,84754,10.4421,2828,49043.0,57.87
NIFTYBEES,EQ,2019-10-23,1229.63,1235.0,1235.0,1222.05,1229.0,1229.95,1229.61,30803,3.7876,1453,13407.0,43.52
NIFTYBEES,EQ,2019-10-24,1229.95,1234.94,1235.0,1222.1,1226.8,1226.7,1227.63,49623,6.091799999999999,1620,22475.0,45.29
NIFTYBEES,EQ,2019-10-25,1226.7,1237.95,1238.0,1216.05,1222.9,1225.36,1223.23,79682,9.7469,2097,37802.0,47.44
NIFTYBEES,EQ,2019-10-27,1225.36,1240.0,1240.0,1228.9,1235.0,1233.87,1232.7,19878,2.4504,1548,11817.0,59.45
NIFTYBEES,EQ,2019-10-29,1233.87,1238.99,1248.19,1230.0,1246.0,1246.78,1242.36,87693,10.8946,2482,49184.0,56.09
NIFTYBEES,EQ,2019-10-30,1246.78,1250.0,1256.3,1246.75,1256.25,1252.87,1251.49,87490,10.9493,2417,59654.0,68.18
NIFTYBEES,EQ,2019-10-31,1252.87,1265.0,1265.0,1253.61,1254.8,1254.98,1258.2,191913,24.1465,1762,173525.0,90.42
NIFTYBEES,EQ,2019-11-01,1254.98,1254.0,1263.6,1252.37,1263.0,1261.41,1258.64,44483,5.5988,3054,20839.0,46.85
NIFTYBEES,EQ,2019-11-04,1261.41,1265.0,1267.0,1259.05,1263.0,1263.44,1263.74,80355,10.1548,2178,57939.0,72.1
NIFTYBEES,EQ,2019-11-05,1263.44,1265.95,1265.95,1257.14,1260.98,1260.59,1262.23,35932,4.5355,1805,18072.0,50.3
NIFTYBEES,EQ,2019-11-06,1260.59,1264.0,1268.8,1255.0,1265.5,1264.75,1263.65,34510,4.3609,1951,17759.0,51.46
NIFTYBEES,EQ,2019-11-07,1264.75,1264.75,1288.88,1263.01,1269.5,1269.79,1268.03,39973,5.0687,1786,26598.0,66.54
NIFTYBEES,EQ,2019-11-08,1269.79,1266.9,1275.0,1258.76,1261.75,1260.62,1265.91,79178,10.0232,2009,56952.0,71.93
NIFTYBEES,EQ,2019-11-11,1260.62,1262.0,1266.0,1255.0,1263.0,1264.91,1260.13,44586,5.6184,1962,30380.0,68.14
NIFTYBEES,EQ,2019-11-13,1264.91,1270.0,1270.0,1255.1,1257.84,1256.97,1259.86,39515,4.9784,1725,19508.0,49.37
NIFTYBEES,EQ,2019-11-14,1256.97,1261.88,1261.88,1249.67,1256.0,1255.46,1251.63,152970,19.1462,1651,99316.0,64.93
NIFTYBEES,EQ,2019-11-15,1255.46,1260.0,1266.9,1257.18,1261.8,1260.44,1260.34,119054,15.0048,1455,99885.0,83.9
NIFTYBEES,EQ,2019-11-18,1260.44,1266.0,1266.0,1256.65,1256.85,1257.3,1258.69,20811,2.6195,1171,10754.0,51.67
NIFTYBEES,EQ,2019-11-19,1257.3,1264.95,1267.0,1257.3,1265.97,1263.96,1264.26,46392,5.8652,1206,22311.0,48.09
NIFTYBEES,EQ,2019-11-20,1263.96,1269.0,1274.11,1265.26,1266.41,1268.33,1269.25,110713,14.0523,1818,81280.0,73.42
NIFTYBEES,EQ,2019-11-21,1268.33,1277.0,1277.0,1264.96,1265.15,1266.04,1267.47,26955,3.4165,920,19892.0,73.8
NIFTYBEES,EQ,2019-11-22,1266.04,1266.9,1266.9,1258.5,1264.0,1264.42,1262.49,36776,4.6429,1136,20594.0,56.0
NIFTYBEES,EQ,2019-11-25,1264.42,1271.0,1278.55,1262.0,1277.5,1277.37,1271.54,39292,4.9961,1600,26164.0,66.59
NIFTYBEES,EQ,2019-11-26,1277.37,1295.0,1295.0,1273.1,1277.3,1275.1,1278.51,43477,5.5586,1641,27645.0,63.59
NIFTYBEES,EQ,2019-11-27,1275.1,1278.0,1281.9,1277.06,1278.75,1279.02,1279.07,39606,5.0659,1711,26796.0,67.66
NIFTYBEES,EQ,2019-11-28,1279.02,1278.0,1285.0,1278.0,1285.0,1284.06,1281.07,350321,44.8786,2393,335317.0,95.72
NIFTYBEES,EQ,2019-11-29,1284.06,1286.0,1286.0,1271.4,1275.85,1275.13,1276.33,51420,6.5629,2481,24745.0,48.12
NIFTYBEES,EQ,2019-12-02,1275.13,1275.13,1294.0,1273.75,1276.75,1276.34,1277.26,34808,4.4459,1825,16611.0,47.72
NIFTYBEES,EQ,2019-12-03,1276.34,1281.95,1281.95,1268.11,1271.29,1269.6,1270.79,28714,3.649,1462,18041.0,62.83
NIFTYBEES,EQ,2019-12-04,1269.6,1273.0,1276.39,1265.1,1274.78,1274.69,1270.95,20458,2.6001,1078,10581.0,51.72
NIFTYBEES,EQ,2019-12-05,1274.69,1270.0,1281.0,1267.05,1272.37,1272.04,1275.01,46197,5.8901,1364,17537.0,37.96
NIFTYBEES,EQ,2019-12-06,1272.04,1275.95,1275.95,1261.0,1261.7,1262.27,1266.19,31043,3.9306,1673,16485.0,53.1
NIFTYBEES,EQ,2019-12-09,1262.27,1271.95,1271.95,1258.25,1264.27,1263.26,1263.53,22655,2.8625,1318,12181.0,53.77
NIFTYBEES,EQ,2019-12-10,1263.26,1263.26,1266.47,1255.95,1257.0,1257.95,1259.48,45663,5.7512,1968,23024.0,50.42
NIFTYBEES,EQ,2019-12-11,1257.95,1263.95,1264.79,1255.4,1262.4,1262.2,1258.68,33778,4.2516,941,26029.0,77.06
NIFTYBEES,EQ,2019-12-12,1262.2,1255.0,1272.99,1255.0,1271.92,1271.09,1268.84,19081,2.4211,994,9111.0,47.75
NIFTYBEES,EQ,2019-12-13,1271.09,1271.09,1280.0,1271.04,1278.0,1279.06,1276.93,33899,4.3287,1178,24410.0,72.01
NIFTYBEES,EQ,2019-12-16,1279.06,1285.0,1285.0,1274.0,1277.99,1275.31,1278.08,23033,2.9438,1558,13656.0,59.29
NIFTYBEES,EQ,2019-12-17,1275.31,1282.95,1288.0,1275.05,1288.0,1286.16,1284.23,46108,5.9213,1214,33782.0,73.27
NIFTYBEES,EQ,2019-12-18,1286.16,1289.95,1294.32,1282.1,1292.69,1292.54,1289.64,21946,2.8303,1103,16942.0,77.2
NIFTYBEES,EQ,2019-12-19,1292.54,129.2,130.33,129.05,130.26,130.2,129.82,271593,3.5257,3336,134875.0,49.66
NIFTYBEES,EQ,2019-12-20,130.2,134.95,134.95,129.78,130.2,130.34,130.39,246690,3.2167000000000003,3689,176048.0,71.36
NIFTYBEES,EQ,2019-12-23,130.34,131.2,131.25,129.28,129.98,129.93,129.94,318322,4.1363,2369,174051.0,54.68
NIFTYBEES,EQ,2019-12-24,129.93,130.85,130.85,129.22,129.37,129.45,129.71,422110,5.4751,3287,232101.0,54.99
NIFTYBEES,EQ,2019-12-26,129.45,130.35,130.35,128.51,128.7,128.69,129.01,204241,2.6348000000000003,2185,140678.0,68.88
NIFTYBEES,EQ,2019-12-27,128.69,128.69,130.65,128.3,129.5,129.56,129.36,233758,3.024,1412,160630.0,68.72
NIFTYBEES,EQ,2019-12-30,129.56,130.45,130.5,129.19,130.38,130.26,129.96,3175973,41.2762,3270,2902356.0,91.38
NIFTYBEES,EQ,2019-12-31,130.26,130.21,130.26,129.02,129.34,129.15,129.44,235878,3.0531,2232,139090.0,58.97
NIFTYBEES,EQ,2020-01-01,129.15,128.95,131.0,128.95,129.31,129.42,129.39,269259,3.4839,2884,191723.0,71.2
NIFTYBEES,EQ,2020-01-02,129.42,132.0,134.6,129.4,130.13,130.14,129.9,329677,4.2825,2178,246122.0,74.66
NIFTYBEES,EQ,2020-01-03,130.14,129.07,130.85,129.07,129.83,129.71,129.75,298681,3.8755,2118,232745.0,77.92
NIFTYBEES,EQ,2020-01-06,129.71,129.4,129.47,127.11,127.43,127.37,127.73,721657,9.2181,6192,447233.0,61.97
NIFTYBEES,EQ,2020-01-07,127.37,127.95,128.7,127.31,127.95,127.76,127.97,743200,9.5104,2700,400888.0,53.94
NIFTYBEES,EQ,2020-01-08,127.76,126.59,127.75,126.5,127.59,127.56,127.14,422774,5.3751,2824,300899.0,71.17
NIFTYBEES,EQ,2020-01-09,127.56,128.95,129.55,128.35,129.28,129.34,129.2,291102,3.761,1948,200213.0,68.78
NIFTYBEES,EQ,2020-01-10,129.34,129.95,130.2,129.3,129.63,129.61,129.76,426319,5.5318,3591,256688.0,60.21
NIFTYBEES,EQ,2020-01-13,129.61,127.0,130.5,124.4,130.44,130.41,130.25,531373,6.9212,2099,394340.0,74.21
NIFTYBEES,EQ,2020-01-14,130.41,130.75,131.23,129.8,130.96,131.01,130.61,325889,4.2565,1947,228312.0,70.06
NIFTYBEES,EQ,2020-01-15,131.01,131.4,131.45,130.0,131.0,131.01,130.63,318992,4.1671,2976,227010.0,71.16
NIFTYBEES,EQ,2020-01-16,131.01,131.45,131.5,130.0,130.95,130.91,130.91,277915,3.6382,1734,190599.0,68.58
NIFTYBEES,EQ,2020-01-17,130.91,131.45,131.45,130.5,131.13,131.19,131.1,394076,5.1663,1736,238408.0,60.5
NIFTYBEES,EQ,2020-01-20,131.19,131.21,131.5,129.7,129.98,129.78,130.5,769381,10.0402,3351,509968.0,66.28
NIFTYBEES,EQ,2020-01-21,129.78,130.35,130.35,129.05,129.28,129.27,129.38,458654,5.9342,3082,376433.0,82.07
NIFTYBEES,EQ,2020-01-22,129.27,131.45,131.45,128.22,128.65,128.53,128.76,471486,6.0707,2687,372233.0,78.95
NIFTYBEES,EQ,2020-01-23,128.53,129.45,129.45,128.2,129.32,129.31,129.06,184783,2.3848,1927,123876.0,67.04
NIFTYBEES,EQ,2020-01-24,129.31,129.26,130.3,128.75,130.05,130.11,130.06,630671,8.2026,1621,543005.0,86.1
NIFTYBEES,EQ,2020-01-27,130.11,129.0,130.0,128.55,128.74,128.73,129.07,414564,5.3508,2807,294797.0,71.11
NIFTYBEES,EQ,2020-01-28,128.73,130.66,130.66,127.6,128.15,128.1,128.35,826302,10.6055,4043,697998.0,84.47
NIFTYBEES,EQ,2020-01-29,128.1,128.75,129.2,128.05,128.65,128.76,128.8,179693,2.3144,1857,91712.0,51.04
NIFTYBEES,EQ,2020-01-30,128.76,128.95,129.0,127.5,127.7,127.74,127.92,1074097,13.7398,5104,977959.0,91.05
NIFTYBEES,EQ,2020-01-31,127.74,127.95,128.43,126.9,127.72,127.17,127.3,632544,8.0525,4409,357794.0,56.56
NIFTYBEES,EQ,2020-02-01,127.17,127.35,127.78,123.6,124.05,124.71,126.05,1076883,13.5738,10932,663640.0,61.63
NIFTYBEES,EQ,2020-02-03,124.71,124.76,126.0,123.5,124.77,124.42,124.24,1306194,16.2284,6340,943749.0,72.25
NIFTYBEES,EQ,2020-02-04,124.42,125.25,126.93,124.05,126.8,126.75,126.21,331366,4.1822,4903,180673.0,54.52
NIFTYBEES,EQ,2020-02-05,126.75,126.1,128.1,126.1,128.09,127.91,127.42,343990,4.3832,2485,207763.0,60.4
NIFTYBEES,EQ,2020-02-06,127.91,127.86,129.05,127.55,128.95,128.94,128.58,348705,4.4835,3642,212217.0,60.86
NIFTYBEES,EQ,2020-02-07,128.94,129.15,129.15,127.74,128.2,128.19,128.09,512906,6.57,2578,358635.0,69.92
NIFTYBEES,EQ,2020-02-10,128.19,129.85,129.85,127.31,127.92,127.91,127.69,371411,4.7426,3467,278484.0,74.98
NIFTYBEES,EQ,2020-02-11,127.91,128.05,129.95,128.05,128.38,128.3,128.59,301763,3.8803,3498,186841.0,61.92
NIFTYBEES,EQ,2020-02-12,128.3,128.85,129.35,128.6,129.05,129.19,129.14,244082,3.1522,2141,156490.0,64.11
NIFTYBEES,EQ,2020-02-13,129.19,129.54,129.54,128.5,129.32,129.3,128.99,491397,6.3383,2591,381718.0,77.68
NIFTYBEES,EQ,2020-02-14,129.3,129.54,129.69,128.09,128.3,128.38,128.67,435089,5.5981,2608,264310.0,60.75
NIFTYBEES,EQ,2020-02-17,128.38,128.92,129.0,127.7,127.7,127.84,128.15,254024,3.2554000000000003,3884,164566.0,64.78
NIFTYBEES,EQ,2020-02-18,127.84,126.95,128.5,126.55,127.4,127.34,126.91,569499,7.2276,5697,459152.0,80.62
NIFTYBEES,EQ,2020-02-19,127.34,127.95,128.7,127.0,128.6,128.59,128.31,463260,5.944,3085,249341.0,53.82
NIFTYBEES,EQ,2020-02-20,128.59,128.55,128.8,128.0,128.43,128.36,128.57,354821,4.5621,2725,264741.0,74.61
NIFTYBEES,EQ,2020-02-24,128.36,128.41,128.41,125.5,125.89,125.73,126.36,3544077,44.7845,9403,3299003.0,93.08
NIFTYBEES,EQ,2020-02-25,125.73,126.35,126.4,125.11,125.52,125.34,125.69,587395,7.3832,4612,410931.0,69.96
NIFTYBEES,EQ,2020-02-26,125.34,125.39,125.39,123.8,124.2,124.04,124.39,2733254,33.9992,6954,2474716.0,90.54
NIFTYBEES,EQ,2020-02-27,124.04,123.55,124.49,122.54,123.6,123.64,123.04,1863612,22.929,8264,1536930.0,82.47
NIFTYBEES,EQ,2020-02-28,123.64,121.65,122.94,119.11,119.75,119.29,120.12,8148034,97.8763,17964,6678370.0,81.96
NIFTYBEES,EQ,2020-03-02,119.29,122.05,122.05,117.21,118.53,118.39,119.55,2355594,28.1616,9014,1539636.0,65.36
NIFTYBEES,EQ,2020-03-03,118.39,119.44,121.01,118.55,121.0,120.4,119.67,1810345,21.6653,7753,1185023.0,65.46
NIFTYBEES,EQ,2020-03-04,120.4,121.4,121.4,117.91,119.4,119.52,118.9,2300345,27.3501,7832,1684408.0,73.22
NIFTYBEES,EQ,2020-03-05,119.52,142.95,142.95,118.6,119.82,119.75,120.2,513870,6.176799999999999,3878,253891.0,49.41
NIFTYBEES,EQ,2020-03-06,119.75,118.49,118.49,115.6,117.38,117.18,116.79,3370046,39.3604,14351,2676087.0,79.41
NIFTYBEES,EQ,2020-03-09,117.18,116.49,116.49,109.74,112.0,111.62,111.78,8020071,89.6497,29061,5329929.0,66.46
NIFTYBEES,EQ,2020-03-11,111.62,111.49,112.5,110.2,111.25,111.31,111.31,3831171,42.6435,10457,2450032.0,63.95
NIFTYBEES,EQ,2020-03-12,111.31,110.0,110.0,101.05,105.45,102.99,104.18,10399708,108.339,40012,7527410.0,72.38
NIFTYBEES,EQ,2020-03-13,102.99,91.26,120.85,91.26,107.0,106.36,103.81,8805655,91.4143,28611,4571370.0,51.91
NIFTYBEES,EQ,2020-03-16,106.36,107.49,107.49,100.0,103.99,102.37,102.24,5403923,55.2499,29002,3858630.0,71.4
NIFTYBEES,EQ,2020-03-17,102.37,102.55,105.0,97.25,102.0,99.2,99.73,4118915,41.0791,24851,2542043.0,61.72
NIFTYBEES,EQ,2020-03-18,99.2,100.9,102.8,92.2,97.0,96.08,95.15,6548737,62.3132,33493,4036891.0,61.64
NIFTYBEES,EQ,2020-03-19,96.08,94.5,94.5,87.0,89.7,89.47,89.04,9073962,80.7983,46257,5515568.0,60.78
NIFTYBEES,EQ,2020-03-20,89.47,99.88,99.88,88.0,93.03,92.97,91.11,5442580,49.5899,28765,2558547.0,47.01
NIFTYBEES,EQ,2020-03-23,92.97,87.0,94.83,81.0,82.9,83.52,85.92,8144624,69.9794,41341,6417781.0,78.8
NIFTYBEES,EQ,2020-03-24,83.52,86.0,90.0,83.07,84.9,85.0,85.43,8341885,71.2609,25984,6012149.0,72.07
NIFTYBEES,EQ,2020-03-25,85.0,85.0,90.0,84.0,89.5,89.46,87.04,4949433,43.0775,21759,2854944.0,57.68
NIFTYBEES,EQ,2020-03-26,89.46,92.0,94.8,84.0,92.99,92.68,91.98,5221102,48.0256,26334,2488633.0,47.66
NIFTYBEES,EQ,2020-03-27,92.68,93.0,96.4,90.87,91.74,91.26,93.08,4258490,39.636,24422,1685850.0,39.59
NIFTYBEES,EQ,2020-03-30,91.26,90.0,92.5,88.65,89.3,89.17,90.51,4813354,43.563500000000005,22411,2338494.0,48.58
NIFTYBEES,EQ,2020-03-31,89.17,90.0,92.65,89.7,91.85,91.94,91.67,3737735,34.2638,15027,2040078.0,54.58
NIFTYBEES,EQ,2020-04-01,91.94,91.94,91.94,89.0,89.18,89.35,89.81,2782804,24.9923,22225,1614867.0,58.03
NIFTYBEES,EQ,2020-04-03,89.35,90.0,91.2,86.35,86.88,86.59,87.42,4260702,37.2475,25520,2597011.0,60.95
NIFTYBEES,EQ,2020-04-07,86.59,90.0,92.8,88.25,92.6,92.41,91.23,4840152,44.1585,22319,2400299.0,49.59
NIFTYBEES,EQ,2020-04-08,92.41,91.0,98.0,90.65,92.81,92.82,93.79,5210576,48.8686,21291,2288298.0,43.92
NIFTYBEES,EQ,2020-04-09,92.82,93.95,96.5,93.4,96.1,96.23,95.47,4706456,44.930600000000005,17514,2829341.0,60.12
NIFTYBEES,EQ,2020-04-13,96.23,96.95,96.95,94.08,95.75,95.62,95.2,2175310,20.7085,17280,656160.0,33.12
NIFTYBEES,EQ,2020-04-15,95.62,97.0,97.9,94.55,95.2,95.2,96.66,2756785,26.6462,18184,955024.0,34.64
NIFTYBEES,EQ,2020-04-16,95.2,96.0,96.0,94.0,95.83,95.68,95.31,1777655,16.9427,11541,515650.0,29.01
NIFTYBEES,EQ,2020-04-17,95.68,98.0,98.7,96.4,98.59,98.21,97.67,2622443,25.6141,15411,845554.0,32.24
NIFTYBEES,EQ,2020-04-20,98.21,100.1,100.96,97.8,98.1,97.99,98.24,2279271,22.3908,15038,1080798.0,47.42
NIFTYBEES,EQ,2020-04-21,97.99,91.1,105.99,91.1,95.65,95.6,95.35,2146306,20.4647,14829,1236100.0,57.59
NIFTYBEES,EQ,2020-04-22,95.6,102.0,102.0,94.05,97.49,97.38,96.23,1728534,16.6342,10914,613475.0,35.49
NIFTYBEES,EQ,2020-04-23,97.38,96.28,98.85,96.28,98.48,98.62,98.26,1573782,15.4638,9470,714291.0,45.39
NIFTYBEES,EQ,2020-04-24,98.62,97.1,98.14,96.1,97.1,97.1,97.12,6117467,59.414,11403,4909291.0,80.25
NIFTYBEES,EQ,2020-04-27,97.1,97.15,99.05,97.1,98.5,98.43,98.64,2031699,20.0414,9897,1143923.0,56.3
NIFTYBEES,EQ,2020-04-28,98.43,100.1,100.1,98.3,99.44,99.35,98.93,1050246,10.3898,8182,406597.0,38.71
NIFTYBEES,EQ,2020-04-29,99.35,100.0,101.7,99.4,101.1,101.12,100.5,2746729,27.6038,14138,1694606.0,61.7
NIFTYBEES,EQ,2020-04-30,101.12,102.0,104.69,101.61,104.5,104.18,103.81,3783690,39.2803,15208,2058097.0,54.39
NIFTYBEES,EQ,2020-05-04,104.18,104.18,104.21,98.12,98.9,98.8,99.61,4249161,42.327,24374,2147782.0,50.55
NIFTYBEES,EQ,2020-05-05,98.8,95.8,102.5,92.9,97.66,97.65,98.73,2950667,29.1332,14196,1572395.0,53.29
NIFTYBEES,EQ,2020-05-06,97.65,98.5,99.0,96.76,98.7,98.5,98.36,1654593,16.2742,10615,662711.0,40.05
NIFTYBEES,EQ,2020-05-07,98.5,98.05,99.0,97.1,97.7,97.6,97.7,1921875,18.7776,9761,1019026.0,53.02
NIFTYBEES,EQ,2020-05-08,97.6,98.49,99.36,98.0,98.28,98.12,98.62,871210,8.5917,6613,431142.0,49.49
NIFTYBEES,EQ,2020-05-11,98.12,98.99,99.97,98.01,98.79,98.21,99.09,1213126,12.0204,9445,439317.0,36.21
NIFTYBEES,EQ,2020-05-12,98.21,98.19,98.85,96.21,97.99,97.96,97.1,1596323,15.5008,14095,674070.0,42.23
NIFTYBEES,EQ,2020-05-13,97.96,95.9,106.8,95.9,99.74,99.69,100.08,3330046,33.326,13705,1731974.0,52.01
NIFTYBEES,EQ,2020-05-14,99.69,97.7,99.39,97.11,97.79,97.42,97.96,1975805,19.3544,13589,1140109.0,57.7
NIFTYBEES,EQ,2020-05-15,97.42,97.5,98.9,96.37,97.06,97.08,96.86,2010265,19.472,13104,981712.0,48.83
NIFTYBEES,EQ,2020-05-18,97.08,97.85,97.9,93.75,94.0,93.93,94.67,4744786,44.9171,31411,2865253.0,60.39
NIFTYBEES,EQ,2020-05-19,93.93,95.01,95.99,94.2,94.5,94.34,95.06,3341572,31.7656,14188,842243.0,25.2
NIFTYBEES,EQ,2020-05-20,94.34,95.65,96.79,94.02,96.79,96.25,95.41,1981167,18.903,10721,629393.0,31.77
NIFTYBEES,EQ,2020-05-21,96.25,97.45,97.46,95.5,96.7,96.69,96.78,1286795,12.453,8420,433220.0,33.67
NIFTYBEES,EQ,2020-05-22,96.69,99.0,99.0,94.8,96.17,96.11,95.9,1872398,17.9555,11050,570234.0,30.45
NIFTYBEES,EQ,2020-05-26,96.11,98.0,98.0,84.6,96.37,96.21,96.51,2194346,21.1771,10072,702863.0,32.03
NIFTYBEES,EQ,2020-05-27,96.21,96.95,98.79,95.52,98.58,98.6,97.27,2916890,28.3714,11827,917679.0,31.46
NIFTYBEES,EQ,2020-05-28,98.6,98.95,100.7,98.7,100.35,100.37,99.88,2933866,29.3031,12492,1653635.0,56.36
NIFTYBEES,EQ,2020-05-29,100.37,99.9,101.76,98.8,101.39,101.38,100.54,2556493,25.7032,10819,1099215.0,43.0
NIFTYBEES,EQ,2020-06-01,101.38,102.0,105.28,102.0,104.46,104.42,104.4,3862496,40.3252,16187,1583914.0,41.01
NIFTYBEES,EQ,2020-06-02,104.42,102.0,106.0,95.0,105.98,105.89,105.09,2967926,31.1892,12011,1412679.0,47.6
NIFTYBEES,EQ,2020-06-03,105.89,106.88,107.84,106.11,106.9,106.36,107.13,3693773,39.5707,13667,2001381.0,54.18
NIFTYBEES,EQ,2020-06-04,106.36,106.36,107.17,105.1,106.23,106.27,106.26,2256015,23.972600000000003,10312,886709.0,39.3
NIFTYBEES,EQ,2020-06-05,106.27,106.27,107.95,106.25,107.95,107.66,107.25,1847988,19.8191,8977,744448.0,40.28
NIFTYBEES,EQ,2020-06-08,107.66,108.5,109.45,107.67,108.2,108.1,108.83,2765914,30.1016,12738,1127157.0,40.75
NIFTYBEES,EQ,2020-06-09,108.1,109.0,109.1,106.6,106.77,106.85,107.93,2356586,25.4356,11289,685575.0,29.09
NIFTYBEES,EQ,2020-06-10,106.85,107.4,107.9,104.21,107.76,107.52,107.31,1834025,19.6807,8786,374534.0,20.42
NIFTYBEES,EQ,2020-06-11,107.52,107.05,107.88,105.11,105.4,105.3,106.28,2105891,22.3805,12617,778534.0,36.97
NIFTYBEES,EQ,2020-06-12,105.3,103.87,105.91,102.2,105.64,105.72,103.64,4921933,51.0129,17679,1155330.0,23.47
NIFTYBEES,EQ,2020-06-15,105.72,105.65,105.72,103.39,104.47,104.51,104.31,3330233,34.7363,15055,721575.0,21.67
NIFTYBEES,EQ,2020-06-16,104.51,106.25,106.87,103.37,105.0,105.21,105.31,3829031,40.3224,13615,615893.0,16.08
NIFTYBEES,EQ,2020-06-17,105.21,104.93,106.0,104.32,104.76,104.92,105.28,4345818,45.7535,11474,419182.0,9.65
NIFTYBEES,EQ,2020-06-18,104.92,105.38,107.2,104.1,107.0,106.97,106.04,2874262,30.4784,10065,700784.0,24.38
NIFTYBEES,EQ,2020-06-19,106.97,107.8,109.0,106.1,108.83,108.79,107.94,4181389,45.1359,12407,1125308.0,26.91
NIFTYBEES,EQ,2020-06-22,108.79,109.8,110.29,108.71,109.78,109.56,109.67,3664567,40.191,14391,866226.0,23.64
NIFTYBEES,EQ,2020-06-23,109.56,110.0,111.28,109.25,111.15,111.0,110.35,3164075,34.916599999999995,11598,1212138.0,38.31
NIFTYBEES,EQ,2020-06-24,111.0,111.0,111.91,109.22,109.79,109.53,110.94,4180756,46.3825,14593,1240649.0,29.68
NIFTYBEES,EQ,2020-06-25,109.53,109.0,109.95,108.01,108.95,109.05,109.22,5601669,61.1825,12076,2766514.0,49.39
NIFTYBEES,EQ,2020-06-26,109.05,109.58,110.6,109.33,110.35,110.24,109.87,2440079,26.8081,9543,781252.0,32.02
NIFTYBEES,EQ,2020-06-29,110.24,110.24,111.1,108.72,109.77,109.74,109.28,1969391,21.5206,10933,378354.0,19.21
NIFTYBEES,EQ,2020-06-30,109.74,110.95,110.95,109.25,109.66,109.52,109.98,1667919,18.3435,7644,347414.0,20.83
NIFTYBEES,EQ,2020-07-01,109.52,110.92,111.2,108.75,111.03,111.04,110.57,1781342,19.6964,8066,628635.0,35.29
NIFTYBEES,EQ,2020-07-02,111.04,111.11,112.47,111.11,112.23,112.1,111.9,2697856,30.188,12613,1092973.0,40.51
NIFTYBEES,EQ,2020-07-03,112.1,112.65,112.89,112.14,112.5,112.51,112.47,1736490,19.5309,8636,508877.0,29.3
NIFTYBEES,EQ,2020-07-06,112.51,113.88,114.56,112.8,114.35,114.28,113.96,2874054,32.7517,12668,1241896.0,43.21
NIFTYBEES,EQ,2020-07-07,114.28,114.28,114.97,113.43,114.55,114.65,114.17,2472941,28.2339,9143,866863.0,35.05
NIFTYBEES,EQ,2020-07-08,114.65,114.65,115.2,113.6,113.85,113.85,114.61,1888863,21.6486,9247,563236.0,29.82
NIFTYBEES,EQ,2020-07-09,113.85,113.85,115.2,113.85,115.1,115.07,114.77,1791188,20.5583,8552,805427.0,44.97
NIFTYBEES,EQ,2020-07-10,115.07,114.1,115.07,113.86,114.49,114.38,114.33,1703311,19.4741,8597,538763.0,31.63
NIFTYBEES,EQ,2020-07-13,114.38,117.0,117.0,114.26,114.95,114.86,115.12,2318031,26.6844,9632,988409.0,42.64
NIFTYBEES,EQ,2020-07-14,114.86,114.79,115.1,112.4,112.9,112.93,113.18,3298092,37.3265,14208,1339758.0,40.62
NIFTYBEES,EQ,2020-07-15,112.93,113.99,114.99,112.61,113.22,112.97,114.12,3082696,35.1803,10227,1170165.0,37.96
NIFTYBEES,EQ,2020-07-16,112.97,113.99,114.24,112.53,113.96,114.08,113.33,1849501,20.961,7288,536586.0,29.01
NIFTYBEES,EQ,2020-07-17,114.08,114.9,116.17,114.15,116.1,115.81,115.08,2349481,27.038400000000003,8852,1093390.0,46.54
NIFTYBEES,EQ,2020-07-20,115.81,116.1,118.0,116.05,117.1,117.06,116.71,2990564,34.9035,9702,1496781.0,50.05
NIFTYBEES,EQ,2020-07-21,117.06,117.16,118.73,116.8,118.71,118.54,118.35,3251989,38.4872,8941,2175397.0,66.89
NIFTYBEES,EQ,2020-07-22,118.54,119.0,119.2,117.35,118.39,118.11,118.15,2531693,29.9131,8808,1273087.0,50.29
NIFTYBEES,EQ,2020-07-23,118.11,118.98,119.2,117.11,119.09,119.08,118.76,1948030,23.1348,6564,1335950.0,68.58
NIFTYBEES,EQ,2020-07-24,119.08,118.3,119.3,117.71,119.12,118.99,118.38,2172268,25.7161,9140,1028182.0,47.33
NIFTYBEES,EQ,2020-07-27,118.99,118.99,119.95,118.0,118.29,118.39,118.48,1759243,20.8439,9898,535088.0,30.42
NIFTYBEES,EQ,2020-07-28,118.39,119.25,120.19,117.7,120.05,120.02,119.49,1684394,20.1272,8257,848443.0,50.37
NIFTYBEES,EQ,2020-07-29,120.02,135.6,135.6,118.8,119.29,119.26,119.72,1794840,21.4876,8995,710288.0,39.57
NIFTYBEES,EQ,2020-07-30,119.26,120.45,120.45,117.79,117.83,117.96,118.98,1906744,22.6869,8070,999254.0,52.41
NIFTYBEES,EQ,2020-07-31,117.96,116.01,118.6,116.01,118.2,118.02,118.02,1481516,17.485599999999998,7263,514373.0,34.72
NIFTYBEES,EQ,2020-08-03,118.02,118.02,119.5,116.05,116.25,116.17,116.7,2747227,32.0604,13501,1637403.0,59.6
NIFTYBEES,EQ,2020-08-04,116.17,116.3,118.15,116.25,118.0,118.0,117.31,1291694,15.1524,7756,583059.0,45.14
NIFTYBEES,EQ,2020-08-05,118.0,118.02,119.24,117.64,118.29,118.03,118.37,1407351,16.658900000000003,8165,425464.0,30.23
NIFTYBEES,EQ,2020-08-06,118.03,118.95,119.68,118.18,119.15,119.02,118.9,1615399,19.2075,7181,685658.0,42.45
NIFTYBEES,EQ,2020-08-07,119.02,119.6,119.65,118.16,119.41,119.35,119.08,776576,9.2478,6359,253770.0,32.68
NIFTYBEES,EQ,2020-08-10,119.35,119.1,120.39,119.1,120.0,119.97,120.07,1036138,12.4406,8414,558062.0,53.86
NIFTYBEES,EQ,2020-08-11,119.97,120.9,120.98,120.05,120.64,120.44,120.51,755382,9.1029,7013,319627.0,42.31
NIFTYBEES,EQ,2020-08-12,120.44,120.25,120.75,119.27,120.35,120.33,120.02,892720,10.7142,7297,432576.0,48.46
NIFTYBEES,EQ,2020-08-13,120.33,121.27,121.44,119.91,120.56,120.49,120.41,1022353,12.3106,7866,495388.0,48.46
NIFTYBEES,EQ,2020-08-14,120.49,121.0,121.27,118.33,119.34,119.26,119.9,1546537,18.5423,9723,673630.0,43.56
NIFTYBEES,EQ,2020-08-17,119.26,120.45,120.9,119.0,119.99,119.88,119.62,1696683,20.295,10799,842733.0,49.67
NIFTYBEES,EQ,2020-08-18,119.88,120.15,121.07,119.3,121.0,120.97,120.62,1675189,20.2066,7269,1077840.0,64.34
NIFTYBEES,EQ,2020-08-19,120.97,122.5,122.5,121.0,121.25,121.13,121.31,3338356,40.4982,7389,2580877.0,77.31
NIFTYBEES,EQ,2020-08-20,121.13,120.45,120.82,119.33,120.3,120.42,120.28,4239885,50.997600000000006,8165,3672978.0,86.63
NIFTYBEES,EQ,2020-08-21,120.42,121.99,121.99,120.5,121.23,121.11,121.21,684750,8.2998,6886,324904.0,47.45
NIFTYBEES,EQ,2020-08-24,121.11,122.49,139.3,121.11,121.9,122.0,121.82,1136294,13.8422,8838,685390.0,60.32
NIFTYBEES,EQ,2020-08-25,122.0,122.98,124.99,121.36,122.0,121.93,121.96,975133,11.8923,7805,462982.0,47.48
NIFTYBEES,EQ,2020-08-26,121.93,135.0,135.0,121.8,122.75,122.75,122.29,965666,11.8091,6976,438754.0,45.44
NIFTYBEES,EQ,2020-08-27,122.75,139.0,139.0,122.55,123.0,122.91,123.1,1150255,14.1599,6857,802153.0,69.74
NIFTYBEES,EQ,2020-08-28,122.91,129.0,129.0,122.9,124.2,124.04,123.77,1532069,18.9624,7652,734820.0,47.96
NIFTYBEES,EQ,2020-08-31,124.04,139.0,139.0,120.45,120.65,121.03,122.03,3949062,48.1888,20118,2007861.0,50.84
NIFTYBEES,EQ,2020-09-01,121.03,134.88,134.88,120.0,122.28,122.15,121.83,1354038,16.4967,9169,434339.0,32.08
NIFTYBEES,EQ,2020-09-02,122.15,125.0,125.0,121.56,122.87,122.75,122.24,1206221,14.7449,6760,526524.0,43.65
NIFTYBEES,EQ,2020-09-03,122.75,129.88,129.88,122.11,122.9,122.73,122.82,990176,12.161,6880,478133.0,48.29
NIFTYBEES,EQ,2020-09-04,122.73,121.25,122.05,102.26,121.39,121.12,121.24,1498133,18.1634,12474,847124.0,56.55
NIFTYBEES,EQ,2020-09-07,121.12,134.88,134.88,119.0,121.6,121.27,120.87,1011229,12.2223,9815,475361.0,47.01
NIFTYBEES,EQ,2020-09-08,121.27,133.88,133.88,120.65,120.8,120.85,121.5,1193139,14.496199999999998,7740,494670.0,41.46
NIFTYBEES,EQ,2020-09-09,120.85,120.75,120.75,115.05,120.55,120.34,119.99,1567827,18.813,10320,895782.0,57.14
NIFTYBEES,EQ,2020-09-10,120.34,129.0,129.0,116.8,121.81,121.94,121.51,1180882,14.349200000000002,7081,533653.0,45.19
NIFTYBEES,EQ,2020-09-11,121.94,134.88,134.88,121.54,122.1,122.13,121.92,1149385,14.0139,8025,572050.0,49.77
NIFTYBEES,EQ,2020-09-14,122.13,127.0,127.0,121.52,122.03,122.13,122.6,1051387,12.8897,11026,502907.0,47.83
NIFTYBEES,EQ,2020-09-15,122.13,127.0,127.0,122.1,123.06,122.9,122.65,1137606,13.9524,7921,437421.0,38.45
NIFTYBEES,EQ,2020-09-16,122.9,141.3,141.3,120.0,123.57,123.71,123.35,1142264,14.0901,6941,672278.0,58.85
NIFTYBEES,EQ,2020-09-17,123.71,125.66,125.66,122.0,122.85,122.72,122.86,891649,10.9544,6874,441260.0,49.49
NIFTYBEES,EQ,2020-09-18,122.72,130.0,130.0,111.7,122.62,122.66,122.89,631382,7.7589,6040,228413.0,36.18
NIFTYBEES,EQ,2020-09-21,122.66,127.4,127.4,118.85,119.7,119.92,121.29,1765428,21.4121,12662,794598.0,45.01
NIFTYBEES,EQ,2020-09-22,119.92,115.0,125.0,115.0,119.1,118.91,119.08,1654611,19.7028,12012,534861.0,32.33
NIFTYBEES,EQ,2020-09-23,118.91,130.0,130.0,117.8,119.0,118.95,118.8,1291470,15.3431,9288,432766.0,33.51
NIFTYBEES,EQ,2020-09-24,118.95,120.0,120.0,115.56,116.1,115.76,116.57,2545881,29.6774,19974,1602841.0,62.96
NIFTYBEES,EQ,2020-09-25,115.76,116.85,118.11,115.0,117.89,117.87,117.07,1640526,19.2057,9631,526801.0,32.11
NIFTYBEES,EQ,2020-09-28,117.87,120.0,120.0,117.91,119.9,119.75,119.21,1311060,15.6293,9478,534726.0,40.79
NIFTYBEES,EQ,2020-09-29,119.75,130.0,130.0,119.41,119.94,119.82,120.04,1496038,17.958199999999998,7332,685399.0,45.81
NIFTYBEES,EQ,2020-09-30,119.82,122.0,122.42,118.55,119.8,119.93,119.72,1045912,12.5218,7055,382958.0,36.61
NIFTYBEES,EQ,2020-10-01,119.93,120.5,121.74,119.72,121.6,121.61,121.31,1429824,17.3448,10111,600477.0,42.0
NIFTYBEES,EQ,2020-10-05,121.61,125.0,125.0,120.05,122.5,122.38,122.53,2450876,30.0296,11316,1400431.0,57.14
NIFTYBEES,EQ,2020-10-06,122.38,124.0,124.2,120.0,124.15,124.03,123.54,1563246,19.3123,9098,907636.0,58.06
NIFTYBEES,EQ,2020-10-07,124.03,127.45,127.45,116.6,125.0,124.89,124.56,1645542,20.4963,9583,768091.0,46.68
NIFTYBEES,EQ,2020-10-08,124.89,127.0,127.0,123.3,126.0,125.91,126.08,2178637,27.469,10520,1223206.0,56.15
NIFTYBEES,EQ,2020-10-09,125.91,130.0,130.0,125.7,127.2,126.99,126.53,2170221,27.460300000000004,10322,731762.0,33.72
NIFTYBEES,EQ,2020-10-12,126.99,124.0,128.1,124.0,127.03,126.96,127.11,2384129,30.3058,11014,467448.0,19.61
NIFTYBEES,EQ,2020-10-13,126.96,129.0,130.0,126.0,126.96,127.02,127.13,1505033,19.1331,7876,617186.0,41.01
NIFTYBEES,EQ,2020-10-14,127.02,127.55,127.69,125.8,127.27,127.42,126.46,1702320,21.5268,9054,381732.0,22.42
NIFTYBEES,EQ,2020-10-15,127.42,128.0,128.0,124.0,124.83,124.81,126.34,3686080,46.5699,14240,2104054.0,57.08
NIFTYBEES,EQ,2020-10-16,124.81,125.44,125.92,124.6,125.65,125.62,125.46,2100993,26.358,10164,931558.0,44.34
NIFTYBEES,EQ,2020-10-19,125.62,130.0,130.0,124.61,126.9,126.81,126.64,1702515,21.5599,7959,875065.0,51.4
NIFTYBEES,EQ,2020-10-20,126.81,130.0,130.0,125.25,126.8,126.77,126.75,1244069,15.7687,7073,362340.0,29.13
NIFTYBEES,EQ,2020-10-21,126.77,130.0,130.0,125.41,127.08,126.98,126.95,1714840,21.7694,10057,423514.0,24.7
NIFTYBEES,EQ,2020-10-22,126.98,128.0,128.0,126.0,126.7,126.73,126.56,1185728,15.0066,6951,310310.0,26.17
NIFTYBEES,EQ,2020-10-23,126.73,128.0,128.0,126.73,126.9,127.11,127.13,1099448,13.9777,5379,488959.0,44.47
NIFTYBEES,EQ,2020-10-26,127.11,146.2,146.2,125.2,125.9,125.81,125.98,1653725,20.8331,11412,624426.0,37.76
NIFTYBEES,EQ,2020-10-27,125.81,109.5,129.99,109.5,126.85,126.81,126.15,1375559,17.3524,7154,293156.0,21.31
NIFTYBEES,EQ,2020-10-28,126.81,119.2,145.8,119.2,125.52,125.4,125.78,1802732,22.6739,9800,903813.0,50.14
NIFTYBEES,EQ,2020-10-29,125.4,129.5,139.0,124.0,124.92,124.72,124.76,1442980,18.002200000000002,9381,447582.0,31.02
NIFTYBEES,EQ,2020-10-30,124.72,130.0,138.0,123.4,124.58,124.57,124.35,1694334,21.0682,10923,423071.0,24.97
NIFTYBEES,EQ,2020-11-02,124.57,127.69,127.69,123.4,124.25,124.37,124.16,2026545,25.1621,10555,1133201.0,55.92
NIFTYBEES,EQ,2020-11-03,124.37,126.0,126.24,124.05,126.13,126.01,125.75,1278806,16.0807,7814,634058.0,49.58
NIFTYBEES,EQ,2020-11-04,126.01,139.0,139.0,114.7,127.0,127.03,126.49,1720136,21.758000000000003,8664,566563.0,32.94
NIFTYBEES,EQ,2020-11-05,127.03,133.0,133.0,127.51,129.06,129.12,128.69,1799777,23.1611,9424,1206056.0,67.01
NIFTYBEES,EQ,2020-11-06,129.12,129.0,130.8,126.51,130.51,130.61,129.97,2090661,27.1729,9536,1303816.0,62.36
NIFTYBEES,EQ,2020-11-09,130.61,132.0,133.0,131.16,132.89,132.73,132.32,1575611,20.8481,11694,789867.0,50.13
NIFTYBEES,EQ,2020-11-10,132.73,144.7,144.7,132.94,134.81,134.72,133.83,2844216,38.0632,11102,1504217.0,52.89
NIFTYBEES,EQ,2020-11-11,134.72,154.9,154.9,122.6,136.0,135.83,135.29,2626835,35.5391,10769,1028886.0,39.17
NIFTYBEES,EQ,2020-11-12,135.83,144.7,144.7,134.65,135.43,135.26,135.18,1464974,19.803,8870,466723.0,31.86
NIFTYBEES,EQ,2020-11-13,135.26,140.0,140.0,130.0,135.91,135.79,135.25,1675631,22.663400000000003,7526,816817.0,48.75
NIFTYBEES,EQ,2020-11-14,135.79,123.6,140.0,123.6,136.5,136.4,136.37,901758,12.2973,12746,548672.0,60.84
NIFTYBEES,EQ,2020-11-17,136.4,154.88,154.88,136.51,137.4,137.39,137.32,2497489,34.2959,11212,1500366.0,60.07
NIFTYBEES,EQ,2020-11-18,137.39,136.0,149.88,136.0,137.95,137.9,137.44,1932468,26.5591,8449,1155734.0,59.81
NIFTYBEES,EQ,2020-11-19,137.9,120.0,143.88,120.0,136.2,136.25,137.36,2243961,30.8232,10541,1163662.0,51.86
NIFTYBEES,EQ,2020-11-20,136.25,137.0,137.33,135.0,136.9,137.0,136.49,1597557,21.8056,8122,642562.0,40.22
NIFTYBEES,EQ,2020-11-23,137.0,149.0,149.0,136.62,138.0,137.76,137.5,1987751,27.3324,9543,898600.0,45.21
NIFTYBEES,EQ,2020-11-24,137.76,147.88,147.88,129.5,139.73,139.38,138.86,2727726,37.8761,9365,1720292.0,63.07
NIFTYBEES,EQ,2020-11-25,139.38,154.74,154.74,137.2,137.5,137.39,138.62,2261085,31.3422,12922,756895.0,33.47
NIFTYBEES,EQ,2020-11-26,137.39,144.0,144.0,136.6,138.65,138.24,137.48,7689852,105.7236,9995,6247725.0,81.25
NIFTYBEES,EQ,2020-11-27,138.24,150.0,150.0,133.04,138.32,138.38,138.42,1273581,17.6289,7610,404031.0,31.72
NIFTYBEES,EQ,2020-12-01,138.38,149.7,149.7,133.1,139.8,139.79,139.25,1452032,20.2192,11358,660591.0,45.49
NIFTYBEES,EQ,2020-12-02,139.79,154.0,154.0,138.6,139.95,139.96,139.48,1203053,16.7807,8460,350186.0,29.11
NIFTYBEES,EQ,2020-12-03,139.96,141.23,143.0,139.91,140.11,140.12,140.22,1344091,18.8473,7223,571954.0,42.55
NIFTYBEES,EQ,2020-12-04,140.12,143.2,143.2,139.95,141.32,141.27,140.86,1151089,16.213900000000002,7834,466252.0,40.51
NIFTYBEES,EQ,2020-12-07,141.27,143.0,143.0,140.5,142.35,142.29,141.75,2265003,32.106300000000005,9958,1224739.0,54.07
NIFTYBEES,EQ,2020-12-08,142.29,154.0,154.0,141.3,142.83,142.86,142.65,1588215,22.6553,10120,650515.0,40.96
NIFTYBEES,EQ,2020-12-09,142.86,146.0,146.0,140.5,144.57,144.41,143.91,1490549,21.4508,8832,553937.0,37.16
NIFTYBEES,EQ,2020-12-10,144.41,154.0,154.0,143.0,144.02,143.82,143.47,1541066,22.1093,9803,383760.0,24.9
NIFTYBEES,EQ,2020-12-11,143.82,148.0,148.0,142.8,143.91,143.93,144.13,1557017,22.440900000000003,8444,493941.0,31.72
NIFTYBEES,EQ,2020-12-14,143.93,144.99,145.7,143.45,144.29,144.32,144.19,2254461,32.5067,10098,1089066.0,48.31
NIFTYBEES,EQ,2020-12-15,144.32,146.0,146.0,143.4,144.73,144.61,144.13,1565759,22.5672,8562,423390.0,27.04
NIFTYBEES,EQ,2020-12-16,144.61,159.0,159.0,144.0,145.99,145.82,145.56,1258149,18.314,7316,410820.0,32.65
NIFTYBEES,EQ,2020-12-17,145.82,154.8,154.8,145.56,146.7,146.56,146.35,1116175,16.3348,7299,349741.0,31.33
NIFTYBEES,EQ,2020-12-18,146.56,159.0,159.0,145.4,147.02,146.96,146.44,1745336,25.5587,8063,656814.0,37.63
NIFTYBEES,EQ,2020-12-21,146.96,146.94,146.96,140.55,142.46,142.5,144.39,3192127,46.0917,21168,1284258.0,40.23
NIFTYBEES,EQ,2020-12-22,142.5,146.4,146.4,129.7,143.75,143.82,142.54,2462353,35.0987,16182,781115.0,31.72
NIFTYBEES,EQ,2020-12-23,143.82,143.95,145.31,143.28,145.08,145.12,144.45,1280315,18.4945,8722,444653.0,34.73
NIFTYBEES,EQ,2020-12-24,145.12,154.7,154.7,144.45,146.59,146.52,146.15,1837640,26.8576,15633,762454.0,41.49
NIFTYBEES,EQ,2020-12-28,146.52,159.0,159.0,146.25,147.93,147.78,147.61,1362994,20.1186,17494,670243.0,49.17
NIFTYBEES,EQ,2020-12-29,147.78,148.4,148.95,148.1,148.75,148.77,148.61,1639088,24.358600000000003,15125,571831.0,34.89
NIFTYBEES,EQ,2020-12-30,148.77,149.41,149.5,148.1,149.29,149.27,148.77,1664595,24.7637,13851,530155.0,31.85
NIFTYBEES,EQ,2020-12-31,149.27,148.15,149.95,148.15,149.09,149.07,149.15,1513100,22.5675,8404,424499.0,28.05
NIFTYBEES,EQ,2021-01-01,149.07,159.68,159.68,147.65,149.6,149.57,149.62,767502,11.4834,11250,366995.0,47.82
NIFTYBEES,EQ,2021-01-04,149.57,150.59,150.9,148.95,150.9,150.71,150.21,1729074,25.972,15203,527636.0,30.52
NIFTYBEES,EQ,2021-01-05,150.71,159.7,159.7,149.75,151.21,151.3,150.43,2248517,33.8237,11352,1069808.0,47.58
NIFTYBEES,EQ,2021-01-06,151.3,159.7,159.7,145.58,151.2,151.22,151.23,1890161,28.585300000000004,12285,726782.0,38.45
NIFTYBEES,EQ,2021-01-07,151.22,155.0,155.0,151.01,151.54,151.2,151.63,1184831,17.9657,10721,404015.0,34.1
NIFTYBEES,EQ,2021-01-08,151.2,168.88,168.88,151.73,153.2,152.88,152.29,1488219,22.6646,11755,621027.0,41.73
NIFTYBEES,EQ,2021-01-11,152.88,158.0,159.7,153.11,154.5,154.38,153.98,1714620,26.4021,13542,667221.0,38.91
NIFTYBEES,EQ,2021-01-12,154.38,154.44,155.47,153.9,155.47,155.32,154.83,1645477,25.4763,10414,598559.0,36.38
NIFTYBEES,EQ,2021-01-13,155.32,156.15,156.15,154.31,155.5,155.6,155.52,1524163,23.7036,12380,642888.0,42.18
NIFTYBEES,EQ,2021-01-14,155.6,155.5,155.92,154.52,155.85,155.76,155.28,1242536,19.2945,9852,464072.0,37.35
NIFTYBEES,EQ,2021-01-15,155.76,155.95,155.95,153.5,154.24,154.11,154.57,2219346,34.3033,20225,856493.0,38.59
NIFTYBEES,EQ,2021-01-18,154.11,160.25,164.8,152.08,152.42,152.56,152.96,2172716,33.2349,21361,803522.0,36.98
NIFTYBEES,EQ,2021-01-19,152.56,153.9,155.6,153.32,155.6,155.45,154.53,1986752,30.7022,10885,578357.0,29.11
NIFTYBEES,EQ,2021-01-20,155.45,155.42,156.85,155.12,156.5,156.75,156.03,1574034,24.5597,9916,548529.0,34.85
NIFTYBEES,EQ,2021-01-21,156.75,169.7,169.7,155.34,156.38,156.02,157.01,1966764,30.8805,11649,988162.0,50.24
NIFTYBEES,EQ,2021-01-22,156.02,156.98,156.99,153.7,154.05,153.91,154.89,2013987,31.1941,17610,899619.0,44.67
NIFTYBEES,EQ,2021-01-25,153.91,174.88,174.88,152.22,152.6,152.46,153.53,1877148,28.8191,17501,743154.0,39.59
NIFTYBEES,EQ,2021-01-27,152.46,157.7,157.7,140.2,149.58,149.48,150.46,3099586,46.6363,27314,1838399.0,59.31
NIFTYBEES,EQ,2021-01-28,149.48,149.0,149.0,147.0,148.19,147.99,147.9,3724096,55.0798,27738,1925203.0,51.7
NIFTYBEES,EQ,2021-01-29,147.99,164.74,164.74,145.6,146.34,146.1,147.46,4019948,59.2764,28954,2251694.0,56.01
NIFTYBEES,EQ,2021-02-01,146.1,150.0,153.0,146.24,152.89,152.52,148.87,5752457,85.6345,26858,2443210.0,42.47
NIFTYBEES,EQ,2021-02-02,152.52,154.33,162.0,153.12,156.4,156.1,155.76,5401586,84.134,20119,1911983.0,35.4
NIFTYBEES,EQ,2021-02-03,156.1,164.4,164.4,155.21,157.75,157.66,157.39,3184291,50.1165,15604,1477389.0,46.4
NIFTYBEES,EQ,2021-02-04,157.66,174.7,174.7,156.51,158.7,158.69,157.95,2597296,41.0253,12290,987425.0,38.02
NIFTYBEES,EQ,2021-02-05,158.69,159.27,159.99,158.48,159.34,159.05,159.3,2162707,34.4523,13315,646254.0,29.88
NIFTYBEES,EQ,2021-02-08,159.05,179.7,179.7,159.35,161.45,161.03,161.04,3414992,54.9967,16047,2109472.0,61.77
NIFTYBEES,EQ,2021-02-09,161.03,161.67,162.7,160.76,161.42,161.23,161.85,2186027,35.3817,12729,828503.0,37.9
NIFTYBEES,EQ,2021-02-10,161.23,161.83,161.92,160.15,161.85,161.46,161.1,2086456,33.6133,13110,464721.0,22.27
NIFTYBEES,EQ,2021-02-11,161.46,161.17,162.64,160.94,162.26,162.06,161.7,1130555,18.281,8772,325714.0,28.81
NIFTYBEES,EQ,2021-02-12,162.06,162.35,162.7,161.3,162.25,162.17,162.22,1471633,23.8726,11328,656359.0,44.6
NIFTYBEES,EQ,2021-02-15,162.17,163.17,165.0,159.75,164.19,163.93,163.55,1390282,22.7383,13536,549645.0,39.53
NIFTYBEES,EQ,2021-02-16,163.93,169.88,169.88,162.71,163.55,163.54,163.91,2808707,46.038900000000005,13527,691458.0,24.62
NIFTYBEES,EQ,2021-02-17,163.54,164.98,164.98,162.01,162.69,162.59,162.81,1633793,26.5992,13189,519524.0,31.8
NIFTYBEES,EQ,2021-02-18,162.59,172.59,172.59,161.57,161.83,161.89,162.22,1466832,23.7954,11361,584443.0,39.84
NIFTYBEES,EQ,2021-02-19,161.89,161.57,164.19,159.55,160.96,160.42,160.81,1924382,30.945,16107,892339.0,46.37
NIFTYBEES,EQ,2021-02-22,160.42,160.75,162.19,156.71,157.14,157.18,158.34,4266735,67.5587,34987,2054360.0,48.15
NIFTYBEES,EQ,2021-02-23,157.18,158.69,164.6,157.1,157.75,157.59,158.07,3376578,53.3742,17061,1243623.0,36.83
NIFTYBEES,EQ,2021-02-24,157.59,157.59,163.85,157.1,160.33,160.15,158.93,1694856,26.936,10310,878512.0,51.83
NIFTYBEES,EQ,2021-02-25,160.15,161.46,162.39,160.82,162.07,161.87,161.89,2078898,33.655,12714,735902.0,35.4
NIFTYBEES,EQ,2021-02-26,161.87,157.0,163.62,154.55,157.8,156.15,157.23,6394687,100.545,52702,4036789.0,63.13
NIFTYBEES,EQ,2021-03-01,156.15,161.99,161.99,156.8,158.28,158.01,157.87,2262115,35.7123,20870,1054017.0,46.59
NIFTYBEES,EQ,2021-03-02,158.01,159.41,159.99,158.01,159.8,159.57,158.94,1674905,26.6214,13424,518076.0,30.93
NIFTYBEES,EQ,2021-03-03,159.57,161.14,163.31,160.39,163.05,162.98,161.74,2774589,44.8749,15832,1396846.0,50.34
NIFTYBEES,EQ,2021-03-04,162.98,165.0,165.0,160.0,161.2,161.2,161.2,1760533,28.3805,15062,651193.0,36.99
NIFTYBEES,EQ,2021-03-05,161.2,160.33,161.18,158.3,160.05,159.66,160.04,2004187,32.0751,18375,664847.0,33.17
NIFTYBEES,EQ,2021-03-08,159.66,163.64,183.6,159.66,160.09,160.04,160.68,1419094,22.8015,14850,327352.0,23.07
NIFTYBEES,EQ,2021-03-09,160.04,161.18,161.8,159.85,161.7,161.47,161.0,1483026,23.8772,12499,489581.0,33.01
NIFTYBEES,EQ,2021-03-10,161.47,164.94,164.94,161.56,162.19,162.16,162.19,1026447,16.6476,10046,363327.0,35.4
NIFTYBEES,EQ,2021-03-12,162.16,163.99,163.99,159.89,160.62,160.63,161.85,2695163,43.6206,19904,1047567.0,38.87
NIFTYBEES,EQ,2021-03-15,160.63,161.0,161.01,158.1,159.8,159.96,159.07,2726411,43.3682,24754,1073531.0,39.38
NIFTYBEES,EQ,2021-03-16,159.96,163.19,164.6,159.0,159.91,159.79,160.3,1194883,19.1535,11575,329763.0,27.6
NIFTYBEES,EQ,2021-03-17,159.79,183.48,183.48,157.52,157.75,157.88,158.74,2020012,32.0652,16089,921902.0,45.64
NIFTYBEES,EQ,2021-03-18,157.88,159.49,159.49,155.31,156.45,156.12,156.9,2566012,40.2596,21481,1488906.0,58.02
NIFTYBEES,EQ,2021-03-19,156.12,158.59,158.59,153.86,158.05,157.87,156.0,2989141,46.631800000000005,21001,1116534.0,37.35
NIFTYBEES,EQ,2021-03-22,157.87,178.88,178.88,137.3,157.55,157.33,157.1,2249076,35.3333,16888,900203.0,40.03
NIFTYBEES,EQ,2021-03-23,157.33,178.48,178.48,157.16,158.31,158.35,158.16,2196154,34.7352,11355,879771.0,40.06
NIFTYBEES,EQ,2021-03-24,158.35,174.88,174.88,155.91,156.38,156.09,156.8,2880134,45.1606,21453,1631573.0,56.65
NIFTYBEES,EQ,2021-03-25,156.09,156.53,156.55,153.25,154.49,153.86,154.32,4619262,71.28479999999999,29446,2506922.0,54.27
NIFTYBEES,EQ,2021-03-26,153.86,183.48,183.48,154.11,155.54,155.21,155.18,3133917,48.6325,12279,1689052.0,53.9
NIFTYBEES,EQ,2021-03-30,155.21,179.88,179.88,153.81,158.4,158.42,157.51,3007515,47.3707,17165,1957890.0,65.1
NIFTYBEES,EQ,2021-03-31,158.42,177.48,177.48,156.8,157.32,157.16,157.3,1770531,27.85,13344,842807.0,47.6
NIFTYBEES,EQ,2021-04-01,157.16,137.05,177.0,137.05,158.6,158.7,158.08,1753952,27.7263,19197,791198.0,45.11
NIFTYBEES,EQ,2021-04-05,158.7,156.01,174.0,155.01,157.18,156.96,156.32,3825031,59.7932,38238,1926402.0,50.36
NIFTYBEES,EQ,2021-04-06,156.96,152.3,159.98,152.1,157.5,157.39,157.43,1679649,26.4422,13908,551410.0,32.83
NIFTYBEES,EQ,2021-04-07,157.39,159.4,159.4,155.61,158.6,158.82,158.52,1490166,23.6215,13650,671398.0,45.06
NIFTYBEES,EQ,2021-04-08,158.82,159.8,160.0,154.1,159.15,158.87,159.51,1387673,22.1348,12795,699119.0,50.38
NIFTYBEES,EQ,2021-04-09,158.87,159.6,159.6,158.1,158.8,158.78,158.7,919771,14.5967,10369,383855.0,41.73
NIFTYBEES,EQ,2021-04-12,158.78,179.88,179.88,150.1,154.9,154.08,154.37,6958023,107.4127,47522,3788575.0,54.45
NIFTYBEES,EQ,2021-04-13,154.08,174.88,174.88,153.45,155.7,155.5,154.56,2306251,35.6443,16696,967775.0,41.96
NIFTYBEES,EQ,2021-04-15,155.5,174.88,174.88,152.41,155.87,155.93,155.05,1757440,27.2482,19605,528475.0,30.07
NIFTYBEES,EQ,2021-04-16,155.93,154.95,157.18,154.45,156.23,156.42,156.65,1128520,17.6785,10722,416114.0,36.87
NIFTYBEES,EQ,2021-04-19,156.42,156.18,156.23,151.77,154.23,154.09,153.35,2725967,41.8025,30460,1365960.0,50.11
NIFTYBEES,EQ,2021-04-20,154.09,132.0,156.49,132.0,153.35,153.29,154.03,2219957,34.1944,17973,1184726.0,53.37
NIFTYBEES,EQ,2021-04-22,153.29,169.83,169.83,151.92,154.15,154.27,153.38,1575936,24.1715,15500,645433.0,40.96
NIFTYBEES,EQ,2021-04-23,154.27,161.0,161.0,151.25,153.84,153.86,154.18,1497148,23.0836,12075,803501.0,53.67
NIFTYBEES,EQ,2021-04-26,153.86,158.4,158.4,153.91,155.26,155.17,155.14,1445359,22.4227,15677,518429.0,35.87
NIFTYBEES,EQ,2021-04-27,155.17,163.0,163.0,152.35,156.83,156.83,156.19,1034413,16.1561,9744,492035.0,47.57
NIFTYBEES,EQ,2021-04-28,156.83,158.64,159.09,155.36,158.82,158.9,158.36,1587740,25.1431,13694,927207.0,58.4
NIFTYBEES,EQ,2021-04-29,158.9,161.14,161.14,157.81,158.99,159.1,159.46,1997771,31.856,13569,960369.0,48.07
NIFTYBEES,EQ,2021-04-30,159.1,157.94,158.68,155.15,157.1,157.0,157.63,1610283,25.3836,14471,1023587.0,63.57
NIFTYBEES,EQ,2021-05-03,157.0,156.49,157.42,154.56,157.0,156.97,156.2,1531614,23.9242,21105,698822.0,45.63
NIFTYBEES,EQ,2021-05-04,156.97,164.0,164.0,155.15,155.88,155.55,156.52,1378826,21.5817,16136,594054.0,43.08
NIFTYBEES,EQ,2021-05-05,155.55,158.9,158.9,151.35,157.02,156.81,156.32,1411068,22.058200000000003,11989,692053.0,49.04
NIFTYBEES,EQ,2021-05-06,156.81,163.5,163.5,156.2,157.6,157.54,157.33,1048532,16.496199999999998,11377,546248.0,52.1
NIFTYBEES,EQ,2021-05-07,157.54,159.4,159.4,155.2,158.5,158.53,158.54,1347683,21.366,11217,554920.0,41.18
NIFTYBEES,EQ,2021-05-10,158.53,160.4,160.4,158.55,159.73,159.69,159.55,1811054,28.8962,18819,1070369.0,59.1
NIFTYBEES,EQ,2021-05-11,159.69,159.2,159.31,157.74,159.0,158.94,158.7,1280124,20.3159,14040,621607.0,48.56
NIFTYBEES,EQ,2021-05-12,158.94,161.9,161.9,157.24,157.8,157.69,157.89,1450842,22.9079,14537,739602.0,50.98
NIFTYBEES,EQ,2021-05-14,157.69,158.99,169.0,156.57,157.6,157.47,157.31,1800545,28.3252,16191,918437.0,51.01
NIFTYBEES,EQ,2021-05-17,157.47,155.6,159.72,155.6,159.64,159.52,158.85,1344415,21.3562,15865,772352.0,57.45
NIFTYBEES,EQ,2021-05-18,159.52,161.9,161.9,160.0,161.24,161.37,161.23,1913546,30.8515,15262,1311706.0,68.55
NIFTYBEES,EQ,2021-05-19,161.37,161.37,162.9,160.0,160.76,160.67,161.03,1259712,20.2854,12178,654965.0,51.99
NIFTYBEES,EQ,2021-05-20,160.67,169.0,169.0,159.41,159.8,159.64,160.05,1095072,17.5269,11698,662023.0,60.45
NIFTYBEES,EQ,2021-05-21,159.64,174.9,174.9,159.75,162.49,162.1,161.39,1585589,25.590100000000003,14112,987949.0,62.31
NIFTYBEES,EQ,2021-05-24,162.1,170.0,170.0,161.31,162.29,162.43,162.42,1408268,22.8729,18273,776771.0,55.16
NIFTYBEES,EQ,2021-05-25,162.43,178.88,178.88,162.01,162.71,162.53,162.85,1045055,17.0184,14036,545999.0,52.25
NIFTYBEES,EQ,2021-05-26,162.53,170.0,170.0,150.8,163.5,163.46,163.33,1121397,18.3163,10917,578439.0,51.58
NIFTYBEES,EQ,2021-05-27,163.46,170.0,170.0,162.23,164.32,164.12,163.9,1459534,23.9215,13584,894714.0,61.3
NIFTYBEES,EQ,2021-05-28,164.12,168.9,168.9,164.0,165.15,165.02,164.85,1536434,25.328000000000003,14177,854771.0,55.63
NIFTYBEES,EQ,2021-05-31,165.02,179.0,179.0,155.1,166.65,166.79,166.06,1664143,27.6349,22099,866960.0,52.1
NIFTYBEES,EQ,2021-06-01,166.79,179.0,179.0,166.42,167.0,166.88,166.96,1595004,26.6307,24941,856738.0,53.71
NIFTYBEES,EQ,2021-06-02,166.88,166.75,167.6,164.41,167.3,167.29,166.52,932798,15.5327,17412,500927.0,53.7
NIFTYBEES,EQ,2021-06-03,167.29,167.3,177.7,167.3,168.05,168.17,167.96,1011967,16.9971,16475,519542.0,51.34
NIFTYBEES,EQ,2021-06-04,168.17,174.9,174.9,159.0,168.25,168.15,168.14,1058387,17.7962,17803,512440.0,48.42
NIFTYBEES,EQ,2021-06-07,168.15,174.4,174.4,168.15,168.55,168.63,168.57,1733382,29.2193,24609,1124442.0,64.87
NIFTYBEES,EQ,2021-06-08,168.63,169.64,169.64,167.2,168.55,168.57,168.37,695044,11.7023,15764,388895.0,55.95
NIFTYBEES,EQ,2021-06-09,168.57,174.4,174.4,159.3,167.65,167.59,168.23,1198930,20.1697,17778,626115.0,52.22
NIFTYBEES,EQ,2021-06-10,167.59,174.39,174.39,165.05,168.68,168.6,168.36,687667,11.5778,14011,346246.0,50.35
NIFTYBEES,EQ,2021-06-11,168.6,173.9,173.9,167.2,169.39,169.33,169.38,1395622,23.6392,14339,785703.0,56.3
NIFTYBEES,EQ,2021-06-14,169.33,174.88,174.88,166.3,169.69,169.56,169.01,1875312,31.695100000000004,22747,974731.0,51.98
NIFTYBEES,EQ,2021-06-15,169.56,173.98,174.4,169.0,170.17,170.27,170.25,720652,12.2688,14766,442065.0,61.34
NIFTYBEES,EQ,2021-06-16,170.27,173.94,174.4,169.3,169.53,169.69,169.78,1152832,19.5723,15561,812421.0,70.47
NIFTYBEES,EQ,2021-06-17,169.69,179.0,179.0,168.1,168.76,168.79,168.86,1063422,17.9568,20886,682483.0,64.18
NIFTYBEES,EQ,2021-06-18,168.79,168.86,169.8,166.45,169.02,168.67,167.95,1658740,27.8592,21939,1005816.0,60.64
NIFTYBEES,EQ,2021-06-21,168.67,168.0,169.39,166.5,169.2,169.07,167.67,1931684,32.3883,23421,1020700.0,52.84
NIFTYBEES,EQ,2021-06-22,169.07,183.48,183.48,169.1,169.35,169.41,170.0,1140000,19.3799,16395,644208.0,56.51
NIFTYBEES,EQ,2021-06-23,169.41,173.8,173.8,168.5,168.6,168.68,169.26,1054283,17.8451,15020,627250.0,59.5
NIFTYBEES,EQ,2021-06-24,168.68,184.88,184.88,168.1,169.81,169.68,169.48,868516,14.7199,11416,449280.0,51.73
NIFTYBEES,EQ,2021-06-25,169.68,170.68,170.68,165.0,170.3,170.4,170.03,1087315,18.4881,13330,545295.0,50.15
NIFTYBEES,EQ,2021-06-28,170.4,170.4,173.5,169.8,169.81,169.85,170.13,1404615,23.8974,19699,929715.0,66.19
NIFTYBEES,EQ,2021-06-29,169.85,184.43,184.43,166.66,169.5,169.33,169.44,1121228,18.9983,13382,625690.0,55.8
NIFTYBEES,EQ,2021-06-30,169.33,173.35,173.35,160.15,169.25,169.13,169.62,846600,14.3603,14234,513014.0,60.6
NIFTYBEES,EQ,2021-07-01,169.13,173.45,173.45,168.51,169.09,168.92,169.1,1040915,17.6016,41327,745323.0,71.6
NIFTYBEES,EQ,2021-07-02,168.92,171.85,171.85,167.55,169.25,169.34,168.94,843371,14.2477,21567,545292.0,64.66
NIFTYBEES,EQ,2021-07-05,169.34,172.4,173.88,166.5,170.17,170.13,170.12,1200342,20.4201,30222,795364.0,66.26
NIFTYBEES,EQ,2021-07-06,170.13,170.9,171.0,168.75,170.19,170.17,170.6,949072,16.1916,18612,663143.0,69.87
NIFTYBEES,EQ,2021-07-07,170.17,172.25,172.25,169.14,170.63,170.46,170.28,715925,12.1905,13879,399234.0,55.76
NIFTYBEES,EQ,2021-07-08,170.46,172.2,180.7,169.02,169.9,169.47,169.75,1285484,21.8217,22583,907662.0,70.61
NIFTYBEES,EQ,2021-07-09,169.47,173.4,173.4,168.5,169.14,169.07,168.95,1420007,23.9915,19599,1021720.0,71.95
NIFTYBEES,EQ,2021-07-12,169.07,176.39,176.39,165.17,169.17,169.04,169.53,842741,14.287,20864,524561.0,62.24
NIFTYBEES,EQ,2021-07-13,169.04,172.85,172.85,169.25,170.23,170.17,169.89,607828,10.3264,12599,373188.0,61.4
NIFTYBEES,EQ,2021-07-14,170.17,172.35,172.35,166.55,170.45,170.6,170.36,699257,11.9122,13677,422664.0,60.44
NIFTYBEES,EQ,2021-07-15,170.6,184.9,184.9,169.5,171.2,171.28,171.13,765208,13.0954,16725,472370.0,61.73
NIFTYBEES,EQ,2021-07-16,171.28,173.2,173.2,151.7,171.4,171.41,171.27,610263,10.4519,12467,397549.0,65.14
NIFTYBEES,EQ,2021-07-19,171.41,174.94,174.94,169.02,169.88,169.77,170.0,1366502,23.2306,27208,1007203.0,73.71
NIFTYBEES,EQ,2021-07-20,169.77,184.83,184.83,167.96,168.39,168.54,168.53,2191600,36.935100000000006,29141,1610354.0,73.48
NIFTYBEES,EQ,2021-07-22,168.54,172.6,172.6,168.81,170.43,170.36,170.07,895788,15.2348,14299,547240.0,61.09
NIFTYBEES,EQ,2021-07-23,170.36,172.78,172.78,166.05,170.4,170.57,170.49,997334,17.0031,12482,486291.0,48.76
NIFTYBEES,EQ,2021-07-26,170.57,174.84,174.84,169.1,170.17,170.28,170.53,1124977,19.1837,18208,789004.0,70.14
NIFTYBEES,EQ,2021-07-27,170.28,174.74,174.74,169.24,169.77,169.68,170.03,1005585,17.098399999999998,15897,643791.0,64.02
NIFTYBEES,EQ,2021-07-28,169.68,172.55,172.55,167.4,169.47,169.34,168.48,1800475,30.3337,25288,1094246.0,60.78
NIFTYBEES,EQ,2021-07-29,169.34,170.25,170.95,168.45,170.06,169.95,169.89,553884,9.41,9739,304852.0,55.04
NIFTYBEES,EQ,2021-07-30,169.95,179.9,179.9,135.51,169.74,169.69,170.09,991454,16.863599999999998,14743,509596.0,51.4
NIFTYBEES,EQ,2021-08-02,169.69,174.69,174.69,170.0,171.11,171.0,170.8,953704,16.2896,21869,584632.0,61.3
NIFTYBEES,EQ,2021-08-03,171.0,172.58,173.4,161.0,173.25,173.27,172.07,1725861,29.6972,18332,1338288.0,77.54
NIFTYBEES,EQ,2021-08-04,173.27,174.75,175.0,173.15,174.6,174.67,174.54,1283417,22.4006,16818,790732.0,61.61
NIFTYBEES,EQ,2021-08-05,174.67,177.4,177.4,172.55,175.15,175.13,175.04,1016990,17.8017,14650,511080.0,50.25
NIFTYBEES,EQ,2021-08-06,175.13,188.75,188.75,174.65,175.15,174.85,175.14,763764,13.376600000000002,14014,503181.0,65.88
NIFTYBEES,EQ,2021-08-09,174.85,177.8,177.8,170.15,175.49,175.41,175.26,717383,12.5729,21239,416389.0,58.04
NIFTYBEES,EQ,2021-08-10,175.41,175.9,176.25,174.82,175.52,175.63,175.71,772380,13.5712,15196,420109.0,54.39
NIFTYBEES,EQ,2021-08-11,175.63,188.95,188.95,160.15,175.45,175.37,175.05,958183,16.7733,15558,484661.0,50.58
NIFTYBEES,EQ,2021-08-12,175.37,176.7,176.7,174.55,176.1,176.17,175.85,793639,13.9559,12280,437515.0,55.13
NIFTYBEES,EQ,2021-08-13,176.17,189.8,189.8,175.55,177.6,177.94,177.39,1213494,21.526300000000003,14298,669261.0,55.15
NIFTYBEES,EQ,2021-08-16,177.94,179.9,179.9,176.6,178.4,178.6,178.21,758499,13.5176,20134,408544.0,53.86
NIFTYBEES,EQ,2021-08-17,178.6,182.44,182.44,155.4,179.08,178.91,178.41,733550,13.0875,14460,323509.0,44.1
NIFTYBEES,EQ,2021-08-18,178.91,194.75,194.75,174.63,178.8,178.76,179.04,1545056,27.6626,15653,844716.0,54.67
NIFTYBEES,EQ,2021-08-20,178.76,194.0,194.0,176.08,177.22,177.32,177.55,1825110,32.4046,25307,1016664.0,55.7
NIFTYBEES,EQ,2021-08-23,177.32,193.43,193.43,177.0,178.27,178.1,178.04,899824,16.0202,19679,534970.0,59.45
NIFTYBEES,EQ,2021-08-24,178.1,188.43,188.43,167.45,179.35,179.46,178.89,801419,14.3368,12563,571652.0,71.33
NIFTYBEES,EQ,2021-08-25,179.46,193.95,193.95,179.2,179.6,179.47,179.71,640105,11.5034,12275,373595.0,58.36
NIFTYBEES,EQ,2021-08-26,179.47,190.0,190.0,179.0,179.6,179.52,179.58,822706,14.7742,13115,579556.0,70.45
NIFTYBEES,EQ,2021-08-27,179.52,184.83,184.83,168.7,180.31,180.24,179.83,773596,13.9118,13468,378122.0,48.88
NIFTYBEES,EQ,2021-08-30,180.24,187.95,187.95,179.3,182.8,182.57,181.98,1108398,20.1711,22557,574863.0,51.86
NIFTYBEES,EQ,2021-08-31,182.57,193.43,193.43,182.01,184.92,184.55,183.35,1826619,33.4904,17800,1198988.0,65.64
NIFTYBEES,EQ,2021-09-01,184.55,187.7,187.7,171.16,184.21,184.31,185.02,2863644,52.9842,24541,2112445.0,73.77
NIFTYBEES,EQ,2021-09-02,184.31,185.25,186.0,180.25,186.0,185.96,185.3,887174,16.4394,18656,567728.0,63.99
NIFTYBEES,EQ,2021-09-03,185.96,172.31,193.39,172.31,187.1,186.91,186.41,1329680,24.7872,20515,817608.0,61.49
NIFTYBEES,EQ,2021-09-06,186.91,186.96,188.45,186.96,187.65,187.55,187.51,1038640,19.4751,29011,612768.0,59.0
NIFTYBEES,EQ,2021-09-07,187.55,187.95,188.4,186.6,187.29,187.17,187.29,855784,16.028399999999998,19070,400049.0,46.75
NIFTYBEES,EQ,2021-09-08,187.17,188.44,188.44,186.35,187.23,187.14,186.99,1193553,22.3185,18431,787692.0,66.0
NIFTYBEES,EQ,2021-09-09,187.14,193.39,193.39,186.05,187.5,187.42,187.1,541346,10.1286,14365,327712.0,60.54
NIFTYBEES,EQ,2021-09-13,187.42,188.2,188.2,186.45,187.08,187.11,187.06,1223906,22.8941,30430,696943.0,56.94
NIFTYBEES,EQ,2021-09-14,187.11,214.83,214.83,180.16,187.7,187.54,187.71,738023,13.8531,15024,389309.0,52.75
NIFTYBEES,EQ,2021-09-15,187.54,163.2,192.35,163.2,188.9,189.01,188.42,671943,12.6608,18249,347887.0,51.77
NIFTYBEES,EQ,2021-09-16,189.01,191.95,191.95,188.6,190.19,190.22,189.69,775593,14.7122,16456,442414.0,57.04
NIFTYBEES,EQ,2021-09-17,190.22,173.1,195.39,173.1,189.95,189.82,190.69,1221723,23.2966,21499,721659.0,59.07
NIFTYBEES,EQ,2021-09-20,189.82,187.45,190.24,187.4,187.89,187.86,188.91,1422295,26.8686,28844,860015.0,60.47
NIFTYBEES,EQ,2021-09-21,187.86,199.65,199.65,187.12,189.79,189.66,188.89,4120688,77.8338,20886,3434431.0,83.35
NIFTYBEES,EQ,2021-09-22,189.66,192.84,192.84,189.06,189.67,189.69,189.78,4307400,81.7476,14729,3967474.0,92.11
NIFTYBEES,EQ,2021-09-23,189.69,194.4,194.4,190.0,192.2,192.29,191.44,1010781,19.3505,15402,560819.0,55.48
NIFTYBEES,EQ,2021-09-24,192.29,197.4,197.4,188.0,192.73,192.63,192.82,1273255,24.5513,14672,878786.0,69.02
NIFTYBEES,EQ,2021-09-27,192.63,204.74,204.74,183.66,192.81,192.79,192.87,1562160,30.1296,21541,1078291.0,69.03
NIFTYBEES,EQ,2021-09-28,192.79,221.7,221.7,189.86,191.39,191.44,191.15,2048952,39.1664,29326,1292801.0,63.1
NIFTYBEES,EQ,2021-09-29,191.44,174.2,209.0,174.2,191.1,191.15,190.84,947847,18.089,16857,551870.0,58.22
NIFTYBEES,EQ,2021-09-30,191.15,197.44,197.44,189.2,190.14,190.11,190.62,1268872,24.187600000000003,19523,771798.0,60.83
NIFTYBEES,EQ,2021-10-01,190.11,193.5,193.5,188.42,189.33,189.22,188.96,1588636,30.019,46672,1028597.0,64.75
NIFTYBEES,EQ,2021-10-04,189.22,187.05,197.39,187.05,191.1,191.03,190.84,1077774,20.5685,32600,615378.0,57.1
NIFTYBEES,EQ,2021-10-05,191.03,191.65,192.3,189.7,192.24,192.2,191.27,1027571,19.6544,23572,599431.0,58.33
NIFTYBEES,EQ,2021-10-06,192.2,199.39,199.39,187.1,190.1,190.19,191.2,1363144,26.0634,21692,655458.0,48.08
NIFTYBEES,EQ,2021-10-07,190.19,187.05,193.07,187.05,192.06,191.82,191.91,791922,15.1977,17948,377055.0,47.61
NIFTYBEES,EQ,2021-10-08,191.82,197.44,197.44,190.15,192.83,192.58,192.55,995591,19.1704,19809,580704.0,58.33
NIFTYBEES,EQ,2021-10-11,192.58,193.12,194.0,167.5,193.23,193.09,193.42,980337,18.9615,25084,522288.0,53.28
NIFTYBEES,EQ,2021-10-12,193.09,219.8,219.8,182.6,193.85,193.66,192.92,977091,18.8505,18618,421558.0,43.14
NIFTYBEES,EQ,2021-10-13,193.66,204.85,204.85,185.25,195.61,195.56,195.13,964360,18.8171,15935,619999.0,64.29
NIFTYBEES,EQ,2021-10-14,195.56,205.28,205.28,195.75,197.42,197.11,196.82,1437892,28.3002,18949,873344.0,60.74
NIFTYBEES,EQ,2021-10-18,197.11,207.39,207.39,195.75,198.88,198.91,198.88,1286340,25.5824,30288,722979.0,56.2
NIFTYBEES,EQ,2021-10-19,198.91,198.16,207.8,197.99,198.66,198.41,199.21,1401551,27.9206,21772,615027.0,43.88
NIFTYBEES,EQ,2021-10-20,198.41,202.39,202.39,196.46,197.51,197.3,197.65,1250249,24.7106,22532,755833.0,60.45
NIFTYBEES,EQ,2021-10-21,197.3,201.44,201.44,190.05,196.4,196.08,196.07,1805437,35.3988,26029,1162020.0,64.36
NIFTYBEES,EQ,2021-10-22,196.08,199.85,199.85,194.78,196.0,195.68,196.31,1652430,32.439499999999995,22209,1122992.0,67.96
NIFTYBEES,EQ,2021-10-25,195.68,198.65,198.65,194.06,195.9,195.71,195.55,1765164,34.5179,23924,829179.0,46.97
NIFTYBEES,EQ,2021-10-26,195.71,199.39,199.39,194.05,197.85,197.13,196.54,1534000,30.1489,16053,947482.0,61.77
NIFTYBEES,EQ,2021-10-27,197.13,203.39,203.39,194.1,196.8,196.54,197.2,617383,12.1748,13882,383777.0,62.16
NIFTYBEES,EQ,2021-10-28,196.54,209.0,209.0,192.98,193.54,193.68,194.2,3088059,59.9687,38579,2453006.0,79.44
NIFTYBEES,EQ,2021-10-29,193.68,209.0,209.0,182.1,191.65,191.16,191.86,3221676,61.8119,38250,2118890.0,65.77
NIFTYBEES,EQ,2021-11-01,191.16,208.88,208.88,191.36,194.09,193.84,192.74,1708376,32.9268,26994,745160.0,43.62
NIFTYBEES,EQ,2021-11-02,193.84,206.9,206.9,183.6,193.2,193.1,193.43,1283566,24.8277,22072,679834.0,52.96
NIFTYBEES,EQ,2021-11-03,193.1,200.0,200.0,190.1,192.88,192.58,193.05,955400,18.4444,18472,504217.0,52.78
NIFTYBEES,EQ,2021-11-04,192.58,207.88,207.88,185.11,193.6,193.59,193.81,671760,13.0196,23193,490296.0,72.99
NIFTYBEES,EQ,2021-11-08,193.59,200.0,200.0,192.6,195.5,195.37,194.21,1519865,29.5173,38270,637005.0,41.91
NIFTYBEES,EQ,2021-11-09,195.37,200.0,200.0,193.0,194.9,194.88,194.92,893324,17.4127,20393,556735.0,62.32
NIFTYBEES,EQ,2021-11-10,194.88,199.0,199.0,192.93,194.3,194.66,194.28,992035,19.2728,19229,564718.0,56.93
NIFTYBEES,EQ,2021-11-11,194.66,199.9,199.9,192.1,193.4,193.25,193.19,1515188,29.2719,23239,934922.0,61.7
NIFTYBEES,EQ,2021-11-12,193.25,198.0,198.0,191.25,195.49,195.46,194.59,783229,15.2409,14511,385820.0,49.26
NIFTYBEES,EQ,2021-11-15,195.46,199.5,199.5,190.0,195.59,195.52,195.85,996741,19.521,24757,518667.0,52.04
NIFTYBEES,EQ,2021-11-16,195.52,199.5,199.5,194.15,194.5,194.47,195.04,814109,15.8786,18672,507577.0,62.35
NIFTYBEES,EQ,2021-11-17,194.47,199.5,199.5,192.1,193.52,193.53,194.03,688797,13.3644,16341,446827.0,64.87
NIFTYBEES,EQ,2021-11-18,193.53,197.44,197.44,191.33,191.99,192.14,192.12,1517958,29.163400000000003,28664,1088237.0,71.69
NIFTYBEES,EQ,2021-11-22,192.14,197.44,209.4,186.0,188.7,188.53,189.2,5172290,97.8617,60267,4281681.0,82.78
NIFTYBEES,EQ,2021-11-23,188.53,193.4,193.4,177.2,189.41,189.4,188.27,3015629,56.7743,30199,2284717.0,75.76
NIFTYBEES,EQ,2021-11-24,189.4,192.4,192.4,187.78,188.19,188.25,189.43,1530991,29.0017,23191,1042526.0,68.09
NIFTYBEES,EQ,2021-11-25,188.25,188.7,189.85,187.12,189.75,189.51,188.98,1795882,33.9394,17729,1068781.0,59.51
NIFTYBEES,EQ,2021-11-26,189.51,193.0,193.0,183.81,184.3,184.51,185.49,6059071,112.3889,76774,4823008.0,79.6
NIFTYBEES,EQ,2021-11-29,184.51,187.66,187.66,180.1,184.58,184.55,184.32,2673261,49.2746,34914,1563957.0,58.5
NIFTYBEES,EQ,2021-11-30,184.55,188.0,188.0,183.21,183.97,183.7,184.88,2393478,44.2514,29386,1276659.0,53.34
NIFTYBEES,EQ,2021-12-01,183.7,187.5,187.5,183.1,185.9,185.72,185.33,1170241,21.688,23501,508718.0,43.47
NIFTYBEES,EQ,2021-12-02,185.72,186.92,188.19,184.51,188.15,187.99,186.93,1486616,27.79,24808,792600.0,53.32
NIFTYBEES,EQ,2021-12-03,187.99,192.5,192.5,185.75,186.18,186.0,187.08,1581371,29.5842,28229,982311.0,62.12
NIFTYBEES,EQ,2021-12-06,186.0,192.4,192.4,182.8,183.17,183.01,184.25,2784801,51.3098,49065,1981846.0,71.17
NIFTYBEES,EQ,2021-12-07,183.01,190.0,190.0,180.1,185.62,185.71,185.3,1224647,22.6923,21607,466662.0,38.11
NIFTYBEES,EQ,2021-12-08,185.71,191.0,191.0,185.71,188.5,188.48,188.01,1425972,26.8099,18772,681946.0,47.82
NIFTYBEES,EQ,2021-12-09,188.48,192.5,192.5,187.16,189.23,189.14,188.65,1108273,20.9072,19519,526387.0,47.5
NIFTYBEES,EQ,2021-12-10,189.14,185.0,192.5,185.0,188.91,189.09,188.56,994683,18.7557,18962,503311.0,50.6
NIFTYBEES,EQ,2021-12-13,189.09,192.4,192.4,187.6,188.15,187.9,188.99,1528129,28.8808,27435,776131.0,50.79
NIFTYBEES,EQ,2021-12-14,187.9,188.15,192.4,184.91,187.31,187.33,187.02,1054763,19.7258,21275,591454.0,56.07
NIFTYBEES,EQ,2021-12-15,187.33,192.0,192.0,185.45,186.35,186.25,186.46,1079759,20.133,22057,602112.0,55.76
NIFTYBEES,EQ,2021-12-16,186.25,190.0,190.0,185.0,187.0,186.62,186.62,1960645,36.5888,17593,1280265.0,65.3
NIFTYBEES,EQ,2021-12-17,186.62,190.0,190.0,182.0,184.19,183.77,184.35,3432337,63.2753,42743,2537914.0,73.94
NIFTYBEES,EQ,2021-12-20,183.77,187.5,187.5,177.85,180.05,179.93,179.6,11424477,205.1884,88117,8556653.0,74.9
NIFTYBEES,EQ,2021-12-21,179.93,185.0,185.0,180.0,181.6,181.45,181.82,2314192,42.0766,22786,860517.0,37.18
NIFTYBEES,EQ,2021-12-22,181.45,185.0,185.0,180.05,183.42,183.33,182.67,1263241,23.0758,17629,656833.0,52.0
NIFTYBEES,EQ,2021-12-23,183.33,187.5,187.5,183.5,183.95,184.1,184.32,2003481,36.9287,16626,667504.0,33.32
NIFTYBEES,EQ,2021-12-24,184.1,187.5,187.5,180.1,183.6,183.45,183.43,1561743,28.6476,20533,612680.0,39.23
NIFTYBEES,EQ,2021-12-27,183.45,187.49,187.49,178.0,184.6,184.55,183.47,1195033,21.9258,23275,430567.0,36.03
NIFTYBEES,EQ,2021-12-28,184.55,187.45,187.45,184.55,186.3,186.3,185.76,1823403,33.871900000000004,18665,668031.0,36.64
NIFTYBEES,EQ,2021-12-29,186.3,188.9,188.9,182.5,186.1,186.12,186.2,1149172,21.398200000000003,15912,632638.0,55.05
NIFTYBEES,EQ,2021-12-30,186.12,186.72,187.45,185.3,186.4,186.14,186.33,1554321,28.9619,15657,1028243.0,66.15
NIFTYBEES,EQ,2021-12-31,186.14,188.0,188.77,185.15,187.95,187.79,187.77,2531648,47.5379,17195,1774650.0,70.1
NIFTYBEES,EQ,2022-01-03,187.79,190.0,190.95,185.3,190.95,190.72,189.74,2595035,49.2392,68868,1616948.0,62.31
NIFTYBEES,EQ,2022-01-04,190.72,198.91,198.91,189.2,192.5,192.46,191.58,1985741,38.043800000000005,32097,940240.0,47.35
NIFTYBEES,EQ,2022-01-05,192.46,195.0,195.0,191.3,193.3,193.34,192.86,1532485,29.5558,28242,945104.0,61.67
NIFTYBEES,EQ,2022-01-06,193.34,193.0,193.0,190.75,191.98,191.92,191.46,2295715,43.9533,30162,1346479.0,58.65
NIFTYBEES,EQ,2022-01-07,191.92,194.0,194.0,191.4,192.6,192.42,192.51,1164892,22.425300000000004,23244,502685.0,43.15
NIFTYBEES,EQ,2022-01-10,192.42,193.7,194.5,192.45,194.46,194.35,193.94,2125975,41.2307,36204,1178884.0,55.45
NIFTYBEES,EQ,2022-01-11,194.35,196.0,196.0,193.25,194.7,194.69,194.52,1055181,20.5257,19740,485161.0,45.98
NIFTYBEES,EQ,2022-01-12,194.69,197.5,197.5,195.05,196.15,196.2,195.94,1506313,29.515,21327,1097504.0,72.86
NIFTYBEES,EQ,2022-01-13,196.2,198.8,198.8,195.8,197.16,197.0,196.67,1965999,38.6658,18498,1106427.0,56.28
NIFTYBEES,EQ,2022-01-14,197.0,199.85,199.85,195.5,197.02,197.36,196.65,1926983,37.8932,20184,1269412.0,65.88
NIFTYBEES,EQ,2022-01-17,197.36,223.0,223.0,195.7,198.18,198.03,197.65,1655939,32.7299,30013,1094655.0,66.1
NIFTYBEES,EQ,2022-01-18,198.03,199.0,199.0,195.6,196.2,195.97,197.08,1936923,38.1726,30979,1078968.0,55.71
NIFTYBEES,EQ,2022-01-19,195.97,221.4,221.4,193.0,194.39,194.18,194.24,1947061,37.8193,27425,1099557.0,56.47
NIFTYBEES,EQ,2022-01-20,194.18,195.8,195.8,191.1,192.44,192.18,192.25,3125434,60.088,39900,2346880.0,75.09
NIFTYBEES,EQ,2022-01-21,192.18,191.99,191.99,189.22,191.13,190.64,190.51,3135380,59.7334,35386,2033980.0,64.87
NIFTYBEES,EQ,2022-01-24,190.64,196.8,196.8,184.05,185.55,185.79,186.59,9706128,181.1069,89363,6399484.0,65.93
NIFTYBEES,EQ,2022-01-25,185.79,185.49,187.38,183.05,187.25,187.07,185.04,5883754,108.8756,46580,3336218.0,56.7
NIFTYBEES,EQ,2022-01-27,187.07,194.0,194.0,182.7,185.78,185.33,184.06,5945584,109.4331,51850,3875814.0,65.19
NIFTYBEES,EQ,2022-01-28,185.33,187.75,188.06,184.8,185.3,185.1,186.7,2774965,51.8076,28874,1402423.0,50.54
NIFTYBEES,EQ,2022-01-31,185.1,199.88,199.88,185.25,187.75,187.63,187.58,2238333,41.9872,29907,1108052.0,49.5
NIFTYBEES,EQ,2022-02-01,187.63,190.8,190.8,178.11,189.99,189.7,189.29,4046199,76.58970000000001,36635,1916351.0,47.36
NIFTYBEES,EQ,2022-02-02,189.7,194.0,194.0,189.7,192.24,192.12,191.57,2272990,43.5444,25976,1307186.0,57.51
NIFTYBEES,EQ,2022-02-03,192.12,195.0,195.0,189.6,189.71,190.01,190.88,2498448,47.6904,24687,1431916.0,57.31
NIFTYBEES,EQ,2022-02-04,190.01,193.0,193.0,189.01,189.45,189.59,189.72,3276311,62.1574,27626,2022099.0,61.72
NIFTYBEES,EQ,2022-02-07,189.59,193.0,193.0,185.39,186.4,186.34,187.14,3745509,70.0916,57807,2407742.0,64.28
NIFTYBEES,EQ,2022-02-08,186.34,190.0,190.0,184.5,186.7,186.81,185.94,2401848,44.659,33878,1455340.0,60.59
NIFTYBEES,EQ,2022-02-09,186.81,199.85,199.85,187.1,189.19,189.03,188.48,1253049,23.6172,16794,737589.0,58.86
NIFTYBEES,EQ,2022-02-10,189.03,191.5,191.5,188.5,189.88,190.11,189.67,3300794,62.606300000000005,21036,2467155.0,74.74
NIFTYBEES,EQ,2022-02-11,190.11,192.5,192.5,187.0,187.75,188.0,187.71,2152018,40.3947,25932,1458818.0,67.79
NIFTYBEES,EQ,2022-02-14,188.0,187.5,187.5,182.3,182.47,182.59,183.78,7366629,135.38479999999998,88781,6014965.0,81.65
NIFTYBEES,EQ,2022-02-15,182.59,185.0,187.88,182.59,187.64,187.59,185.05,2687788,49.7369,35396,1356551.0,50.47
NIFTYBEES,EQ,2022-02-16,187.59,190.0,190.0,186.45,187.1,187.14,187.78,2043037,38.3647,22799,924714.0,45.26
NIFTYBEES,EQ,2022-02-17,187.14,190.0,190.0,186.17,186.75,186.93,187.41,1415247,26.5237,18142,523466.0,36.99
NIFTYBEES,EQ,2022-02-18,186.93,183.3,190.0,183.3,186.72,186.64,186.88,1659566,31.0137,17116,597404.0,36.0
NIFTYBEES,EQ,2022-02-21,186.64,190.0,190.0,184.69,186.4,186.29,186.12,2084966,38.8057,29820,790085.0,37.89
NIFTYBEES,EQ,2022-02-22,186.29,186.0,186.0,182.69,185.52,185.27,184.02,4189474,77.0967,44821,2762881.0,65.95
NIFTYBEES,EQ,2022-02-23,185.27,187.99,187.99,184.58,185.07,185.05,185.68,1460494,27.1186,17950,743945.0,50.94
NIFTYBEES,EQ,2022-02-24,185.05,180.6,189.95,177.0,179.38,178.36,179.48,19565577,351.1622,148139,15157896.0,77.47
NIFTYBEES,EQ,2022-02-25,178.36,185.0,185.0,179.0,181.4,180.85,180.79,5674475,102.5904,43788,3826931.0,67.44
NIFTYBEES,EQ,2022-02-28,180.85,189.88,189.88,176.1,181.85,181.84,179.45,4466025,80.1414,42415,2662071.0,59.61
NIFTYBEES,EQ,2022-03-02,181.84,185.0,185.0,178.3,180.38,180.1,179.72,5163914,92.8069,62949,3601565.0,69.74
NIFTYBEES,EQ,2022-03-03,180.1,184.9,184.9,178.3,179.25,178.86,179.84,3247919,58.4098,40071,2423649.0,74.62
NIFTYBEES,EQ,2022-03-04,178.86,178.48,178.48,175.06,176.49,176.26,176.38,8765287,154.60379999999998,83642,5935554.0,67.72
NIFTYBEES,EQ,2022-03-07,176.26,176.9,176.9,171.25,172.69,172.33,172.23,13669797,235.4368,100386,9485196.0,69.39
NIFTYBEES,EQ,2022-03-08,172.33,177.55,177.55,170.26,173.45,173.4,171.98,9202552,158.2674,59729,4837219.0,52.56
NIFTYBEES,EQ,2022-03-09,173.4,180.0,180.0,173.15,177.33,176.98,175.38,4224355,74.0853,37890,2141663.0,50.7
NIFTYBEES,EQ,2022-03-10,176.98,177.25,183.9,177.25,179.42,179.65,180.05,4577829,82.42190000000001,32961,2064545.0,45.1
NIFTYBEES,EQ,2022-03-11,179.65,183.0,183.0,177.16,179.91,179.98,179.82,2724636,48.9944,24982,1069906.0,39.27
NIFTYBEES,EQ,2022-03-14,179.98,182.0,182.99,178.35,182.75,182.61,181.46,3096236,56.1856,30260,1585107.0,51.19
NIFTYBEES,EQ,2022-03-15,182.61,185.0,185.0,179.51,180.4,180.6,181.37,2958912,53.6671,35901,1441016.0,48.7
NIFTYBEES,EQ,2022-03-16,180.6,183.6,183.8,181.8,183.65,183.66,182.99,2288980,41.8868,20130,1175828.0,51.37
NIFTYBEES,EQ,2022-03-17,183.66,188.0,188.0,185.2,186.88,186.71,186.45,4130440,77.0109,28508,2861951.0,69.29
NIFTYBEES,EQ,2022-03-21,186.71,190.0,190.0,182.0,185.53,185.38,186.08,2590277,48.2007,31563,1685059.0,65.05
NIFTYBEES,EQ,2022-03-22,185.38,189.0,193.75,184.2,187.49,187.34,185.97,2606331,48.4703,26787,1241696.0,47.64
NIFTYBEES,EQ,2022-03-23,187.34,190.0,190.0,185.0,186.25,186.34,186.94,2584326,48.3124,23411,1151342.0,44.55
NIFTYBEES,EQ,2022-03-24,186.34,198.0,198.0,177.8,185.86,186.09,186.05,2232760,41.5396,20235,910892.0,40.8
NIFTYBEES,EQ,2022-03-25,186.09,187.12,187.12,185.0,185.91,185.82,185.57,5968779,110.7631,23729,4895989.0,82.03
NIFTYBEES,EQ,2022-03-28,185.82,188.2,188.2,184.3,186.34,186.32,185.62,3218703,59.7465,28714,1733732.0,53.86
NIFTYBEES,EQ,2022-03-29,186.32,190.0,190.0,184.15,187.4,187.22,186.87,2197933,41.0738,16188,1319173.0,60.02
NIFTYBEES,EQ,2022-03-30,187.22,191.5,191.5,187.75,188.8,188.91,188.6,3621150,68.2948,21456,2340665.0,64.64
NIFTYBEES,EQ,2022-03-31,188.91,190.5,190.5,188.15,188.9,188.87,189.0,2204741,41.668800000000005,19014,1032728.0,46.84
NIFTYBEES,EQ,2022-04-01,188.87,189.94,190.96,185.0,190.8,190.47,189.29,14131760,267.4986,43536,12677252.0,89.71
NIFTYBEES,EQ,2022-04-04,190.47,190.5,195.35,190.5,194.9,195.19,194.25,10721051,208.2549,58001,6971093.0,65.02
NIFTYBEES,EQ,2022-04-05,195.19,196.74,197.15,194.1,194.33,194.55,195.1,5835051,113.8399,37707,3980918.0,68.22
NIFTYBEES,EQ,2022-04-06,194.55,194.24,194.24,192.7,193.05,193.0,193.21,2181412,42.1466,30883,1254547.0,57.51
NIFTYBEES,EQ,2022-04-07,193.0,193.0,193.0,191.06,191.1,191.26,191.86,2595043,49.7888,30026,1607029.0,61.93
NIFTYBEES,EQ,2022-04-08,191.26,195.0,195.0,189.13,192.75,192.76,192.01,2055024,39.458400000000005,27211,957187.0,46.58
NIFTYBEES,EQ,2022-04-11,192.76,193.54,193.54,191.0,191.74,191.67,191.81,3910874,75.0146,36527,2748021.0,70.27
NIFTYBEES,EQ,2022-04-12,191.67,189.86,210.0,189.2,190.01,190.42,190.16,7386091,140.4549,49447,5538859.0,74.99
NIFTYBEES,EQ,2022-04-13,190.42,195.0,195.0,189.33,189.48,189.54,189.99,3323040,63.133100000000006,24110,2641514.0,79.49
NIFTYBEES,EQ,2022-04-18,189.54,188.55,188.55,185.25,186.4,186.23,186.31,6161166,114.7884,71305,4555104.0,73.93
NIFTYBEES,EQ,2022-04-19,186.23,185.0,187.7,182.4,183.07,183.68,184.99,4548205,84.13780000000001,41021,3550354.0,78.06
NIFTYBEES,EQ,2022-04-20,183.68,191.89,191.89,182.2,185.91,185.86,185.45,1850293,34.3135,22181,1081598.0,58.46
NIFTYBEES,EQ,2022-04-21,185.86,209.55,209.55,184.41,188.14,188.1,187.44,1893836,35.4985,23963,1348089.0,71.18
NIFTYBEES,EQ,2022-04-22,188.1,188.24,188.24,184.75,186.1,186.09,186.39,1826897,34.0514,25820,1103219.0,60.39
NIFTYBEES,EQ,2022-04-25,186.09,186.69,186.69,183.25,184.11,183.86,183.94,3788167,69.6807,47974,2620486.0,69.18
NIFTYBEES,EQ,2022-04-26,183.86,194.88,194.88,184.47,186.3,186.11,185.71,1293913,24.0289,16425,645170.0,49.86
NIFTYBEES,EQ,2022-04-27,186.11,200.0,200.0,183.61,184.93,184.78,184.81,2079309,38.4284,23819,1329174.0,63.92
NIFTYBEES,EQ,2022-04-28,184.78,188.5,194.88,184.8,186.5,186.41,186.27,2128010,39.6378,21081,1402001.0,65.88
NIFTYBEES,EQ,2022-04-29,186.41,192.75,192.75,184.8,185.33,185.43,186.9,2139926,39.9944,30705,1035485.0,48.39
NIFTYBEES,EQ,2022-05-02,185.43,176.25,185.25,176.25,185.09,185.12,184.19,2891664,53.2601,43257,1643893.0,56.85
NIFTYBEES,EQ,2022-05-04,185.12,193.98,193.98,180.5,181.2,181.05,182.37,6683312,121.8853,75894,5490751.0,82.16
NIFTYBEES,EQ,2022-05-05,181.05,194.48,194.48,180.7,180.99,181.01,182.09,2971622,54.1097,38296,1716928.0,57.78
NIFTYBEES,EQ,2022-05-06,181.01,180.49,180.49,177.35,178.29,177.94,178.05,9509041,169.30630000000002,69425,6337142.0,66.64
NIFTYBEES,EQ,2022-05-09,177.94,171.0,184.88,171.0,177.24,176.95,176.4,5393087,95.1315,52507,3562094.0,66.05
NIFTYBEES,EQ,2022-05-10,176.95,184.6,184.6,175.2,176.14,176.16,176.91,3075228,54.4036,37709,1932167.0,62.83
NIFTYBEES,EQ,2022-05-11,176.16,153.3,181.9,153.3,175.75,175.34,175.04,5356589,93.7633,46914,3492200.0,65.19
NIFTYBEES,EQ,2022-05-12,175.34,174.99,175.0,170.96,172.2,171.72,172.14,12227812,210.491,99006,10021181.0,81.95
NIFTYBEES,EQ,2022-05-13,171.72,178.9,178.9,171.01,171.5,171.4,172.99,4861805,84.1035,46401,3027045.0,62.26
NIFTYBEES,EQ,2022-05-16,171.4,176.8,176.8,171.0,172.43,172.13,172.56,3448002,59.4986,36315,2167287.0,62.86
NIFTYBEES,EQ,2022-05-17,172.13,176.9,176.9,171.01,176.7,176.44,174.85,3600691,62.959,34117,1752418.0,48.67
NIFTYBEES,EQ,2022-05-18,176.44,178.99,178.99,175.21,176.18,176.05,176.63,2871652,50.7229,22622,1503070.0,52.34
NIFTYBEES,EQ,2022-05-19,176.05,175.99,175.99,171.5,172.39,171.7,172.3,6755953,116.4078,51105,5405702.0,80.01
NIFTYBEES,EQ,2022-05-20,171.7,176.99,176.99,172.01,176.2,175.92,175.14,2696074,47.2197,20403,1442026.0,53.49
NIFTYBEES,EQ,2022-05-23,175.92,178.99,178.99,174.9,175.5,175.53,176.43,3285457,57.966800000000006,30105,1557359.0,47.4
NIFTYBEES,EQ,2022-05-24,175.53,177.99,177.99,174.26,175.2,175.09,175.26,1629644,28.5604,18958,818117.0,50.2
NIFTYBEES,EQ,2022-05-25,175.09,176.8,176.8,173.26,174.23,174.13,174.7,2332641,40.7519,22969,1408348.0,60.38
NIFTYBEES,EQ,2022-05-26,174.13,176.7,176.7,173.0,175.8,175.57,174.56,3043887,53.1326,26787,1253456.0,41.18
NIFTYBEES,EQ,2022-05-27,175.57,179.8,179.8,175.15,177.19,177.1,176.71,2037316,36.0013,18096,827960.0,40.64
NIFTYBEES,EQ,2022-05-30,177.1,182.9,182.9,177.55,180.55,180.43,179.96,3814752,68.6507,30377,2682239.0,70.31
NIFTYBEES,EQ,2022-05-31,180.43,180.99,180.99,177.25,179.96,179.87,180.18,2419814,43.6002,20589,1155862.0,47.77
NIFTYBEES,EQ,2022-06-01,179.87,180.19,180.7,178.55,179.89,179.59,179.64,2011588,36.1365,28955,867112.0,43.11
NIFTYBEES,EQ,2022-06-02,179.59,180.99,180.99,178.0,180.5,180.68,179.99,1852591,33.3457,25818,756567.0,40.84
NIFTYBEES,EQ,2022-06-03,180.68,183.5,184.99,180.0,180.35,180.21,181.31,2096915,38.0182,23028,1024149.0,48.84
NIFTYBEES,EQ,2022-06-06,180.21,181.99,181.99,176.25,180.3,180.15,179.67,2076981,37.3172,33309,1005617.0,48.42
NIFTYBEES,EQ,2022-06-07,180.15,181.88,181.88,177.25,178.68,178.56,178.58,4870947,86.98729999999999,29682,3401826.0,69.84
NIFTYBEES,EQ,2022-06-08,178.56,181.86,181.86,177.5,178.04,178.08,178.38,3371153,60.1353,24171,2288415.0,67.88
NIFTYBEES,EQ,2022-06-09,178.08,179.99,179.99,176.33,179.55,179.4,178.35,1756747,31.3323,21573,880713.0,50.13
NIFTYBEES,EQ,2022-06-10,179.4,178.99,178.99,176.14,176.48,176.46,176.83,3447645,60.9663,38823,2711092.0,78.64
NIFTYBEES,EQ,2022-06-13,176.46,175.99,175.99,170.95,172.2,171.87,172.03,11691798,201.1345,88618,8962075.0,76.65
NIFTYBEES,EQ,2022-06-14,171.87,172.99,172.99,170.06,171.43,171.3,171.49,4062092,69.6621,35067,2460962.0,60.58
NIFTYBEES,EQ,2022-06-15,171.3,173.99,173.99,171.0,171.19,171.1,171.49,2578431,44.2187,25548,1794385.0,69.59
NIFTYBEES,EQ,2022-06-16,171.1,172.9,172.9,167.31,167.49,167.56,168.98,12278413,207.4858,93827,9538287.0,77.68
NIFTYBEES,EQ,2022-06-17,167.56,170.9,170.9,165.87,167.3,166.87,166.74,7864469,131.1289,46775,5008319.0,63.68
NIFTYBEES,EQ,2022-06-20,166.87,169.9,169.9,165.7,167.6,167.31,166.78,3305437,55.1295,40680,1754250.0,53.07
NIFTYBEES,EQ,2022-06-21,167.31,169.5,170.9,167.47,170.22,170.26,169.7,3266551,55.4338,28410,1521688.0,46.58
NIFTYBEES,EQ,2022-06-22,170.26,171.99,171.99,167.8,168.09,168.08,168.47,3538333,59.6105,28948,2108504.0,59.59
NIFTYBEES,EQ,2022-06-23,168.08,169.99,170.27,166.11,169.9,169.71,169.32,3924398,66.4475,28143,1763679.0,44.94
NIFTYBEES,EQ,2022-06-24,169.71,172.99,172.99,169.9,171.2,171.16,170.93,2402113,41.0598,23942,880656.0,36.66
NIFTYBEES,EQ,2022-06-27,171.16,171.0,173.9,171.0,172.6,172.62,172.88,3876553,67.01689999999999,32123,2034840.0,52.49
NIFTYBEES,EQ,2022-06-28,172.62,173.99,173.99,171.3,172.79,172.65,172.0,2233374,38.4147,24411,1076211.0,48.19
NIFTYBEES,EQ,2022-06-29,172.65,172.99,172.99,170.3,171.6,171.86,171.83,2225141,38.2352,20929,1183099.0,53.17
NIFTYBEES,EQ,2022-06-30,171.86,172.99,172.99,170.0,171.28,171.6,171.9,3002593,51.6159,19150,1413612.0,47.08
NIFTYBEES,EQ,2022-07-01,171.6,172.38,172.38,169.0,171.9,171.64,170.61,3629619,61.9258,39639,2048671.0,56.44
NIFTYBEES,EQ,2022-07-04,171.64,172.9,172.9,170.65,172.63,172.63,171.75,3249155,55.8055,44314,2062906.0,63.49
NIFTYBEES,EQ,2022-07-05,172.63,175.0,175.99,170.11,172.0,172.04,173.45,4628550,80.2815,34928,2293228.0,49.55
NIFTYBEES,EQ,2022-07-06,172.04,174.68,174.68,170.91,174.35,174.12,173.39,3536136,61.3141,25661,1532697.0,43.34
NIFTYBEES,EQ,2022-07-07,174.12,175.35,175.7,174.4,175.65,175.54,175.19,4128319,72.3223,25130,2177064.0,52.73
NIFTYBEES,EQ,2022-07-08,175.54,178.99,178.99,175.58,176.37,176.28,176.16,2797277,49.2755,23235,1351944.0,48.33
NIFTYBEES,EQ,2022-07-11,176.28,178.88,178.88,175.08,176.11,176.23,175.97,3234345,56.9136,37005,1566446.0,48.43
NIFTYBEES,EQ,2022-07-12,176.23,175.9,176.0,174.7,174.97,175.1,175.48,3180084,55.803900000000006,25343,2102747.0,66.12
NIFTYBEES,EQ,2022-07-13,175.1,177.99,177.99,173.95,174.24,174.06,174.7,2719238,47.5051,24541,1281733.0,47.14
NIFTYBEES,EQ,2022-07-14,174.06,176.44,176.44,172.11,174.1,173.93,174.02,2693779,46.8776,23533,1496850.0,55.57
NIFTYBEES,EQ,2022-07-15,173.93,176.97,176.97,171.11,175.1,175.02,174.37,1883447,32.840900000000005,20475,815777.0,43.31
NIFTYBEES,EQ,2022-07-18,175.02,176.7,177.5,175.55,177.48,177.39,176.74,3244564,57.343900000000005,29909,2035723.0,62.74
NIFTYBEES,EQ,2022-07-19,177.39,176.8,178.19,175.9,177.79,177.88,177.35,3104562,55.0591,21372,1389448.0,44.76
NIFTYBEES,EQ,2022-07-20,177.88,182.8,182.8,178.7,179.41,179.53,179.73,6831455,122.784,27876,5316600.0,77.83
NIFTYBEES,EQ,2022-07-21,179.53,180.97,180.97,178.2,180.72,180.54,180.15,3246465,58.485200000000006,22543,2225174.0,68.54
NIFTYBEES,EQ,2022-07-22,180.54,177.11,182.87,177.11,181.9,181.89,181.54,4042684,73.3928,25069,2337526.0,57.82
NIFTYBEES,EQ,2022-07-25,181.89,182.95,184.51,180.3,181.19,181.46,181.15,2877584,52.1269,29639,1746672.0,60.7
NIFTYBEES,EQ,2022-07-26,181.46,176.1,181.95,176.1,179.98,179.91,180.24,2484141,44.7745,23900,1646152.0,66.27
NIFTYBEES,EQ,2022-07-27,179.91,180.89,181.8,178.6,181.63,181.6,180.77,3065858,55.4212,19068,2023075.0,65.99
NIFTYBEES,EQ,2022-07-28,181.6,184.5,184.5,180.11,184.1,184.18,183.64,4186901,76.8891,29653,3166046.0,75.62
NIFTYBEES,EQ,2022-07-29,184.18,185.0,186.8,184.25,186.63,186.54,186.04,5387909,100.2355,37579,3989793.0,74.05
NIFTYBEES,EQ,2022-08-01,186.54,186.54,190.0,186.54,188.6,188.63,187.96,4377216,82.2736,39778,3044157.0,69.55
NIFTYBEES,EQ,2022-08-02,188.63,199.99,199.99,183.0,188.05,188.62,188.04,4921260,92.5406,33529,3525410.0,71.64
NIFTYBEES,EQ,2022-08-03,188.62,188.9,189.4,180.01,189.25,189.11,188.36,4471989,84.2343,26584,2958625.0,66.16
NIFTYBEES,EQ,2022-08-04,189.11,190.25,190.68,187.03,188.95,189.17,189.25,5968154,112.9452,33358,3136388.0,52.55
NIFTYBEES,EQ,2022-08-05,189.17,180.01,191.05,180.01,189.15,189.25,189.66,2653504,50.325500000000005,24173,1516014.0,57.13
NIFTYBEES,EQ,2022-08-10,190.79,199.8,199.99,189.98,190.9,191.04,190.71,3095220,59.0278,28810,1692138.0,54.67
NIFTYBEES,EQ,2022-08-11,191.04,193.97,193.97,191.5,192.25,192.34,192.44,3668655,70.601,23533,2650974.0,72.26
NIFTYBEES,EQ,2022-08-12,192.34,199.99,199.99,191.71,192.89,192.86,192.56,3145464,60.569,23446,2237549.0,71.14
NIFTYBEES,EQ,2022-08-16,192.86,199.74,199.74,192.9,194.22,194.09,194.04,3334064,64.695,34566,2439433.0,73.17
NIFTYBEES,EQ,2022-08-17,194.09,198.2,198.2,194.2,195.54,195.55,195.19,3137343,61.2369,27096,2331152.0,74.3
NIFTYBEES,EQ,2022-08-18,195.55,196.5,196.89,194.2,195.95,195.71,195.27,2704745,52.8146,25762,1612969.0,59.63
NIFTYBEES,EQ,2022-08-19,195.71,196.63,196.63,193.12,193.54,193.61,194.47,3331050,64.7778,35807,1890718.0,56.76
NIFTYBEES,EQ,2022-08-22,193.61,168.4,194.06,168.4,190.99,190.95,191.7,4313595,82.69200000000001,42011,2500386.0,57.97
NIFTYBEES,EQ,2022-08-23,190.95,190.74,192.7,189.53,192.7,192.19,191.29,3058581,58.5079,27692,1480125.0,48.39
NIFTYBEES,EQ,2022-08-24,192.19,192.9,192.9,191.2,192.65,192.63,192.15,2424213,46.5819,23636,1184041.0,48.84
NIFTYBEES,EQ,2022-08-25,192.63,194.9,195.33,191.3,191.77,191.78,193.12,6427666,124.1282,24510,3514443.0,54.68
NIFTYBEES,EQ,2022-08-26,191.78,192.9,193.4,191.41,191.97,191.92,192.4,3251054,62.5491,18981,1885397.0,57.99
NIFTYBEES,EQ,2022-08-29,191.92,191.72,191.72,187.55,189.66,189.44,189.02,4760712,89.98780000000001,46933,3241565.0,68.09
NIFTYBEES,EQ,2022-08-30,189.44,187.55,194.19,187.55,194.0,193.92,192.52,4642129,89.3725,27861,2472384.0,53.26
NIFTYBEES,EQ,2022-09-01,193.92,193.7,193.7,190.85,192.15,191.82,192.01,4624714,88.7974,45463,2439043.0,52.74
NIFTYBEES,EQ,2022-09-02,191.82,192.45,199.16,182.0,191.65,191.61,191.87,2395807,45.9675,27002,899952.0,37.56
NIFTYBEES,EQ,2022-09-05,191.61,192.9,193.1,190.87,192.94,192.98,192.77,2254231,43.4549,34714,1354986.0,60.11
NIFTYBEES,EQ,2022-09-06,192.98,194.44,194.88,191.95,192.59,192.48,192.82,2859680,55.139,25268,1649200.0,57.67
NIFTYBEES,EQ,2022-09-07,192.48,192.4,192.65,188.02,192.48,192.37,191.88,1934621,37.121,26098,1025868.0,53.03
NIFTYBEES,EQ,2022-09-08,192.37,199.88,199.88,192.51,193.94,194.0,193.78,5317112,103.0335,22503,4231221.0,79.58
NIFTYBEES,EQ,2022-09-09,194.0,195.44,195.51,194.18,194.66,194.6,195.03,4205205,82.0124,23758,3079606.0,73.23
NIFTYBEES,EQ,2022-09-12,194.6,195.99,196.1,194.0,195.59,195.64,195.65,2293757,44.8784,33626,1394261.0,60.79
NIFTYBEES,EQ,2022-09-13,195.64,196.8,197.19,195.7,197.05,196.95,196.83,2522993,49.6597,25796,1658537.0,65.74
NIFTYBEES,EQ,2022-09-14,196.95,196.74,197.2,193.1,196.08,196.27,195.81,3582553,70.1486,31578,1686689.0,47.08
NIFTYBEES,EQ,2022-09-15,196.27,197.47,197.47,195.0,195.91,195.69,195.88,4888170,95.751,32601,3502953.0,71.66
NIFTYBEES,EQ,2022-09-16,195.69,195.65,195.65,191.56,192.07,191.9,192.88,5325137,102.712,57715,3715500.0,69.77
NIFTYBEES,EQ,2022-09-19,191.9,195.5,195.5,190.72,193.14,192.75,192.45,2293767,44.1429,33692,1142465.0,49.81
NIFTYBEES,EQ,2022-09-20,192.75,194.95,195.49,193.2,194.34,194.44,194.82,2278101,44.3817,23094,1477374.0,64.85
NIFTYBEES,EQ,2022-09-21,194.44,195.22,195.22,192.73,193.64,193.5,193.77,1636057,31.7015,21488,757470.0,46.3
NIFTYBEES,EQ,2022-09-22,193.5,193.49,193.91,191.9,193.1,192.92,192.77,2708403,52.2099,29828,1537196.0,56.76
NIFTYBEES,EQ,2022-09-23,192.92,197.49,197.49,189.5,190.0,189.64,190.55,4921522,93.7775,55111,3659355.0,74.35
NIFTYBEES,EQ,2022-09-26,189.64,194.5,194.5,185.84,186.46,186.21,186.88,7436755,138.9759,68116,5403508.0,72.66
NIFTYBEES,EQ,2022-09-27,186.21,188.44,188.44,185.26,186.45,186.05,186.3,3441924,64.1242,31662,1560626.0,45.34
NIFTYBEES,EQ,2022-09-28,186.05,185.95,186.22,183.8,184.38,184.47,185.01,3516093,65.05239999999999,42935,2248021.0,63.94
NIFTYBEES,EQ,2022-09-29,184.47,186.85,186.85,183.71,184.43,184.07,184.84,3635933,67.2066,34396,2626775.0,72.24
NIFTYBEES,EQ,2022-09-30,184.07,189.88,189.88,181.8,187.19,186.83,186.12,4013074,74.69189999999999,33064,2014908.0,50.21
NIFTYBEES,EQ,2022-10-03,186.83,184.6,187.93,183.97,184.35,184.25,185.27,6396852,118.5159,78148,3612310.0,56.47
NIFTYBEES,EQ,2022-10-04,184.25,186.8,188.5,185.36,188.41,188.29,187.78,3000236,56.3386,32008,2114558.0,70.48
NIFTYBEES,EQ,2022-10-06,188.29,188.31,194.88,188.31,188.88,188.94,189.33,2974260,56.31229999999999,33881,2001805.0,67.3
NIFTYBEES,EQ,2022-10-07,188.94,193.88,193.88,187.91,189.39,189.19,188.7,2649450,49.9962,26051,1560303.0,58.89
NIFTYBEES,EQ,2022-10-10,189.19,188.94,189.05,186.63,188.6,188.75,187.72,3446075,64.6886,43925,1700836.0,49.36
NIFTYBEES,EQ,2022-10-11,188.75,190.75,190.75,185.45,185.78,185.87,186.88,3380501,63.1734,37236,2470987.0,73.1
NIFTYBEES,EQ,2022-10-12,185.87,176.11,187.69,176.11,187.28,187.21,186.51,1869801,34.8733,21539,717171.0,38.36
NIFTYBEES,EQ,2022-10-13,187.21,187.59,187.6,185.61,186.35,186.23,186.26,2569015,47.8507,26875,1730106.0,67.35
NIFTYBEES,EQ,2022-10-14,186.23,192.2,192.2,187.7,188.23,188.02,188.82,3543010,66.9,22150,1884389.0,53.19
NIFTYBEES,EQ,2022-10-17,188.02,188.6,189.0,186.06,188.94,188.83,188.4,3270253,61.6129,32698,1922522.0,58.79
NIFTYBEES,EQ,2022-10-18,188.83,190.3,190.99,189.25,190.71,190.64,190.62,2767074,52.7468,20429,1949740.0,70.46
NIFTYBEES,EQ,2022-10-19,190.64,194.5,194.5,190.18,191.0,190.83,191.28,2327685,44.5233,19932,1282948.0,55.12
NIFTYBEES,EQ,2022-10-20,190.83,191.5,191.68,188.91,191.5,191.44,190.64,2191179,41.77270000000001,18382,1177130.0,53.72
NIFTYBEES,EQ,2022-10-21,191.44,191.97,192.55,190.65,191.6,191.52,191.95,2630619,50.4936,19270,1802821.0,68.53
NIFTYBEES,EQ,2022-10-24,191.52,194.3,194.4,192.51,193.28,193.17,193.34,1953310,37.7657,44427,1396254.0,71.48
NIFTYBEES,EQ,2022-10-25,193.17,195.17,195.17,191.57,192.48,192.49,193.04,1716854,33.1416,23571,880419.0,51.28
NIFTYBEES,EQ,2022-10-27,192.49,192.61,194.15,192.61,193.52,193.45,193.37,2769911,53.5615,23983,2001614.0,72.26
NIFTYBEES,EQ,2022-10-28,193.45,194.7,194.7,193.01,194.0,193.96,193.97,3761604,72.9654,21484,2739325.0,72.82
NIFTYBEES,EQ,2022-10-31,193.96,195.7,196.5,194.5,196.45,196.27,196.07,8882827,174.16119999999998,32837,8161048.0,91.87
NIFTYBEES,EQ,2022-11-01,196.27,197.8,198.24,196.36,198.04,197.98,197.76,3943610,77.9872,34022,2908855.0,73.76
NIFTYBEES,EQ,2022-11-02,197.98,198.8,198.8,197.07,197.45,197.41,197.53,1911519,37.7585,25052,1220447.0,63.85
NIFTYBEES,EQ,2022-11-03,197.41,197.4,197.82,194.6,197.45,197.39,197.19,2800681,55.228,25306,1535678.0,54.83
NIFTYBEES,EQ,2022-11-04,197.39,198.6,198.6,196.7,198.0,197.77,197.3,1577276,31.1204,21228,877187.0,55.61
NIFTYBEES,EQ,2022-11-07,197.77,199.0,199.4,197.42,198.67,198.62,198.28,2821469,55.944700000000005,34470,1580204.0,56.01
NIFTYBEES,EQ,2022-11-09,198.62,203.49,203.49,198.15,198.3,198.32,198.77,2373360,47.1759,28495,1555904.0,65.56
NIFTYBEES,EQ,2022-11-10,198.32,198.2,198.2,196.25,196.95,196.86,196.88,3993577,78.6252,29912,2612028.0,65.41
NIFTYBEES,EQ,2022-11-11,196.86,199.37,200.35,198.45,200.35,200.22,199.85,4245671,84.8514,26023,2995393.0,70.55
NIFTYBEES,EQ,2022-11-14,200.22,200.7,200.96,199.02,200.25,200.17,200.37,2067441,41.4261,27857,1331931.0,64.42
NIFTYBEES,EQ,2022-11-15,200.17,201.67,201.67,199.8,201.16,200.91,200.36,1776273,35.5897,21856,1028486.0,57.9
NIFTYBEES,EQ,2022-11-16,200.91,201.95,201.95,200.28,200.89,200.87,200.82,1886431,37.8842,19022,1128419.0,59.82
NIFTYBEES,EQ,2022-11-17,200.87,201.25,201.25,199.45,200.1,200.2,200.54,1304936,26.1694,18074,765381.0,58.65
NIFTYBEES,EQ,2022-11-18,200.2,201.25,201.25,199.06,199.95,199.92,199.73,1728259,34.5177,22839,961273.0,55.62
NIFTYBEES,EQ,2022-11-21,199.92,199.99,199.99,198.4,198.6,198.55,198.68,1737709,34.5242,29150,1304178.0,75.05
NIFTYBEES,EQ,2022-11-22,198.55,199.73,199.73,198.01,199.39,199.23,198.93,1091138,21.7064,16561,645007.0,59.11
NIFTYBEES,EQ,2022-11-23,199.23,200.52,200.52,199.17,199.42,199.51,199.67,840243,16.7769,14160,501750.0,59.71
NIFTYBEES,EQ,2022-11-24,199.51,200.72,202.22,199.45,202.19,201.72,200.87,2727692,54.78979999999999,21420,2082654.0,76.35
NIFTYBEES,EQ,2022-11-25,201.72,202.37,202.64,201.44,202.3,202.35,202.0,1925380,38.8919,22438,1172002.0,60.87
NIFTYBEES,EQ,2022-11-28,202.35,203.52,203.52,200.91,203.01,203.04,202.99,1977790,40.1463,29038,1174163.0,59.37
NIFTYBEES,EQ,2022-11-29,203.04,207.49,207.49,201.91,203.4,203.43,203.7,1317579,26.8394,21157,796853.0,60.48
NIFTYBEES,EQ,2022-11-30,203.43,207.48,207.48,202.75,204.87,204.7,204.22,1923386,39.2787,20957,1209469.0,62.88
NIFTYBEES,EQ,2022-12-01,204.7,207.49,207.49,204.73,205.5,205.54,205.78,2261605,46.5383,29073,1393040.0,61.6
NIFTYBEES,EQ,2022-12-02,205.54,207.49,207.49,203.9,205.0,204.81,204.58,2370387,48.492700000000006,32540,1638061.0,69.11
NIFTYBEES,EQ,2022-12-05,204.81,207.49,207.49,203.65,204.53,204.44,204.24,1627546,33.2404,37687,1008891.0,61.99
NIFTYBEES,EQ,2022-12-06,204.44,206.48,206.48,203.5,204.39,204.14,203.87,1902955,38.7965,23558,1084864.0,57.01
NIFTYBEES,EQ,2022-12-07,204.14,203.87,207.24,202.6,202.73,202.87,203.38,1710285,34.7836,25804,1267471.0,74.11
NIFTYBEES,EQ,2022-12-08,202.87,176.5,203.8,176.5,203.8,203.62,203.22,1374081,27.9245,18415,807733.0,58.78
NIFTYBEES,EQ,2022-12-09,203.62,207.49,207.49,201.71,202.4,202.48,202.73,2109284,42.7616,30394,1322674.0,62.71
NIFTYBEES,EQ,2022-12-12,202.48,204.8,205.8,200.55,202.7,202.61,202.22,1734167,35.068000000000005,29990,1209177.0,69.73
NIFTYBEES,EQ,2022-12-13,202.61,207.49,207.49,202.31,203.8,203.77,203.18,1196576,24.3116,16764,690622.0,57.72
NIFTYBEES,EQ,2022-12-14,203.77,204.99,204.99,203.77,204.37,204.35,204.38,1172749,23.9692,16242,713109.0,60.81
NIFTYBEES,EQ,2022-12-15,204.35,204.75,204.75,201.32,201.75,201.58,202.53,2332679,47.2434,34718,1862009.0,79.82
NIFTYBEES,EQ,2022-12-16,201.58,202.35,202.35,200.0,200.29,200.16,200.68,2171653,43.5817,33857,1510902.0,69.57
NIFTYBEES,EQ,2022-12-19,200.16,201.42,201.79,198.66,201.65,201.67,201.02,1720911,34.5935,28780,999166.0,58.06
NIFTYBEES,EQ,2022-12-20,201.67,203.85,203.85,199.25,201.42,201.21,200.08,2308276,46.1837,33675,1313323.0,56.9
NIFTYBEES,EQ,2022-12-21,201.21,203.95,203.95,199.0,199.69,199.4,200.24,2461367,49.2856,31236,1448445.0,58.85
NIFTYBEES,EQ,2022-12-22,199.4,199.4,202.31,197.9,198.48,198.55,198.71,3234997,64.2817,38871,2424699.0,74.95
NIFTYBEES,EQ,2022-12-23,198.55,201.43,201.43,194.8,195.7,195.15,196.15,8961067,175.7712,66283,7518987.0,83.91
NIFTYBEES,EQ,2022-12-26,195.15,198.51,198.51,194.8,197.3,197.23,196.54,3648955,71.7163,35968,2329075.0,63.83
NIFTYBEES,EQ,2022-12-27,197.23,198.91,198.91,196.58,198.0,198.0,197.83,2669146,52.8031,23170,1416433.0,53.07
NIFTYBEES,EQ,2022-12-28,198.0,198.95,198.95,197.01,198.04,197.99,197.97,1880252,37.2235,18172,1131220.0,60.16
NIFTYBEES,EQ,2022-12-29,197.99,197.9,199.08,196.76,198.91,198.78,197.79,2374539,46.9654,20807,1440551.0,60.67
NIFTYBEES,EQ,2022-12-30,198.78,199.9,200.14,197.7,198.18,198.04,198.82,1739603,34.5865,22022,1022984.0,58.81
NIFTYBEES,EQ,2023-01-02,198.04,200.99,201.0,197.49,199.53,199.34,198.91,2493866,49.6051,66060,1913756.0,76.74
NIFTYBEES,EQ,2023-01-03,199.34,199.95,199.95,198.39,199.77,199.68,199.46,1940837,38.7124,30402,1349067.0,69.51
NIFTYBEES,EQ,2023-01-04,199.68,200.9,200.9,197.4,197.9,197.67,198.42,4078852,80.93220000000001,36361,3344970.0,82.01
NIFTYBEES,EQ,2023-01-05,197.67,198.95,198.95,195.0,197.28,197.07,197.04,3469951,68.3724,39452,2260298.0,65.14
NIFTYBEES,EQ,2023-01-06,197.07,198.15,198.15,194.99,195.92,195.72,195.83,4510923,88.3353,47091,3403077.0,75.44
NIFTYBEES,EQ,2023-01-09,195.72,195.76,199.0,195.72,198.15,198.28,197.86,4956377,98.0686,35277,3383112.0,68.26
NIFTYBEES,EQ,2023-01-10,198.28,198.28,199.18,195.62,196.3,196.13,196.66,4208652,82.7684,38036,3298093.0,78.36
NIFTYBEES,EQ,2023-01-11,196.13,195.88,198.99,195.25,196.04,196.13,196.16,3138094,61.556,24324,2371729.0,75.58
NIFTYBEES,EQ,2023-01-12,196.13,202.0,202.0,194.55,195.65,195.61,195.37,4091350,79.9346,35155,3252798.0,79.5
NIFTYBEES,EQ,2023-01-13,195.61,196.9,197.15,194.73,196.52,196.61,195.75,5526052,108.1739,28154,4333929.0,78.43
NIFTYBEES,EQ,2023-01-16,196.61,196.61,198.5,195.6,196.15,196.06,196.52,7648402,150.3089,34848,6728558.0,87.97
NIFTYBEES,EQ,2023-01-17,196.06,196.0,198.0,195.81,197.5,197.47,197.01,1991902,39.2416,21917,768296.0,38.57
NIFTYBEES,EQ,2023-01-18,197.47,199.0,199.0,197.18,198.5,198.65,198.38,2287113,45.3718,19326,1463039.0,63.97
NIFTYBEES,EQ,2023-01-19,198.65,199.41,199.41,197.67,198.39,198.43,198.21,2708429,53.6846,19188,1981697.0,73.17
NIFTYBEES,EQ,2023-01-20,198.43,199.89,199.89,197.31,197.44,197.45,197.94,2223368,44.0103,20793,1503098.0,67.6
NIFTYBEES,EQ,2023-01-23,197.45,198.59,199.0,197.61,198.42,198.44,198.42,2094688,41.562,22973,1300346.0,62.08
NIFTYBEES,EQ,2023-01-24,198.44,199.94,199.94,198.0,198.46,198.42,198.6,2565279,50.9475,18560,1893621.0,73.82
NIFTYBEES,EQ,2023-01-25,198.42,199.44,199.44,195.6,196.5,196.04,196.71,6494563,127.752,44136,5851198.0,90.09
NIFTYBEES,EQ,2023-01-27,196.04,196.95,197.2,191.59,193.9,193.0,193.1,9584276,185.0757,103108,7546202.0,78.74
NIFTYBEES,EQ,2023-01-30,193.0,194.9,194.9,190.5,193.38,193.25,192.39,5730169,110.2448,60557,3610983.0,63.02
NIFTYBEES,EQ,2023-01-31,193.25,196.49,196.49,192.21,193.8,193.44,193.13,3329551,64.3022,36506,2096209.0,62.96
NIFTYBEES,EQ,2023-02-01,193.44,196.99,196.99,190.6,193.28,193.13,194.12,8057541,156.415,59390,4813334.0,59.74
NIFTYBEES,EQ,2023-02-02,193.13,194.6,194.6,191.11,193.0,192.91,192.56,3791585,73.01180000000001,45365,2222800.0,58.62
NIFTYBEES,EQ,2023-02-03,192.91,198.7,203.5,190.01,195.0,195.12,193.89,3016836,58.4937,34343,1529469.0,50.7
NIFTYBEES,EQ,2023-02-06,195.12,199.9,201.0,193.91,194.45,194.48,194.38,3620105,70.3682,44245,2808464.0,77.58
NIFTYBEES,EQ,2023-02-07,194.48,196.16,196.16,193.4,194.25,194.04,194.26,2395912,46.5423,29545,1355950.0,56.59
NIFTYBEES,EQ,2023-02-08,194.04,194.2,195.8,189.1,195.34,195.54,195.3,2609453,50.9623,28048,1522552.0,58.35
NIFTYBEES,EQ,2023-02-09,195.54,201.4,201.4,194.61,195.95,195.89,195.51,1549469,30.2944,23060,869300.0,56.1
NIFTYBEES,EQ,2023-02-10,195.89,197.97,197.97,194.39,195.48,195.49,195.27,2023921,39.522,23545,1314320.0,64.94
NIFTYBEES,EQ,2023-02-13,195.49,195.49,198.2,193.93,194.67,194.6,194.58,2212140,43.0427,32909,1297225.0,58.64
NIFTYBEES,EQ,2023-02-14,194.6,197.89,197.89,194.6,195.85,195.98,195.64,1787208,34.9657,22591,1320557.0,73.89
NIFTYBEES,EQ,2023-02-15,195.98,196.98,197.37,194.13,197.12,197.08,196.49,2993357,58.815,26190,1663373.0,55.57
NIFTYBEES,EQ,2023-02-16,197.08,198.48,198.48,196.6,197.31,197.35,197.75,6236138,123.3201,30132,4843173.0,77.66
NIFTYBEES,EQ,2023-02-17,197.35,198.89,198.89,195.75,196.39,196.3,196.39,2173248,42.6813,29289,1432728.0,65.93
NIFTYBEES,EQ,2023-02-20,196.3,198.69,198.69,195.35,195.8,195.59,196.13,2447234,47.9971,31753,1556058.0,63.58
NIFTYBEES,EQ,2023-02-21,195.59,196.25,196.52,193.25,195.42,195.26,195.64,1372747,26.8567,21251,718307.0,52.33
NIFTYBEES,EQ,2023-02-22,195.26,196.89,196.89,192.21,192.79,192.51,193.07,5800058,111.9817,65534,4918410.0,84.8
NIFTYBEES,EQ,2023-02-23,192.51,194.49,194.49,191.44,192.18,192.01,192.3,3169952,60.959,39221,2431958.0,76.72
NIFTYBEES,EQ,2023-02-24,192.01,193.99,195.0,191.05,191.52,191.46,191.69,3398062,65.1378,40977,2732153.0,80.4
NIFTYBEES,EQ,2023-02-27,191.46,192.87,192.87,189.73,190.73,190.56,190.23,5767403,109.7161,63696,4318692.0,74.88
NIFTYBEES,EQ,2023-02-28,190.56,192.48,192.48,189.2,190.0,189.7,190.1,4381495,83.2941,48785,3015882.0,68.83
NIFTYBEES,EQ,2023-03-01,189.7,191.89,191.89,189.81,191.39,191.28,190.94,3076476,58.7422,38481,2456397.0,79.84
NIFTYBEES,EQ,2023-03-02,191.28,192.65,196.5,189.76,189.97,189.93,190.33,2987464,56.8596,44572,2442689.0,81.76
NIFTYBEES,EQ,2023-03-03,189.93,193.15,193.15,190.33,192.55,192.51,192.04,2667912,51.234300000000005,31826,1771506.0,66.4
NIFTYBEES,EQ,2023-03-06,192.51,193.89,194.4,192.61,193.79,193.63,194.0,3539187,68.6596,38126,2455751.0,69.39
NIFTYBEES,EQ,2023-03-08,193.63,194.63,194.63,190.6,193.76,193.95,193.19,2484812,48.0047,31220,1558375.0,62.72
NIFTYBEES,EQ,2023-03-09,193.95,188.15,194.65,188.15,192.75,192.64,193.11,1880541,36.3158,27806,1242832.0,66.09
NIFTYBEES,EQ,2023-03-10,192.64,191.91,191.92,190.0,190.95,190.75,190.68,4412613,84.1381,54254,3385063.0,76.71
NIFTYBEES,EQ,2023-03-13,190.75,192.65,192.65,187.65,188.7,188.12,189.12,6256213,118.3168,82789,4629816.0,74.0
NIFTYBEES,EQ,2023-03-14,188.12,189.44,189.7,186.31,187.15,186.91,187.21,6706987,125.5611,72656,5039726.0,75.14
NIFTYBEES,EQ,2023-03-15,186.91,192.5,192.5,185.76,186.27,186.1,187.03,4642899,86.8351,53134,3493909.0,75.25
NIFTYBEES,EQ,2023-03-16,186.1,188.52,188.52,184.8,186.45,186.23,185.87,6662192,123.8307,60615,4398872.0,66.03
NIFTYBEES,EQ,2023-03-17,186.23,189.52,189.52,185.9,187.74,187.42,186.94,3874547,72.4314,35013,2587171.0,66.77
NIFTYBEES,EQ,2023-03-20,187.42,188.4,188.4,184.51,186.44,186.2,185.41,6338005,117.5156,73506,4691880.0,74.03
NIFTYBEES,EQ,2023-03-21,186.2,187.89,187.9,186.01,187.49,187.46,187.14,3095592,57.9294,27967,2036364.0,65.78
NIFTYBEES,EQ,2023-03-22,187.46,188.75,188.75,187.46,187.94,187.88,187.86,1690955,31.7656,21393,1111904.0,65.76
NIFTYBEES,EQ,2023-03-23,187.88,189.79,189.79,186.67,186.93,186.91,187.46,2184996,40.9592,27044,1292740.0,59.16
NIFTYBEES,EQ,2023-03-24,186.91,187.9,187.9,185.36,185.75,185.68,186.42,2913376,54.3116,38592,1955946.0,67.14
NIFTYBEES,EQ,2023-03-27,185.68,186.64,187.15,185.6,186.12,186.18,186.39,4064269,75.755,34607,2224834.0,54.74
NIFTYBEES,EQ,2023-03-28,186.18,187.53,187.53,185.25,185.97,185.71,185.89,2453607,45.610600000000005,29910,1665743.0,67.89
NIFTYBEES,EQ,2023-03-29,185.71,187.49,187.49,185.01,187.47,187.09,186.36,4340723,80.8926,24630,2439213.0,56.19
NIFTYBEES,EQ,2023-03-31,187.09,187.22,190.0,187.22,189.82,189.86,189.22,4565764,86.3933,34320,3059512.0,67.01
NIFTYBEES,EQ,2023-04-03,189.86,191.49,191.49,189.44,190.7,190.56,190.11,3116133,59.24,68950,2220899.0,71.27
NIFTYBEES,EQ,2023-04-05,190.56,191.56,192.47,189.77,192.38,192.19,191.59,3722034,71.3099,46127,2601616.0,69.9
NIFTYBEES,EQ,2023-04-06,192.19,189.2,193.25,189.2,193.01,192.94,192.69,3850733,74.2001,33433,2652708.0,68.89
NIFTYBEES,EQ,2023-04-10,192.94,194.39,194.39,192.45,192.57,192.64,192.94,3616730,69.7825,47092,2698289.0,74.61
NIFTYBEES,EQ,2023-04-11,192.64,193.91,193.91,192.7,193.78,193.76,193.57,2803718,54.271,23984,2121158.0,75.66
NIFTYBEES,EQ,2023-04-12,193.76,193.89,194.8,193.57,194.8,194.64,194.27,3379714,65.6568,25237,2853528.0,84.43
NIFTYBEES,EQ,2023-04-13,194.64,194.63,195.1,193.8,194.85,194.77,194.39,2325172,45.2001,23216,1541340.0,66.29
NIFTYBEES,EQ,2023-04-17,194.77,196.0,196.0,192.5,193.9,193.91,193.41,3607785,69.77720000000001,48916,2414597.0,66.93
NIFTYBEES,EQ,2023-04-18,193.91,194.91,194.91,192.66,193.34,193.24,193.39,2337292,45.2008,25106,1231485.0,52.69
NIFTYBEES,EQ,2023-04-19,193.24,194.0,194.0,192.58,192.94,192.86,192.97,1589928,30.681,21579,973268.0,61.21
NIFTYBEES,EQ,2023-04-20,192.86,194.0,194.0,192.48,193.1,192.99,192.97,1462582,28.2237,19115,848153.0,57.99
NIFTYBEES,EQ,2023-04-21,192.99,192.5,194.2,192.4,192.97,192.85,192.81,2343908,45.193000000000005,20059,1387345.0,59.19
NIFTYBEES,EQ,2023-04-24,192.85,194.4,194.4,192.8,193.93,193.95,193.37,2133367,41.2523,25467,1399274.0,65.59
NIFTYBEES,EQ,2023-04-25,193.95,194.59,194.6,193.59,194.05,194.13,194.14,1919289,37.2606,20846,1332251.0,69.41
NIFTYBEES,EQ,2023-04-26,194.13,194.5,194.75,193.5,194.72,194.62,194.24,2094677,40.6865,16735,1484919.0,70.89
NIFTYBEES,EQ,2023-04-27,194.62,195.2,196.35,193.86,195.91,195.93,195.35,2989666,58.4039,21175,2364549.0,79.09
NIFTYBEES,EQ,2023-04-28,195.93,196.8,197.72,195.74,197.2,197.29,196.72,3403218,66.9477,24179,2463656.0,72.39
NIFTYBEES,EQ,2023-05-02,197.29,198.5,199.7,196.11,198.2,198.39,198.38,3544119,70.3067,46876,2773162.0,78.25
NIFTYBEES,EQ,2023-05-03,198.39,199.79,199.79,197.28,197.7,197.68,197.67,2129998,42.1045,29842,1289677.0,60.55
NIFTYBEES,EQ,2023-05-04,197.68,199.45,199.61,197.03,199.45,199.44,198.75,3692955,73.3987,29351,2928988.0,79.31
NIFTYBEES,EQ,2023-05-05,199.44,199.89,199.89,197.67,197.89,197.84,198.42,2599608,51.5807,34417,1667553.0,64.15
NIFTYBEES,EQ,2023-05-08,197.84,197.95,199.99,197.84,199.86,199.71,199.52,3809627,76.0082,36807,2600137.0,68.25
NIFTYBEES,EQ,2023-05-09,199.71,200.4,200.49,199.05,199.75,199.7,199.99,2707305,54.1437,26320,1913643.0,70.68
NIFTYBEES,EQ,2023-05-10,199.7,200.2,200.37,199.08,200.02,200.0,199.81,2638312,52.717200000000005,23826,1719273.0,65.17
NIFTYBEES,EQ,2023-05-11,200.0,200.99,200.99,199.96,200.4,200.35,200.32,2372007,47.5167,20063,1715179.0,72.31
NIFTYBEES,EQ,2023-05-12,200.35,200.27,200.45,199.06,200.1,200.26,199.9,2056983,41.1189,21160,1146474.0,55.74
NIFTYBEES,EQ,2023-05-15,200.26,200.26,201.79,199.94,201.3,201.34,201.19,3684085,74.1194,35307,2337966.0,63.46
NIFTYBEES,EQ,2023-05-16,201.34,200.25,202.25,200.25,200.5,200.51,201.09,3197335,64.29520000000001,24057,2054834.0,64.27
NIFTYBEES,EQ,2023-05-17,200.51,201.25,201.49,199.0,199.89,199.76,199.57,3548756,70.82350000000001,31938,2835891.0,79.91
NIFTYBEES,EQ,2023-05-18,199.76,201.39,201.49,198.8,199.19,199.05,199.48,3150576,62.8465,24230,2658996.0,84.4
NIFTYBEES,EQ,2023-05-19,199.05,205.0,205.0,198.25,199.65,199.82,199.1,3295080,65.6045,23643,2472999.0,75.05
NIFTYBEES,EQ,2023-05-22,199.82,200.49,200.93,199.05,200.7,200.74,200.52,2330996,46.7413,27646,1544192.0,66.25
NIFTYBEES,EQ,2023-05-23,200.74,200.05,201.7,200.05,200.9,201.02,201.33,2612792,52.6033,20817,1924894.0,73.67
NIFTYBEES,EQ,2023-05-24,201.02,201.49,201.5,199.81,200.49,200.24,200.71,2413489,48.4404,20505,1334548.0,55.3
NIFTYBEES,EQ,2023-05-25,200.24,200.95,200.95,199.26,200.94,200.7,200.04,2891537,57.8437,23699,1875895.0,64.88
NIFTYBEES,EQ,2023-05-26,200.7,201.89,203.27,200.05,203.05,202.85,202.21,4684612,94.7263,31451,3172570.0,67.72
NIFTYBEES,EQ,2023-05-29,202.85,202.85,204.8,202.85,203.94,204.14,204.17,3856380,78.73689999999999,33111,3063530.0,79.44
NIFTYBEES,EQ,2023-05-30,204.14,205.49,205.49,202.53,204.45,204.36,204.3,2613440,53.3926,20469,1867783.0,71.47
NIFTYBEES,EQ,2023-05-31,204.36,205.49,205.49,203.06,203.6,203.66,203.64,2588389,52.7095,25778,1883097.0,72.75
NIFTYBEES,EQ,2023-06-01,203.66,205.39,205.39,202.11,203.09,202.99,203.35,3330182,67.7182,31463,2423620.0,72.78
NIFTYBEES,EQ,2023-06-02,202.99,204.9,204.9,203.08,203.75,203.84,203.74,2174215,44.2966,27402,1388527.0,63.86
NIFTYBEES,EQ,2023-06-05,203.84,205.39,205.48,203.99,204.3,204.28,204.55,1707187,34.9206,35806,1268105.0,74.28
NIFTYBEES,EQ,2023-06-06,204.28,205.39,205.39,203.45,204.19,204.04,203.9,1618597,33.0032,26901,1112225.0,68.72
NIFTYBEES,EQ,2023-06-07,204.04,205.39,205.45,203.92,205.22,205.34,204.9,2134360,43.7341,25383,1843201.0,86.36
NIFTYBEES,EQ,2023-06-08,205.34,203.92,206.21,203.92,204.51,204.51,205.24,4515873,92.6856,25973,3024992.0,66.99
NIFTYBEES,EQ,2023-06-09,204.51,205.9,205.9,203.85,203.99,204.03,204.27,1786159,36.4854,25854,1229580.0,68.84
NIFTYBEES,EQ,2023-06-12,204.03,204.9,205.45,203.83,204.55,204.46,204.32,1361814,27.825,29903,802791.0,58.95
NIFTYBEES,EQ,2023-06-13,204.46,205.48,205.52,204.3,205.52,205.45,205.3,1563108,32.0899,19172,1170241.0,74.87
NIFTYBEES,EQ,2023-06-14,205.45,211.6,211.6,205.08,205.79,205.85,205.71,1880167,38.6774,21609,1355417.0,72.09
NIFTYBEES,EQ,2023-06-15,205.85,206.39,206.39,204.69,205.3,205.31,205.55,2674084,54.9656,25917,1631829.0,61.02
NIFTYBEES,EQ,2023-06-16,205.31,206.39,207.1,205.41,206.71,206.69,206.37,2770332,57.17229999999999,25673,2053534.0,74.13
NIFTYBEES,EQ,2023-06-19,206.69,206.69,208.98,205.51,205.99,205.87,206.2,3140978,64.7668,30913,2293781.0,73.03
NIFTYBEES,EQ,2023-06-20,205.87,205.75,206.75,204.94,206.7,206.5,205.58,3088294,63.4905,23408,1926425.0,62.38
NIFTYBEES,EQ,2023-06-21,206.5,206.04,207.46,206.04,207.02,206.87,206.8,2408169,49.8016,19437,1648969.0,68.47
NIFTYBEES,EQ,2023-06-22,206.87,206.87,207.47,206.08,206.3,206.24,206.66,2007192,41.4812,24122,1090287.0,54.32
NIFTYBEES,EQ,2023-06-23,206.24,212.45,212.45,204.8,205.06,204.98,205.26,2129175,43.7024,25929,1367873.0,64.24
NIFTYBEES,EQ,2023-06-26,204.98,206.25,206.25,204.52,205.31,205.17,205.0,2217566,45.4611,25592,1707044.0,76.98
NIFTYBEES,EQ,2023-06-27,205.17,207.36,207.36,205.36,206.5,206.46,205.87,2018085,41.5466,18113,1555601.0,77.08
NIFTYBEES,EQ,2023-06-28,206.46,207.4,208.56,206.28,208.35,208.18,207.93,3989975,82.9618,38298,3117866.0,78.14
NIFTYBEES,EQ,2023-06-30,208.18,209.6,210.91,208.09,210.69,210.61,209.91,4671280,98.0547,35858,3299122.0,70.63
NIFTYBEES,EQ,2023-07-03,210.61,213.45,213.45,210.9,212.48,212.3,211.96,4245579,89.9896,72125,3418606.0,80.52
NIFTYBEES,EQ,2023-07-04,212.3,218.65,218.65,212.0,213.02,213.06,212.67,2517660,53.5431,38790,1718404.0,68.25
NIFTYBEES,EQ,2023-07-05,213.06,218.0,218.0,212.3,213.05,212.92,212.83,1743789,37.1138,29056,1082429.0,62.07
NIFTYBEES,EQ,2023-07-06,212.92,218.0,219.3,212.05,213.98,213.96,213.61,1919961,41.0127,28508,1302311.0,67.83
NIFTYBEES,EQ,2023-07-07,213.96,220.4,220.4,212.5,212.95,212.72,213.1,3326931,70.8955,38344,2360897.0,70.96
NIFTYBEES,EQ,2023-07-10,212.72,218.4,218.4,210.15,212.75,212.64,212.88,2815814,59.9434,39055,2067256.0,73.42
NIFTYBEES,EQ,2023-07-11,212.64,219.0,219.0,212.66,213.64,213.45,213.76,1986082,42.4546,28641,1178601.0,59.34
NIFTYBEES,EQ,2023-07-12,213.45,214.95,214.95,213.0,213.35,213.25,213.56,1703058,36.3705,20724,1106775.0,64.99
NIFTYBEES,EQ,2023-07-13,213.25,215.0,215.0,213.25,213.75,213.69,214.18,2336555,50.0453,22912,1629180.0,69.73
NIFTYBEES,EQ,2023-07-14,213.69,215.46,215.46,213.56,215.1,214.83,214.28,1678860,35.9754,23107,985602.0,58.71
NIFTYBEES,EQ,2023-07-17,214.83,216.14,216.9,214.82,216.9,216.53,215.82,2220209,47.9164,38573,1539634.0,69.35
NIFTYBEES,EQ,2023-07-18,216.53,216.91,217.8,216.1,217.1,217.02,217.06,2344009,50.878,24346,1392799.0,59.42
NIFTYBEES,EQ,2023-07-19,217.02,219.95,219.95,216.76,218.1,217.97,217.42,3764043,81.8396,24967,2177349.0,57.85
NIFTYBEES,EQ,2023-07-20,217.97,219.9,219.9,217.16,219.01,219.51,218.47,3166150,69.1705,42572,1929781.0,60.95
NIFTYBEES,EQ,2023-07-21,219.51,219.44,219.44,216.99,217.69,217.48,217.91,3612348,78.7158,36997,2642937.0,73.16
NIFTYBEES,EQ,2023-07-24,217.48,219.38,219.38,216.54,216.71,216.73,217.28,2006947,43.6071,31551,1247000.0,62.13
NIFTYBEES,EQ,2023-07-25,216.73,219.95,219.95,216.06,216.75,216.64,216.65,1462278,31.6808,23836,762006.0,52.11
NIFTYBEES,EQ,2023-07-26,216.64,219.7,219.7,213.65,217.8,217.72,217.84,3164932,68.946,21657,2254311.0,71.23
NIFTYBEES,EQ,2023-07-27,217.72,219.7,219.7,211.2,217.0,216.63,217.19,2936838,63.7853,33251,2293326.0,78.09
NIFTYBEES,EQ,2023-07-28,216.63,218.78,218.78,215.5,216.35,216.34,215.99,2463367,53.207,29092,1387325.0,56.32
NIFTYBEES,EQ,2023-07-31,216.34,218.78,218.78,216.0,217.65,217.58,217.02,1792693,38.9045,29366,1213019.0,67.66
NIFTYBEES,EQ,2023-08-01,217.58,218.0,218.4,217.02,217.3,217.23,217.45,1914323,41.6269,31821,1191693.0,62.25
NIFTYBEES,EQ,2023-08-02,217.23,217.22,217.45,214.0,215.2,215.1,215.18,5585468,120.1853,52048,3762179.0,67.36
NIFTYBEES,EQ,2023-08-03,215.1,216.52,216.52,212.15,213.7,213.56,213.95,4739271,101.3962,43007,3398145.0,71.7
NIFTYBEES,EQ,2023-08-04,213.56,215.85,215.85,212.77,215.06,215.04,214.67,1535406,32.9609,22801,1006892.0,65.58
NIFTYBEES,EQ,2023-08-07,215.04,216.21,216.21,215.05,215.97,215.95,215.65,2240935,48.3253,37091,1562716.0,69.73
NIFTYBEES,EQ,2023-08-08,215.95,216.47,216.7,209.45,215.85,215.79,215.82,2002806,43.2236,19906,1474303.0,73.61
NIFTYBEES,EQ,2023-08-09,215.79,216.85,216.85,212.8,216.5,216.49,215.39,2025167,43.6193,22818,1520530.0,75.08
NIFTYBEES,EQ,2023-08-10,216.49,217.27,217.27,215.01,215.45,215.33,215.57,2100995,45.290200000000006,25814,1558558.0,74.18
NIFTYBEES,EQ,2023-08-11,215.33,217.21,217.21,214.25,214.5,214.4,214.62,2385921,51.2066,28017,1749126.0,73.31
NIFTYBEES,EQ,2023-08-14,214.4,217.82,217.82,211.65,214.45,214.51,213.58,2878972,61.4877,39005,1792489.0,62.26
NIFTYBEES,EQ,2023-08-16,214.51,218.47,218.47,212.68,214.58,214.57,214.01,1604526,34.339,33247,968904.0,60.39
NIFTYBEES,EQ,2023-08-17,214.57,218.17,218.17,208.15,213.6,213.7,213.79,1582007,33.8213,23177,1241597.0,78.48
NIFTYBEES,EQ,2023-08-18,213.7,218.19,218.19,212.31,212.9,213.0,212.93,2486828,52.9523,32927,1773661.0,71.32
NIFTYBEES,EQ,2023-08-21,213.0,213.69,213.98,212.0,213.35,213.5,213.51,2977924,63.5805,31315,2564945.0,86.13
NIFTYBEES,EQ,2023-08-22,213.5,218.11,218.11,213.1,213.58,213.43,213.55,1983391,42.3551,18414,1484825.0,74.86
NIFTYBEES,EQ,2023-08-23,213.43,216.4,216.4,212.78,214.27,214.37,214.07,1550674,33.195100000000004,25108,1223248.0,78.88
NIFTYBEES,EQ,2023-08-24,214.37,218.47,218.47,213.33,213.62,213.77,214.67,2526797,54.24229999999999,25137,1710631.0,67.7
NIFTYBEES,EQ,2023-08-25,213.77,207.35,214.48,207.35,212.51,212.76,212.79,2646009,56.3049,27478,1925431.0,72.77
NIFTYBEES,EQ,2023-08-28,212.76,217.47,217.47,211.0,213.09,212.87,213.08,1548577,32.9977,36129,973065.0,62.84
NIFTYBEES,EQ,2023-08-29,212.87,217.47,217.47,212.8,213.36,213.16,213.12,1314371,28.012,18034,844878.0,64.28
NIFTYBEES,EQ,2023-08-30,213.16,217.47,217.47,207.65,213.75,213.54,213.8,1583782,33.8611,16264,1155774.0,72.98
NIFTYBEES,EQ,2023-08-31,213.54,207.15,217.47,207.15,213.2,212.77,213.05,2821233,60.1073,28125,2383817.0,84.5
NIFTYBEES,EQ,2023-09-01,212.77,216.87,216.87,212.0,214.45,214.27,213.74,1929234,41.2349,33611,1500054.0,77.75
NIFTYBEES,EQ,2023-09-04,214.27,217.47,217.47,207.85,215.65,215.59,215.1,1925839,41.4252,43018,1458401.0,75.73
NIFTYBEES,EQ,2023-09-05,215.59,216.98,216.98,215.13,216.0,215.84,215.82,2333420,50.3603,27913,1795880.0,76.96
NIFTYBEES,EQ,2023-09-06,215.84,217.17,217.17,215.08,216.4,216.22,215.81,2516081,54.2995,25992,1982759.0,78.8
NIFTYBEES,EQ,2023-09-07,216.22,217.17,217.5,209.75,217.32,217.29,216.6,1670195,36.1771,28252,1164404.0,69.72
NIFTYBEES,EQ,2023-09-08,217.29,218.47,218.78,215.42,218.48,218.41,218.17,1886253,41.153,23897,1391041.0,73.75
NIFTYBEES,EQ,2023-09-11,218.41,219.55,220.5,217.18,220.4,220.38,219.82,2865226,62.9838,38358,1854913.0,64.74
NIFTYBEES,EQ,2023-09-12,220.38,221.98,221.98,219.4,220.1,220.19,220.37,2429267,53.532700000000006,26652,1635720.0,67.33
NIFTYBEES,EQ,2023-09-13,220.19,221.59,221.8,219.45,221.47,221.43,221.1,2777591,61.4127,20576,2257041.0,81.26
NIFTYBEES,EQ,2023-09-14,221.43,222.73,222.73,221.0,221.6,221.53,221.56,3991183,88.4282,23042,2510197.0,62.89
NIFTYBEES,EQ,2023-09-15,221.53,222.73,222.81,221.11,222.4,222.57,222.38,2369619,52.6955,23599,1761981.0,74.36
NIFTYBEES,EQ,2023-09-18,222.57,222.25,222.57,216.0,221.89,221.92,222.21,2315850,51.4603,30806,1684636.0,72.74
NIFTYBEES,EQ,2023-09-20,221.92,220.99,221.0,219.3,219.77,219.6,220.0,3324262,73.1322,43415,2495191.0,75.06
NIFTYBEES,EQ,2023-09-21,219.6,213.0,226.2,213.0,217.66,217.63,217.76,3045078,66.309,32689,2455682.0,80.64
NIFTYBEES,EQ,2023-09-22,217.63,219.63,219.63,216.38,217.0,216.81,217.23,4109713,89.2772,30036,2488114.0,60.54
NIFTYBEES,EQ,2023-09-25,216.81,218.79,218.79,216.08,216.85,216.8,216.64,2239994,48.5263,29775,1590257.0,70.99
NIFTYBEES,EQ,2023-09-26,216.8,217.92,217.92,215.18,216.68,216.57,216.81,1330688,28.851,17569,989095.0,74.33
NIFTYBEES,EQ,2023-09-27,216.57,218.47,218.47,210.05,217.6,217.56,216.53,2257394,48.8793,21800,1354304.0,59.99
NIFTYBEES,EQ,2023-09-28,217.56,218.98,218.98,215.45,216.15,215.77,216.38,3456589,74.7943,33143,2510896.0,72.64
NIFTYBEES,EQ,2023-09-29,215.77,222.25,222.25,209.3,217.4,216.75,216.82,2265919,49.1291,20682,1318952.0,58.21
NIFTYBEES,EQ,2023-10-03,216.75,223.25,223.25,210.25,215.51,215.57,215.49,4369754,94.1617,101650,2946782.0,67.44
NIFTYBEES,EQ,2023-10-04,215.57,222.05,222.05,213.53,214.5,214.4,214.15,5188713,111.1177,59095,3847574.0,74.15
NIFTYBEES,EQ,2023-10-05,214.4,220.85,220.85,214.41,215.47,215.53,215.55,2006257,43.2451,29646,1374482.0,68.51
NIFTYBEES,EQ,2023-10-06,215.53,214.0,218.7,214.0,217.0,216.62,216.46,3125000,67.6433,29185,2118605.0,67.8
NIFTYBEES,EQ,2023-10-09,216.62,223.1,223.1,214.71,215.45,215.48,215.65,2314698,49.9169,35675,1629716.0,70.41
NIFTYBEES,EQ,2023-10-10,215.48,221.95,221.95,215.01,217.29,217.13,216.84,1610545,34.9236,26959,1017067.0,63.15
NIFTYBEES,EQ,2023-10-11,217.13,214.65,220.39,214.65,218.7,218.76,218.58,2773486,60.6233,23148,1962106.0,70.75
NIFTYBEES,EQ,2023-10-12,218.76,225.3,225.3,216.64,218.5,218.6,218.61,1480102,32.356700000000004,17968,1058935.0,71.54
NIFTYBEES,EQ,2023-10-13,218.6,220.75,220.75,216.63,218.0,218.07,217.83,2232611,48.6332,24596,1468852.0,65.79
NIFTYBEES,EQ,2023-10-16,218.07,222.0,222.0,216.07,217.98,217.9,217.98,1472154,32.0901,31173,933778.0,63.43
NIFTYBEES,EQ,2023-10-17,217.9,224.45,224.45,212.25,218.65,218.55,218.69,1266306,27.6927,20326,794594.0,62.75
NIFTYBEES,EQ,2023-10-18,218.55,219.59,219.59,216.92,217.1,217.2,217.86,1761105,38.367,22855,1395656.0,79.25
NIFTYBEES,EQ,2023-10-19,217.2,220.5,223.7,210.7,216.65,216.67,216.51,2193608,47.4941,26852,1538842.0,70.15
NIFTYBEES,EQ,2023-10-20,216.67,219.7,219.7,213.65,216.01,215.3,215.72,2642139,56.9956,25700,1661186.0,62.87
NIFTYBEES,EQ,2023-10-23,215.3,221.75,221.75,212.65,214.0,213.17,214.19,4473325,95.8122,53851,3718744.0,83.13
NIFTYBEES,EQ,2023-10-25,213.17,215.0,216.6,210.95,211.73,211.48,212.32,6626525,140.6914,69198,5549054.0,83.74
NIFTYBEES,EQ,2023-10-26,211.48,213.0,214.49,208.36,208.96,208.74,209.0,11342653,237.0597,99195,9973511.0,87.93
NIFTYBEES,EQ,2023-10-27,208.74,210.49,215.0,208.5,210.82,210.57,210.23,4091227,86.0115,33326,2869845.0,70.15
NIFTYBEES,EQ,2023-10-30,210.57,211.4,211.99,209.41,211.8,211.52,210.73,2918057,61.49100000000001,34673,1673854.0,57.36
NIFTYBEES,EQ,2023-10-31,211.52,212.0,214.0,210.7,211.1,210.98,211.25,2951982,62.360600000000005,24649,1859290.0,62.98
NIFTYBEES,EQ,2023-11-01,210.98,213.95,213.95,209.58,210.05,209.99,210.4,2999324,63.1047,46036,2619277.0,87.33
NIFTYBEES,EQ,2023-11-02,209.99,213.99,213.99,210.0,211.99,211.64,211.44,3051034,64.51140000000001,26627,2494626.0,81.76
NIFTYBEES,EQ,2023-11-03,211.64,212.26,213.77,212.05,212.65,212.69,212.85,1992691,42.413900000000005,21971,1239268.0,62.19
NIFTYBEES,EQ,2023-11-06,212.69,218.7,218.7,212.1,214.6,214.56,214.01,2167020,46.3774,45573,1352531.0,62.41
NIFTYBEES,EQ,2023-11-07,214.56,215.24,215.25,212.78,214.6,214.49,214.18,1597162,34.2075,21570,1153507.0,72.22
NIFTYBEES,EQ,2023-11-08,214.49,215.0,215.2,213.81,214.9,214.83,214.88,2392335,51.40560000000001,22566,1725924.0,72.14
NIFTYBEES,EQ,2023-11-09,214.83,215.99,217.0,214.03,214.34,214.3,214.59,2842726,61.0007,18914,2382189.0,83.8
NIFTYBEES,EQ,2023-11-10,214.3,214.99,214.99,213.25,214.6,214.24,214.04,3287453,70.3642,26114,2672670.0,81.3
NIFTYBEES,EQ,2023-11-12,214.24,216.99,216.99,213.27,215.28,215.16,215.21,2510748,54.0338,36271,1659016.0,66.08
NIFTYBEES,EQ,2023-11-13,215.16,215.9,215.99,214.3,214.49,214.55,214.58,2354220,50.5158,27760,1698406.0,72.14
NIFTYBEES,EQ,2023-11-15,214.55,215.3,217.23,213.7,217.02,216.97,216.68,4368209,94.6508,28373,3534185.0,80.91
NIFTYBEES,EQ,2023-11-16,216.97,217.99,219.25,216.6,218.39,218.16,218.17,2694681,58.788900000000005,49746,1767180.0,65.58
NIFTYBEES,EQ,2023-11-17,218.16,224.0,224.0,216.0,218.0,218.02,218.16,1471094,32.093,19916,1009564.0,68.63
NIFTYBEES,EQ,2023-11-20,218.02,218.99,218.99,217.07,217.35,217.35,217.49,1971539,42.8785,28962,1217738.0,61.77
NIFTYBEES,EQ,2023-11-21,217.35,219.25,219.25,214.0,218.3,218.39,218.33,2121413,46.3177,19464,1773649.0,83.61
NIFTYBEES,EQ,2023-11-22,218.39,219.3,219.3,216.0,218.6,218.53,218.27,1531757,33.433,18243,1090633.0,71.2
NIFTYBEES,EQ,2023-11-23,218.53,219.0,219.2,216.01,218.6,218.56,218.77,2711176,59.3125,14827,1997602.0,73.68
NIFTYBEES,EQ,2023-11-24,218.56,225.1,225.1,218.19,218.65,218.48,218.51,2228129,48.6862,16808,1685587.0,75.65
NIFTYBEES,EQ,2023-11-28,218.48,225.05,225.05,211.95,219.79,219.56,218.95,3374192,73.8793,29086,2481533.0,73.54
NIFTYBEES,EQ,2023-11-29,219.56,221.99,221.99,219.31,221.85,221.66,221.1,4692734,103.7568,32660,3946783.0,84.1
NIFTYBEES,EQ,2023-11-30,221.66,228.3,228.3,220.38,222.23,222.13,221.62,4565515,101.1789,23895,3480547.0,76.24
NIFTYBEES,EQ,2023-12-01,222.13,223.99,223.99,221.0,223.7,223.75,223.52,3756906,83.975,36335,2759439.0,73.45
NIFTYBEES,EQ,2023-12-04,223.75,230.45,230.45,225.5,228.0,228.18,227.32,5441571,123.6955,58661,3660383.0,67.27
NIFTYBEES,EQ,2023-12-05,228.18,228.45,230.28,228.39,230.11,230.06,229.46,2577043,59.1336,38993,1790020.0,69.46
NIFTYBEES,EQ,2023-12-06,230.06,231.99,231.99,229.8,231.0,230.94,230.83,3116228,71.9315,31305,1943910.0,62.38
NIFTYBEES,EQ,2023-12-07,230.94,231.99,231.99,228.15,230.9,230.83,230.82,2882798,66.5416,28245,2059209.0,71.43
NIFTYBEES,EQ,2023-12-08,230.83,231.99,231.99,228.0,231.45,231.36,231.23,1918130,44.3534,24941,1181948.0,61.62
NIFTYBEES,EQ,2023-12-11,231.36,229.01,232.1,229.01,231.65,231.79,231.73,2202370,51.0356,34913,1492076.0,67.75
NIFTYBEES,EQ,2023-12-12,231.79,232.99,232.99,230.5,231.06,230.96,231.41,2237630,51.7818,26530,1514636.0,67.69
NIFTYBEES,EQ,2023-12-13,230.96,231.99,231.99,229.63,231.31,231.15,230.43,2758600,63.567,28947,1845614.0,66.9
NIFTYBEES,EQ,2023-12-14,231.15,232.0,234.5,231.51,234.04,233.99,233.6,2943517,68.7611,24820,2218606.0,75.37
NIFTYBEES,EQ,2023-12-15,233.99,236.25,237.0,234.01,236.33,236.62,235.38,3418211,80.4566,27799,2146538.0,62.8
NIFTYBEES,EQ,2023-12-18,236.62,236.98,237.0,233.65,236.56,236.57,236.53,2068813,48.9336,27618,1086966.0,52.54
NIFTYBEES,EQ,2023-12-19,236.57,237.99,237.99,235.33,236.79,236.7,236.42,2900959,68.5847,26319,1593217.0,54.92
NIFTYBEES,EQ,2023-12-20,236.7,237.99,238.88,233.0,233.34,233.25,235.16,4692122,110.3408,42177,2510268.0,53.5
NIFTYBEES,EQ,2023-12-21,233.25,226.25,238.0,226.25,234.98,234.6,233.48,4151474,96.9278,33912,2417863.0,58.24
NIFTYBEES,EQ,2023-12-22,234.6,235.99,236.35,232.01,235.65,235.5,235.61,2920568,68.8107,27167,1863145.0,63.79
NIFTYBEES,EQ,2023-12-26,235.5,236.99,237.3,234.88,237.11,236.93,236.57,1774284,41.9738,33871,1120413.0,63.15
NIFTYBEES,EQ,2023-12-27,236.93,239.7,239.7,236.18,239.34,238.91,238.07,4385669,104.4087,34812,3171136.0,72.31
NIFTYBEES,EQ,2023-12-28,238.91,240.0,240.5,238.88,240.25,240.16,239.92,2495578,59.87350000000001,26842,1706896.0,68.4
NIFTYBEES,EQ,2023-12-29,240.16,247.35,247.35,238.0,240.3,239.65,239.88,4342820,104.174,24850,2875147.0,66.2
NIFTYBEES,EQ,2024-01-01,239.65,240.99,241.14,238.01,240.02,240.35,239.93,3301679,79.2174,75475,1816801.0,55.03
NIFTYBEES,EQ,2024-01-02,240.35,241.0,241.0,238.0,239.23,239.21,238.99,2724450,65.1107,52536,1622009.0,59.54
NIFTYBEES,EQ,2024-01-03,239.21,240.0,240.0,237.5,237.8,237.74,238.15,2253252,53.6623,43853,1643418.0,72.94
NIFTYBEES,EQ,2024-01-04,237.74,237.7,239.59,237.19,239.5,239.3,239.03,2592068,61.958400000000005,28596,1829195.0,70.57
NIFTYBEES,EQ,2024-01-05,239.3,239.8,240.0,238.01,239.88,239.74,239.46,3017800,72.2632,33645,2031516.0,67.32
NIFTYBEES,EQ,2024-01-08,239.74,242.0,242.0,237.5,237.8,237.68,238.57,3109332,74.1779,53391,2078180.0,66.84
NIFTYBEES,EQ,2024-01-09,237.68,239.99,239.99,237.5,237.79,237.78,238.98,2263399,54.090900000000005,27060,1537850.0,67.94
NIFTYBEES,EQ,2024-01-10,237.78,238.99,238.99,236.76,238.88,238.76,237.69,2557090,60.78020000000001,33129,1333281.0,52.14
NIFTYBEES,EQ,2024-01-11,238.76,239.7,239.7,238.01,239.09,238.87,239.03,2228747,53.274,22862,1623516.0,72.84
NIFTYBEES,EQ,2024-01-12,238.87,239.01,242.35,239.01,242.35,241.73,241.08,3829943,92.3312,31109,2548516.0,66.54
NIFTYBEES,EQ,2024-01-15,241.73,241.73,244.3,241.73,244.3,244.07,243.38,3098957,75.421,39045,2062453.0,66.55
NIFTYBEES,EQ,2024-01-16,244.07,244.6,244.99,242.41,243.01,243.24,243.33,3055350,74.3468,28376,1854771.0,60.71
NIFTYBEES,EQ,2024-01-17,243.24,240.99,243.0,238.1,238.5,238.38,239.74,6128145,146.9134,72217,4292613.0,70.05
NIFTYBEES,EQ,2024-01-18,238.38,237.99,238.21,233.3,237.68,237.51,237.08,6170369,146.2884,51698,4331835.0,70.2
NIFTYBEES,EQ,2024-01-19,237.51,239.99,239.99,237.75,239.32,239.15,238.91,2714133,64.8425,21149,1623831.0,59.83
NIFTYBEES,EQ,2024-01-20,239.15,246.3,246.3,238.5,238.98,238.73,239.27,1562643,37.3887,18212,1072799.0,68.65
NIFTYBEES,EQ,2024-01-23,238.73,241.9,241.9,234.5,235.39,234.87,236.86,5382816,127.4968,72230,3868963.0,71.88
NIFTYBEES,EQ,2024-01-24,234.87,235.68,237.59,233.5,237.58,237.29,235.91,2914009,68.743,32030,1338654.0,45.94
NIFTYBEES,EQ,2024-01-25,237.29,238.0,238.0,235.1,236.7,236.15,235.72,2328302,54.8829,29685,1420417.0,61.01
NIFTYBEES,EQ,2024-01-29,236.15,238.0,240.4,236.15,240.24,240.05,239.13,2671344,63.8793,36443,1415855.0,53.0
NIFTYBEES,EQ,2024-01-30,240.05,241.99,241.99,237.95,238.19,238.13,238.96,3429480,81.9516,30794,2497609.0,72.83
NIFTYBEES,EQ,2024-01-31,238.13,238.78,240.48,237.5,240.24,240.26,239.39,1870884,44.787,22593,1044202.0,55.81
NIFTYBEES,EQ,2024-02-01,240.26,241.99,241.99,239.48,239.96,240.03,240.3,3203160,76.97109999999999,36721,2116075.0,66.06
NIFTYBEES,EQ,2024-02-02,240.03,243.4,244.28,240.01,241.6,241.3,242.28,4954136,120.0288,39272,2598071.0,52.44
NIFTYBEES,EQ,2024-02-05,241.3,248.55,248.55,239.9,240.15,240.24,241.37,2862183,69.0844,46080,1517894.0,53.03
NIFTYBEES,EQ,2024-02-06,240.24,247.45,247.45,237.65,242.16,242.01,241.44,1690100,40.8059,24207,867855.0,51.35
NIFTYBEES,EQ,2024-02-07,242.01,249.25,249.25,234.75,242.4,242.35,242.58,2235426,54.22729999999999,27108,1348398.0,60.32
NIFTYBEES,EQ,2024-02-08,242.35,242.35,243.38,239.9,240.4,240.28,241.05,3757539,90.5743,36997,2623834.0,69.83
NIFTYBEES,EQ,2024-02-09,240.28,240.9,241.02,239.0,240.8,240.78,240.31,1752604,42.1161,24778,982996.0,56.09
NIFTYBEES,EQ,2024-02-12,240.78,241.0,242.5,238.97,239.19,239.32,239.84,3449448,82.73190000000001,47909,2362926.0,68.5
NIFTYBEES,EQ,2024-02-13,239.32,246.5,246.5,238.7,240.4,240.59,239.98,1615065,38.7583,24456,749125.0,46.38
NIFTYBEES,EQ,2024-02-14,240.59,239.9,241.99,237.55,241.7,241.55,239.84,3343750,80.1955,29667,1733358.0,51.84
NIFTYBEES,EQ,2024-02-15,241.55,242.99,243.0,241.2,242.63,242.72,242.2,1820990,44.1035,22718,1056272.0,58.01
NIFTYBEES,EQ,2024-02-16,242.72,244.0,244.23,242.58,244.19,243.99,243.77,4134646,100.7892,26522,2830395.0,68.46
NIFTYBEES,EQ,2024-02-19,243.99,244.5,245.75,243.58,245.2,245.04,244.94,2511055,61.5063,30618,1796903.0,71.56
NIFTYBEES,EQ,2024-02-20,245.04,246.99,246.99,243.01,245.42,245.37,245.03,2109871,51.6989,25143,1290956.0,61.19
NIFTYBEES,EQ,2024-02-21,245.37,246.0,246.29,243.5,243.74,243.87,245.09,3326839,81.5387,30408,2559883.0,76.95
NIFTYBEES,EQ,2024-02-22,243.87,244.5,246.21,242.45,246.03,245.79,243.85,2973123,72.4987,24489,1747967.0,58.79
NIFTYBEES,EQ,2024-02-23,245.79,246.89,246.89,245.16,245.38,245.69,246.12,2414813,59.4334,21873,1646139.0,68.17
NIFTYBEES,EQ,2024-02-26,245.69,245.5,246.5,244.02,245.24,244.87,244.92,1931771,47.313,32612,1354998.0,70.14
NIFTYBEES,EQ,2024-02-27,244.87,245.0,245.71,244.0,245.2,245.5,245.11,2412089,59.1219,21988,1706051.0,70.73
NIFTYBEES,EQ,2024-02-28,245.5,242.3,246.88,242.3,243.25,243.07,244.04,2553115,62.3061,35033,1800622.0,70.53
NIFTYBEES,EQ,2024-02-29,243.07,244.99,244.99,241.01,243.9,243.25,242.97,3210232,78.0004,27444,2027252.0,63.15
NIFTYBEES,EQ,2024-03-01,243.25,244.58,246.99,243.05,246.71,246.85,245.98,2174184,53.4801,34733,1336223.0,61.46
NIFTYBEES,EQ,2024-03-02,246.85,247.4,248.29,246.56,247.4,247.31,247.33,353231,8.7364,6087,257729.0,72.96
NIFTYBEES,EQ,2024-03-04,247.31,248.99,249.98,247.08,247.89,247.83,247.86,3278496,81.2621,47519,2673329.0,81.54
NIFTYBEES,EQ,2024-03-05,247.83,248.87,248.87,246.71,247.25,247.34,247.24,1909620,47.2138,31615,1383167.0,72.43
NIFTYBEES,EQ,2024-03-06,247.34,248.99,248.99,246.1,248.57,248.62,247.15,2452874,60.6232,32022,1218950.0,49.69
NIFTYBEES,EQ,2024-03-07,248.62,248.7,249.0,248.13,248.55,248.67,248.67,2481075,61.698,25244,1798176.0,72.48
NIFTYBEES,EQ,2024-03-11,248.67,248.67,249.8,247.02,247.3,247.45,248.17,2665347,66.14699999999999,48193,2018375.0,75.73
NIFTYBEES,EQ,2024-03-12,247.45,248.99,248.99,246.01,247.4,247.42,247.6,3423643,84.7696,28568,2581895.0,75.41
NIFTYBEES,EQ,2024-03-13,247.42,248.89,248.89,242.75,243.75,243.71,244.93,6405176,156.8794,59795,5074230.0,79.22
NIFTYBEES,EQ,2024-03-14,243.71,244.38,245.9,242.28,245.31,245.39,244.68,5265364,128.8308,28038,3954015.0,75.09
NIFTYBEES,EQ,2024-03-15,245.39,244.9,245.38,242.66,243.79,243.8,243.49,4300512,104.7144,43330,2600905.0,60.48
NIFTYBEES,EQ,2024-03-18,243.8,251.1,251.1,242.58,244.05,243.98,243.89,2498791,60.943000000000005,28994,1602000.0,64.11
NIFTYBEES,EQ,2024-03-19,243.98,243.97,243.98,241.37,241.65,241.6,242.07,5084257,123.0737,51678,4218786.0,82.98
NIFTYBEES,EQ,2024-03-20,241.6,242.99,242.99,240.54,241.84,241.58,241.82,3185502,77.0332,26878,2048965.0,64.32
NIFTYBEES,EQ,2024-03-21,241.58,243.8,248.85,242.18,243.99,243.99,243.7,2700220,65.8038,18098,1978681.0,73.28
NIFTYBEES,EQ,2024-03-22,243.99,244.78,245.4,242.5,244.54,244.74,244.28,2791975,68.2011,23646,2008670.0,71.94
NIFTYBEES,EQ,2024-03-26,244.74,243.25,246.1,241.75,243.73,243.79,244.05,2081929,50.8096,33120,1622469.0,77.93
NIFTYBEES,EQ,2024-03-27,243.79,247.0,247.0,240.75,245.0,244.96,244.93,2872065,70.345,22398,2429737.0,84.6
NIFTYBEES,EQ,2024-03-28,244.96,246.1,248.69,243.88,247.1,246.96,247.28,6478348,160.1944,31068,3061006.0,47.25
NIFTYBEES,EQ,2024-04-01,246.96,254.35,254.35,246.48,248.49,248.19,248.47,3790598,94.1867,62306,2431288.0,64.14
NIFTYBEES,EQ,2024-04-02,248.19,248.97,249.48,246.65,248.89,248.65,248.39,3149309,78.2246,39933,2638866.0,83.79
NIFTYBEES,EQ,2024-04-03,248.65,248.99,249.48,246.18,248.8,248.59,248.65,3198165,79.5225,31900,2307716.0,72.16
NIFTYBEES,EQ,2024-04-04,248.59,249.59,250.6,247.23,249.77,249.23,248.82,4608393,114.6672,36544,2550674.0,55.35
NIFTYBEES,EQ,2024-04-05,249.23,248.11,250.17,248.1,249.37,249.05,249.07,3465548,86.3151,31630,2604673.0,75.16
NIFTYBEES,EQ,2024-04-08,249.05,250.47,250.95,248.18,250.75,250.75,250.26,3969874,99.3489,42848,2822843.0,71.11
NIFTYBEES,EQ,2024-04-09,250.75,251.8,252.58,250.38,250.71,250.74,251.08,2377677,59.6987,27470,1607394.0,67.6
NIFTYBEES,EQ,2024-04-10,250.74,254.69,254.69,246.2,251.49,251.57,251.23,1965414,49.3772,25525,1210443.0,61.59
NIFTYBEES,EQ,2024-04-12,251.57,251.99,253.1,249.21,250.05,249.56,250.28,4396942,110.0483,51026,3751957.0,85.33
NIFTYBEES,EQ,2024-04-15,249.56,249.48,249.99,245.99,247.08,246.87,247.65,6430760,159.2547,70382,4875080.0,75.81
NIFTYBEES,EQ,2024-04-16,246.87,246.99,246.99,244.65,246.0,245.52,245.48,3797719,93.2265,47391,3014599.0,79.38
NIFTYBEES,EQ,2024-04-18,245.52,252.9,252.9,243.35,244.45,243.94,245.26,5926321,145.3501,47099,4234330.0,71.45
NIFTYBEES,EQ,2024-04-19,243.94,243.48,245.7,241.31,245.56,245.53,243.44,5776197,140.6164,50475,4108416.0,71.13
NIFTYBEES,EQ,2024-04-22,245.53,246.09,247.9,245.68,247.85,247.31,246.82,2726803,67.3043,36440,1833956.0,67.26
NIFTYBEES,EQ,2024-04-23,247.31,249.99,249.99,246.5,247.73,247.82,247.86,3366922,83.45299999999999,26557,2408652.0,71.54
NIFTYBEES,EQ,2024-04-24,247.82,249.75,249.75,247.52,248.1,247.94,248.19,2884108,71.58189999999999,24398,1818014.0,63.04
NIFTYBEES,EQ,2024-04-25,247.94,248.99,249.95,246.28,249.38,249.27,248.64,2917065,72.5293,27501,1786633.0,61.25
NIFTYBEES,EQ,2024-04-26,249.27,248.58,250.88,248.05,248.8,248.44,248.89,2966668,73.8375,30028,2229822.0,75.16
NIFTYBEES,EQ,2024-04-29,248.44,246.3,251.4,246.3,250.25,250.59,249.87,2488639,62.1842,34664,1792967.0,72.05
NIFTYBEES,EQ,2024-04-30,250.59,252.99,252.99,247.01,249.98,250.06,251.04,4222247,105.9953,31208,3206859.0,75.95
NIFTYBEES,EQ,2024-05-02,250.06,250.99,251.3,249.05,250.89,250.84,250.79,2207630,55.3659,46899,1324334.0,59.99
NIFTYBEES,EQ,2024-05-03,250.84,252.57,252.58,247.66,248.8,248.75,249.1,5320196,132.528,67802,3550805.0,66.74
NIFTYBEES,EQ,2024-05-06,248.75,250.99,250.99,248.0,248.5,248.37,248.81,3073791,76.4787,50180,1915676.0,62.32
NIFTYBEES,EQ,2024-05-07,248.37,253.89,253.89,245.25,247.37,247.11,247.16,4133952,102.1768,44382,3304781.0,79.94
NIFTYBEES,EQ,2024-05-08,247.11,249.89,249.89,245.12,247.6,247.24,247.01,3689202,91.1265,30693,2834485.0,76.83
NIFTYBEES,EQ,2024-05-09,247.24,247.87,247.87,243.2,243.79,243.49,244.6,7256780,177.50439999999998,88793,5960910.0,82.14
NIFTYBEES,EQ,2024-05-10,243.49,244.01,245.67,243.08,245.1,244.97,244.77,4616640,113.0009,49051,3786837.0,82.03
NIFTYBEES,EQ,2024-05-13,244.97,252.3,252.3,242.27,245.48,245.16,243.7,5278644,128.6429,56938,3775295.0,71.52
NIFTYBEES,EQ,2024-05-14,245.16,249.89,249.89,243.7,247.0,246.61,246.27,2697896,66.44229999999999,26227,2054782.0,76.16
NIFTYBEES,EQ,2024-05-15,246.61,249.59,249.59,245.0,246.55,246.42,246.39,3575694,88.1015,27792,2894550.0,80.95
NIFTYBEES,EQ,2024-05-16,246.42,247.99,248.5,244.91,248.49,248.18,246.47,5522327,136.1062,38602,3516083.0,63.67
NIFTYBEES,EQ,2024-05-17,248.18,249.99,249.99,247.01,248.85,248.73,248.52,2252484,55.9786,23606,1577637.0,70.04
NIFTYBEES,EQ,2024-05-18,248.73,250.99,255.0,248.01,249.0,249.05,249.1,473819,11.8027,5346,375599.0,79.27
NIFTYBEES,EQ,2024-05-21,249.05,247.48,250.25,247.48,249.4,249.74,249.54,2440079,60.8891,39882,1476894.0,60.53
NIFTYBEES,EQ,2024-05-22,249.74,250.99,250.99,249.29,250.35,250.36,250.06,2004555,50.1251,27894,1391248.0,69.4
NIFTYBEES,EQ,2024-05-23,250.36,251.99,254.74,249.55,254.39,254.29,252.57,4372965,110.448,48144,3366390.0,76.98
NIFTYBEES,EQ,2024-05-24,254.29,254.67,255.71,253.08,254.99,254.98,254.8,3997986,101.8677,33352,2832436.0,70.85
NIFTYBEES,EQ,2024-05-27,254.98,254.18,256.76,254.01,255.02,254.72,255.56,4692320,119.919,43400,3518956.0,74.99
NIFTYBEES,EQ,2024-05-28,254.72,255.57,255.58,254.0,254.05,254.2,254.77,3948285,100.5891,28898,3120078.0,79.02
NIFTYBEES,EQ,2024-05-29,254.2,253.88,253.98,252.1,252.58,252.37,252.82,9056708,228.9748,45525,7450869.0,82.27
NIFTYBEES,EQ,2024-05-30,252.37,253.85,253.85,249.51,251.0,250.35,250.58,11938743,299.1653,54986,10857243.0,90.94
NIFTYBEES,EQ,2024-05-31,250.35,251.67,252.12,250.0,251.25,251.15,251.03,9390922,235.745,41293,7799698.0,83.06
NIFTYBEES,EQ,2024-06-03,251.15,258.7,265.0,252.3,258.3,258.14,257.87,12024096,310.0649,88533,8210017.0,68.28
NIFTYBEES,EQ,2024-06-04,258.14,259.87,260.28,246.5,252.0,250.48,250.16,32496763,812.9303,232259,21692672.0,66.75
NIFTYBEES,EQ,2024-06-05,250.48,253.99,254.35,242.13,250.95,251.3,247.08,12906944,318.9006,117067,7008794.0,54.3
NIFTYBEES,EQ,2024-06-06,251.3,252.99,254.1,250.01,253.3,252.98,252.8,10376673,262.3221,57488,6872857.0,66.23
NIFTYBEES,EQ,2024-06-07,252.98,253.88,258.81,252.19,258.1,258.42,256.16,10360501,265.3934,54718,7374273.0,71.18
NIFTYBEES,EQ,2024-06-10,258.42,259.45,259.62,257.4,257.94,257.94,258.8,6736253,174.332,54548,4445415.0,65.99
NIFTYBEES,EQ,2024-06-11,257.94,258.35,259.62,257.02,258.72,258.8,258.77,5202122,134.6165,38832,3048764.0,58.61
NIFTYBEES,EQ,2024-06-12,258.8,261.99,261.99,257.85,259.42,259.39,259.44,4455590,115.5972,33818,2884003.0,64.73
NIFTYBEES,EQ,2024-06-13,259.39,260.0,260.74,259.28,260.19,260.3,260.03,3390549,88.1651,28743,2297117.0,67.75
NIFTYBEES,EQ,2024-06-14,260.3,260.65,261.0,259.46,260.83,260.65,260.37,3245931,84.5131,31406,2372518.0,73.09
NIFTYBEES,EQ,2024-06-18,260.65,260.68,262.5,260.65,261.6,261.56,261.51,3818320,99.8511,47836,2888463.0,75.65
NIFTYBEES,EQ,2024-06-19,261.56,262.5,262.68,260.11,261.28,261.38,261.56,3672586,96.0603,33316,2426270.0,66.06
NIFTYBEES,EQ,2024-06-20,261.38,261.95,262.35,260.48,261.84,261.72,261.34,3072246,80.2902,25740,2217313.0,72.17
NIFTYBEES,EQ,2024-06-21,261.72,263.99,263.99,260.01,260.92,260.87,261.36,2541648,66.4279,35492,1444921.0,56.85
NIFTYBEES,EQ,2024-06-24,260.87,260.49,261.94,259.1,261.65,261.66,260.88,3509413,91.5534,36380,2325450.0,66.26
NIFTYBEES,EQ,2024-06-25,261.66,262.35,263.9,255.0,263.35,263.59,262.85,3082603,81.0263,30436,2011198.0,65.24
NIFTYBEES,EQ,2024-06-26,263.59,264.78,265.25,262.18,264.9,265.01,264.64,4730569,125.1887,33810,3717975.0,78.59
NIFTYBEES,EQ,2024-06-27,265.01,264.76,267.44,264.4,266.97,266.95,265.98,4384721,116.6259,37409,2750210.0,62.72
NIFTYBEES,EQ,2024-06-28,266.95,267.88,268.5,266.95,267.5,267.48,267.97,3080540,82.55030000000001,35271,2096101.0,68.04
NIFTYBEES,EQ,2024-07-01,267.48,267.99,269.0,267.0,268.45,268.3,268.26,2611003,70.0436,64420,1610556.0,61.68
NIFTYBEES,EQ,2024-07-02,268.3,271.99,271.99,268.05,269.13,269.03,268.87,3063439,82.3657,64095,1958595.0,63.93
NIFTYBEES,EQ,2024-07-03,269.03,269.38,271.38,269.15,270.48,270.23,270.12,2095570,56.6056,41106,1340112.0,63.95
NIFTYBEES,EQ,2024-07-04,270.23,271.49,271.7,270.18,270.73,270.53,270.86,2563485,69.4336,39911,1662341.0,64.85
NIFTYBEES,EQ,2024-07-05,270.53,271.99,271.99,269.31,270.97,270.53,270.15,3971873,107.3013,50731,2797061.0,70.42
NIFTYBEES,EQ,2024-07-08,270.53,270.12,271.45,269.6,270.25,270.04,270.06,2632351,71.0887,52124,1723337.0,65.47
NIFTYBEES,EQ,2024-07-09,270.04,270.19,271.49,269.62,271.35,271.38,270.94,2627020,71.17689999999999,33679,2039952.0,77.65
NIFTYBEES,EQ,2024-07-10,271.38,272.28,272.28,268.61,270.59,270.92,270.2,3795056,102.5421,51583,2667934.0,70.3
NIFTYBEES,EQ,2024-07-11,270.92,274.99,274.99,269.52,270.8,270.75,270.52,1888571,51.0894,35649,1171262.0,62.02
NIFTYBEES,EQ,2024-07-12,270.75,271.59,273.0,270.62,272.0,271.94,272.04,3530285,96.0388,30025,2570626.0,72.82
NIFTYBEES,EQ,2024-07-15,271.94,271.5,273.88,271.5,273.18,273.09,273.17,2427339,66.307,40049,1660169.0,68.39
NIFTYBEES,EQ,2024-07-16,273.09,273.19,274.15,272.4,273.73,273.55,273.68,1824955,49.946000000000005,30199,1156741.0,63.38
NIFTYBEES,EQ,2024-07-18,273.55,274.99,275.82,272.1,275.4,275.51,273.96,3867728,105.9602,46967,2476944.0,64.04
NIFTYBEES,EQ,2024-07-19,275.51,276.48,276.48,273.0,273.61,273.29,273.99,3324928,91.1007,46919,2085268.0,62.72
NIFTYBEES,EQ,2024-07-22,273.29,273.3,273.99,271.11,272.68,272.45,272.75,3006223,81.9958,53285,1735059.0,57.72
NIFTYBEES,EQ,2024-07-23,272.45,272.75,273.5,268.11,272.55,272.64,271.5,4876326,132.394,57933,2734682.0,56.08
NIFTYBEES,EQ,2024-07-24,272.64,272.77,272.78,270.75,272.35,271.89,271.75,2548487,69.255,37408,1443337.0,56.64
NIFTYBEES,EQ,2024-07-25,271.89,270.78,272.3,269.28,272.01,271.92,271.12,2319944,62.8973,32272,1534869.0,66.16
NIFTYBEES,EQ,2024-07-26,271.92,272.3,276.25,271.5,276.0,276.06,274.81,3223740,88.5904,29390,2139427.0,66.36
NIFTYBEES,EQ,2024-07-29,276.06,276.9,278.2,276.1,276.98,276.68,277.12,4617813,127.9673,39201,3286841.0,71.18
NIFTYBEES,EQ,2024-07-30,276.68,268.4,277.96,268.4,276.9,277.1,277.15,2437790,67.5638,26107,1489232.0,61.09
NIFTYBEES,EQ,2024-07-31,277.1,277.2,278.09,276.8,278.0,277.75,277.52,2269854,62.9937,24117,1346561.0,59.32
NIFTYBEES,EQ,2024-08-01,277.75,273.01,279.11,273.01,278.45,278.33,278.46,2168947,60.3969,38985,1512557.0,69.74
NIFTYBEES,EQ,2024-08-02,278.33,276.67,277.28,275.5,275.7,275.69,276.31,4084372,112.8557,61474,3262284.0,79.87
NIFTYBEES,EQ,2024-08-05,275.69,272.99,273.0,266.56,270.6,269.48,269.42,13751283,370.4893,185738,10122860.0,73.61
NIFTYBEES,EQ,2024-08-06,269.48,271.88,272.94,267.2,268.27,267.61,269.31,6302805,169.7381,58145,4749008.0,75.35
NIFTYBEES,EQ,2024-08-07,267.61,269.5,271.44,269.18,271.28,271.1,270.57,3838129,103.8501,30704,2970432.0,77.39
NIFTYBEES,EQ,2024-08-08,271.1,270.75,271.18,268.75,269.18,269.33,269.62,4551976,122.7294,47189,3667498.0,80.57
NIFTYBEES,EQ,2024-08-09,269.33,271.5,272.33,270.81,271.75,271.59,271.63,2441768,66.3269,28115,1219470.0,49.94
NIFTYBEES,EQ,2024-08-12,271.59,271.77,272.8,270.25,271.59,271.44,271.74,2920334,79.3576,47937,1640062.0,56.16
NIFTYBEES,EQ,2024-08-13,271.44,271.87,271.95,269.1,269.9,269.52,270.28,2549565,68.9106,40137,1826566.0,71.64
NIFTYBEES,EQ,2024-08-14,269.52,269.95,270.5,269.1,269.48,269.34,269.52,2010384,54.1831,25660,1486987.0,73.97
NIFTYBEES,EQ,2024-08-16,269.34,271.78,274.14,270.3,274.0,273.81,272.54,3604925,98.2496,35837,2340670.0,64.93
NIFTYBEES,EQ,2024-08-19,273.81,274.39,275.48,273.9,274.5,274.43,274.44,3056786,83.8901,34429,2303659.0,75.36
NIFTYBEES,EQ,2024-08-20,274.43,274.95,276.25,274.38,275.4,275.83,275.82,2983519,82.2919,28181,2269683.0,76.07
NIFTYBEES,EQ,2024-08-21,275.83,275.95,276.34,275.02,276.28,276.12,275.81,2775651,76.5539,24763,2104010.0,75.8
NIFTYBEES,EQ,2024-08-22,276.12,276.99,277.49,276.08,276.42,276.48,276.56,2065644,57.1284,23462,1541748.0,74.64
NIFTYBEES,EQ,2024-08-23,276.48,275.78,277.15,275.78,276.55,276.6,276.63,2028374,56.1101,25311,1492388.0,73.58
NIFTYBEES,EQ,2024-08-26,276.6,278.0,279.11,276.78,278.6,278.84,278.41,5516458,153.5857,39800,4119590.0,74.68
NIFTYBEES,EQ,2024-08-27,278.84,279.15,279.35,278.09,278.69,278.7,278.88,2003702,55.8793,27452,1534324.0,76.57
NIFTYBEES,EQ,2024-08-28,278.7,278.39,280.02,278.3,278.85,278.94,279.37,2895486,80.8898,31686,1994178.0,68.87
NIFTYBEES,EQ,2024-08-29,278.94,280.6,280.6,278.38,280.1,280.1,279.69,3033605,84.84559999999999,25970,2022671.0,66.68
NIFTYBEES,EQ,2024-08-30,280.1,281.37,281.75,279.88,281.3,281.08,281.01,3094823,86.96620000000001,24471,2476323.0,80.02
NIFTYBEES,EQ,2024-09-02,281.08,280.01,283.99,280.01,281.42,281.45,281.54,3219489,90.6416,52119,1892128.0,58.77
NIFTYBEES,EQ,2024-09-03,281.45,281.73,282.2,281.25,281.65,281.72,281.6,1419607,39.9768,33820,964115.0,67.91
NIFTYBEES,EQ,2024-09-04,281.72,281.4,281.5,278.78,281.35,281.28,280.58,3292407,92.3772,46684,2372923.0,72.07
NIFTYBEES,EQ,2024-09-05,281.28,282.0,282.35,280.26,280.45,280.43,280.75,2636615,74.0237,37182,1947110.0,73.85
NIFTYBEES,EQ,2024-09-06,280.43,280.28,280.58,277.2,278.1,277.82,278.2,4557515,126.7878,78279,3451539.0,75.73
NIFTYBEES,EQ,2024-09-09,277.82,277.88,278.44,276.48,277.95,277.68,277.31,4745366,131.596,47177,3411461.0,71.89
NIFTYBEES,EQ,2024-09-10,277.68,278.35,279.96,277.25,279.32,279.2,278.81,1989349,55.4641,30314,1249661.0,62.82
NIFTYBEES,EQ,2024-09-11,279.2,279.58,279.79,277.19,277.82,277.54,278.26,2708614,75.3705,35495,1760526.0,65.0
NIFTYBEES,EQ,2024-09-12,277.54,278.48,283.2,278.26,282.1,282.71,280.49,5102965,143.13209999999998,30363,3185829.0,62.43
NIFTYBEES,EQ,2024-09-13,282.71,283.65,283.75,281.71,283.25,283.19,283.02,3190792,90.3074,28984,2190487.0,68.65
NIFTYBEES,EQ,2024-09-16,283.19,283.5,284.15,283.0,283.4,283.27,283.49,1735697,49.2055,36013,1068277.0,61.55
NIFTYBEES,EQ,2024-09-17,283.27,283.47,284.1,282.83,283.8,283.89,283.66,1608792,45.6344,25743,1255352.0,78.03
NIFTYBEES,EQ,2024-09-18,283.89,284.28,284.52,282.2,283.28,283.36,283.46,3653989,103.5775,32861,2541664.0,69.56
NIFTYBEES,EQ,2024-09-19,283.36,283.38,285.7,283.38,284.24,283.92,284.69,3644271,103.7485,28141,2433798.0,66.78
NIFTYBEES,EQ,2024-09-20,283.92,284.35,287.7,283.75,287.3,287.1,285.95,4783991,136.7977,35172,2515110.0,52.57
NIFTYBEES,EQ,2024-09-23,287.1,288.06,290.1,287.41,289.17,289.34,289.26,10001956,289.3163,41139,7516557.0,75.15
NIFTYBEES,EQ,2024-09-24,289.34,289.77,289.88,288.5,289.4,289.3,289.38,2246891,65.0208,26652,1474365.0,65.62
NIFTYBEES,EQ,2024-09-25,289.3,289.38,290.43,288.51,290.42,290.09,289.47,2051116,59.3737,29142,1355902.0,66.11
NIFTYBEES,EQ,2024-09-26,290.09,290.39,291.91,289.38,291.5,291.55,290.65,12493484,363.1243,31520,10418613.0,83.39
NIFTYBEES,EQ,2024-09-27,291.55,291.95,292.5,291.35,292.24,291.97,292.18,2748665,80.30930000000001,26749,1849483.0,67.29
NIFTYBEES,EQ,2024-09-30,291.97,283.2,293.99,283.2,288.7,288.38,289.12,6402198,185.101,101630,5345208.0,83.49
NIFTYBEES,EQ,2024-10-01,288.38,288.78,289.32,287.5,288.39,288.27,288.24,5076492,146.3251,85705,3702063.0,72.93
NIFTYBEES,EQ,2024-10-03,288.27,286.48,286.97,282.05,282.85,282.69,283.83,14022327,397.9987,192603,11865277.0,84.62
NIFTYBEES,EQ,2024-10-04,282.69,283.19,284.51,279.35,280.7,280.15,281.12,11510706,323.5862,130396,8798594.0,76.44
NIFTYBEES,EQ,2024-10-07,280.15,281.45,281.58,276.08,278.9,278.01,278.19,10673683,296.9277,139103,7895892.0,73.98
NIFTYBEES,EQ,2024-10-08,278.01,278.99,279.85,276.66,279.5,279.4,278.45,6795305,189.2156,68339,5439079.0,80.04
NIFTYBEES,EQ,2024-10-09,279.4,281.99,281.99,278.23,279.9,278.72,280.26,5937406,166.3993,46887,3490148.0,58.78
NIFTYBEES,EQ,2024-10-10,278.72,280.99,280.99,279.0,279.55,279.3,279.81,3029027,84.7546,36233,2146719.0,70.87
NIFTYBEES,EQ,2024-10-11,279.3,282.0,287.7,277.51,278.91,278.72,278.75,2633798,73.4171,39712,1684581.0,63.96
NIFTYBEES,EQ,2024-10-14,278.72,280.99,280.99,278.0,280.97,280.76,280.39,2561956,71.8338,38010,1849244.0,72.18
NIFTYBEES,EQ,2024-10-15,280.76,282.0,282.09,279.33,280.05,279.83,280.02,2761766,77.3356,44356,1997796.0,72.34
NIFTYBEES,EQ,2024-10-16,279.83,281.99,281.99,278.16,278.66,278.5,279.09,3740046,104.3795,39286,2558400.0,68.41
NIFTYBEES,EQ,2024-10-17,278.5,279.24,279.35,276.3,276.89,276.69,276.96,4321550,119.6906,65980,3488380.0,80.72
NIFTYBEES,EQ,2024-10-18,276.69,278.99,278.99,274.5,277.5,277.53,276.57,5554110,153.61180000000002,50788,2834374.0,51.03
NIFTYBEES,EQ,2024-10-21,277.53,279.99,279.99,275.44,276.37,276.47,276.64,3907822,108.1059,48662,2346644.0,60.05
NIFTYBEES,EQ,2024-10-22,276.47,276.28,277.73,273.23,273.67,273.56,274.84,6822604,187.5121,89072,5130931.0,75.2
NIFTYBEES,EQ,2024-10-23,273.56,274.05,274.94,272.39,273.21,273.09,273.74,4257913,116.5557,50561,3039396.0,71.38
NIFTYBEES,EQ,2024-10-24,273.09,273.78,273.78,271.92,272.0,272.12,272.46,4052229,110.4089,47036,2941237.0,72.58
NIFTYBEES,EQ,2024-10-25,272.12,271.8,275.0,269.0,270.74,270.48,270.1,7731361,208.8223,102399,5981826.0,77.37
NIFTYBEES,EQ,2024-10-28,270.48,272.99,273.73,269.8,272.09,271.97,272.09,3506121,95.3992,51781,2155805.0,61.49
NIFTYBEES,EQ,2024-10-29,271.97,272.7,273.8,270.01,273.59,273.59,271.61,3287228,89.2859,44824,2331491.0,70.93
NIFTYBEES,EQ,2024-10-30,273.59,273.98,273.98,271.82,272.46,272.16,272.75,3688258,100.5976,45993,2512622.0,68.12
NIFTYBEES,EQ,2024-10-31,272.16,273.99,273.99,270.4,270.9,270.64,270.89,4258360,115.3535,45952,3028175.0,71.11
NIFTYBEES,EQ,2024-11-01,270.64,271.99,273.5,270.65,272.7,272.37,272.09,1875788,51.038500000000006,48016,1450649.0,77.34
NIFTYBEES,EQ,2024-11-04,272.37,273.99,273.99,266.33,268.54,268.47,267.92,11591641,310.5609,197195,9341950.0,80.59
NIFTYBEES,EQ,2024-11-05,268.47,268.68,271.0,266.71,270.88,270.79,268.72,6535461,175.62080000000003,64262,4662206.0,71.34
NIFTYBEES,EQ,2024-11-06,270.79,272.18,274.4,270.68,274.2,273.91,273.09,5400702,147.49,42800,3899139.0,72.2
NIFTYBEES,EQ,2024-11-07,273.91,274.0,274.39,270.41,270.78,270.7,271.21,6401638,173.6165,59886,4268127.0,66.67
NIFTYBEES,EQ,2024-11-08,270.7,271.18,271.48,269.17,269.7,270.03,270.12,3450036,93.1932,44015,2147582.0,62.25
NIFTYBEES,EQ,2024-11-11,270.03,272.98,272.98,268.43,269.98,269.96,270.43,2992617,80.9301,50901,1874184.0,62.63
NIFTYBEES,EQ,2024-11-12,269.96,272.98,272.99,266.81,267.15,267.18,268.51,5341383,143.4212,68219,4424835.0,82.84
NIFTYBEES,EQ,2024-11-13,267.18,268.98,268.99,263.0,264.43,263.64,264.79,8889949,235.3957,117028,7332699.0,82.48
NIFTYBEES,EQ,2024-11-14,263.64,265.65,265.65,255.75,264.1,263.57,263.69,5120603,135.0242,68914,4191694.0,81.86
NIFTYBEES,EQ,2024-11-18,263.57,264.99,265.08,261.25,262.87,262.47,262.42,8197295,215.112,86715,6316513.0,77.06
NIFTYBEES,EQ,2024-11-19,262.47,264.99,265.99,262.38,263.39,263.07,264.7,4609280,122.0057,42558,3185372.0,69.11
NIFTYBEES,EQ,2024-11-21,263.07,264.95,264.95,260.52,261.5,261.29,261.37,6590027,172.24380000000002,80511,5245043.0,79.59
NIFTYBEES,EQ,2024-11-22,261.29,262.99,267.34,261.06,266.85,266.86,264.57,4698150,124.2969,38910,2310865.0,49.19
NIFTYBEES,EQ,2024-11-25,266.86,270.99,271.8,269.31,271.4,270.73,270.89,5638169,152.7338,50644,3201007.0,56.77
NIFTYBEES,EQ,2024-11-26,270.73,273.99,273.99,269.9,270.65,270.54,270.53,2784763,75.33539999999999,30451,1577761.0,56.66
NIFTYBEES,EQ,2024-11-27,270.54,272.99,272.99,270.0,272.0,271.54,271.38,2965669,80.4836,29913,2133561.0,71.94
NIFTYBEES,EQ,2024-11-28,271.54,273.99,273.99,267.21,268.4,267.68,268.89,7297078,196.2078,72088,5703526.0,78.16
NIFTYBEES,EQ,2024-11-29,267.68,269.99,270.56,267.0,269.9,269.88,269.36,2914887,78.5168,28954,1360061.0,46.66
NIFTYBEES,EQ,2024-12-02,269.88,271.99,271.99,267.5,271.4,271.38,270.17,3658932,98.855,62182,1952208.0,53.35
NIFTYBEES,EQ,2024-12-03,271.38,271.98,273.2,271.22,272.95,272.98,272.55,4476267,122.0,43689,2925343.0,65.35
NIFTYBEES,EQ,2024-12-04,272.98,273.94,274.1,272.1,273.1,273.43,273.44,4346149,118.8413,40866,2443309.0,56.22
NIFTYBEES,EQ,2024-12-05,273.43,273.45,277.53,271.8,276.0,275.92,275.05,9175178,252.3619,57875,4728770.0,51.54
NIFTYBEES,EQ,2024-12-06,275.92,277.99,277.99,275.04,275.94,275.88,275.92,2961505,81.7132,37979,1742080.0,58.82
NIFTYBEES,EQ,2024-12-09,275.88,276.99,276.99,274.69,275.19,275.14,275.27,2967859,81.6955,50135,1681728.0,56.66
NIFTYBEES,EQ,2024-12-10,275.14,276.78,276.78,274.11,274.9,274.68,274.87,3415307,93.8762,34891,2148557.0,62.91
NIFTYBEES,EQ,2024-12-11,274.68,275.99,275.99,273.01,274.99,274.97,275.13,2833637,77.9628,24924,2187065.0,77.18
NIFTYBEES,EQ,2024-12-12,274.97,275.99,276.24,273.01,274.24,274.1,274.52,1908359,52.3888,30973,1316967.0,69.01
NIFTYBEES,EQ,2024-12-13,274.1,274.88,276.39,269.9,276.21,276.08,273.34,7700562,210.4845,65192,4620405.0,60.0
NIFTYBEES,EQ,2024-12-16,276.08,276.89,276.89,274.8,275.48,275.48,275.47,2865850,78.9454,42944,1764222.0,61.56
NIFTYBEES,EQ,2024-12-17,275.48,275.89,275.89,271.8,272.15,272.22,272.92,6074128,165.7733,81662,4424178.0,72.84
NIFTYBEES,EQ,2024-12-18,272.22,271.61,272.99,270.15,270.83,270.7,271.03,3250492,88.0995,45827,1965409.0,60.46
NIFTYBEES,EQ,2024-12-19,270.7,269.99,276.42,266.22,268.5,268.39,267.98,5761931,154.408,73374,4430227.0,76.89
NIFTYBEES,EQ,2024-12-20,268.39,267.11,269.32,263.7,266.0,264.15,265.86,8707518,231.4962,118468,6721137.0,77.19
NIFTYBEES,EQ,2024-12-23,264.15,266.99,269.0,264.55,265.95,265.66,265.65,3259504,86.58959999999999,46630,1970409.0,60.45
NIFTYBEES,EQ,2024-12-24,265.66,264.62,266.88,264.62,265.62,265.49,265.94,2225487,59.184,30885,1423096.0,63.95
NIFTYBEES,EQ,2024-12-26,265.49,257.55,269.85,257.55,265.84,265.67,265.74,2230343,59.2692,36128,1555902.0,69.76
NIFTYBEES,EQ,2024-12-27,265.67,265.05,267.5,265.05,266.68,266.39,266.72,1920316,51.2187,28715,1062123.0,55.31
NIFTYBEES,EQ,2024-12-30,266.39,267.77,267.77,263.95,264.89,264.37,265.31,3231585,85.738,53436,2179266.0,67.44
NIFTYBEES,EQ,2024-12-31,264.37,262.7,265.0,262.51,265.0,264.47,263.72,3333212,87.9032,43252,2336058.0,70.08
NIFTYBEES,EQ,2025-01-01,264.47,264.47,266.28,263.5,266.15,265.59,265.02,2402521,63.6713,64747,1184994.0,49.32
NIFTYBEES,EQ,2025-01-02,265.59,266.99,270.23,265.2,269.9,269.89,268.2,4665341,125.1261,54578,2725872.0,58.43
NIFTYBEES,EQ,2025-01-03,269.89,270.0,270.99,268.06,268.85,268.41,268.89,5421954,145.7921,51619,3861498.0,71.22
NIFTYBEES,EQ,2025-01-06,268.41,268.05,269.6,263.61,265.0,264.48,265.46,8357958,221.8717,107187,5915942.0,70.78
NIFTYBEES,EQ,2025-01-07,264.48,266.25,266.25,263.71,265.69,265.16,265.33,3881642,102.9902,40039,2718434.0,70.03
NIFTYBEES,EQ,2025-01-08,265.16,265.95,266.04,262.8,264.91,264.92,263.97,5056466,133.47799999999998,55581,3304391.0,65.35
NIFTYBEES,EQ,2025-01-09,264.92,264.75,265.5,262.9,263.5,263.15,263.48,3929443,103.5317,60867,2941730.0,74.86
NIFTYBEES,EQ,2025-01-10,263.15,263.25,263.87,261.15,263.24,262.22,262.48,4496919,118.0343,70285,2943953.0,65.47
NIFTYBEES,EQ,2025-01-13,262.22,261.5,261.9,258.01,258.74,258.4,259.36,11388279,295.3663,138966,8725680.0,76.62
NIFTYBEES,EQ,2025-01-14,258.4,260.95,260.95,258.45,259.65,259.26,259.34,4342336,112.6134,55626,3050330.0,70.25
NIFTYBEES,EQ,2025-01-15,259.26,260.25,260.48,258.77,259.71,259.58,259.58,3630304,94.2347,48377,2382378.0,65.62
NIFTYBEES,EQ,2025-01-16,259.58,260.95,261.7,260.01,261.0,260.72,260.74,3410394,88.92399999999999,39743,2519420.0,73.87
NIFTYBEES,EQ,2025-01-17,260.72,260.8,260.8,258.6,259.93,259.77,259.59,3351166,86.9937,52111,2226668.0,66.44
NIFTYBEES,EQ,2025-01-20,259.77,259.77,261.88,259.41,261.28,261.29,260.8,4871545,127.0493,49956,3822332.0,78.46
NIFTYBEES,EQ,2025-01-21,261.29,262.29,262.47,257.34,258.27,257.91,259.12,8501767,220.2995,85436,5163953.0,60.74
NIFTYBEES,EQ,2025-01-22,257.91,259.8,259.8,257.18,259.09,258.85,258.18,5660999,146.1532,45223,3505704.0,61.93
NIFTYBEES,EQ,2025-01-23,258.85,259.0,260.32,257.68,259.59,259.51,259.7,3506635,91.0668,37429,1945774.0,55.49
NIFTYBEES,EQ,2025-01-24,259.51,260.3,260.95,257.7,258.35,258.19,259.24,5458441,141.5062,55866,3679241.0,67.4
NIFTYBEES,EQ,2025-01-27,258.19,257.49,257.68,255.14,256.0,255.69,256.07,10984113,281.2661,117090,8089774.0,73.65
NIFTYBEES,EQ,2025-01-28,255.69,257.0,259.14,255.95,257.44,257.33,257.3,6575668,169.1932,49809,4494980.0,68.36
NIFTYBEES,EQ,2025-01-29,257.33,258.5,259.5,257.2,259.5,259.38,258.61,4481256,115.8877,44056,2745356.0,61.26
NIFTYBEES,EQ,2025-01-30,259.38,259.05,260.98,259.0,260.7,260.22,260.18,6330889,164.71919999999997,44784,4279909.0,67.6
NIFTYBEES,EQ,2025-01-31,260.22,261.0,263.17,259.7,262.95,263.0,262.2,5527550,144.9307,42563,3358259.0,60.75
NIFTYBEES,EQ,2025-02-01,263.0,261.01,264.7,261.0,262.35,262.13,262.76,9097872,239.0546,56724,3671504.0,40.36
NIFTYBEES,EQ,2025-02-03,262.13,261.65,261.65,260.0,261.5,261.47,260.83,4023172,104.9347,68316,2435682.0,60.54
NIFTYBEES,EQ,2025-02-04,261.47,263.0,265.22,261.49,265.2,265.05,263.35,7392693,194.6891,43964,4149695.0,56.13
NIFTYBEES,EQ,2025-02-05,265.05,265.95,265.95,265.0,265.2,265.25,265.47,3446888,91.5052,43715,2242028.0,65.04
NIFTYBEES,EQ,2025-02-06,265.25,265.2,267.99,263.85,264.58,264.37,264.39,3291441,87.0241,38382,1866753.0,56.72
NIFTYBEES,EQ,2025-02-07,264.37,265.5,265.5,262.6,263.85,263.75,264.04,4565941,120.5607,44293,2118844.0,46.41
NIFTYBEES,EQ,2025-02-10,263.75,265.99,265.99,261.2,262.1,261.9,262.04,6225361,163.1299,68728,4495046.0,72.21
NIFTYBEES,EQ,2025-02-11,261.9,262.99,262.99,257.52,258.8,258.55,259.54,9321702,241.9387,78309,5934827.0,63.67
NIFTYBEES,EQ,2025-02-12,258.55,259.75,259.75,255.6,258.57,258.27,257.55,7929756,204.2324,69170,4915833.0,61.99
NIFTYBEES,EQ,2025-02-13,258.27,259.99,260.49,257.73,258.15,258.17,259.23,5078676,131.6564,40426,3341218.0,65.79
NIFTYBEES,EQ,2025-02-14,258.17,259.99,259.99,255.35,256.91,256.95,256.68,7111034,182.5281,76657,4675430.0,65.75
NIFTYBEES,EQ,2025-02-17,256.95,257.95,257.95,255.01,257.33,257.11,256.24,7379260,189.0891,71041,4009162.0,54.33
NIFTYBEES,EQ,2025-02-18,257.11,256.28,257.7,255.4,256.75,256.84,256.36,3917336,100.4237,45474,2001780.0,51.1
NIFTYBEES,EQ,2025-02-19,256.84,257.99,258.44,255.62,257.0,256.89,257.17,5189115,133.4474,39949,2989180.0,57.6
NIFTYBEES,EQ,2025-02-20,256.89,257.99,257.99,255.75,256.89,256.85,256.62,4075280,104.5782,34757,2873020.0,70.5
NIFTYBEES,EQ,2025-02-21,256.85,257.99,257.99,254.8,255.35,255.53,255.52,6288816,160.6932,68563,4246951.0,67.53
NIFTYBEES,EQ,2025-02-24,255.53,255.2,255.2,252.5,252.89,252.87,253.15,9201091,232.928,117245,7215123.0,78.42
NIFTYBEES,EQ,2025-02-25,252.87,252.98,253.58,252.31,252.75,252.75,252.98,3549369,89.7916,40346,1953448.0,55.04
NIFTYBEES,EQ,2025-02-27,252.75,253.8,253.8,252.06,252.58,252.56,252.57,3567646,90.1086,44268,2480601.0,69.53
NIFTYBEES,EQ,2025-02-28,252.56,252.95,252.95,248.08,249.13,248.45,249.17,19632154,489.1659,159877,17178576.0,87.5
NIFTYBEES,EQ,2025-03-03,248.45,255.9,255.9,246.64,248.33,248.05,247.83,8303131,205.7781,111826,6190369.0,74.55
NIFTYBEES,EQ,2025-03-04,248.05,247.74,247.78,246.08,247.49,247.49,247.33,7023813,173.7168,56918,5767581.0,82.11
NIFTYBEES,EQ,2025-03-05,247.49,248.7,251.0,246.3,251.0,250.48,249.64,7030334,175.50419999999997,55335,5085444.0,72.34
NIFTYBEES,EQ,2025-03-06,250.48,252.9,252.9,249.43,252.68,252.75,251.31,7479954,187.9761,47810,4759526.0,63.63
NIFTYBEES,EQ,2025-03-07,252.75,252.7,253.74,251.7,252.99,252.84,252.91,4241305,107.2664,42288,2167035.0,51.09
NIFTYBEES,EQ,2025-03-10,252.84,252.0,254.95,251.4,251.68,251.75,252.96,5408616,136.8145,61920,2757164.0,50.98
NIFTYBEES,EQ,2025-03-11,251.75,251.99,252.4,249.91,252.3,252.08,251.34,4474243,112.4538,37033,2456824.0,54.91
NIFTYBEES,EQ,2025-03-12,252.08,253.99,253.99,250.35,251.65,251.74,251.45,3851048,96.835,44180,2014658.0,52.31
NIFTYBEES,EQ,2025-03-13,251.74,252.9,252.9,250.8,251.1,251.06,251.77,3161426,79.5937,34328,1943687.0,61.48
NIFTYBEES,EQ,2025-03-17,251.06,251.06,253.0,250.1,252.25,252.18,252.15,3872869,97.6541,51763,1754047.0,45.29
NIFTYBEES,EQ,2025-03-18,252.18,254.89,256.0,252.66,255.62,255.82,254.87,7134763,181.842,41666,4392514.0,61.56
NIFTYBEES,EQ,2025-03-19,255.82,256.8,256.94,255.48,256.79,256.7,256.54,3869286,99.2611,31868,2275863.0,58.82
NIFTYBEES,EQ,2025-03-20,256.7,258.99,259.6,256.7,259.3,259.32,258.44,8219907,212.4339,44346,4886384.0,59.45
NIFTYBEES,EQ,2025-03-21,259.32,260.0,261.59,258.58,261.27,261.09,260.81,9249804,241.2438,45808,5783308.0,62.52
NIFTYBEES,EQ,2025-03-24,261.09,261.62,265.31,261.01,265.19,264.9,263.85,9310805,245.6662,60287,6101146.0,65.53
NIFTYBEES,EQ,2025-03-25,264.9,266.5,266.82,256.95,264.4,264.73,265.37,12909271,342.5759,47780,9064093.0,70.21
NIFTYBEES,EQ,2025-03-26,264.73,264.1,265.5,262.52,262.91,262.9,263.92,5258667,138.7848,40326,3277031.0,62.32
NIFTYBEES,EQ,2025-03-27,262.9,263.28,264.27,262.1,263.91,263.73,263.69,3874025,102.1542,32761,2568036.0,66.29
NIFTYBEES,EQ,2025-03-28,263.73,263.53,264.48,262.51,263.15,263.21,263.33,8641606,227.5586,41855,6138511.0,71.03
NIFTYBEES,EQ,2025-04-01,263.21,262.38,263.67,259.38,259.68,259.6,260.65,12629562,329.18690000000004,91053,7793718.0,61.71
NIFTYBEES,EQ,2025-04-02,259.6,260.7,261.85,259.11,261.6,261.64,261.01,9509451,248.2038,47021,7933541.0,83.43
NIFTYBEES,EQ,2025-04-03,261.64,260.9,261.1,259.03,261.02,260.46,260.55,6186200,161.1816,45317,3786347.0,61.21
NIFTYBEES,EQ,2025-04-04,260.46,260.48,260.58,256.48,258.0,257.16,257.45,9233464,237.7192,81570,7249281.0,78.51
NIFTYBEES,EQ,2025-04-07,257.16,264.85,264.85,231.3,249.8,249.1,247.52,34654934,857.7647000000001,320667,25238828.0,72.83
NIFTYBEES,EQ,2025-04-08,249.1,256.55,256.55,249.76,253.0,252.72,252.24,9860513,248.7179,73920,5769608.0,58.51
NIFTYBEES,EQ,2025-04-09,252.72,251.72,252.68,250.62,251.45,251.03,251.16,7144236,179.4362,53690,5168003.0,72.34
NIFTYBEES,EQ,2025-04-11,251.03,255.99,256.9,251.23,256.28,255.97,255.82,10802170,276.3362,62826,6720390.0,62.21
NIFTYBEES,EQ,2025-04-15,255.97,260.0,262.88,258.3,261.35,260.87,260.8,6445385,168.09709999999998,65516,3969963.0,61.59
NIFTYBEES,EQ,2025-04-16,260.87,263.99,263.99,260.03,262.1,261.91,261.04,8312168,216.9839,38763,5957021.0,71.67
NIFTYBEES,EQ,2025-04-17,261.91,262.94,266.79,260.6,266.36,266.54,264.66,9818354,259.8508,45468,6909715.0,70.38
NIFTYBEES,EQ,2025-04-21,266.54,265.3,270.48,265.01,269.7,269.7,269.38,10057258,270.9272,84985,7291551.0,72.5
NIFTYBEES,EQ,2025-04-22,269.7,270.11,270.95,269.0,270.0,270.05,270.24,6182402,167.07080000000002,38422,4157441.0,67.25
NIFTYBEES,EQ,2025-04-23,270.05,272.89,272.89,269.5,271.8,271.82,271.3,9502368,257.8013,40588,5543008.0,58.33
NIFTYBEES,EQ,2025-04-24,271.82,271.78,272.09,270.68,270.9,270.95,271.23,5049194,136.9482,38797,3484863.0,69.02
NIFTYBEES,EQ,2025-04-25,270.95,271.85,272.3,266.71,268.19,268.63,268.94,8630692,232.1171,60009,4912950.0,56.92
NIFTYBEES,EQ,2025-04-28,268.63,269.89,272.3,268.0,271.91,271.9,271.11,7676436,208.1193,52628,5799770.0,75.55
NIFTYBEES,EQ,2025-04-29,271.9,273.89,273.89,270.9,271.78,271.91,272.18,12194908,331.9206,28956,9185830.0,75.33
NIFTYBEES,EQ,2025-04-30,271.91,277.09,277.09,271.03,271.33,271.99,271.97,6133729,166.8219,43118,4648438.0,75.78
NIFTYBEES,EQ,2025-05-02,271.99,274.0,275.12,270.88,272.1,272.05,272.86,10948874,298.7502,75106,5353986.0,48.9
NIFTYBEES,EQ,2025-05-05,272.05,272.05,274.55,271.31,274.2,274.39,274.04,13220110,362.2881,67975,9931224.0,75.12
NIFTYBEES,EQ,2025-05-06,274.39,274.9,274.9,272.17,272.2,272.6,273.11,4417654,120.6494,61448,3198685.0,72.41
NIFTYBEES,EQ,2025-05-07,272.6,271.9,273.59,269.39,272.9,272.79,272.57,7015340,191.2167,45383,3975245.0,56.67
NIFTYBEES,EQ,2025-05-08,272.79,273.7,273.7,270.0,270.27,271.04,271.88,6301204,171.3168,34604,4068572.0,64.57
NIFTYBEES,EQ,2025-05-09,271.04,269.5,270.09,266.16,268.75,268.49,268.73,7725810,207.6179,77366,4429057.0,57.33
NIFTYBEES,EQ,2025-05-12,268.49,272.49,279.49,270.89,279.1,278.94,276.89,9655176,267.3428,71749,5632194.0,58.33
NIFTYBEES,EQ,2025-05-13,278.94,278.75,281.25,275.3,275.81,275.65,276.47,9587074,265.0566,58422,6618554.0,69.04
NIFTYBEES,EQ,2025-05-14,275.65,276.9,277.27,274.7,276.8,276.57,276.27,5442213,150.35219999999998,39669,3464457.0,63.66
NIFTYBEES,EQ,2025-05-15,276.57,276.9,280.76,274.7,279.34,280.17,278.08,11353337,315.718,60299,5093336.0,44.86
NIFTYBEES,EQ,2025-05-16,280.17,280.99,280.99,278.38,280.2,280.21,280.1,4485107,125.6261,44531,2708503.0,60.39
NIFTYBEES,EQ,2025-05-19,280.21,280.05,281.34,279.0,279.78,279.21,279.93,4289298,120.0695,52998,2815683.0,65.64
NIFTYBEES,EQ,2025-05-20,279.21,280.89,280.89,276.62,277.01,276.89,278.1,5683232,158.0494,58217,3974759.0,69.94
NIFTYBEES,EQ,2025-05-21,276.89,276.89,279.14,276.4,277.5,277.55,277.73,4584056,127.3143,36668,2118241.0,46.21
NIFTYBEES,EQ,2025-05-22,277.55,277.9,277.9,274.37,276.22,275.91,275.41,9101780,250.6718,66056,5777792.0,63.48
NIFTYBEES,EQ,2025-05-23,275.91,282.0,284.19,274.98,278.4,278.37,277.94,5480146,152.3132,33318,3252990.0,59.36
NIFTYBEES,EQ,2025-05-26,278.37,276.51,280.95,276.51,279.7,279.89,279.94,8040183,225.0797,55023,5738839.0,71.38
NIFTYBEES,EQ,2025-05-27,279.89,279.89,280.89,276.9,278.3,278.25,278.35,10251014,285.3326,72684,4062211.0,39.63
NIFTYBEES,EQ,2025-05-28,278.25,278.0,279.99,277.12,277.75,277.69,277.73,4966659,137.9392,38301,3255112.0,65.54
NIFTYBEES,EQ,2025-05-29,277.69,278.78,279.09,277.02,279.04,278.54,278.09,4632027,128.8119,32609,2044278.0,44.13
NIFTYBEES,EQ,2025-05-30,278.54,279.89,279.89,277.71,278.0,277.97,278.3,3521102,97.9911,35179,1681256.0,47.75
NIFTYBEES,EQ,2025-06-02,277.97,276.0,278.38,275.0,277.52,277.6,276.68,5733152,158.6243,77354,3095402.0,53.99
NIFTYBEES,EQ,2025-06-03,277.6,278.0,278.6,275.41,275.75,275.77,276.51,7575648,209.4766,69906,3970357.0,52.41
NIFTYBEES,EQ,2025-06-04,275.77,276.5,276.89,275.15,276.58,276.46,276.31,2785742,76.97399999999999,31476,1822256.0,65.41
NIFTYBEES,EQ,2025-06-05,276.46,277.9,279.34,276.37,277.97,278.05,277.95,7273297,202.1642,41518,3896358.0,53.57
NIFTYBEES,EQ,2025-06-06,278.05,278.9,280.85,277.0,280.45,280.5,279.52,11945116,333.8937,50831,8673498.0,72.61
NIFTYBEES,EQ,2025-06-09,280.5,281.05,282.89,281.05,281.35,281.35,281.49,4288088,120.7065,53535,2895191.0,67.52
NIFTYBEES,EQ,2025-06-10,281.35,282.2,282.8,281.0,281.25,281.39,281.67,4557302,128.3666,41524,2963404.0,65.03
NIFTYBEES,EQ,2025-06-11,281.39,281.75,282.8,280.5,281.76,281.87,282.15,5246351,148.0256,35002,2927182.0,55.79
NIFTYBEES,EQ,2025-06-12,281.87,282.0,282.75,278.43,278.9,278.95,279.78,7646410,213.9283,63407,4377840.0,57.25
NIFTYBEES,EQ,2025-06-13,278.95,276.0,277.5,274.08,277.28,277.1,276.57,6491577,179.53799999999998,67544,3926425.0,60.48
NIFTYBEES,EQ,2025-06-16,277.1,279.39,279.97,276.01,279.5,279.7,278.69,5287546,147.3605,53899,2632218.0,49.78
NIFTYBEES,EQ,2025-06-17,279.7,281.49,281.49,278.21,278.55,278.59,278.74,7113968,198.2973,39523,5519911.0,77.59
NIFTYBEES,EQ,2025-06-18,278.59,279.89,279.89,277.38,278.32,278.24,278.55,3200952,89.1626,28557,1812183.0,56.61
NIFTYBEES,EQ,2025-06-19,278.24,278.5,279.89,271.28,277.82,277.91,278.14,4330677,120.4541,31327,2862624.0,66.1
NIFTYBEES,EQ,2025-06-20,277.91,276.51,281.8,276.49,281.5,281.5,280.67,11399466,319.9488,38308,8066858.0,70.77
NIFTYBEES,EQ,2025-06-23,281.5,280.9,281.53,278.5,280.95,280.86,280.18,8963571,251.1434,56958,5108706.0,56.99
NIFTYBEES,EQ,2025-06-24,280.86,283.9,284.24,281.17,281.78,281.43,282.79,10219161,288.9855,47105,4519459.0,44.23
NIFTYBEES,EQ,2025-06-25,281.43,282.0,283.78,281.71,283.4,283.41,283.13,3346093,94.7372,34446,1836535.0,54.89
NIFTYBEES,EQ,2025-06-26,283.41,283.4,286.58,282.11,286.4,286.39,285.28,10212702,291.3455,47378,7550747.0,73.93
NIFTYBEES,EQ,2025-06-27,286.39,287.0,288.28,286.44,288.0,287.96,287.62,5139824,147.83010000000002,36396,3063833.0,59.61
NIFTYBEES,EQ,2025-06-30,287.96,287.8,289.39,286.11,286.5,286.51,287.12,7928260,227.6392,65020,4607549.0,58.12
NIFTYBEES,EQ,2025-07-01,286.51,287.88,287.89,286.31,286.89,286.84,286.9,5355172,153.6423,43275,4118233.0,76.9
NIFTYBEES,EQ,2025-07-02,286.84,287.89,287.89,285.2,285.89,285.78,286.22,5669639,162.276,46004,3808210.0,67.17
NIFTYBEES,EQ,2025-07-03,285.78,286.89,287.26,285.16,285.78,285.39,286.42,9806621,280.8851,37704,6785210.0,69.19
NIFTYBEES,EQ,2025-07-04,285.39,287.89,287.89,283.01,286.45,286.11,285.52,4468132,127.576,72948,2965938.0,66.38
NIFTYBEES,EQ,2025-07-07,286.11,287.79,287.79,284.01,286.22,286.07,286.05,5191711,148.50879999999998,61133,3419805.0,65.87
NIFTYBEES,EQ,2025-07-08,286.07,285.9,287.19,285.3,287.16,286.91,286.42,2720142,77.9099,33979,1555871.0,57.2
NIFTYBEES,EQ,2025-07-09,286.91,286.11,287.69,286.0,286.45,286.5,286.8,2084278,59.7763,34600,1172177.0,56.24
NIFTYBEES,EQ,2025-07-10,286.5,285.3,287.69,285.0,285.32,285.16,285.49,4543938,129.7241,53618,3051899.0,67.16
NIFTYBEES,EQ,2025-07-11,285.16,285.39,285.39,282.5,283.3,283.11,283.65,5335789,151.3493,65841,4086707.0,76.59
NIFTYBEES,EQ,2025-07-14,283.11,284.39,284.39,281.69,282.9,282.71,282.35,3884074,109.6684,56549,2760310.0,71.07
NIFTYBEES,EQ,2025-07-15,282.71,283.49,284.38,282.1,284.0,283.69,283.56,5581909,158.2807,36546,3617638.0,64.81
NIFTYBEES,EQ,2025-07-16,283.69,283.8,284.39,282.8,283.65,283.64,283.38,3091019,87.59450000000001,30870,1599041.0,51.73
NIFTYBEES,EQ,2025-07-17,283.64,284.99,284.99,282.61,282.94,282.83,283.3,3832375,108.5725,32505,2302832.0,60.09
NIFTYBEES,EQ,2025-07-18,282.83,283.5,283.69,281.0,281.66,281.43,281.59,4485164,126.2964,59105,3104293.0,69.21
NIFTYBEES,EQ,2025-07-21,281.43,282.79,282.79,280.35,282.5,282.26,281.9,3913052,110.3109,51517,2653346.0,67.81
NIFTYBEES,EQ,2025-07-22,282.26,283.89,283.89,281.3,282.05,282.07,282.25,3289296,92.8393,31877,2331482.0,70.88
NIFTYBEES,EQ,2025-07-23,282.07,283.69,283.7,281.3,283.5,283.53,283.14,3432968,97.2022,27801,2705091.0,78.8
NIFTYBEES,EQ,2025-07-24,283.53,284.49,284.49,281.54,282.34,282.1,282.49,3352354,94.6996,37867,2275552.0,67.88
NIFTYBEES,EQ,2025-07-25,282.1,282.1,282.19,279.85,280.0,280.03,280.32,5504460,154.299,72043,4141169.0,75.23
NIFTYBEES,EQ,2025-07-28,280.03,280.49,280.62,278.13,278.74,278.49,279.2,3570644,99.6936,68240,2450663.0,68.63
NIFTYBEES,EQ,2025-07-29,278.49,286.84,286.84,277.41,280.0,280.09,278.98,3694965,103.0825,37748,2165973.0,58.62
NIFTYBEES,EQ,2025-07-30,280.09,281.89,281.89,278.46,280.24,280.13,280.14,3042854,85.2433,32508,1392754.0,45.77
NIFTYBEES,EQ,2025-07-31,280.13,279.9,281.39,277.33,279.13,279.26,279.58,6228908,174.148,51821,3549662.0,56.99
NIFTYBEES,EQ,2025-08-01,279.26,280.99,280.99,277.03,277.46,277.35,278.2,4744556,131.99370000000002,66609,3100204.0,65.34
NIFTYBEES,EQ,2025-08-04,277.35,278.81,279.02,276.98,279.0,278.85,278.1,3105481,86.36489999999999,60064,1671229.0,53.82
NIFTYBEES,EQ,2025-08-05,278.85,279.39,279.89,277.6,278.29,278.14,277.99,3012419,83.7426,52062,1962830.0,65.16
NIFTYBEES,EQ,2025-08-06,278.14,278.89,278.89,277.01,277.4,277.31,277.55,2331607,64.71340000000001,39742,1303112.0,55.89
NIFTYBEES,EQ,2025-08-07,277.31,275.51,277.99,274.8,277.8,277.29,275.93,7435680,205.1756,77712,5468458.0,73.54
NIFTYBEES,EQ,2025-08-08,277.29,277.89,277.89,274.8,275.48,275.14,275.82,4493882,123.9502,63660,3312108.0,73.7
NIFTYBEES,EQ,2025-08-11,275.14,277.0,277.49,274.5,277.1,277.29,276.07,2929821,80.8839,53065,1613288.0,55.06
NIFTYBEES,EQ,2025-08-12,277.29,277.89,278.7,276.18,276.7,276.54,277.64,3767553,104.6038,31627,2242906.0,59.53
NIFTYBEES,EQ,2025-08-13,276.54,278.89,278.89,277.01,278.0,278.02,277.82,2084764,57.9196,27417,1403610.0,67.33
NIFTYBEES,EQ,2025-08-14,278.02,278.89,278.89,275.01,278.21,278.23,278.23,2919674,81.2343,30489,1829838.0,62.67
NIFTYBEES,EQ,2025-08-18,278.23,280.11,282.43,279.78,281.12,281.07,281.53,5916142,166.5595,52018,3574523.0,60.42
NIFTYBEES,EQ,2025-08-19,281.07,281.89,282.22,280.58,282.09,281.96,281.65,3740523,105.3527,30200,2683293.0,71.74
NIFTYBEES,EQ,2025-08-20,281.96,282.48,282.85,281.02,282.52,282.52,282.28,2775361,78.3432,35149,1841776.0,66.36
NIFTYBEES,EQ,2025-08-21,282.52,284.99,284.99,282.55,282.96,283.06,283.18,2667789,75.5461,30039,1816706.0,68.1
NIFTYBEES,EQ,2025-08-22,283.06,283.06,283.48,280.59,280.88,280.75,281.26,3705971,104.2341,44776,2619577.0,70.69
NIFTYBEES,EQ,2025-08-25,280.75,280.01,282.29,272.33,281.84,281.68,281.68,2044353,57.5857,36174,1219317.0,59.64
NIFTYBEES,EQ,2025-08-26,281.68,281.99,281.99,278.8,279.22,279.05,279.66,4753080,132.9257,52490,3080699.0,64.81
NIFTYBEES,EQ,2025-08-28,279.05,279.79,279.79,276.65,277.1,276.93,277.36,7638066,211.8492,77999,4576756.0,59.92
NIFTYBEES,EQ,2025-08-29,276.93,276.93,277.79,275.55,276.3,276.06,276.9,4233350,117.2224,41673,3319318.0,78.41
NIFTYBEES,EQ,2025-09-01,276.06,276.89,278.25,275.68,278.24,278.18,277.57,2806125,77.8889,51856,2043910.0,72.84
NIFTYBEES,EQ,2025-09-02,278.18,277.62,279.5,277.0,277.5,277.68,278.44,3594728,100.092,56947,1959405.0,54.51
NIFTYBEES,EQ,2025-09-03,277.68,278.69,279.2,277.01,278.84,278.94,277.99,4662312,129.6099,43289,2595908.0,55.68
NIFTYBEES,EQ,2025-09-04,278.94,282.0,282.38,277.25,279.61,279.32,280.28,3947984,110.6539,36675,2065127.0,52.31
NIFTYBEES,EQ,2025-09-05,279.32,279.8,280.74,278.2,279.6,279.6,279.12,3725303,103.9806,38606,1533456.0,41.16
NIFTYBEES,EQ,2025-09-08,279.6,281.2,281.2,279.45,280.24,279.99,280.24,5102190,142.982,56299,2909481.0,57.02
NIFTYBEES,EQ,2025-09-09,279.99,280.84,281.99,279.76,280.72,280.54,280.49,3612790,101.3369,31718,2380243.0,65.88
NIFTYBEES,EQ,2025-09-10,280.54,283.99,283.99,281.18,282.1,281.84,281.92,5057073,142.57139999999998,40568,2773182.0,54.84
NIFTYBEES,EQ,2025-09-11,281.84,281.9,282.77,281.14,282.68,282.53,282.27,3697227,104.36,33319,2914104.0,78.82
NIFTYBEES,EQ,2025-09-12,282.53,283.58,283.9,282.7,283.45,283.51,283.35,4540757,128.6635,34375,3020897.0,66.53
NIFTYBEES,EQ,2025-09-15,283.51,282.01,284.39,282.01,283.3,283.12,283.26,4123724,116.8094,48904,2960528.0,71.79
NIFTYBEES,EQ,2025-09-16,283.12,283.64,285.1,282.81,285.06,284.89,284.42,4540948,129.1552,29364,3304626.0,72.77
NIFTYBEES,EQ,2025-09-17,284.89,285.76,286.19,284.88,286.05,285.98,285.86,3838093,109.7172,30701,2404900.0,62.66
NIFTYBEES,EQ,2025-09-18,285.98,286.98,287.54,285.01,286.6,286.7,286.6,4222056,121.0042,29488,2920845.0,69.18
NIFTYBEES,EQ,2025-09-19,286.7,295.3,295.3,285.3,286.0,285.9,285.76,3726008,106.4761,38306,2502126.0,67.15
NIFTYBEES,EQ,2025-09-22,285.9,285.48,285.79,284.11,284.45,284.49,285.12,3043743,86.7835,45691,1944350.0,63.88
NIFTYBEES,EQ,2025-09-23,284.49,285.39,285.39,283.01,284.55,284.35,284.14,4375351,124.3192,34315,2478458.0,56.65
NIFTYBEES,EQ,2025-09-24,284.35,282.01,284.81,282.01,282.95,282.88,283.22,4265674,120.8103,39355,2779090.0,65.15
NIFTYBEES,EQ,2025-09-25,282.88,283.69,283.69,281.01,281.37,281.24,282.0,3036126,85.6197,39339,1869299.0,61.57
NIFTYBEES,EQ,2025-09-26,281.24,281.69,281.69,278.49,278.89,278.74,279.37,5597250,156.3726,58738,4461285.0,79.7
NIFTYBEES,EQ,2025-09-29,278.74,279.99,280.25,278.19,279.26,278.54,279.11,4201038,117.2541,47426,2617820.0,62.31
NIFTYBEES,EQ,2025-09-30,278.54,279.99,279.99,277.25,277.9,277.52,277.95,9051079,251.5777,60063,7801477.0,86.19
NIFTYBEES,EQ,2025-10-01,277.52,276.66,280.63,270.58,280.6,280.51,279.39,4924597,137.58780000000002,48979,3179136.0,64.56
NIFTYBEES,EQ,2025-10-03,280.51,280.89,281.31,279.08,281.3,281.16,280.48,4867050,136.5109,51365,3256039.0,66.9
NIFTYBEES,EQ,2025-10-06,281.16,281.58,283.2,280.7,283.2,283.07,282.0,5511685,155.4276,87994,3488410.0,63.29
NIFTYBEES,EQ,2025-10-07,283.07,283.49,284.5,282.64,283.67,283.41,283.78,6204149,176.05990000000003,42586,3558576.0,57.36
NIFTYBEES,EQ,2025-10-08,283.41,283.75,284.18,282.01,282.48,282.38,283.01,5658365,160.14,44809,3501795.0,61.89
NIFTYBEES,EQ,2025-10-09,282.38,282.88,284.24,282.24,284.0,284.05,283.47,3985452,112.9753,33929,2703635.0,67.84
NIFTYBEES,EQ,2025-10-10,284.05,284.78,285.95,282.01,285.59,285.52,285.45,3912389,111.678,39842,2792635.0,71.38
NIFTYBEES,EQ,2025-10-13,285.52,285.15,285.15,283.69,284.9,284.64,284.32,3939547,112.0109,59502,2294948.0,58.25
NIFTYBEES,EQ,2025-10-14,284.64,286.39,286.39,282.92,283.7,283.69,284.0,4983304,141.52700000000002,38987,2434508.0,48.85
NIFTYBEES,EQ,2025-10-15,283.69,284.28,286.45,283.73,286.15,286.07,285.74,5644935,161.2959,37510,3370323.0,59.71
NIFTYBEES,EQ,2025-10-16,286.07,277.49,289.0,277.49,288.51,288.7,287.9,8482862,244.2224,39129,6035565.0,71.15
NIFTYBEES,EQ,2025-10-17,288.7,288.69,290.95,287.86,290.23,290.17,289.79,10588073,306.8313,45999,6434180.0,60.77
NIFTYBEES,EQ,2025-10-20,290.17,292.49,292.54,289.01,292.0,291.86,291.68,7601294,221.7141,56406,4856668.0,63.89
NIFTYBEES,EQ,2025-10-21,291.86,292.92,292.92,291.49,291.65,291.87,292.13,1818933,53.1359,31657,1290061.0,70.95
NIFTYBEES,EQ,2025-10-23,291.87,293.13,295.38,291.88,292.6,292.39,293.95,8327299,244.78080000000003,54887,5973633.0,71.74
NIFTYBEES,EQ,2025-10-24,292.39,294.99,294.99,290.14,291.2,291.04,291.47,5956293,173.61090000000002,40725,3200496.0,53.73
NIFTYBEES,EQ,2025-10-27,291.04,294.18,294.33,290.01,293.3,293.35,293.26,6459908,189.4443,48653,3983521.0,61.67
NIFTYBEES,EQ,2025-10-28,293.35,294.99,294.99,292.0,293.15,293.1,292.98,5695772,166.875,37645,3650919.0,64.1
NIFTYBEES,EQ,2025-10-29,293.1,291.01,294.9,291.01,294.8,294.5,294.36,5829864,171.6097,35901,4143701.0,71.08
NIFTYBEES,EQ,2025-10-30,294.5,294.99,294.99,291.91,292.75,292.58,292.88,4522400,132.4524,37883,3084678.0,68.21
NIFTYBEES,EQ,2025-10-31,292.58,295.0,295.0,290.9,291.17,291.08,291.73,4443200,129.6231,36859,2790944.0,62.81
NIFTYBEES,EQ,2025-11-03,291.08,292.79,292.79,290.05,291.3,291.35,291.14,6786625,197.5833,68726,5118879.0,75.43
NIFTYBEES,EQ,2025-11-04,291.35,291.54,291.64,289.5,289.59,289.59,290.03,5283417,153.2363,58990,4027505.0,76.23
NIFTYBEES,EQ,2025-11-06,289.59,290.4,290.4,287.98,288.45,288.24,288.8,6869446,198.3866,69089,4639522.0,67.54
NIFTYBEES,EQ,2025-11-07,288.24,288.24,289.16,286.35,288.7,288.44,287.57,5882266,169.15689999999998,46962,3512932.0,59.72
NIFTYBEES,EQ,2025-11-10,288.44,289.89,290.3,288.13,289.77,289.49,289.59,4884041,141.4363,54338,3161038.0,64.72
NIFTYBEES,EQ,2025-11-11,289.49,287.01,291.08,287.01,291.0,290.82,289.55,3812506,110.3909,34371,2018848.0,52.95
NIFTYBEES,EQ,2025-11-12,290.82,292.29,293.1,291.55,292.75,292.72,292.52,4219988,123.4413,30501,2579334.0,61.12
NIFTYBEES,EQ,2025-11-13,292.72,293.21,293.75,291.75,293.0,292.39,292.93,5561716,162.9186,38006,3134179.0,56.35
NIFTYBEES,EQ,2025-11-14,292.39,290.84,293.25,290.84,293.0,292.83,292.18,4717609,137.8388,34568,2534170.0,53.72
NIFTYBEES,EQ,2025-11-17,292.83,301.61,301.61,292.74,294.0,293.97,293.67,4615578,135.5442,45324,3375414.0,73.13
NIFTYBEES,EQ,2025-11-18,293.97,294.89,294.89,292.5,292.95,292.97,293.17,3969744,116.382,38481,2489145.0,62.7
NIFTYBEES,EQ,2025-11-19,292.97,292.97,294.55,292.4,294.4,294.37,293.61,4475990,131.4209,31383,2248858.0,50.24
NIFTYBEES,EQ,2025-11-20,294.37,293.19,296.37,292.32,295.95,295.64,295.55,7504990,221.8064,40864,6069960.0,80.88
NIFTYBEES,EQ,2025-11-21,295.64,295.89,295.89,294.1,294.33,294.32,294.82,4539993,133.8469,33101,3038834.0,66.93
NIFTYBEES,EQ,2025-11-24,294.32,295.12,295.44,292.72,293.19,293.3,294.33,4923046,144.9015,43373,2744154.0,55.74
NIFTYBEES,EQ,2025-11-25,293.3,294.22,294.28,292.25,292.8,292.68,293.27,5056637,148.2944,38266,3619895.0,71.59
NIFTYBEES,EQ,2025-11-26,292.68,293.99,296.2,291.91,296.17,296.01,295.38,5102629,150.7191,29704,3278910.0,64.26
NIFTYBEES,EQ,2025-11-27,296.01,296.01,297.45,295.48,296.59,296.42,296.75,5985585,177.62279999999998,36116,4016111.0,67.1
NIFTYBEES,EQ,2025-11-28,296.42,297.24,297.24,296.02,296.46,296.49,296.65,3789563,112.4186,31289,2918771.0,77.02
NIFTYBEES,EQ,2025-12-01,296.49,297.28,298.15,295.66,296.29,296.1,296.55,7035148,208.629,67878,4788519.0,68.07
NIFTYBEES,EQ,2025-12-02,296.1,296.18,296.99,294.01,294.96,294.66,294.98,5334774,157.3655,48069,3942898.0,73.91
NIFTYBEES,EQ,2025-12-03,294.66,294.88,294.99,292.92,294.15,293.8,293.42,6564296,192.6075,51689,4340943.0,66.13
NIFTYBEES,EQ,2025-12-04,293.8,294.24,294.98,293.11,294.53,294.37,294.14,5468826,160.8581,33646,3095900.0,56.61
NIFTYBEES,EQ,2025-12-05,294.37,299.9,301.72,293.82,296.2,296.01,295.57,5845131,172.7636,39543,3417699.0,58.47
NIFTYBEES,EQ,2025-12-08,296.01,296.28,296.49,292.84,293.25,293.45,294.31,7101555,209.0029,79898,5258585.0,74.05
NIFTYBEES,EQ,2025-12-09,293.45,302.25,302.25,291.3,292.38,292.35,292.24,7015783,205.0302,63160,4533108.0,64.61
NIFTYBEES,EQ,2025-12-10,292.35,290.0,293.55,290.0,291.6,291.56,292.27,5828665,170.3545,45029,4279115.0,73.42
NIFTYBEES,EQ,2025-12-11,291.56,292.99,293.37,290.82,293.03,292.93,292.36,4174292,122.0398,34507,2816977.0,67.48
NIFTYBEES,EQ,2025-12-12,292.93,293.4,294.9,293.08,294.85,294.69,294.36,5378596,158.3226,33442,3666509.0,68.17
NIFTYBEES,EQ,2025-12-15,294.69,294.99,294.99,293.01,294.6,294.54,294.05,3920394,115.2785,52344,2519289.0,64.26
NIFTYBEES,EQ,2025-12-16,294.54,294.28,294.3,292.5,292.65,292.66,293.09,4667150,136.78959999999998,47512,3765457.0,80.68
NIFTYBEES,EQ,2025-12-17,292.66,292.66,293.29,290.8,291.85,291.71,291.78,10115469,295.1531,50372,7400122.0,73.16
NIFTYBEES,EQ,2025-12-18,291.71,284.5,292.83,284.5,291.96,291.84,291.82,3881769,113.2788,36972,2555166.0,65.82
NIFTYBEES,EQ,2025-12-19,291.84,293.84,293.84,292.28,293.45,293.44,293.31,3002632,88.0715,26235,2039878.0,67.94
NIFTYBEES,EQ,2025-12-22,293.44,295.25,295.73,293.85,295.68,295.69,295.35,9092048,268.5355,48821,6316916.0,69.48
NIFTYBEES,EQ,2025-12-23,295.69,296.98,296.98,295.27,295.65,295.68,295.82,3747050,110.8463,29540,2525600.0,67.4
NIFTYBEES,EQ,2025-12-24,295.68,295.68,296.38,294.76,295.54,295.5,295.76,3252373,96.1916,28481,2308765.0,70.99
NIFTYBEES,EQ,2025-12-26,295.5,296.99,296.99,294.2,294.45,294.46,294.57,3502261,103.165,47520,2269850.0,64.81
NIFTYBEES,EQ,2025-12-29,294.46,294.46,295.28,292.76,293.36,293.15,293.64,5796571,170.2088,63779,3813739.0,65.79
NIFTYBEES,EQ,2025-12-30,293.15,293.54,293.58,291.95,293.5,293.32,292.44,8060541,235.7223,40093,5566649.0,69.06
NIFTYBEES,EQ,2025-12-31,293.32,294.08,295.7,293.06,295.28,295.31,294.76,5677730,167.3575,30486,3635498.0,64.03
NIFTYBEES,EQ,2026-01-01,295.31,296.19,296.19,294.91,295.37,295.33,295.47,3647078,107.7614,48225,2282146.0,62.57
NIFTYBEES,EQ,2026-01-02,295.33,294.91,297.99,294.91,297.99,297.55,297.08,6959353,206.7457,48926,4876520.0,70.07
NIFTYBEES,EQ,2026-01-05,297.55,297.55,298.0,296.02,296.4,296.41,297.15,8311788,246.9831,81220,5611798.0,67.52
NIFTYBEES,EQ,2026-01-06,296.41,297.79,297.79,295.28,296.19,296.02,296.21,6789022,201.1008,90436,4807490.0,70.81
NIFTYBEES,EQ,2026-01-07,296.02,296.14,296.23,295.0,295.75,295.72,295.5,3807973,112.525,44812,2681514.0,70.42
NIFTYBEES,EQ,2026-01-08,295.72,295.72,295.98,292.61,292.95,292.93,293.82,6194291,182.0018,72853,5005283.0,80.8
NIFTYBEES,EQ,2026-01-09,292.93,291.01,293.89,290.0,291.15,290.59,291.41,8442130,246.0161,85619,6458740.0,76.51
NIFTYBEES,EQ,2026-01-12,290.59,291.99,292.09,288.4,292.05,291.87,290.13,9096409,263.9121,92987,6204445.0,68.21
NIFTYBEES,EQ,2026-01-13,291.87,293.48,293.48,289.9,291.24,291.13,291.04,5365914,156.167,62064,3386354.0,63.11
NIFTYBEES,EQ,2026-01-14,291.13,291.13,291.99,289.9,291.1,290.66,291.05,5577083,162.31879999999998,46864,3994844.0,71.63
NIFTYBEES,EQ,2026-01-16,290.66,291.89,292.9,290.28,290.9,291.04,291.84,6031692,176.0291,57130,4293735.0,71.19
NIFTYBEES,EQ,2026-01-19,291.04,290.98,291.15,288.81,289.34,289.63,289.37,7409667,214.4168,75134,5212119.0,70.34
NIFTYBEES,EQ,2026-01-20,289.63,290.89,290.89,285.6,287.0,286.28,287.59,9366361,269.3659,113175,7392959.0,78.93
NIFTYBEES,EQ,2026-01-21,286.28,285.0,287.49,282.4,286.0,284.95,284.66,12156217,346.0428,102892,7647534.0,62.91
NIFTYBEES,EQ,2026-01-22,284.95,287.89,288.09,285.1,287.03,286.61,286.54,7525121,215.6257,53463,5266090.0,69.98
NIFTYBEES,EQ,2026-01-23,286.61,288.07,288.07,283.65,284.0,283.91,285.19,8346651,238.0362,75733,6448839.0,77.26
NIFTYBEES,EQ,2026-01-27,283.91,284.0,285.99,282.4,285.89,285.22,284.04,8292101,235.5325,87489,5029139.0,60.65
NIFTYBEES,EQ,2026-01-28,285.22,286.99,286.99,285.22,286.74,286.61,286.1,6835320,195.5609,48666,4398536.0,64.35
NIFTYBEES,EQ,2026-01-29,286.61,287.99,287.99,284.29,287.49,287.37,285.97,9464480,270.6517,56285,5168913.0,54.61
NIFTYBEES,EQ,2026-01-30,287.37,286.44,287.37,285.01,286.75,286.73,286.41,7040728,201.6508,56615,4795495.0,68.11
NIFTYBEES,EQ,2026-02-01,286.73,287.0,288.4,280.0,282.37,282.41,284.95,16762153,477.6325,150348,10367266.0,61.85
NIFTYBEES,EQ,2026-02-02,282.41,283.39,284.5,279.75,284.5,283.94,281.82,10346317,291.578,113510,5828407.0,56.33
NIFTYBEES,EQ,2026-02-03,283.94,294.67,298.89,289.98,291.1,291.24,291.69,16588223,483.8537,95705,9150045.0,55.16
NIFTYBEES,EQ,2026-02-04,291.24,291.14,292.03,289.18,291.25,291.65,291.44,5826251,169.7975,44968,3818824.0,65.55
NIFTYBEES,EQ,2026-02-05,291.65,291.0,291.98,289.6,290.4,290.35,290.41,6352571,184.4865,55564,4680612.0,73.68
NIFTYBEES,EQ,2026-02-06,290.35,290.35,290.9,288.9,290.8,290.65,289.86,4309000,124.9008,42728,2355988.0,54.68
NIFTYBEES,EQ,2026-02-09,290.65,292.14,293.68,291.75,292.67,292.56,292.4,4905392,143.43370000000002,63286,3466086.0,70.66
NIFTYBEES,EQ,2026-02-10,292.56,292.56,293.89,292.56,293.12,293.56,293.46,8451744,248.0279,46614,5944314.0,70.33
NIFTYBEES,EQ,2026-02-11,293.56,293.56,294.68,293.17,293.83,293.85,293.76,3487981,102.4641,42425,2211844.0,63.41
NIFTYBEES,EQ,2026-02-12,293.85,294.79,294.79,291.76,292.45,292.27,292.58,4305370,125.968,45164,2526767.0,58.69
NIFTYBEES,EQ,2026-02-13,292.27,290.54,290.8,288.5,288.84,288.87,289.5,7449522,215.6622,76048,5827771.0,78.23
NIFTYBEES,EQ,2026-02-16,288.87,288.0,290.95,287.78,290.52,290.76,289.24,7469317,216.0413,68822,5230673.0,70.03
NIFTYBEES,EQ,2026-02-17,290.76,289.18,291.87,289.18,291.69,291.52,291.04,4380634,127.496,38285,2607574.0,59.53
NIFTYBEES,EQ,2026-02-18,291.52,291.0,292.4,290.61,292.2,292.2,291.44,3331594,97.0945,34480,1748020.0,52.47
NIFTYBEES,EQ,2026-02-19,292.2,292.2,293.18,287.75,288.1,288.38,290.02,7420909,215.2188,66619,5370291.0,72.37
NIFTYBEES,EQ,2026-02-20,288.38,289.99,290.3,287.44,289.2,289.23,289.2,5911399,170.96009999999998,52580,3730873.0,63.11
NIFTYBEES,EQ,2026-02-23,289.23,289.88,291.2,289.5,290.4,290.45,290.37,4699647,136.4646,53813,2902620.0,61.76
NIFTYBEES,EQ,2026-02-24,290.45,290.45,290.45,287.08,288.0,287.85,288.13,7385045,212.7837,72446,5148379.0,69.71
NIFTYBEES,EQ,2026-02-25,287.85,292.0,292.0,286.01,288.6,288.63,289.48,5638852,163.2351,38903,3276781.0,58.11
NIFTYBEES,EQ,2026-02-26,288.63,290.13,290.99,287.8,288.65,288.58,288.66,4222379,121.8831,37951,2273120.0,53.84
NIFTYBEES,EQ,2026-02-27,288.58,288.7,289.39,284.91,285.9,285.29,286.27,8393306,240.2781,93505,5801210.0,69.12
NIFTYBEES,EQ,2026-03-02,285.29,286.25,292.42,279.01,281.99,281.93,281.31,20163860,567.235,220204,14441823.0,71.62
NIFTYBEES,EQ,2026-03-04,281.93,280.99,280.99,275.51,277.7,277.29,276.75,21718747,601.0637,200613,14586254.0,67.16
NIFTYBEES,EQ,2026-03-05,277.29,285.61,285.61,277.84,280.39,280.35,279.08,10159364,283.5285,81786,5270954.0,51.88
NIFTYBEES,EQ,2026-03-06,280.35,280.52,280.52,276.85,278.25,277.25,278.45,8713874,242.6343,79242,6431178.0,73.8
NIFTYBEES,EQ,2026-03-09,277.25,274.81,274.81,268.75,272.75,272.42,270.34,26564816,718.1537,219629,19945415.0,75.08
NIFTYBEES,EQ,2026-03-10,272.42,276.29,276.29,272.85,275.3,274.95,274.21,10445421,286.4202,68939,6309503.0,60.4
NIFTYBEES,EQ,2026-03-11,274.95,274.7,275.39,270.2,270.45,270.56,272.06,15228172,414.3042,115325,11353530.0,74.56
NIFTYBEES,EQ,2026-03-12,270.56,266.31,270.0,266.31,268.07,267.94,268.17,13251982,355.3818,112832,9298709.0,70.17
NIFTYBEES,EQ,2026-03-13,267.94,267.99,267.99,262.0,263.5,262.69,263.95,25235358,666.0817999999999,207941,20002832.0,79.27
NIFTYBEES,EQ,2026-03-16,262.69,262.0,266.0,260.01,264.99,265.18,262.85,15483076,406.9761,122631,8199750.0,52.96
NIFTYBEES,EQ,2026-03-17,265.18,266.68,267.75,264.61,267.23,267.16,266.2,9612638,255.8929,67789,5685118.0,59.14
NIFTYBEES,EQ,2026-03-18,267.16,269.35,270.03,267.14,269.38,269.43,269.1,9512486,255.9822,65360,5684725.0,59.76
NIFTYBEES,EQ,2026-03-19,269.43,267.99,267.99,261.6,262.4,262.12,263.17,26951355,709.2868,198297,20798831.0,77.17
NIFTYBEES,EQ,2026-03-20,262.12,265.99,265.99,261.5,262.6,262.07,263.36,12105983,318.8267,80692,8354420.0,69.01
NIFTYBEES,EQ,2026-03-23,262.07,261.39,261.44,254.8,255.79,255.15,256.03,28233942,722.8769,242237,20963865.0,74.25
NIFTYBEES,EQ,2026-03-24,255.15,259.0,261.5,256.59,261.25,259.83,258.71,22805261,589.9892,107432,16266035.0,71.33
NIFTYBEES,EQ,2026-03-25,259.83,263.99,265.9,255.9,264.0,264.06,264.44,14393659,380.6277,81504,9050181.0,62.88
NIFTYBEES,EQ,2026-03-27,264.06,265.1,265.2,258.65,259.48,258.89,260.15,18765903,488.2025,139840,14755239.0,78.63
NIFTYBEES,EQ,2026-03-30,258.89,258.42,258.42,252.55,255.26,253.44,254.84,27127660,691.3263000000001,199150,18446444.0,68.0
NIFTYBEES,EQ,2026-04-01,253.44,258.34,260.07,257.05,258.0,257.45,258.6,16273357,420.8311,97098,10679452.0,65.63
NIFTYBEES,EQ,2026-04-02,257.45,256.99,259.29,251.7,259.29,257.61,253.65,21918815,555.9688,143329,15259942.0,69.62
NIFTYBEES,EQ,2026-04-06,257.61,257.0,260.6,255.41,260.4,260.25,257.71,15631911,402.8568,149160,8583448.0,54.91
NIFTYBEES,EQ,2026-04-07,260.25,260.39,261.8,257.41,261.64,261.47,260.16,11036818,287.1382,72500,5431973.0,49.22
NIFTYBEES,EQ,2026-04-08,261.47,269.31,272.0,265.01,272.0,271.68,270.65,20203354,546.8023000000001,95528,11137808.0,55.13
NIFTYBEES,EQ,2026-04-09,271.68,267.7,272.49,267.7,269.73,269.49,269.93,10726135,289.5351,84118,6012436.0,56.05
NIFTYBEES,EQ,2026-04-10,269.49,271.99,272.2,270.0,272.15,271.95,271.37,11042542,299.6625,68825,6855181.0,62.08
NIFTYBEES,EQ,2026-04-13,271.95,268.95,270.35,266.78,269.35,269.52,268.68,12023953,323.0614,92223,5960845.0,49.57
NIFTYBEES,EQ,2026-04-15,269.52,273.85,274.39,272.0,273.84,273.77,273.82,11252672,308.1245,66340,6830904.0,60.7
NIFTYBEES,EQ,2026-04-16,273.77,274.0,275.83,273.0,273.8,273.95,274.31,12557328,344.45660000000004,63696,6150684.0,48.98
NIFTYBEES,EQ,2026-04-17,273.95,274.29,276.19,273.0,276.0,275.87,275.0,10218652,281.0163,58938,6126252.0,59.95
NIFTYBEES,EQ,2026-04-20,275.87,275.87,276.61,274.12,274.98,275.21,275.55,10137601,279.344,71861,5480063.0,54.06
NIFTYBEES,EQ,2026-04-21,275.21,276.48,277.83,275.21,277.59,277.63,277.15,8328001,230.8123,47040,5413364.0,65.0
NIFTYBEES,EQ,2026-04-22,277.63,275.52,277.38,275.35,275.75,275.64,275.97,9386982,259.0513,62721,5150399.0,54.87
NIFTYBEES,EQ,2026-04-23,275.64,274.38,274.98,273.02,273.9,273.76,274.0,7079200,193.9691,54370,4233137.0,59.8
NIFTYBEES,EQ,2026-04-24,273.76,271.31,274.94,270.1,271.35,271.09,271.47,10962751,297.6028,80772,7896153.0,72.03
NIFTYBEES,EQ,2026-04-27,271.09,271.5,272.9,271.35,272.72,272.52,272.29,7931311,215.9614,58283,5168340.0,65.16
NIFTYBEES,EQ,2026-04-28,272.52,273.25,273.3,271.1,271.8,271.48,272.14,6137965,167.0385,43832,3465230.0,56.46
NIFTYBEES,EQ,2026-04-29,271.48,274.0,275.0,271.62,273.0,273.13,273.9,7694349,210.7511,35716,4669117.0,60.68
NIFTYBEES,EQ,2026-04-30,273.13,273.13,273.2,269.34,272.9,272.01,270.63,9983703,270.1874,70276,5399046.0,54.08
NIFTYBEES,EQ,2026-05-04,272.01,273.45,274.7,272.0,273.2,273.12,273.65,7112692,194.636,93632,3296078.0,46.34
NIFTYBEES,EQ,2026-05-05,273.12,274.99,274.99,270.7,272.49,272.3,271.92,7555162,205.4404,65827,4248644.0,56.23
NIFTYBEES,EQ,2026-05-06,272.3,274.39,275.89,271.94,275.83,275.73,274.26,12026335,329.8303,54286,6053335.0,50.33
NIFTYBEES,EQ,2026-05-07,275.73,275.7,277.09,274.61,275.4,275.17,275.68,11899464,328.0413,53444,5830561.0,49.0
NIFTYBEES,EQ,2026-05-08,275.17,273.62,274.68,272.0,274.1,273.94,273.96,6950558,190.4168,51590,4102288.0,59.02
NIFTYBEES,EQ,2026-05-11,273.94,272.98,272.98,269.9,270.09,270.1,270.89,12824989,347.4202,115883,9665652.0,75.37
NIFTYBEES,EQ,2026-05-12,270.1,270.09,270.09,264.75,265.53,265.05,266.68,18622348,496.6177,135822,10655615.0,57.22
NIFTYBEES,EQ,2026-05-13,265.05,265.04,267.14,263.53,265.62,265.44,265.6,9107154,241.886,66239,5038219.0,55.32
NIFTYBEES,EQ,2026-05-14,265.44,267.99,268.85,265.32,268.47,268.09,267.35,7996734,213.7901,46969,3378539.0,42.25
NIFTYBEES,EQ,2026-05-15,268.09,269.91,269.91,267.0,267.88,267.3,268.35,7938250,213.0232,48771,4157092.0,52.37
NIFTYBEES,EQ,2026-05-18,267.3,266.0,267.99,264.0,267.7,267.58,265.74,8188098,217.5941,73020,3684555.0,45.0
NIFTYBEES,EQ,2026-05-19,267.58,267.69,269.2,267.26,267.75,267.61,268.38,6550621,175.8071,42072,3340885.0,51.0
NIFTYBEES,EQ,2026-05-20,267.61,267.13,268.37,265.11,268.1,268.05,267.11,5346893,142.821,44533,2375271.0,44.42
NIFTYBEES,EQ,2026-05-21,268.05,269.24,270.24,267.39,268.08,268.21,268.52,6183084,166.02689999999998,41526,3304022.0,53.44
NIFTYBEES,EQ,2026-05-22,268.21,268.08,270.0,266.01,269.5,269.1,269.35,6238722,168.0401,36330,3023790.0,48.47
NIFTYBEES,EQ,2026-05-25,269.1,274.99,274.99,269.01,272.36,271.99,271.42,7800176,211.7156,55635,5199951.0,66.66
NIFTYBEES,EQ,2026-05-26,271.99,272.36,272.66,270.5,271.09,270.83,271.65,5483897,148.9719,42359,3335197.0,60.82
NIFTYBEES,EQ,2026-05-27,270.83,270.2,271.83,270.1,271.11,270.94,270.83,4170088,112.9371,34451,2090573.0,50.13
NIFTYBEES,EQ,2026-05-29,270.94,272.24,272.24,267.04,268.25,267.78,269.22,11388803,306.6126,70082,7593276.0,66.67
