,date,symbol,sc_code,sc_group,open,high,low,close,prev_close,volume,turnover
2319017,2018-01-30,AMBER,540902,B ,1180.0,1263.0,1114.1,1237.25,0.0,95364,2160924060.0
2322186,2018-01-31,AMBER,540902,B ,1232.5,1298.3,1230.0,1250.15,1237.25,23645,580864527.0
2325296,2018-02-01,AMBER,540902,B ,1256.0,1327.0,1227.0,1277.3,1250.15,18686,399959491.0
2328430,2018-02-02,AMBER,540902,B ,1260.0,1274.0,1200.4,1225.6,1277.3,6158,123131585.0
2331573,2018-02-05,AMBER,540902,B ,1200.0,1245.0,1001.0,1226.6,1225.6,4684,78297151.0
2334672,2018-02-06,AMBER,540902,B ,1190.0,1235.0,1126.0,1205.6,1226.6,2249,42124713.0
2337751,2018-02-07,AMBER,540902,B ,1225.0,1249.9,1190.0,1201.65,1205.6,1911,35536531.0
2340845,2018-02-08,AMBER,540902,B ,1205.1,1235.0,1177.5,1197.7,1201.65,2902,57193855.0
2343916,2018-02-09,AMBER,540902,B ,1180.0,1216.6,1176.05,1195.25,1197.7,1556,29417666.0
2347071,2018-02-12,AMBER,540902,B ,1212.0,1213.1,1189.05,1194.15,1195.25,905,15325487.0
2350232,2018-02-14,AMBER,540902,B ,1200.0,1205.2,1170.9,1182.75,1194.15,1336,28373343.0
2353383,2018-02-15,AMBER,540902,B ,1190.0,1192.95,1142.0,1149.45,1182.75,1169,12408552.0
2356485,2018-02-16,AMBER,540902,B ,1159.75,1187.95,1150.2,1155.2,1149.45,1288,18744250.0
2359591,2018-02-19,AMBER,540902,B ,1144.0,1161.3,1140.9,1146.75,1155.2,501,6333556.0
2362669,2018-02-20,AMBER,540902,B ,1120.0,1150.85,1116.0,1122.2,1146.75,859,11913585.0
2365724,2018-02-21,AMBER,540902,B ,1125.05,1135.0,1065.0,1081.35,1122.2,1819,28929321.0
2368778,2018-02-22,AMBER,540902,B ,1075.0,1165.85,1065.2,1132.85,1081.35,3912,48825389.0
2371832,2018-02-23,AMBER,540902,B ,1132.1,1151.0,1120.1,1127.05,1132.85,665,8856704.0
2374926,2018-02-26,AMBER,540902,B ,1144.0,1149.1,1115.0,1118.75,1127.05,1049,12966244.0
2377994,2018-02-27,AMBER,540902,B ,1125.6,1144.75,1085.0,1089.05,1118.75,1326,14229412.0
2381032,2018-02-28,AMBER,540902,B ,1090.0,1115.4,1075.2,1094.35,1089.05,1031,79602235.0
2384053,2018-03-01,AMBER,540902,B ,1100.0,1111.25,1095.0,1101.35,1094.35,542,7349516.0
2387139,2018-03-05,AMBER,540902,B ,1105.0,1119.65,1093.0,1100.6,1101.35,634,89289363.0
2390183,2018-03-06,AMBER,540902,B ,1110.0,1148.9,1105.65,1120.7,1100.6,1558,19760748.0
2393221,2018-03-07,AMBER,540902,B ,1120.0,1147.9,1105.5,1114.35,1120.7,1236,14983939.0
2396263,2018-03-08,AMBER,540902,B ,1122.3,1134.25,1097.0,1110.75,1114.35,660,8858869.0
2399313,2018-03-09,AMBER,540902,B ,1120.0,1120.0,1098.0,1104.35,1110.75,423,5502119.0
2402381,2018-03-12,AMBER,540902,B ,1112.15,1133.75,1098.05,1121.25,1104.35,832,10388001.0
2405422,2018-03-13,AMBER,540902,B ,1130.0,1189.0,1130.0,1177.7,1121.25,2256,36117285.0
2408438,2018-03-14,AMBER,540902,B ,1183.95,1183.95,1155.0,1161.7,1177.7,730,9620149.0
2411447,2018-03-15,AMBER,540902,B ,1169.8,1187.0,1164.35,1180.35,1161.7,517,6451478.0
2414464,2018-03-16,AMBER,540902,B ,1183.1,1186.4,1156.1,1160.05,1180.35,565,7302802.0
2417551,2018-03-19,AMBER,540902,B ,1158.85,1161.45,1110.0,1111.75,1160.05,423,6129446.0
2420617,2018-03-20,AMBER,540902,B ,1126.95,1126.95,1094.0,1096.6,1111.75,550,6184783.0
2423661,2018-03-21,AMBER,540902,B ,1110.0,1115.15,1097.05,1102.3,1096.6,319,4043215.0
2426713,2018-03-22,AMBER,540902,B ,1094.1,1115.5,1080.05,1088.6,1102.3,289,4308898.0
2429758,2018-03-23,AMBER,540902,B ,1070.1,1082.0,1059.0,1070.35,1088.6,519,8741775.0
2432898,2018-03-26,AMBER,540902,B ,1083.9,1085.0,1070.0,1076.85,1070.35,426,7728577.0
2435908,2018-03-27,AMBER,540902,B ,1082.2,1110.0,1066.4,1070.6,1076.85,736,15907209.0
2438886,2018-03-28,AMBER,540902,B ,1060.0,1100.0,1060.0,1076.35,1070.6,431,6842521.0
2441850,2018-04-02,AMBER,540902,B ,1075.0,1089.75,1075.0,1081.25,1076.35,364,5582440.0
2444793,2018-04-03,AMBER,540902,B ,1074.35,1110.1,1074.35,1083.5,1081.25,530,7024142.0
2447759,2018-04-04,AMBER,540902,B ,1089.9,1098.95,1076.95,1079.9,1083.5,341,3708949.0
2450770,2018-04-05,AMBER,540902,B ,1089.9,1148.0,1089.0,1116.75,1079.9,831,10669304.0
2453738,2018-04-06,AMBER,540902,B ,1114.95,1140.0,1111.25,1129.3,1116.75,652,8977240.0
2456834,2018-04-09,AMBER,540902,B ,1130.0,1145.0,1128.4,1141.05,1129.3,265,3350318.0
2459840,2018-04-10,AMBER,540902,B ,1146.5,1146.5,1117.0,1121.2,1141.05,307,4307547.0
2462843,2018-04-11,AMBER,540902,B ,1129.9,1160.0,1121.6,1134.7,1121.2,716,10440065.0
2465815,2018-04-12,AMBER,540902,B ,1130.1,1136.4,1114.0,1116.45,1134.7,165,2292091.0
2468829,2018-04-13,AMBER,540902,B ,1128.8,1129.0,1111.9,1117.8,1116.45,234,3358039.0
2471879,2018-04-16,AMBER,540902,B ,1115.95,1135.9,1105.0,1120.35,1117.8,277,2688789.0
2474863,2018-04-17,AMBER,540902,B ,1120.05,1138.75,1108.0,1112.35,1120.35,228,3758679.0
2477839,2018-04-18,AMBER,540902,B ,1119.9,1121.3,1107.4,1111.9,1112.35,159,2038275.0
2480832,2018-04-19,AMBER,540902,B ,1116.4,1116.4,1100.25,1102.1,1111.9,182,2414262.0
2483787,2018-04-20,AMBER,540902,B ,1119.0,1119.0,1092.9,1095.05,1102.1,187,2627293.0
2486820,2018-04-23,AMBER,540902,B ,1101.5,1112.15,1090.1,1104.95,1095.05,196,2379775.0
2489839,2018-04-24,AMBER,540902,B ,1107.75,1107.75,1093.5,1095.55,1104.95,162,1806569.0
2492806,2018-04-25,AMBER,540902,B ,1087.0,1103.35,1084.0,1085.35,1095.55,325,2593240.0
2495735,2018-04-26,AMBER,540902,B ,1083.0,1091.55,1075.15,1078.3,1085.35,194,2077918.0
2498640,2018-04-27,AMBER,540902,B ,1083.8,1090.0,1070.1,1074.6,1078.3,168,2247427.0
2501603,2018-04-30,AMBER,540902,B ,1074.0,1141.2,1072.0,1134.75,1074.6,932,9047456.0
2504573,2018-05-02,AMBER,540902,B ,1110.0,1142.35,1110.0,1121.1,1134.75,319,3959785.0
2507568,2018-05-03,AMBER,540902,B ,1121.1,1132.3,1111.0,1114.6,1121.1,166,1117000.0
2510556,2018-05-04,AMBER,540902,B ,1115.0,1149.0,1115.0,1147.05,1114.6,463,5680954.0
2513540,2018-05-07,AMBER,540902,B ,1142.0,1188.2,1130.0,1177.0,1147.05,647,4821850.0
2516511,2018-05-08,AMBER,540902,B ,1176.5,1200.0,1150.0,1180.35,1177.0,493,5046000.0
2519485,2018-05-09,AMBER,540902,B ,1193.9,1198.8,1161.65,1170.75,1180.35,201,1865599.0
2522443,2018-05-10,AMBER,540902,B ,1165.25,1175.0,1127.75,1149.15,1170.75,649,4954978.0
2525415,2018-05-11,AMBER,540902,B ,1160.4,1177.9,1144.35,1174.25,1149.15,335,2837233.0
2528398,2018-05-14,AMBER,540902,B ,1168.85,1196.95,1160.0,1184.75,1174.25,330,3910986.0
2531342,2018-05-15,AMBER,540902,B ,1184.75,1184.75,1140.25,1146.9,1184.75,236,4031282.0
2534252,2018-05-16,AMBER,540902,B ,1134.1,1145.0,1130.05,1140.25,1146.9,72,673182.0
2537153,2018-05-17,AMBER,540902,B ,1145.0,1155.0,1143.1,1153.1,1140.25,55,638449.0
2540069,2018-05-18,AMBER,540902,B ,1148.05,1151.0,1134.15,1143.85,1153.1,149,2107485.0
2543036,2018-05-21,AMBER,540902,B ,1121.0,1141.0,1121.0,1137.05,1143.85,104,1174464.0
2545985,2018-05-22,AMBER,540902,B ,1129.25,1130.2,1103.9,1105.55,1137.05,162,1867734.0
2548927,2018-05-23,AMBER,540902,B ,1109.95,1120.95,1085.8,1095.2,1105.55,204,2288274.0
2551866,2018-05-24,AMBER,540902,B ,1100.0,1113.4,1090.0,1097.45,1095.2,134,1184826.0
2554811,2018-05-25,AMBER,540902,B ,1099.9,1124.0,1076.95,1095.35,1097.45,212,2290146.0
2557841,2018-05-28,AMBER,540902,B ,1115.0,1124.0,1093.0,1116.9,1095.35,199,2763782.0
2560843,2018-05-29,AMBER,540902,B ,1110.0,1111.45,1096.0,1103.3,1116.9,401,2290014.0
2563841,2018-05-30,AMBER,540902,B ,1110.1,1110.15,1095.0,1097.25,1103.3,69,880740.0
2566786,2018-05-31,AMBER,540902,B ,1092.05,1100.1,1062.0,1078.0,1097.25,155,1354342.0
2569760,2018-06-01,AMBER,540902,B ,1080.6,1085.0,1068.1,1070.1,1078.0,119,1702517.0
2572787,2018-06-04,AMBER,540902,B ,1070.5,1078.0,1056.0,1059.65,1070.1,93,736089.0
2575760,2018-06-05,AMBER,540902,B ,1060.0,1060.0,1010.0,1030.5,1059.65,315,2096600.0
2578691,2018-06-06,AMBER,540902,B ,1031.05,1031.15,1015.65,1022.65,1030.5,99,780558.0
2581670,2018-06-07,AMBER,540902,B ,1025.05,1061.7,1025.05,1052.35,1022.65,202,1431457.0
2584606,2018-06-08,AMBER,540902,B ,1043.0,1058.2,1036.45,1056.25,1052.35,79,760308.0
2587568,2018-06-11,AMBER,540902,B ,1061.7,1071.9,1050.0,1053.7,1056.25,124,1396495.0
2590530,2018-06-12,AMBER,540902,B ,1051.0,1059.4,1017.75,1038.3,1053.7,173,1424217.0
2593548,2018-06-13,AMBER,540902,B ,1044.95,1049.5,1026.45,1032.7,1038.3,43,276806.0
2596475,2018-06-14,AMBER,540902,B ,1050.9,1050.9,1025.0,1025.85,1032.7,94,876951.0
2599410,2018-06-15,AMBER,540902,B ,1027.5,1029.3,1008.6,1015.5,1025.85,127,1051599.0
2602354,2018-06-18,AMBER,540902,B ,1016.0,1028.8,1000.0,1004.5,1015.5,169,12902904.0
2605295,2018-06-19,AMBER,540902,B ,995.4,1004.95,964.15,976.55,1004.5,280,3053320.0
2608222,2018-06-20,AMBER,540902,B ,960.1,987.05,960.1,965.35,976.55,127,1031955.0
2611119,2018-06-21,AMBER,540902,B ,967.9,999.5,951.3,970.5,965.35,293,2853868.0
2613982,2018-06-22,AMBER,540902,B ,978.1,981.0,970.1,977.0,970.5,155,1361767.0
2616894,2018-06-25,AMBER,540902,B ,980.0,982.95,963.15,968.2,977.0,135,1042518.0
2619812,2018-06-26,AMBER,540902,B ,960.15,962.0,941.05,945.5,968.2,208,1928475.0
2622775,2018-06-27,AMBER,540902,B ,944.8,950.35,907.6,912.85,945.5,288,2640948.0
2625709,2018-06-28,AMBER,540902,B ,910.0,914.4,885.0,888.4,912.85,208,1495912.0
2628607,2018-06-29,AMBER,540902,B ,902.1,974.05,883.0,935.0,888.4,247,2669356.0
2631561,2018-07-02,AMBER,540902,B ,944.0,944.0,890.0,895.15,935.0,189,1384800.0
2634461,2018-07-03,AMBER,540902,B ,902.4,1045.0,895.8,1015.75,895.15,1610,16356564.0
2637365,2018-07-04,AMBER,540902,B ,1001.4,1060.0,985.1,1026.95,1015.75,1391,13958656.0
2640302,2018-07-05,AMBER,540902,B ,1030.1,1034.85,1001.0,1004.1,1026.95,165,1504393.0
2643247,2018-07-06,AMBER,540902,B ,1008.0,1042.7,996.0,1026.65,1004.1,401,2903423.0
2646176,2018-07-09,AMBER,540902,B ,1017.7,1030.0,1011.9,1017.75,1026.65,182,1342881.0
2649110,2018-07-10,AMBER,540902,B ,1030.0,1030.0,1003.75,1009.9,1017.75,40,273985.0
2652039,2018-07-11,AMBER,540902,B ,1003.7,1022.4,995.1,1001.45,1009.9,111,1080146.0
2654998,2018-07-12,AMBER,540902,B ,1004.2,1010.0,989.25,996.25,1001.45,177,1371119.0
2657927,2018-07-13,AMBER,540902,B ,994.0,1000.0,975.0,986.6,996.25,107,881909.0
2660859,2018-07-16,AMBER,540902,B ,991.0,991.0,945.6,956.75,986.6,168,1548849.0
2663763,2018-07-17,AMBER,540902,B ,954.0,956.0,935.0,939.5,956.75,114,773951.0
2666657,2018-07-18,AMBER,540902,B ,950.0,957.0,911.0,935.15,939.5,213,1301640.0
2669556,2018-07-19,AMBER,540902,B ,941.85,941.85,916.0,920.9,935.15,73,532602.0
2672408,2018-07-20,AMBER,540902,B ,901.2,918.25,888.0,903.0,920.9,280,2177450.0
2675363,2018-07-23,AMBER,540902,B ,905.0,940.0,900.0,930.15,903.0,466,2321184.0
2678312,2018-07-24,AMBER,540902,B ,930.0,931.85,912.0,923.9,930.15,114,724322.0
2681248,2018-07-25,AMBER,540902,B ,956.8,956.8,921.7,927.95,923.9,169,1108732.0
2684102,2018-07-26,AMBER,540902,B ,930.25,942.0,923.65,926.3,927.95,125,796817.0
2687062,2018-07-27,AMBER,540902,B ,936.9,970.5,923.0,948.4,926.3,330,2884203.0
2690063,2018-07-30,AMBER,540902,B ,941.95,959.85,941.95,948.55,948.4,89,487266.0
2693039,2018-07-31,AMBER,540902,B ,954.85,991.0,939.1,970.55,948.55,156,1202597.0
2696031,2018-08-01,AMBER,540902,B ,974.05,1022.0,970.2,1011.8,970.55,280,2304375.0
2699033,2018-08-02,AMBER,540902,B ,1000.0,1007.15,986.35,996.25,1011.8,144,1129434.0
2702048,2018-08-03,AMBER,540902,B ,990.1,1011.95,985.0,993.85,996.25,239,2373660.0
2705153,2018-08-06,AMBER,540902,B ,1020.0,1020.0,975.0,987.55,993.85,275,2354796.0
2708214,2018-08-07,AMBER,540902,B ,1004.2,1004.2,961.7,966.0,987.55,181,1362554.0
2711250,2018-08-08,AMBER,540902,B ,925.0,964.0,925.0,941.6,966.0,157,1027576.0
2714254,2018-08-09,AMBER,540902,B ,955.95,955.95,916.2,918.75,941.6,260,1733866.0
2717288,2018-08-10,AMBER,540902,B ,915.0,943.5,900.0,918.85,918.75,268,2311859.0
2720320,2018-08-13,AMBER,540902,B ,919.1,941.0,917.0,931.15,918.85,240,1716563.0
2723327,2018-08-14,AMBER,540902,B ,948.5,961.75,937.0,939.45,931.15,233,1728384.0
2726363,2018-08-16,AMBER,540902,B ,967.0,967.0,929.0,934.7,939.45,89,3723806.0
2729400,2018-08-17,AMBER,540902,B ,944.45,945.4,930.0,938.95,934.7,123,1104025.0
2732514,2018-08-20,AMBER,540902,B ,942.0,946.5,930.0,932.15,938.95,108,915077.0
2735580,2018-08-21,AMBER,540902,B ,935.9,943.0,930.0,932.45,932.15,85,584869.0
2738649,2018-08-23,AMBER,540902,B ,937.75,942.5,931.0,931.95,932.45,85,500469.0
2741714,2018-08-24,AMBER,540902,B ,934.6,955.0,925.0,942.4,931.95,209,1827683.0
2744821,2018-08-27,AMBER,540902,B ,945.0,978.25,932.25,964.2,942.4,359,2912786.0
2747873,2018-08-28,AMBER,540902,B ,982.25,1016.15,953.0,967.7,964.2,559,5500935.0
2750944,2018-08-29,AMBER,540902,B ,955.45,979.0,952.0,956.2,967.7,103,936122.0
2754004,2018-08-30,AMBER,540902,B ,951.05,993.0,951.0,960.6,956.2,316,2676101.0
2757041,2018-08-31,AMBER,540902,B ,970.0,990.0,969.2,981.55,960.6,276,1544156.0
2760156,2018-09-03,AMBER,540902,B ,991.95,991.95,966.55,970.7,981.55,75,406523.0
2763245,2018-09-04,AMBER,540902,B ,965.05,977.0,948.0,950.4,970.7,129,1098486.0
2766342,2018-09-05,AMBER,540902,B ,948.0,957.8,935.05,940.6,950.4,129,759575.0
2769422,2018-09-06,AMBER,540902,B ,949.85,950.0,937.3,943.0,940.6,107,715436.0
2772488,2018-09-07,AMBER,540902,B ,940.3,1121.0,937.25,1002.55,943.0,2654,26434986.0
2775572,2018-09-10,AMBER,540902,B ,1005.0,1034.0,954.05,970.95,1002.55,1186,11412800.0
2778629,2018-09-11,AMBER,540902,B ,979.0,979.0,940.0,944.1,970.95,561,3602722.0
2781644,2018-09-12,AMBER,540902,B ,965.65,965.65,933.0,939.2,944.1,255,2077331.0
2784643,2018-09-14,AMBER,540902,B ,959.55,959.55,943.1,947.75,939.2,126,915330.0
2787696,2018-09-17,AMBER,540902,B ,937.25,940.35,931.25,935.9,947.75,120,807538.0
2790700,2018-09-18,AMBER,540902,B ,935.15,961.4,930.5,932.8,935.9,274,1997279.0
2793705,2018-09-19,AMBER,540902,B ,931.8,937.2,923.2,929.1,932.8,101,1092300.0
2796710,2018-09-21,AMBER,540902,B ,935.4,959.8,930.0,945.1,929.1,300,2252149.0
2799764,2018-09-24,AMBER,540902,B ,929.0,930.65,924.85,926.25,945.1,134,1685798.0
2802818,2018-09-25,AMBER,540902,B ,929.0,940.0,923.95,930.15,926.25,100,1356708.0
2805848,2018-09-26,AMBER,540902,B ,932.05,935.0,930.0,930.15,930.15,62,1449741.0
2808760,2018-09-27,AMBER,540902,B ,999.0,999.0,930.0,940.7,930.15,552,5387162.0
2811738,2018-09-28,AMBER,540902,B ,947.8,947.8,918.05,925.25,940.7,132,859239.0
2814780,2018-10-01,AMBER,540902,B ,920.0,920.0,907.0,913.4,925.25,153,1325308.0
2817791,2018-10-03,AMBER,540902,B ,905.75,930.2,905.75,920.7,913.4,107,896695.0
2820806,2018-10-04,AMBER,540902,B ,920.2,923.4,906.1,918.45,920.7,228,2385125.0
2823797,2018-10-05,AMBER,540902,B ,913.3,922.05,893.0,900.25,918.45,169,1137338.0
2826840,2018-10-08,AMBER,540902,B ,899.35,900.25,880.0,885.35,900.25,235,1907401.0
2829812,2018-10-09,AMBER,540902,B ,891.95,891.95,846.7,876.2,885.35,250,1236915.0
2832824,2018-10-10,AMBER,540902,B ,877.85,898.55,877.65,893.15,876.2,110,833438.0
2835733,2018-10-11,AMBER,540902,B ,876.05,885.0,862.0,872.25,893.15,93,680058.0
2838727,2018-10-12,AMBER,540902,B ,870.0,887.4,870.0,883.9,872.25,99,813862.0
2841729,2018-10-15,AMBER,540902,B ,879.2,883.45,872.0,880.3,883.9,54,363300.0
2844713,2018-10-16,AMBER,540902,B ,883.5,928.25,883.5,921.7,880.3,568,2465196.0
2847624,2018-10-17,AMBER,540902,B ,925.0,953.15,910.0,924.8,921.7,122,618781.0
2850526,2018-10-19,AMBER,540902,B ,895.55,919.15,890.05,899.95,924.8,199,957497.0
2853488,2018-10-22,AMBER,540902,B ,900.75,900.75,862.0,867.85,899.95,118,712684.0
2856417,2018-10-23,AMBER,540902,B ,862.0,862.0,840.1,848.8,867.85,110,707077.0
2859339,2018-10-24,AMBER,540902,B ,860.0,864.65,845.0,856.15,848.8,69,397453.0
2862150,2018-10-25,AMBER,540902,B ,841.7,861.7,820.95,840.5,856.15,82,479644.0
2865034,2018-10-26,AMBER,540902,B ,829.8,848.0,828.5,835.45,840.5,70,413537.0
2867967,2018-10-29,AMBER,540902,B ,842.15,849.0,836.05,844.0,835.45,83,500509.0
2870860,2018-10-30,AMBER,540902,B ,849.95,870.0,849.95,857.75,844.0,55,368267.0
2873726,2018-10-31,AMBER,540902,B ,860.0,867.95,857.25,865.75,857.75,47,313360.0
2876615,2018-11-01,AMBER,540902,B ,860.0,872.0,853.0,856.05,865.75,132,629943.0
2879574,2018-11-02,AMBER,540902,B ,849.8,868.0,832.65,859.25,856.05,220,1968465.0
2882554,2018-11-05,AMBER,540902,B ,856.25,865.35,850.0,856.7,859.25,28,131424.0
2885433,2018-11-06,AMBER,540902,B ,868.95,869.0,861.25,863.0,856.7,29,232380.0
2888114,2018-11-07,AMBER,540902,B ,851.0,869.0,851.0,868.0,863.0,24,155775.0
2890865,2018-11-09,AMBER,540902,B ,851.65,868.6,851.65,862.2,868.0,29,142164.0
2893779,2018-11-12,AMBER,540902,B ,876.0,876.0,855.75,857.75,862.2,21,205404.0
2896719,2018-11-13,AMBER,540902,B ,863.7,868.35,833.0,847.0,857.75,74,461620.0
2899619,2018-11-14,AMBER,540902,B ,863.8,865.1,856.05,857.05,847.0,14,91287.0
2902521,2018-11-15,AMBER,540902,B ,857.1,865.0,855.0,859.85,857.05,51,339227.0
2905483,2018-11-16,AMBER,540902,B ,859.25,868.0,842.0,854.3,859.85,62,368385.0
2908443,2018-11-19,AMBER,540902,B ,855.2,900.0,855.2,895.4,854.3,123,551728.0
2911365,2018-11-20,AMBER,540902,B ,880.0,905.0,875.75,896.95,895.4,107,637983.0
2914254,2018-11-21,AMBER,540902,B ,899.0,915.0,896.55,906.95,896.95,48,260294.0
2917167,2018-11-22,AMBER,540902,B ,915.0,916.9,906.05,909.2,906.95,119,625975.0
2920102,2018-11-26,AMBER,540902,B ,918.4,918.4,898.4,906.55,909.2,80,601439.0
2923020,2018-11-27,AMBER,540902,B ,909.0,928.2,895.0,916.5,906.55,57,350730.0
2925966,2018-11-28,AMBER,540902,B ,906.1,926.05,905.0,908.2,916.5,24,180993.0
2928888,2018-11-29,AMBER,540902,B ,915.0,915.0,909.95,910.0,908.2,23,191262.0
2931798,2018-11-30,AMBER,540902,B ,915.0,923.0,902.2,919.5,910.0,32,230032.0
2934750,2018-12-03,AMBER,540902,B ,914.95,945.0,914.2,928.55,919.5,85,591415.0
2937654,2018-12-04,AMBER,540902,B ,915.1,932.95,909.15,915.55,928.55,36,252637.0
2940533,2018-12-05,AMBER,540902,B ,909.0,918.45,895.0,900.2,915.55,25,171368.0
2943414,2018-12-06,AMBER,540902,B ,896.4,902.35,859.0,865.55,900.2,266,840114.0
2946305,2018-12-07,AMBER,540902,B ,873.0,878.85,867.05,873.4,865.55,16,78593.0
2949173,2018-12-10,AMBER,540902,B ,865.0,876.45,850.55,874.6,873.4,76,530186.0
2951898,2018-12-11,AMBER,540902,B ,850.05,884.5,850.05,881.1,874.6,46,283387.0
2954762,2018-12-12,AMBER,540902,B ,880.0,889.0,870.0,876.5,881.1,66,467830.0
2957621,2018-12-13,AMBER,540902,B ,913.0,913.0,872.3,878.65,876.5,36,330220.0
2960501,2018-12-14,AMBER,540902,B ,883.8,884.0,875.0,875.05,878.65,11,45806.0
2963415,2018-12-17,AMBER,540902,B ,879.0,890.0,875.95,884.0,875.05,23,231274.0
2966326,2018-12-18,AMBER,540902,B ,893.1,893.1,881.0,886.2,884.0,16,69247.0
2969288,2018-12-19,AMBER,540902,B ,891.05,950.0,887.45,925.7,886.2,489,2438954.0
2972211,2018-12-20,AMBER,540902,B ,935.1,935.1,909.75,922.05,925.7,95,494496.0
2975115,2018-12-21,AMBER,540902,B ,920.75,925.0,910.0,921.7,922.05,81,500301.0
2977988,2018-12-24,AMBER,540902,B ,914.3,929.9,914.3,924.45,921.7,33,155526.0
2980857,2018-12-26,AMBER,540902,B ,920.0,920.0,888.3,897.6,924.45,100,689120.0
2983787,2018-12-27,AMBER,540902,B ,889.0,931.0,889.0,910.05,897.6,118,576233.0
2986755,2018-12-28,AMBER,540902,B ,911.0,920.0,895.15,907.55,910.05,86,414369.0
2989722,2018-12-31,AMBER,540902,B ,918.9,918.9,900.0,906.25,907.55,48,266104.0
2992602,2019-01-01,AMBER,540902,B ,908.5,910.2,902.9,908.15,906.25,37,214140.0
2995484,2019-01-02,AMBER,540902,B ,899.25,911.85,895.0,899.25,908.15,44,338257.0
2998378,2019-01-03,AMBER,540902,B ,899.45,905.0,895.0,897.35,899.25,44,505761.0
3001324,2019-01-04,AMBER,540902,B ,910.0,918.45,905.85,916.2,897.35,80,227127.0
3004307,2019-01-07,AMBER,540902,B ,917.0,917.0,911.35,912.25,916.2,51,154278.0
3007256,2019-01-08,AMBER,540902,B ,907.4,919.75,892.1,900.25,912.25,51,419066.0
3010199,2019-01-09,AMBER,540902,B ,900.1,911.05,900.1,910.0,900.25,32,216277.0
3013150,2019-01-10,AMBER,540902,B ,908.95,916.95,907.0,912.0,910.0,24,173259.0
3016087,2019-01-11,AMBER,540902,B ,913.2,983.85,913.2,925.85,912.0,352,3304529.0
3018998,2019-01-14,AMBER,540902,B ,900.75,909.2,890.0,906.15,925.85,73,477080.0
3021917,2019-01-15,AMBER,540902,B ,920.1,920.1,906.55,908.1,906.15,22,188077.0
3024812,2019-01-16,AMBER,540902,B ,906.05,915.95,900.0,900.35,908.1,26,149843.0
3027743,2019-01-17,AMBER,540902,B ,905.85,909.1,895.05,896.55,900.35,34,22746636.0
3030621,2019-01-18,AMBER,540902,B ,893.05,895.75,892.35,894.95,896.55,24,269203.0
3033560,2019-01-21,AMBER,540902,B ,878.25,887.95,878.25,884.35,894.95,44,306493.0
3036475,2019-01-22,AMBER,540902,B ,867.05,880.0,867.05,875.35,884.35,44,219416.0
3039345,2019-01-23,AMBER,540902,B ,879.2,879.2,860.0,864.5,875.35,45,217242.0
3042176,2019-01-24,AMBER,540902,B ,849.1,862.3,845.3,848.75,864.5,47,410774.0
3045028,2019-01-25,AMBER,540902,B ,840.0,841.5,805.0,818.65,848.75,105,435147.0
3047929,2019-01-28,AMBER,540902,B ,792.8,797.45,735.0,766.85,818.65,201,773347.0
3050778,2019-01-29,AMBER,540902,B ,756.65,770.0,742.0,745.75,766.85,61,300786.0
3053641,2019-01-30,AMBER,540902,B ,757.65,782.25,740.0,745.7,745.75,83,412696.0
3056550,2019-01-31,AMBER,540902,B ,740.05,751.85,729.0,742.05,745.7,38,120259.0
3059425,2019-02-01,AMBER,540902,B ,745.7,746.65,712.15,719.7,742.05,145,682815.0
3062377,2019-02-04,AMBER,540902,B ,710.0,718.95,672.05,681.6,719.7,1037,128849101.0
3065331,2019-02-05,AMBER,540902,B ,681.6,699.0,680.8,696.3,681.6,98,757867.0
3068292,2019-02-06,AMBER,540902,B ,704.95,713.0,686.1,689.65,696.3,110,1254247.0
3071204,2019-02-07,AMBER,540902,B ,686.1,709.7,686.1,703.1,689.65,25,150067.0
3074076,2019-02-08,AMBER,540902,B ,700.05,700.95,690.0,691.9,703.1,28,206640.0
3076977,2019-02-11,AMBER,540902,B ,735.0,735.0,689.0,699.15,691.9,91,721934.0
3079832,2019-02-12,AMBER,540902,B ,702.95,702.95,635.95,658.65,699.15,110,387605.0
3082711,2019-02-13,AMBER,540902,B ,664.55,666.0,643.1,646.65,658.65,107,478072.0
3085526,2019-02-14,AMBER,540902,B ,657.05,657.05,634.85,644.9,646.65,46,207298.0
3088371,2019-02-15,AMBER,540902,B ,642.5,644.7,630.1,636.85,644.9,46,234489.0
3091287,2019-02-18,AMBER,540902,B ,630.25,631.5,621.05,628.75,636.85,65,505595.0
3094168,2019-02-19,AMBER,540902,B ,635.0,638.0,625.0,635.6,628.75,52,7007861.0
3097095,2019-02-20,AMBER,540902,B ,640.0,683.35,638.95,649.0,635.6,305,1000655.0
3099994,2019-02-21,AMBER,540902,B ,665.0,690.0,665.0,685.15,649.0,111,871741.0
3102881,2019-02-22,AMBER,540902,B ,676.25,690.25,665.0,669.95,685.15,69,255372.0
3105815,2019-02-25,AMBER,540902,B ,670.0,689.85,669.9,681.4,669.95,36,120350.0
3108658,2019-02-26,AMBER,540902,B ,681.75,689.85,650.25,676.2,681.4,64,352603.0
3111537,2019-02-27,AMBER,540902,B ,681.0,687.35,670.4,672.65,676.2,30,206995.0
3114385,2019-02-28,AMBER,540902,B ,682.0,682.0,673.0,677.8,672.65,16,38672.0
3117264,2019-03-01,AMBER,540902,B ,685.65,715.25,674.15,694.3,677.8,181,1114404.0
3120334,2019-03-05,AMBER,540902,B ,699.9,721.65,698.15,716.65,694.3,178,1385595.0
3123415,2019-03-06,AMBER,540902,B ,728.0,745.0,720.0,727.65,716.65,102,458985.0
3126445,2019-03-07,AMBER,540902,B ,727.0,754.95,724.0,750.85,727.65,60,281654.0
3129406,2019-03-08,AMBER,540902,B ,750.0,750.0,730.0,734.75,750.85,144,901831.0
3132446,2019-03-11,AMBER,540902,B ,751.45,775.0,746.9,771.75,734.75,144,808195.0
3135515,2019-03-12,AMBER,540902,B ,775.0,811.45,775.0,802.7,771.75,273,2374509.0
3138611,2019-03-13,AMBER,540902,B ,808.0,822.0,790.0,793.95,802.7,118,689586.0
3141672,2019-03-14,AMBER,540902,B ,819.9,834.0,800.0,821.7,793.95,1022,11638110.0
3144731,2019-03-15,AMBER,540902,B ,822.5,824.6,792.05,800.15,821.7,213,1560344.0
3147810,2019-03-18,AMBER,540902,B ,794.0,805.8,784.05,797.35,800.15,207,1434045.0
3150912,2019-03-19,AMBER,540902,B ,805.75,806.0,795.0,801.3,797.35,116,843139.0
3153996,2019-03-20,AMBER,540902,B ,802.85,803.35,792.0,792.7,801.3,33,334501.0
3157069,2019-03-22,AMBER,540902,B ,790.8,799.6,782.05,787.2,792.7,76,459547.0
3160154,2019-03-25,AMBER,540902,B ,800.0,800.0,771.2,773.35,787.2,233,1256222.0
3163246,2019-03-26,AMBER,540902,B ,785.9,797.0,777.55,781.65,773.35,303,2666406.0
3166358,2019-03-27,AMBER,540902,B ,785.0,803.3,782.0,795.95,781.65,358,74598828.0
3169399,2019-03-28,AMBER,540902,B ,839.95,839.95,795.0,803.9,795.95,96,627111.0
3172398,2019-03-29,AMBER,540902,B ,835.0,835.0,803.0,818.45,803.9,215,1646378.0
3175365,2019-04-01,AMBER,540902,B ,829.35,845.0,825.85,840.4,818.45,542,9295704.0
3178295,2019-04-02,AMBER,540902,B ,849.8,864.45,836.05,857.55,840.4,306,8001562.0
3181288,2019-04-03,AMBER,540902,B ,857.0,861.95,838.2,845.25,857.55,311,2442236.0
3184197,2019-04-04,AMBER,540902,B ,845.0,845.0,820.1,826.35,845.25,166,1368623.0
3187127,2019-04-05,AMBER,540902,B ,827.7,836.0,823.25,826.1,826.35,85,651863.0
3190106,2019-04-08,AMBER,540902,B ,840.0,844.75,826.0,835.6,826.1,161,1382116.0
3193009,2019-04-09,AMBER,540902,B ,843.05,850.0,824.0,828.25,835.6,98,635474.0
3195913,2019-04-10,AMBER,540902,B ,838.2,838.2,827.0,833.75,828.25,69,480393.0
3198801,2019-04-11,AMBER,540902,B ,828.55,838.35,825.0,834.85,833.75,100,502073.0
3201691,2019-04-12,AMBER,540902,B ,843.3,843.3,827.85,831.4,834.85,83,570917.0
3204707,2019-04-15,AMBER,540902,B ,829.0,833.25,822.85,824.55,831.4,87,421867.0
3207610,2019-04-16,AMBER,540902,B ,841.95,848.05,820.0,837.05,824.55,293,1506278.0
3210527,2019-04-18,AMBER,540902,B ,827.0,833.5,820.8,830.7,837.05,105,738270.0
3213409,2019-04-22,AMBER,540902,B ,828.0,829.5,820.0,827.8,830.7,114,754076.0
3216299,2019-04-23,AMBER,540902,B ,836.9,842.0,825.05,831.25,827.8,102,985226.0
3219142,2019-04-24,AMBER,540902,B ,829.75,829.75,823.1,825.75,831.25,9,43017.0
3221962,2019-04-25,AMBER,540902,B ,821.05,828.0,816.0,816.95,825.75,104,700410.0
3224830,2019-04-26,AMBER,540902,B ,824.0,824.0,806.0,809.25,816.95,123,630714.0
3227721,2019-04-30,AMBER,540902,B ,800.0,800.0,771.0,782.15,809.25,242,1364754.0
3230643,2019-05-02,AMBER,540902,B ,798.8,810.0,791.0,806.7,782.15,117,708970.0
3233570,2019-05-03,AMBER,540902,B ,814.95,825.0,806.0,819.2,806.7,127,761979.0
3236447,2019-05-06,AMBER,540902,B ,815.7,819.0,783.0,797.25,819.2,117,588780.0
3239351,2019-05-07,AMBER,540902,B ,807.25,810.0,784.0,786.55,797.25,119,570766.0
3242185,2019-05-08,AMBER,540902,B ,784.0,784.0,759.05,761.5,786.55,140,869313.0
3245029,2019-05-09,AMBER,540902,B ,765.0,770.0,752.0,766.7,761.5,65,249690.0
3247883,2019-05-10,AMBER,540902,B ,761.6,772.75,757.0,766.15,766.7,99,878244.0
3250753,2019-05-13,AMBER,540902,B ,760.0,762.85,745.0,746.8,766.15,69,320798.0
3253612,2019-05-14,AMBER,540902,B ,740.9,750.0,740.9,743.25,746.8,25,74392.0
3256574,2019-05-15,AMBER,540902,B ,745.0,745.0,730.0,731.5,743.25,71,247216.0
3259427,2019-05-16,AMBER,540902,B ,735.7,735.7,702.5,708.65,731.5,161,429062.0
3262282,2019-05-17,AMBER,540902,B ,710.85,739.45,710.85,731.6,708.65,121,535435.0
3265284,2019-05-20,AMBER,540902,B ,752.7,752.7,741.0,746.85,731.6,122,1086870.0
3268193,2019-05-21,AMBER,540902,B ,742.1,745.0,735.1,739.55,746.85,53,127390.0
3271114,2019-05-22,AMBER,540902,B ,737.1,737.8,725.0,733.6,739.55,15,38928.0
3273992,2019-05-23,AMBER,540902,B ,740.0,740.0,710.0,718.4,733.6,128,517146.0
3276837,2019-05-24,AMBER,540902,B ,727.45,740.0,721.0,739.0,718.4,227,880919.0
3279790,2019-05-27,AMBER,540902,B ,850.0,871.0,808.8,834.5,739.0,1507,17943752.0
3282746,2019-05-28,AMBER,540902,B ,835.2,854.6,815.0,833.65,834.5,502,3726243.0
3285686,2019-05-29,AMBER,540902,B ,830.0,852.15,830.0,843.0,833.65,209,1837706.0
3288623,2019-05-30,AMBER,540902,B ,852.0,853.75,842.0,849.2,843.0,112,895134.0
3291569,2019-05-31,AMBER,540902,B ,851.0,855.0,830.0,834.45,849.2,81,1363810.0
3294540,2019-06-03,AMBER,540902,B ,835.25,847.3,833.8,838.25,834.45,121,465313.0
3297495,2019-06-04,AMBER,540902,B ,838.0,850.0,830.05,838.1,838.25,109,676221.0
3300434,2019-06-06,AMBER,540902,B ,835.95,835.95,816.0,822.6,838.1,276,2643749.0
3303283,2019-06-07,AMBER,540902,B ,819.3,825.85,810.0,822.2,822.6,36,212159.0
3306304,2019-06-10,AMBER,540902,B ,818.55,818.55,800.0,809.8,822.2,59,815740.0
3309271,2019-06-11,AMBER,540902,B ,813.55,836.15,813.55,826.1,809.8,52,215993.0
3312201,2019-06-12,AMBER,540902,B ,820.0,827.4,817.95,825.1,826.1,43,289570.0
3315108,2019-06-13,AMBER,540902,B ,821.1,825.0,811.95,815.0,825.1,30,175802.0
3318003,2019-06-14,AMBER,540902,B ,816.6,827.8,808.5,811.6,815.0,86,764612.0
3320930,2019-06-17,AMBER,540902,B ,815.25,815.25,804.95,805.0,811.6,29,906149.0
3323797,2019-06-18,AMBER,540902,B ,810.3,815.0,791.55,796.9,805.0,133,1363634.0
3326691,2019-06-19,AMBER,540902,B ,802.05,819.9,785.5,804.6,796.9,80,645186.0
3329607,2019-06-20,AMBER,540902,B ,804.3,815.5,794.0,813.55,804.6,54,189908.0
3332486,2019-06-21,AMBER,540902,B ,808.0,820.0,805.0,818.65,813.55,28,114456.0
3335412,2019-06-24,AMBER,540902,B ,829.9,829.9,814.0,816.45,818.65,181,525574.0
3338330,2019-06-25,AMBER,540902,B ,814.1,830.0,814.1,827.5,816.45,45,261563.0
3341196,2019-06-26,AMBER,540902,B ,827.85,829.1,820.0,824.75,827.5,87,249081.0
3344115,2019-06-27,AMBER,540902,B ,824.95,830.0,818.6,825.8,824.75,61,276487.0
3347030,2019-06-28,AMBER,540902,B ,820.0,830.0,820.0,828.3,825.8,44,223918.0
3350003,2019-07-01,AMBER,540902,B ,830.95,830.95,817.0,817.95,828.3,39,219975.0
3352881,2019-07-02,AMBER,540902,B ,820.95,829.15,807.9,827.35,817.95,164,542890.0
3355740,2019-07-03,AMBER,540902,B ,826.75,828.6,818.1,825.35,827.35,19,76449.0
3358577,2019-07-04,AMBER,540902,B ,826.0,832.0,822.2,829.0,825.35,14,51305.0
3361404,2019-07-05,AMBER,540902,B ,823.9,830.0,815.8,825.55,829.0,66,306882.0
3364268,2019-07-08,AMBER,540902,B ,831.95,831.95,813.2,819.5,825.55,83,341983.0
3367092,2019-07-09,AMBER,540902,B ,817.0,821.4,816.55,819.9,819.5,28,224608.0
3369886,2019-07-10,AMBER,540902,B ,830.0,835.0,825.0,826.75,819.9,170,1150895.0
3372679,2019-07-11,AMBER,540902,B ,827.0,860.0,824.3,844.7,826.75,193,1482069.0
3375469,2019-07-12,AMBER,540902,B ,840.4,851.05,825.6,831.25,844.7,167,582907.0
3378319,2019-07-15,AMBER,540902,B ,832.65,832.75,815.0,817.2,831.25,48,163257.0
3381163,2019-07-16,AMBER,540902,B ,819.0,823.6,817.0,820.75,817.2,22,108216.0
3384042,2019-07-17,AMBER,540902,B ,821.0,831.85,817.0,823.85,820.75,164,678104.0
3386913,2019-07-18,AMBER,540902,B ,825.35,829.45,824.0,827.8,823.85,30,110013.0
3389808,2019-07-19,AMBER,540902,B ,830.0,853.5,826.25,835.95,827.8,174,1615251.0
3392711,2019-07-22,AMBER,540902,B ,820.05,820.05,791.0,808.35,835.95,123,576865.0
3395578,2019-07-23,AMBER,540902,B ,801.3,825.5,797.0,813.95,808.35,103,320484.0
3398386,2019-07-24,AMBER,540902,B ,820.3,820.3,785.0,803.2,813.95,129,1805345.0
3401204,2019-07-25,AMBER,540902,B ,805.0,820.0,794.05,806.6,803.2,79,212979.0
3404067,2019-07-26,AMBER,540902,B ,820.0,820.0,795.65,809.55,806.6,79,238040.0
3406868,2019-07-29,AMBER,540902,B ,821.85,824.7,812.75,814.85,809.55,65,293805.0
3409695,2019-07-30,AMBER,540902,B ,809.75,809.75,774.95,776.3,814.85,164,866902.0
3412562,2019-07-31,AMBER,540902,B ,777.4,790.0,752.55,781.5,776.3,90,466192.0
3415387,2019-08-01,AMBER,540902,B ,767.6,792.0,767.55,790.0,781.5,74,414166.0
3418199,2019-08-02,AMBER,540902,B ,775.25,790.85,769.95,781.5,790.0,78,258404.0
3420984,2019-08-05,AMBER,540902,B ,770.0,770.0,750.0,756.05,781.5,78,297390.0
3423771,2019-08-06,AMBER,540902,B ,773.65,809.1,755.3,798.75,756.05,129,854781.0
3426623,2019-08-07,AMBER,540902,B ,813.95,814.0,779.9,780.9,798.75,44,308416.0
3429395,2019-08-08,AMBER,540902,B ,791.1,794.15,785.85,788.3,780.9,33,210090.0
3432260,2019-08-09,AMBER,540902,B ,803.0,823.0,789.45,802.7,788.3,106,641529.0
3435145,2019-08-13,AMBER,540902,B ,820.0,843.0,817.0,820.95,802.7,234,1477956.0
3437989,2019-08-14,AMBER,540902,B ,836.0,836.0,810.0,813.05,820.95,98,753331.0
3440841,2019-08-16,AMBER,540902,B ,811.1,857.2,802.75,851.4,813.05,139,1085645.0
3443701,2019-08-19,AMBER,540902,B ,840.0,840.0,827.0,828.7,851.4,43,98224.0
3446519,2019-08-20,AMBER,540902,B ,831.05,835.55,822.0,823.1,828.7,47,335784.0
3449363,2019-08-21,AMBER,540902,B ,817.0,819.3,809.5,810.0,823.1,54,57628896.0
3452180,2019-08-22,AMBER,540902,B ,817.0,850.7,790.0,819.3,810.0,266,1507823.0
3455014,2019-08-23,AMBER,540902,B ,810.4,824.45,810.4,815.85,819.3,50,254808.0
3457881,2019-08-26,AMBER,540902,B ,832.35,870.0,819.9,857.5,815.85,219,1215245.0
3460807,2019-08-27,AMBER,540902,B ,857.5,857.95,831.0,832.65,857.5,103,361245.0
3463698,2019-08-28,AMBER,540902,B ,826.45,859.0,820.95,840.4,832.65,105,377123.0
3466552,2019-08-29,AMBER,540902,B ,850.0,850.0,824.5,825.55,840.4,87,317777.0
3469479,2019-08-30,AMBER,540902,B ,832.4,841.6,824.0,824.65,825.55,72,293557.0
3472317,2019-09-03,AMBER,540902,B ,825.0,832.1,816.3,824.25,824.65,133,750364.0
3475098,2019-09-04,AMBER,540902,B ,821.0,824.95,813.4,821.75,824.25,82,207732.0
3477895,2019-09-05,AMBER,540902,B ,822.05,827.75,810.0,812.4,821.75,35,144447.0
3480765,2019-09-06,AMBER,540902,B ,815.0,836.55,813.4,817.6,812.4,245,532380.0
3483716,2019-09-09,AMBER,540902,B ,820.0,830.9,816.75,827.95,817.6,72,295225.0
3486732,2019-09-11,AMBER,540902,B ,816.65,870.0,816.65,844.15,827.95,83,703121.0
3489588,2019-09-12,AMBER,540902,B ,839.0,844.55,827.4,837.7,844.15,47,293506.0
3492433,2019-09-13,AMBER,540902,B ,828.2,843.0,828.15,839.95,837.7,16,89108.0
3495340,2019-09-16,AMBER,540902,B ,835.0,837.0,830.0,831.15,839.95,17,81585.0
3498235,2019-09-17,AMBER,540902,B ,825.05,834.4,822.05,823.35,831.15,40,132929.0
3501108,2019-09-18,AMBER,540902,B ,820.0,843.7,815.1,821.7,823.35,137,498198.0
3503935,2019-09-19,AMBER,540902,B ,823.0,824.4,815.0,819.9,821.7,78,575855.0
3506883,2019-09-20,AMBER,540902,B ,819.9,850.0,816.5,846.7,819.9,265,1527763.0
3509921,2019-09-23,AMBER,540902,B ,857.0,1012.65,857.0,919.15,846.7,1400,10933117.0
3512848,2019-09-24,AMBER,540902,B ,935.0,950.0,902.0,911.85,919.15,530,4419428.0
3515719,2019-09-25,AMBER,540902,B ,905.0,934.85,885.0,899.5,911.85,217,1614525.0
3518663,2019-09-26,AMBER,540902,B ,904.65,904.65,859.15,873.85,899.5,379,1338755.0
3521526,2019-09-27,AMBER,540902,B ,891.0,894.15,859.7,866.35,873.85,201,722132.0
3524425,2019-09-30,AMBER,540902,B ,867.95,920.0,867.95,906.65,866.35,435,1294327.0
3527289,2019-10-01,AMBER,540902,B ,913.0,920.5,864.9,904.9,906.65,310,949085.0
3530167,2019-10-03,AMBER,540902,B ,890.05,900.85,868.05,874.6,904.9,95,931517.0
3533284,2019-10-04,AMBER,540902,B ,890.95,890.95,876.85,878.8,874.6,75,175999.0
3536281,2019-10-07,AMBER,540902,B ,880.0,920.0,880.0,881.55,878.8,300,1121258.0
3539196,2019-10-09,AMBER,540902,B ,880.0,901.7,812.0,877.45,881.55,90,258066.0
3542061,2019-10-10,AMBER,540902,B ,889.7,924.25,889.7,909.5,877.45,273,1813462.0
3544956,2019-10-11,AMBER,540902,B ,913.2,949.5,913.2,928.5,909.5,656,2432810.0
3547912,2019-10-14,AMBER,540902,B ,940.0,958.55,928.8,933.5,928.5,791,4017640.0
3550788,2019-10-15,AMBER,540902,B ,930.0,939.35,924.85,929.4,933.5,120,364067.0
3553685,2019-10-16,AMBER,540902,B ,928.0,936.6,899.45,914.9,929.4,322,1865583.0
3556586,2019-10-17,AMBER,540902,B ,920.0,946.7,905.0,908.4,914.9,532,178597821.0
3559520,2019-10-18,AMBER,540902,B ,919.0,950.0,912.1,936.3,908.4,475,3032087.0
3562504,2019-10-22,AMBER,540902,B ,940.0,960.0,923.85,937.4,936.3,292,2255313.0
3565428,2019-10-23,AMBER,540902,B ,944.0,973.3,933.3,952.6,937.4,522,3359837.0
3568262,2019-10-24,AMBER,540902,B ,954.0,1008.45,952.2,989.15,952.6,1140,8123393.0
3571064,2019-10-25,AMBER,540902,B ,990.0,1022.35,984.0,988.15,989.15,679,4611106.0
3573590,2019-10-27,AMBER,540902,B ,1000.0,1020.0,1000.0,1012.7,988.15,266,2042211.0
3576363,2019-10-29,AMBER,540902,B ,1020.0,1042.0,995.0,1000.3,1012.7,871,7947325.0
3579262,2019-10-30,AMBER,540902,B ,1005.0,1009.95,988.0,998.9,1000.3,379,3327910.0
3582191,2019-10-31,AMBER,540902,B ,1007.75,1060.0,982.8,1046.15,998.9,1329,8616576.0
3585180,2019-11-01,AMBER,540902,B ,1040.6,1052.8,1010.0,1020.85,1046.15,494,3735937.0
3588160,2019-11-04,AMBER,540902,B ,1049.0,1084.0,1002.15,1007.7,1020.85,264,1757190.0
3591070,2019-11-05,AMBER,540902,B ,1007.7,1012.95,982.8,987.85,1007.7,420,2237114.0
3594002,2019-11-06,AMBER,540902,B ,993.55,994.7,971.45,976.1,987.85,173,1432870.0
3596949,2019-11-07,AMBER,540902,B ,999.9,1009.0,992.5,998.8,976.1,245,1153154.0
3599885,2019-11-08,AMBER,540902,B ,1013.5,1028.0,944.7,973.4,998.8,1184,7403303.0
3602820,2019-11-11,AMBER,540902,B ,994.0,1016.55,986.4,998.75,973.4,888,3036368.0
3605793,2019-11-13,AMBER,540902,B ,999.4,1003.75,980.3,987.0,998.75,172,837953.0
3608758,2019-11-14,AMBER,540902,B ,1000.8,1010.0,971.0,979.7,987.0,285,1687379.0
3611746,2019-11-15,AMBER,540902,B ,980.0,989.1,972.5,974.55,979.7,160,567857.0
3614779,2019-11-18,AMBER,540902,B ,985.15,1003.2,978.2,999.85,974.55,450,1484617.0
3617742,2019-11-19,AMBER,540902,B ,991.45,1003.55,983.3,987.15,999.85,184,628734.0
3620742,2019-11-20,AMBER,540902,B ,988.0,1005.05,988.0,997.65,987.15,165,860798.0
3623779,2019-11-21,AMBER,540902,B ,994.95,1001.4,985.0,986.6,997.65,85,454028.0
3626760,2019-11-22,AMBER,540902,B ,987.45,999.05,980.0,983.15,986.6,144,761072.0
3629701,2019-11-25,AMBER,540902,B ,986.35,997.65,985.95,988.95,983.15,165,574499.0
3632654,2019-11-26,AMBER,540902,B ,987.3,994.3,978.75,988.95,988.95,109,1086326.0
3635601,2019-11-27,AMBER,540902,B ,992.65,1017.95,990.15,1006.65,988.95,289,2608274.0
3638507,2019-11-28,AMBER,540902,B ,1012.55,1034.6,1012.05,1014.5,1006.65,348,2199773.0
3641461,2019-11-29,AMBER,540902,B ,1016.95,1048.0,1016.95,1036.55,1014.5,490,2983961.0
3644423,2019-12-02,AMBER,540902,B ,1040.25,1068.75,1031.95,1042.3,1036.55,382,2064241.0
3647340,2019-12-03,AMBER,540902,B ,1046.0,1046.0,1025.6,1034.05,1042.3,209,7041395.0
3650295,2019-12-04,AMBER,540902,B ,1029.2,1099.5,1027.35,1070.75,1034.05,785,4495256.0
3653194,2019-12-05,AMBER,540902,B ,1100.0,1100.0,1052.0,1063.3,1070.75,248,2003444.0
3656130,2019-12-06,AMBER,540902,B ,1074.0,1074.0,1016.85,1047.85,1063.3,470,2822187.0
3659054,2019-12-09,AMBER,540902,B ,1050.0,1051.0,1025.0,1041.0,1047.85,316,895733.0
3662010,2019-12-10,AMBER,540902,B ,1044.95,1046.85,997.0,1021.2,1041.0,1136,4026424.0
3664949,2019-12-11,AMBER,540902,B ,1030.05,1031.2,1013.9,1018.25,1021.2,195,903290.0
3667779,2019-12-12,AMBER,540902,B ,1017.0,1024.75,1014.0,1016.25,1018.25,90,375351.0
3670723,2019-12-13,AMBER,540902,B ,1031.85,1031.85,1016.25,1021.45,1016.25,119,541687.0
3673659,2019-12-16,AMBER,540902,B ,1025.0,1030.0,1011.45,1017.0,1021.45,324,946281.0
3676627,2019-12-17,AMBER,540902,B ,1018.6,1034.0,1018.6,1023.85,1017.0,151,460966.0
3679584,2019-12-18,AMBER,540902,B ,1025.0,1040.95,1019.9,1026.15,1023.85,101,570088.0
3682455,2019-12-19,AMBER,540902,B ,1027.0,1033.2,1020.0,1025.7,1026.15,82,306692.0
3685362,2019-12-20,AMBER,540902,B ,1026.0,1034.55,1015.0,1023.35,1025.7,135,491980.0
3688335,2019-12-23,AMBER,540902,B ,1030.15,1030.2,1018.45,1020.95,1023.35,59,305967.0
3691253,2019-12-24,AMBER,540902,B ,1025.0,1068.0,1025.0,1033.95,1020.95,422,2011265.0
3694171,2019-12-26,AMBER,540902,B ,1057.0,1086.55,1035.05,1077.4,1033.95,505,2979248.0
3697126,2019-12-27,AMBER,540902,B ,1088.75,1112.95,1083.65,1093.4,1077.4,696,4552068.0
3700140,2019-12-30,AMBER,540902,B ,1093.0,1138.0,1093.0,1130.65,1093.4,884,5379924.0
3703131,2019-12-31,AMBER,540902,B ,1143.7,1145.9,1106.3,1116.55,1130.65,687,6547988.0
245357,2020-01-01,AMBER,540902,B,1119.0,1159.8,1119.0,1151.05,1116.55,3431,3920836.0
245358,2020-01-02,AMBER,540902,B,1147.35,1177.8,1125.2,1151.25,1151.05,4930,5733187.0
245359,2020-01-03,AMBER,540902,B,1139.8,1161.5,1131.0,1139.7,1151.25,1987,2265235.0
245360,2020-01-06,AMBER,540902,B,1113.05,1163.3,1112.0,1129.55,1139.7,3580,4083905.0
245361,2020-01-07,AMBER,540902,B,1160.0,1175.0,1153.05,1170.9,1129.55,74813,87170254.0
245362,2020-01-08,AMBER,540902,B,1159.0,1228.5,1159.0,1184.75,1170.9,14343,17204904.0
245363,2020-01-09,AMBER,540902,B,1200.0,1223.8,1182.0,1209.65,1184.75,7028,8427691.0
245364,2020-01-10,AMBER,540902,B,1222.0,1239.55,1199.05,1229.25,1209.65,4550,5580873.0
245365,2020-01-13,AMBER,540902,B,1257.9,1269.3,1231.1,1241.6,1229.25,3109,3879989.0
245366,2020-01-14,AMBER,540902,B,1255.0,1299.0,1233.65,1291.4,1241.6,3191,4060395.0
245367,2020-01-15,AMBER,540902,B,1269.5,1350.0,1269.5,1304.75,1291.4,12211,16199066.0
245368,2020-01-16,AMBER,540902,B,1315.0,1330.0,1308.85,1316.7,1304.75,2111,2786841.0
245369,2020-01-17,AMBER,540902,B,1340.0,1346.4,1321.0,1325.5,1316.7,2657,3538891.0
245370,2020-01-20,AMBER,540902,B,1326.0,1344.6,1280.0,1289.35,1325.5,3166,4158398.0
245371,2020-01-21,AMBER,540902,B,1291.3,1349.0,1279.0,1318.2,1289.35,2466,3224315.0
245372,2020-01-22,AMBER,540902,B,1324.0,1348.8,1324.0,1342.7,1318.2,982,1315111.0
245373,2020-01-23,AMBER,540902,B,1347.6,1369.65,1347.6,1365.0,1342.7,1805,2461167.0
245374,2020-01-24,AMBER,540902,B,1365.8,1378.25,1353.0,1367.6,1365.0,13210,18029627.0
245375,2020-01-27,AMBER,540902,B,1363.0,1411.0,1359.7,1407.4,1367.6,21168,29420162.0
245376,2020-01-28,AMBER,540902,B,1410.0,1486.0,1397.2,1467.55,1407.4,25477,36901551.0
245377,2020-01-29,AMBER,540902,B,1480.0,1585.05,1480.0,1529.3,1467.55,15136,23181850.0
245378,2020-01-30,AMBER,540902,B,1541.0,1541.0,1477.35,1497.25,1529.3,8760,13118636.0
245379,2020-01-31,AMBER,540902,B,1576.0,1639.0,1498.0,1508.6,1497.25,18173,28133511.0
245380,2020-02-01,AMBER,540902,B,1550.0,1550.0,1431.95,1450.25,1508.6,5211,7760522.0
245381,2020-02-03,AMBER,540902,B,1440.0,1585.9,1377.6,1535.25,1450.25,13741,20674440.0
245382,2020-02-04,AMBER,540902,B,1555.0,1622.0,1555.0,1604.9,1535.25,9022,14433354.0
245383,2020-02-05,AMBER,540902,B,1619.9,1639.2,1560.25,1577.55,1604.9,6037,9671632.0
245384,2020-02-06,AMBER,540902,B,1570.0,1607.0,1560.35,1567.1,1577.55,2879,4563622.0
245385,2020-02-07,AMBER,540902,B,1579.0,1579.1,1532.15,1542.5,1567.1,2959,4575428.0
245386,2020-02-10,AMBER,540902,B,1545.0,1677.3,1539.35,1637.45,1542.5,10006,16408457.0
245387,2020-02-11,AMBER,540902,B,1658.9,1667.9,1600.2,1605.65,1637.45,6073,9882979.0
245388,2020-02-12,AMBER,540902,B,1627.4,1647.7,1601.0,1610.25,1605.65,3229,5241980.0
245389,2020-02-13,AMBER,540902,B,1615.1,1620.0,1591.4,1604.5,1610.25,2536,4070898.0
245390,2020-02-14,AMBER,540902,B,1615.0,1625.0,1550.0,1570.35,1604.5,1885,3018106.0
245391,2020-02-17,AMBER,540902,B,1569.0,1599.65,1509.05,1573.6,1570.35,4532,7021650.0
245392,2020-02-18,AMBER,540902,B,1549.25,1569.0,1533.0,1554.75,1573.6,2246,3482335.0
245393,2020-02-19,AMBER,540902,B,1573.65,1653.7,1565.0,1644.95,1554.75,9460,15350584.0
245394,2020-02-20,AMBER,540902,B,1679.0,1690.0,1624.0,1643.25,1644.95,114744,189520107.0
245395,2020-02-24,AMBER,540902,B,1644.0,1644.0,1537.2,1547.7,1643.25,6490,10221548.0
245396,2020-02-25,AMBER,540902,B,1560.1,1598.35,1540.0,1545.3,1547.7,2931,4583990.0
245397,2020-02-26,AMBER,540902,B,1535.0,1535.0,1470.0,1485.2,1545.3,4447,6685757.0
245398,2020-02-27,AMBER,540902,B,1500.0,1500.0,1377.6,1405.45,1485.2,5692,8104187.0
245399,2020-02-28,AMBER,540902,B,1370.0,1383.45,1318.25,1372.65,1405.45,6415,8737397.0
245400,2020-03-02,AMBER,540902,B,1418.0,1439.95,1345.5,1359.65,1372.65,4265,5996620.0
245401,2020-03-03,AMBER,540902,B,1399.0,1428.0,1374.8,1420.65,1359.65,4219,5911026.0
245402,2020-03-04,AMBER,540902,B,1427.35,1439.2,1345.0,1373.1,1420.65,4521,6238674.0
245403,2020-03-05,AMBER,540902,B,1393.5,1442.95,1350.05,1419.35,1373.1,6695,9429403.0
245404,2020-03-06,AMBER,540902,B,1355.0,1510.75,1301.05,1464.2,1419.35,6874,9873538.0
245405,2020-03-09,AMBER,540902,B,1495.0,1499.9,1263.6,1363.8,1464.2,11142,15776985.0
245406,2020-03-11,AMBER,540902,B,1407.2,1443.5,1343.05,1427.75,1363.8,3342,4663285.0
245407,2020-03-12,AMBER,540902,B,1421.0,1421.0,1243.0,1262.95,1427.75,4558,5875942.0
245408,2020-03-13,AMBER,540902,B,1220.0,1354.6,1020.0,1331.8,1262.95,11086,13851620.0
245409,2020-03-16,AMBER,540902,B,1299.9,1299.9,1203.1,1220.2,1331.8,3729,4686714.0
245410,2020-03-17,AMBER,540902,B,1268.1,1279.9,1205.1,1212.45,1220.2,1853,2301204.0
245411,2020-03-18,AMBER,540902,B,1228.55,1235.0,1088.0,1113.55,1212.45,2480,2879083.0
245412,2020-03-19,AMBER,540902,B,1026.25,1185.7,975.0,1097.4,1113.55,3334,3534315.0
245413,2020-03-20,AMBER,540902,B,1151.2,1250.95,1128.05,1221.25,1097.4,6828,8166104.0
245414,2020-03-23,AMBER,540902,B,990.05,1247.55,990.05,1077.95,1221.25,3246,3495162.0
245415,2020-03-24,AMBER,540902,B,1107.7,1170.0,1016.4,1067.05,1077.95,2689,2904001.0
245416,2020-03-25,AMBER,540902,B,1040.0,1160.0,1040.0,1141.1,1067.05,966,1078304.0
245417,2020-03-26,AMBER,540902,B,1150.0,1269.95,1125.0,1231.35,1141.1,2467,3015350.0
245418,2020-03-27,AMBER,540902,B,1298.0,1310.0,1192.3,1220.65,1231.35,1483,1850422.0
245419,2020-03-30,AMBER,540902,B,1222.0,1239.7,1145.2,1178.9,1220.65,1090,1299192.0
245420,2020-03-31,AMBER,540902,B,1209.6,1257.2,1209.6,1225.8,1178.9,725,895615.0
245421,2020-04-01,AMBER,540902,B,1245.85,1340.15,1245.85,1266.5,1225.8,863,1109832.0
245422,2020-04-03,AMBER,540902,B,1290.0,1304.0,1180.0,1191.3,1266.5,1025,1249555.0
245423,2020-04-07,AMBER,540902,B,1211.0,1252.0,1185.1,1189.5,1191.3,1858,2273339.0
245424,2020-04-08,AMBER,540902,B,1200.0,1209.95,1075.0,1104.05,1189.5,5156,5852088.0
245425,2020-04-09,AMBER,540902,B,1150.0,1150.0,985.0,1009.0,1104.05,7573,7799300.0
245426,2020-04-13,AMBER,540902,B,1034.95,1045.0,921.6,1014.65,1009.0,5879,5701150.0
245427,2020-04-15,AMBER,540902,B,1015.0,1112.4,1004.4,1080.2,1014.65,5501,5852457.0
245428,2020-04-16,AMBER,540902,B,1150.0,1150.0,1080.0,1114.95,1080.2,2767,3097918.0
245429,2020-04-17,AMBER,540902,B,1160.0,1185.6,1121.45,1154.9,1114.95,3198,3679941.0
245430,2020-04-20,AMBER,540902,B,1179.8,1179.8,1090.6,1113.25,1154.9,152168,175982173.0
245431,2020-04-21,AMBER,540902,B,1091.0,1109.0,1069.9,1093.75,1113.25,1275,1385972.0
245432,2020-04-22,AMBER,540902,B,1081.0,1128.1,1081.0,1100.9,1093.75,744,821221.0
245433,2020-04-23,AMBER,540902,B,1081.0,1149.85,1081.0,1121.75,1100.9,3057,3455628.0
245434,2020-04-24,AMBER,540902,A,1102.8,1114.15,1075.0,1084.95,1121.75,1342,1470034.0
245435,2020-04-27,AMBER,540902,A,1119.95,1119.95,1085.0,1088.3,1084.95,818,899164.0
245436,2020-04-28,AMBER,540902,A,1108.8,1109.8,1077.1,1087.0,1088.3,823,892947.0
245437,2020-04-29,AMBER,540902,A,1085.0,1095.0,1062.95,1073.05,1087.0,1547,1668967.0
245438,2020-04-30,AMBER,540902,A,1100.0,1104.85,1070.0,1072.55,1073.05,2470,2693650.0
245439,2020-05-04,AMBER,540902,A,1050.0,1119.0,1011.1,1080.25,1072.55,3072,3295449.0
245440,2020-05-05,AMBER,540902,A,1104.25,1110.0,1069.95,1081.15,1080.25,1703,1855569.0
245441,2020-05-06,AMBER,540902,A,1083.55,1150.0,1048.75,1133.5,1081.15,5956,6643583.0
245442,2020-05-07,AMBER,540902,A,1133.0,1148.0,1091.0,1110.85,1133.5,4049,4541227.0
245443,2020-05-08,AMBER,540902,A,1078.05,1120.0,1078.05,1094.2,1110.85,1286,1420733.0
245444,2020-05-11,AMBER,540902,A,1100.6,1126.75,1067.0,1074.3,1094.2,1378,1499924.0
245445,2020-05-12,AMBER,540902,A,1074.3,1089.85,1059.85,1069.7,1074.3,1157,1239234.0
245446,2020-05-13,AMBER,540902,A,1200.0,1200.0,1090.0,1120.65,1069.7,8769,9958535.0
245447,2020-05-14,AMBER,540902,A,1101.75,1143.5,1101.0,1127.55,1120.65,1669,1880137.0
245448,2020-05-15,AMBER,540902,A,1105.05,1164.3,1105.05,1139.1,1127.55,1414,1616799.0
245449,2020-05-18,AMBER,540902,A,1144.0,1152.0,1056.0,1078.05,1139.1,1274,1391075.0
245450,2020-05-19,AMBER,540902,A,1098.95,1130.0,1098.95,1123.95,1078.05,876,978651.0
245451,2020-05-20,AMBER,540902,A,1140.0,1199.9,1135.4,1180.75,1123.95,3219,3762850.0
245452,2020-05-21,AMBER,540902,A,1170.0,1200.7,1166.55,1182.35,1180.75,1616,1911719.0
245453,2020-05-22,AMBER,540902,A,1183.45,1222.1,1179.1,1187.7,1182.35,1353,1617024.0
245454,2020-05-26,AMBER,540902,A,1191.65,1223.0,1191.65,1204.5,1187.7,823,992287.0
245455,2020-05-27,AMBER,540902,A,1211.9,1233.7,1196.25,1201.45,1204.5,561,678365.0
245456,2020-05-28,AMBER,540902,A,1220.0,1248.5,1220.0,1240.0,1201.45,1619,1999059.0
245457,2020-05-29,AMBER,540902,A,1254.85,1261.9,1211.35,1245.2,1240.0,1852,2307414.0
245458,2020-06-01,AMBER,540902,A,1279.0,1350.0,1279.0,1336.9,1245.2,4796,6348907.0
245459,2020-06-02,AMBER,540902,A,1342.0,1450.0,1342.0,1439.7,1336.9,5878,8277204.0
245460,2020-06-03,AMBER,540902,A,1480.0,1524.0,1461.0,1505.45,1439.7,5755,8650496.0
245461,2020-06-04,AMBER,540902,A,1509.9,1537.45,1438.85,1498.65,1505.45,4036,6061812.0
245462,2020-06-05,AMBER,540902,A,1544.0,1544.35,1465.0,1534.5,1498.65,1628,2446621.0
245463,2020-06-08,AMBER,540902,A,1549.9,1555.95,1475.0,1482.2,1534.5,2036,3063663.0
245464,2020-06-09,AMBER,540902,A,1500.0,1513.8,1440.0,1443.95,1482.2,1285,1900370.0
245465,2020-06-10,AMBER,540902,A,1444.0,1455.6,1395.75,1414.4,1443.95,1413,1991895.0
245466,2020-06-11,AMBER,540902,A,1450.0,1456.0,1361.0,1390.15,1414.4,1882,2650359.0
245467,2020-06-12,AMBER,540902,A,1305.0,1444.0,1300.0,1371.2,1390.15,2276,3139735.0
245468,2020-06-15,AMBER,540902,A,1399.85,1400.7,1328.05,1375.75,1371.2,1772,2431185.0
245469,2020-06-16,AMBER,540902,A,1390.0,1480.75,1379.7,1456.15,1375.75,7606,10984234.0
245470,2020-06-17,AMBER,540902,A,1449.9,1465.15,1405.0,1407.95,1456.15,741,1064011.0
245471,2020-06-18,AMBER,540902,A,1427.0,1475.0,1401.25,1468.25,1407.95,1560,2262965.0
245472,2020-06-19,AMBER,540902,A,1499.0,1519.95,1473.0,1509.6,1468.25,2010,3018285.0
245473,2020-06-20,AMBER,540902,A,1499.0,1519.95,1473.0,1509.6,1509.6,2010,3018285.0
245474,2020-06-22,AMBER,540902,A,1548.8,1570.5,1512.0,1555.0,1509.6,1739,2693943.0
245475,2020-06-23,AMBER,540902,A,1584.0,1618.0,1541.25,1595.85,1555.0,2136,3373315.0
245476,2020-06-24,AMBER,540902,A,1614.95,1614.95,1525.0,1548.6,1595.85,4087,6375317.0
245477,2020-06-25,AMBER,540902,A,1567.0,1601.0,1531.85,1577.95,1548.6,1651,2608890.0
245478,2020-06-26,AMBER,540902,A,1580.05,1607.8,1543.0,1547.4,1577.95,3577,5599961.0
245479,2020-06-29,AMBER,540902,A,1559.9,1559.9,1455.05,1483.85,1547.4,2321,3461641.0
245480,2020-06-30,AMBER,540902,A,1480.0,1513.85,1399.15,1435.45,1483.85,5379,7767758.0
245481,2020-07-01,AMBER,540902,A,1445.0,1459.45,1433.55,1440.05,1435.45,852,1229394.0
245482,2020-07-02,AMBER,540902,A,1459.85,1461.3,1434.0,1440.5,1440.05,1004,1454599.0
245483,2020-07-03,AMBER,540902,A,1454.9,1485.0,1429.7,1482.3,1440.5,3965,5835795.0
245484,2020-07-06,AMBER,540902,A,1485.0,1530.0,1475.0,1495.45,1482.3,2932,4415644.0
245485,2020-07-07,AMBER,540902,A,1518.9,1518.9,1457.55,1466.4,1495.45,3107,4592478.0
245486,2020-07-08,AMBER,540902,A,1499.95,1564.0,1471.95,1509.35,1466.4,4348,6645246.0
245487,2020-07-09,AMBER,540902,A,1533.0,1589.0,1525.25,1567.35,1509.35,3474,5443041.0
245488,2020-07-10,AMBER,540902,A,1574.9,1574.9,1525.75,1540.4,1567.35,3072,4740416.0
245489,2020-07-13,AMBER,540902,A,1578.95,1578.95,1526.85,1536.75,1540.4,1084,1677793.0
245490,2020-07-14,AMBER,540902,A,1530.0,1541.95,1486.35,1494.05,1536.75,609,916795.0
245491,2020-07-15,AMBER,540902,A,1510.0,1541.75,1490.0,1494.35,1494.05,1961,2976410.0
245492,2020-07-16,AMBER,540902,A,1530.0,1530.0,1470.0,1477.1,1494.35,992,1474993.0
245493,2020-07-17,AMBER,540902,A,1494.95,1507.4,1443.7,1457.8,1477.1,3096,4572561.0
245494,2020-07-20,AMBER,540902,A,1474.95,1510.0,1442.0,1487.15,1457.8,2337,3457680.0
245495,2020-07-21,AMBER,540902,A,1490.0,1550.0,1475.0,1536.15,1487.15,4536,6911166.0
245496,2020-07-22,AMBER,540902,A,1559.0,1559.0,1495.5,1505.05,1536.15,950,1439607.0
245497,2020-07-23,AMBER,540902,A,1530.0,1530.0,1464.0,1488.25,1505.05,2630,3979783.0
245498,2020-07-24,AMBER,540902,A,1485.0,1496.0,1466.15,1475.45,1488.25,7861,11690574.0
245499,2020-07-27,AMBER,540902,A,1474.0,1505.15,1463.0,1475.0,1475.45,1180,1739753.0
245500,2020-07-28,AMBER,540902,A,1498.0,1498.0,1465.55,1478.4,1475.0,2431,3608514.0
245501,2020-07-29,AMBER,540902,A,1497.8,1497.8,1463.15,1471.95,1478.4,2050,3035110.0
245502,2020-07-30,AMBER,540902,A,1497.0,1497.0,1463.5,1468.1,1471.95,1264,1863700.0
245503,2020-07-31,AMBER,540902,A,1495.0,1521.3,1467.25,1481.05,1468.1,2957,4392653.0
245504,2020-08-03,AMBER,540902,A,1501.0,1751.0,1501.0,1722.25,1481.05,26407,44487970.0
245505,2020-08-04,AMBER,540902,A,1748.0,1799.0,1691.3,1731.7,1722.25,45942,80282593.0
245506,2020-08-05,AMBER,540902,A,1735.05,1768.5,1705.5,1742.45,1731.7,7152,12418168.0
245507,2020-08-06,AMBER,540902,A,1742.45,1750.0,1670.0,1688.7,1742.45,2316,3961619.0
245508,2020-08-07,AMBER,540902,A,1720.0,1801.0,1700.0,1785.15,1688.7,7978,14038213.0
245509,2020-08-10,AMBER,540902,A,1700.0,1774.8,1678.0,1712.65,1785.15,16727,28700520.0
245510,2020-08-11,AMBER,540902,A,1750.0,1750.0,1701.0,1705.55,1712.65,1783,3060761.0
245511,2020-08-12,AMBER,540902,A,1728.45,1728.45,1642.25,1652.75,1705.55,4257,7088317.0
245512,2020-08-13,AMBER,540902,A,1643.0,1692.0,1643.0,1683.95,1652.75,1960,3295108.0
245513,2020-08-14,AMBER,540902,A,1699.9,1786.0,1699.0,1736.25,1683.95,8354,14638572.0
245514,2020-08-17,AMBER,540902,A,1780.0,1787.2,1729.7,1772.8,1736.25,7757,13695000.0
245515,2020-08-18,AMBER,540902,A,1780.0,1860.05,1777.55,1832.85,1772.8,17327,31722586.0
245516,2020-08-19,AMBER,540902,A,1810.0,1870.0,1810.0,1840.3,1832.85,16735,30766888.0
245517,2020-08-20,AMBER,540902,A,1825.0,1832.4,1760.0,1776.25,1840.3,6649,11936956.0
245518,2020-08-21,AMBER,540902,A,1782.0,1810.45,1762.9,1770.95,1776.25,3065,5454524.0
245519,2020-08-24,AMBER,540902,A,1776.0,1864.25,1776.0,1823.6,1770.95,17296,31447438.0
245520,2020-08-25,AMBER,540902,A,1823.6,1857.4,1812.95,1821.6,1823.6,8899,16297399.0
245521,2020-08-26,AMBER,540902,A,1833.95,1858.0,1810.8,1818.55,1821.6,11015,20183005.0
245522,2020-08-27,AMBER,540902,A,1830.0,1840.5,1785.25,1798.2,1818.55,4923,8929748.0
245523,2020-08-28,AMBER,540902,A,1822.9,1828.5,1800.1,1819.75,1798.2,5783,10516377.0
245524,2020-08-31,AMBER,540902,A,1755.0,1847.95,1709.25,1733.15,1819.75,12945,22965409.0
245525,2020-09-01,AMBER,540902,A,1700.1,1804.95,1700.1,1794.5,1733.15,3924,6987056.0
245526,2020-09-02,AMBER,540902,A,1799.95,1842.0,1789.8,1816.85,1794.5,3601,6546746.0
245527,2020-09-03,AMBER,540902,A,1825.95,1838.1,1807.5,1811.55,1816.85,3034,5516976.0
245528,2020-09-04,AMBER,540902,A,1780.0,1920.9,1779.3,1835.6,1811.55,9184,17206187.0
245529,2020-09-07,AMBER,540902,A,1835.6,1881.3,1821.1,1837.75,1835.6,5299,9797006.0
245530,2020-09-08,AMBER,540902,A,1842.1,1997.4,1842.1,1878.9,1837.75,21758,41920679.0
245531,2020-09-09,AMBER,540902,A,1880.0,1969.5,1880.0,1937.9,1878.9,9191,17669267.0
245532,2020-09-10,AMBER,540902,A,1950.0,1990.0,1867.0,1900.25,1937.9,13240,25624997.0
245533,2020-09-11,AMBER,540902,A,1890.0,1890.0,1725.25,1767.85,1900.25,280091,512463783.0
245534,2020-09-14,AMBER,540902,A,1790.0,1984.75,1784.75,1958.25,1767.85,42881,81413814.0
245535,2020-09-15,AMBER,540902,A,1979.4,2114.25,1969.85,2064.7,1958.25,57088,116795384.0
245536,2020-09-16,AMBER,540902,A,2064.7,2064.7,1989.8,2019.95,2064.7,14304,28789070.0
245537,2020-09-17,AMBER,540902,A,1983.05,2037.95,1963.85,1979.7,2019.95,12957,25789165.0
245538,2020-09-18,AMBER,540902,A,1979.7,2059.1,1974.9,2044.2,1979.7,24129,49052457.0
245539,2020-09-21,AMBER,540902,A,2069.9,2084.5,1960.05,1993.3,2044.2,22322,45400801.0
245540,2020-09-22,AMBER,540902,A,1970.0,2019.6,1790.9,1973.2,1993.3,27075,51424717.0
245541,2020-09-23,AMBER,540902,A,1975.05,2039.05,1940.1,1992.05,1973.2,9876,19724415.0
245542,2020-09-24,AMBER,540902,A,1930.0,1985.0,1873.6,1884.75,1992.05,3612,6908763.0
245543,2020-09-25,AMBER,540902,A,1890.05,1972.65,1890.05,1948.55,1884.75,3321,6448571.0
245544,2020-09-28,AMBER,540902,A,1988.95,2120.0,1950.7,2036.7,1948.55,25836,52981929.0
245545,2020-09-29,AMBER,540902,A,2075.0,2111.55,2047.0,2069.4,2036.7,6609,13737570.0
245546,2020-09-30,AMBER,540902,A,2072.2,2088.4,2020.0,2037.0,2069.4,26089,53080859.0
245547,2020-10-01,AMBER,540902,A,2067.95,2072.5,2030.6,2039.4,2037.0,1307,2680990.0
245548,2020-10-05,AMBER,540902,A,2060.0,2105.9,2028.5,2088.05,2039.4,4163,8646363.0
245549,2020-10-06,AMBER,540902,A,2080.1,2091.45,2042.05,2049.9,2088.05,2531,5221505.0
245550,2020-10-07,AMBER,540902,A,2051.9,2078.7,2016.0,2022.9,2049.9,1294,2647613.0
245551,2020-10-08,AMBER,540902,A,2035.5,2035.5,1938.3,1953.1,2022.9,7226,14230772.0
245552,2020-10-09,AMBER,540902,A,1953.0,1981.25,1863.0,1872.65,1953.1,25223,49098119.0
245553,2020-10-12,AMBER,540902,A,1880.0,2009.0,1880.0,1978.55,1872.65,20249,39840893.0
245554,2020-10-13,AMBER,540902,A,1980.0,2019.0,1959.85,1991.7,1978.55,5869,11649946.0
245555,2020-10-14,AMBER,540902,A,1980.0,1987.0,1956.2,1979.4,1991.7,4003,7892787.0
245556,2020-10-15,AMBER,540902,A,1985.0,2023.1,1969.15,1996.75,1979.4,2095,4181078.0
245557,2020-10-16,AMBER,540902,A,2300.0,2300.0,2094.05,2180.1,1996.75,26733,57653170.0
245558,2020-10-17,AMBER,540902,A,2300.0,2300.0,2094.05,2180.1,2180.1,26733,57653170.0
245559,2020-10-19,AMBER,540902,A,2238.0,2544.95,2205.65,2459.35,2180.1,59055,143379820.0
245560,2020-10-20,AMBER,540902,A,2399.95,2510.4,2318.0,2457.25,2459.35,32518,78018807.0
245561,2020-10-21,AMBER,540902,A,2482.0,2539.85,2200.9,2244.65,2457.25,47654,112737316.0
245562,2020-10-22,AMBER,540902,A,2261.55,2344.5,2241.35,2318.6,2244.65,15791,36358641.0
245563,2020-10-23,AMBER,540902,A,2327.85,2363.5,2282.0,2331.35,2318.6,14602,33895034.0
245564,2020-10-26,AMBER,540902,A,2353.0,2353.0,2264.0,2283.75,2331.35,6869,15731858.0
245565,2020-10-27,AMBER,540902,A,2270.2,2285.95,2161.0,2190.55,2283.75,12809,28369212.0
245566,2020-10-28,AMBER,540902,A,2190.0,2225.0,2143.7,2158.6,2190.55,4095,8937503.0
245567,2020-10-29,AMBER,540902,A,2139.65,2221.2,2081.0,2196.6,2158.6,7620,16541149.0
245568,2020-10-30,AMBER,540902,A,2215.0,2225.75,2145.15,2176.0,2196.6,3502,7637239.0
245569,2020-11-02,AMBER,540902,A,2194.0,2194.0,2084.05,2100.4,2176.0,3698,7821333.0
245570,2020-11-03,AMBER,540902,A,2140.0,2350.95,2140.0,2259.85,2100.4,21938,49687005.0
245571,2020-11-04,AMBER,540902,A,2248.0,2323.15,2222.45,2250.3,2259.85,12318,27946460.0
245572,2020-11-05,AMBER,540902,A,2247.0,2295.0,2247.0,2265.2,2250.3,8199,18611092.0
245573,2020-11-06,AMBER,540902,A,2320.8,2347.45,2280.3,2317.8,2265.2,6971,16131638.0
245574,2020-11-09,AMBER,540902,A,2274.95,2274.95,2155.0,2183.65,2317.8,14574,31845391.0
245575,2020-11-10,AMBER,540902,A,2220.0,2250.0,2155.0,2173.7,2183.65,4811,10607631.0
245576,2020-11-11,AMBER,540902,A,2194.0,2300.0,2144.75,2271.3,2173.7,6394,14280223.0
245577,2020-11-12,AMBER,540902,A,2270.0,2325.0,2225.0,2239.5,2271.3,15545,35419473.0
245578,2020-11-13,AMBER,540902,A,2247.45,2339.0,2247.45,2310.25,2239.5,5765,13311552.0
245579,2020-11-14,AMBER,540902,A,2320.0,2337.3,2305.0,2321.4,2310.25,1640,3814394.0
245580,2020-11-17,AMBER,540902,A,2316.3,2339.4,2265.5,2286.35,2321.4,6114,14090711.0
245581,2020-11-18,AMBER,540902,A,2274.25,2275.0,2243.65,2254.6,2286.35,4942,11147018.0
245582,2020-11-19,AMBER,540902,A,2250.0,2250.0,2180.0,2184.7,2254.6,2742,6029420.0
245583,2020-11-20,AMBER,540902,A,2179.0,2215.0,2153.05,2165.45,2184.7,6946,15072994.0
245584,2020-11-23,AMBER,540902,A,2176.0,2240.0,2171.1,2230.15,2165.45,11067,24441837.0
245585,2020-11-24,AMBER,540902,A,2247.95,2249.25,2209.8,2227.15,2230.15,2058,4588713.0
245586,2020-11-25,AMBER,540902,A,2252.4,2252.4,2160.5,2171.7,2227.15,22656,50374263.0
245587,2020-11-26,AMBER,540902,A,2172.35,2204.45,2138.6,2169.55,2171.7,5580,12071682.0
245588,2020-11-27,AMBER,540902,A,2170.05,2465.45,2137.25,2398.0,2169.55,64613,151323866.0
245589,2020-12-01,AMBER,540902,A,2424.0,2519.0,2401.7,2436.75,2398.0,7417,18242995.0
245590,2020-12-02,AMBER,540902,A,2435.1,2441.05,2353.55,2376.75,2436.75,2734,6497858.0
245591,2020-12-03,AMBER,540902,A,2399.0,2399.0,2301.6,2315.15,2376.75,2647,6174760.0
245592,2020-12-04,AMBER,540902,A,2325.0,2345.0,2302.0,2324.95,2315.15,5872,13628121.0
245593,2020-12-07,AMBER,540902,A,2335.0,2341.95,2281.75,2291.05,2324.95,3328,7635977.0
245594,2020-12-08,AMBER,540902,A,2345.0,2481.4,2297.35,2327.5,2291.05,11060,26166797.0
245595,2020-12-09,AMBER,540902,A,2364.9,2378.0,2300.0,2308.6,2327.5,8151,18986591.0
245596,2020-12-10,AMBER,540902,A,2332.0,2393.95,2287.8,2333.45,2308.6,6451,15122739.0
245597,2020-12-11,AMBER,540902,A,2350.0,2381.55,2280.0,2306.05,2333.45,3112,7235178.0
245598,2020-12-14,AMBER,540902,A,2359.95,2359.95,2304.05,2320.05,2306.05,3020,7013020.0
245599,2020-12-15,AMBER,540902,A,2340.0,2340.0,2306.0,2325.05,2320.05,2222,5159604.0
245600,2020-12-16,AMBER,540902,A,2353.95,2410.0,2339.2,2354.75,2325.05,5765,13658253.0
245601,2020-12-17,AMBER,540902,A,2358.6,2369.8,2332.0,2349.15,2354.75,2957,6949750.0
245602,2020-12-18,AMBER,540902,A,2353.0,2377.1,2307.9,2353.35,2349.15,6708,15772438.0
245603,2020-12-21,AMBER,540902,A,2321.2,2351.4,2280.15,2330.65,2353.35,16145,37500302.0
245604,2020-12-22,AMBER,540902,A,2330.65,2330.65,2201.0,2283.65,2330.65,7887,17875900.0
245605,2020-12-23,AMBER,540902,A,2291.9,2325.0,2286.55,2309.85,2283.65,1398,3221053.0
245606,2020-12-24,AMBER,540902,A,2318.2,2378.3,2318.2,2342.1,2309.85,10994,25851947.0
245607,2020-12-28,AMBER,540902,A,2363.45,2455.0,2359.5,2412.4,2342.1,19955,47596056.0
245608,2020-12-29,AMBER,540902,A,2438.0,2438.0,2353.5,2381.05,2412.4,6655,15862730.0
245609,2020-12-30,AMBER,540902,A,2362.2,2384.0,2344.1,2378.8,2381.05,5395,12753906.0
245610,2020-12-31,AMBER,540902,A,2402.0,2402.0,2345.0,2355.15,2378.8,3860,9091725.0
245611,2021-01-01,AMBER,540902,A,2369.0,2425.0,2369.0,2386.8,2355.15,15202,36468265.0
245612,2021-01-04,AMBER,540902,A,2421.0,2435.4,2384.9,2397.9,2386.8,12887,31062955.0
245613,2021-01-05,AMBER,540902,A,2370.0,2402.5,2370.0,2395.3,2397.9,5858,13979666.0
245614,2021-01-06,AMBER,540902,A,2435.6,2699.3,2435.0,2629.6,2395.3,66923,174365446.0
245615,2021-01-07,AMBER,540902,A,2707.2,2776.0,2661.4,2711.35,2629.6,32023,86769253.0
245616,2021-01-08,AMBER,540902,A,2714.0,2746.3,2652.85,2670.85,2711.35,17396,46754252.0
245617,2021-01-11,AMBER,540902,A,2710.0,2710.0,2580.0,2600.0,2670.85,7090,18581876.0
245618,2021-01-12,AMBER,540902,A,2618.0,2645.7,2560.0,2579.45,2600.0,12880,33491265.0
245619,2021-01-13,AMBER,540902,A,2571.0,2581.35,2470.2,2497.8,2579.45,18678,47150195.0
245620,2021-01-14,AMBER,540902,A,2493.0,2591.6,2493.0,2568.3,2497.8,14240,36446945.0
245621,2021-01-15,AMBER,540902,A,2582.0,2646.9,2545.3,2607.45,2568.3,19438,50754335.0
245622,2021-01-18,AMBER,540902,A,2609.0,2618.0,2530.45,2542.1,2607.45,9971,25483587.0
245623,2021-01-19,AMBER,540902,A,2563.05,2628.3,2541.5,2566.75,2542.1,3741,9665665.0
245624,2021-01-20,AMBER,540902,A,2619.95,2619.95,2511.0,2533.6,2566.75,8297,21075408.0
245625,2021-01-21,AMBER,540902,A,2550.0,2634.25,2490.0,2507.35,2533.6,14147,36028188.0
245626,2021-01-22,AMBER,540902,A,2511.0,2550.0,2470.7,2492.95,2507.35,8248,20679074.0
245627,2021-01-25,AMBER,540902,A,2550.0,2552.2,2400.0,2507.8,2492.95,12996,31935088.0
245628,2021-01-27,AMBER,540902,A,2515.0,2594.0,2489.75,2560.75,2507.8,6188,15823769.0
245629,2021-01-28,AMBER,540902,A,2468.95,2632.0,2468.95,2550.55,2560.75,25632,65910763.0
245630,2021-01-29,AMBER,540902,A,2530.35,2600.0,2501.0,2579.7,2550.55,8372,21566167.0
245631,2021-02-01,AMBER,540902,A,2649.0,2670.0,2580.0,2621.25,2579.7,9045,23750687.0
245632,2021-02-02,AMBER,540902,A,2660.0,2744.95,2660.0,2716.3,2621.25,7736,20988247.0
245633,2021-02-03,AMBER,540902,A,2750.0,2793.5,2679.2,2741.85,2716.3,14645,40143352.0
245634,2021-02-04,AMBER,540902,A,2715.0,2746.5,2679.5,2709.95,2741.85,3022,8180846.0
245635,2021-02-05,AMBER,540902,A,2731.5,2752.0,2690.25,2706.1,2709.95,4747,12878593.0
245636,2021-02-08,AMBER,540902,A,2712.0,2771.9,2712.0,2738.4,2706.1,17215,47158438.0
245637,2021-02-09,AMBER,540902,A,2770.0,3000.0,2714.4,2907.0,2738.4,34856,101633753.0
245638,2021-02-10,AMBER,540902,A,2910.0,3017.3,2901.15,2955.1,2907.0,18684,55171150.0
245639,2021-02-11,AMBER,540902,A,2984.0,3190.0,2947.6,3142.05,2955.1,25865,79900851.0
245640,2021-02-12,AMBER,540902,A,3160.0,3317.3,3127.5,3182.2,3142.05,21437,69179292.0
245641,2021-02-15,AMBER,540902,A,3250.0,3259.2,3110.85,3232.65,3182.2,7477,23808458.0
245642,2021-02-16,AMBER,540902,A,3232.65,3289.6,3187.95,3214.65,3232.65,8265,26692783.0
245643,2021-02-17,AMBER,540902,A,3210.0,3247.45,3100.1,3120.5,3214.65,6112,19308064.0
245644,2021-02-18,AMBER,540902,A,3148.95,3255.0,3143.65,3203.95,3120.5,9971,32077234.0
245645,2021-02-19,AMBER,540902,A,3229.0,3254.95,3145.3,3159.55,3203.95,5142,16426380.0
245646,2021-02-22,AMBER,540902,A,3178.0,3178.0,3080.0,3105.5,3159.55,9896,30884966.0
245647,2021-02-23,AMBER,540902,A,3081.0,3170.0,3065.4,3093.7,3105.5,3559,11055378.0
245648,2021-02-24,AMBER,540902,A,3125.0,3250.0,3125.0,3174.65,3093.7,30108,96505157.0
245649,2021-02-25,AMBER,540902,A,3224.95,3269.9,3161.35,3240.35,3174.65,13357,42898427.0
245650,2021-02-26,AMBER,540902,A,3122.05,3310.45,3122.05,3231.65,3240.35,13256,42874204.0
245651,2021-03-01,AMBER,540902,A,3259.8,3259.8,3165.75,3200.1,3231.65,6622,21240204.0
245652,2021-03-02,AMBER,540902,A,3229.0,3242.0,3161.45,3203.65,3200.1,3361,10780454.0
245653,2021-03-03,AMBER,540902,A,3229.0,3390.0,3190.15,3311.7,3203.65,10590,35002351.0
245654,2021-03-04,AMBER,540902,A,3210.0,3508.55,3210.0,3484.65,3311.7,18393,63008453.0
245655,2021-03-05,AMBER,540902,A,3490.0,3667.5,3396.3,3450.4,3484.65,95182,332762273.0
245656,2021-03-08,AMBER,540902,A,3580.0,3632.5,3503.8,3552.45,3450.4,118007,424946591.0
245657,2021-03-09,AMBER,540902,A,3599.0,3618.0,3490.1,3510.55,3552.45,3820,13497840.0
245658,2021-03-10,AMBER,540902,A,3549.0,3551.65,3402.15,3447.45,3510.55,3286,11390739.0
245659,2021-03-12,AMBER,540902,A,3483.95,3505.35,3378.25,3417.5,3447.45,3321,11425396.0
245660,2021-03-15,AMBER,540902,A,3417.5,3495.0,3344.0,3442.2,3417.5,7153,24423498.0
245661,2021-03-16,AMBER,540902,A,3489.0,3489.0,3398.45,3434.5,3442.2,1345,4641984.0
245662,2021-03-17,AMBER,540902,A,3433.0,3433.0,3311.0,3373.1,3434.5,31069,103653989.0
245663,2021-03-18,AMBER,540902,A,3425.0,3430.25,3231.15,3271.35,3373.1,5098,16945018.0
245664,2021-03-19,AMBER,540902,A,3191.1,3293.3,3142.2,3257.25,3271.35,8877,28717839.0
245665,2021-03-22,AMBER,540902,A,3255.05,3395.0,3231.1,3337.45,3257.25,7483,24863700.0
245666,2021-03-23,AMBER,540902,A,3358.0,3398.2,3255.0,3294.55,3337.45,5637,18592650.0
245667,2021-03-24,AMBER,540902,A,3285.0,3285.0,3162.5,3179.0,3294.55,7678,24600998.0
245668,2021-03-25,AMBER,540902,A,3143.0,3169.0,2993.8,3004.15,3179.0,24981,76231176.0
245669,2021-03-26,AMBER,540902,A,3130.0,3130.0,3005.0,3075.45,3004.15,7738,23757711.0
245670,2021-03-30,AMBER,540902,A,3075.45,3290.0,3075.0,3259.75,3075.45,11358,36328735.0
245671,2021-03-31,AMBER,540902,A,3289.0,3333.0,3212.0,3320.7,3259.75,7841,25913577.0
245672,2021-04-01,AMBER,540902,A,3345.0,3389.85,3231.0,3246.55,3320.7,8403,27703107.0
245673,2021-04-05,AMBER,540902,A,3250.0,3258.8,3140.0,3219.35,3246.55,4161,13245595.0
245674,2021-04-06,AMBER,540902,A,3280.0,3280.0,3152.0,3171.75,3219.35,3666,11684640.0
245675,2021-04-07,AMBER,540902,A,3170.0,3310.0,3160.5,3198.95,3171.75,11850,38218386.0
245676,2021-04-08,AMBER,540902,A,3250.65,3314.1,3207.0,3273.1,3198.95,5127,16753711.0
245677,2021-04-09,AMBER,540902,A,3275.0,3360.0,3240.0,3267.1,3273.1,7685,25333844.0
245678,2021-04-12,AMBER,540902,A,3200.0,3249.0,3016.5,3130.65,3267.1,15656,48789276.0
245679,2021-04-13,AMBER,540902,A,3135.0,3239.5,3135.0,3193.0,3130.65,1427,4560408.0
245680,2021-04-15,AMBER,540902,A,3135.55,3188.85,3055.65,3095.15,3193.0,7494,23274572.0
245681,2021-04-16,AMBER,540902,A,3080.05,3180.45,3073.15,3144.9,3095.15,6094,19042144.0
245682,2021-04-19,AMBER,540902,A,3118.5,3118.5,3004.1,3057.9,3144.9,4054,12398451.0
245683,2021-04-20,AMBER,540902,A,3090.0,3188.2,3080.45,3177.75,3057.9,10678,33585006.0
245684,2021-04-22,AMBER,540902,A,3177.75,3244.1,3154.0,3183.5,3177.75,75681,240449023.0
245685,2021-04-23,AMBER,540902,A,3247.95,3247.95,3185.25,3224.6,3183.5,7640,24571268.0
245686,2021-04-26,AMBER,540902,A,3265.0,3299.95,3160.0,3174.3,3224.6,3424,11065728.0
245687,2021-04-27,AMBER,540902,A,3190.15,3225.8,3170.05,3199.75,3174.3,3388,10799751.0
245688,2021-04-28,AMBER,540902,A,3250.0,3274.95,3200.0,3208.05,3199.75,1156,3745598.0
245689,2021-04-29,AMBER,540902,A,3260.0,3260.0,3136.1,3167.55,3208.05,5488,17489076.0
245690,2021-04-30,AMBER,540902,A,3167.0,3188.55,3084.35,3102.55,3167.55,2855,8904010.0
245691,2021-05-03,AMBER,540902,A,3091.0,3136.0,3050.0,3116.25,3102.55,3954,12289306.0
245692,2021-05-04,AMBER,540902,A,3155.0,3175.0,3083.2,3092.85,3116.25,4956,15412023.0
245693,2021-05-05,AMBER,540902,A,3060.05,3095.5,3029.7,3044.55,3092.85,6501,19834490.0
245694,2021-05-06,AMBER,540902,A,3054.45,3087.0,3041.85,3054.0,3044.55,3435,10524405.0
245695,2021-05-07,AMBER,540902,A,3050.15,3073.25,3007.0,3013.25,3054.0,5800,17584446.0
245696,2021-05-10,AMBER,540902,A,3018.95,3040.1,3007.55,3012.4,3013.25,4815,14523424.0
245697,2021-05-11,AMBER,540902,A,3011.0,3043.0,2923.95,2971.4,3012.4,8717,25860871.0
245698,2021-05-12,AMBER,540902,A,2965.0,3018.0,2945.55,2960.7,2971.4,5629,16721771.0
245699,2021-05-14,AMBER,540902,A,2950.0,2997.6,2926.1,2955.6,2960.7,4562,13477605.0
245700,2021-05-17,AMBER,540902,A,2990.0,2990.0,2925.0,2943.85,2955.6,1769,5192965.0
245701,2021-05-18,AMBER,540902,A,2961.05,3045.95,2953.7,2995.6,2943.85,5704,17125073.0
245702,2021-05-19,AMBER,540902,A,3015.0,3038.15,2981.55,2988.8,2995.6,1695,5084080.0
245703,2021-05-20,AMBER,540902,A,3008.0,3020.85,2971.45,2978.6,2988.8,586,1756645.0
245704,2021-05-21,AMBER,540902,A,2990.0,3024.0,2940.0,3006.2,2978.6,7213,21485691.0
245705,2021-05-24,AMBER,540902,A,3059.0,3059.0,2922.0,2930.1,3006.2,16874,49678486.0
245706,2021-05-25,AMBER,540902,A,2931.7,2962.25,2741.1,2766.7,2930.1,11397,32227588.0
245707,2021-05-26,AMBER,540902,A,2797.95,2808.85,2685.0,2718.9,2766.7,24752,67406591.0
245708,2021-05-27,AMBER,540902,A,2753.0,2770.75,2711.55,2736.35,2718.9,14220,39109616.0
245709,2021-05-28,AMBER,540902,A,2749.0,2826.0,2737.75,2755.5,2736.35,19073,53079006.0
245710,2021-05-31,AMBER,540902,A,2797.95,2797.95,2722.55,2728.5,2755.5,5804,15963028.0
245711,2021-06-01,AMBER,540902,A,2743.9,2748.65,2700.0,2715.5,2728.5,12001,32648331.0
245712,2021-06-02,AMBER,540902,A,2730.0,2781.0,2715.55,2760.2,2715.5,33538,91902551.0
245713,2021-06-03,AMBER,540902,A,2795.0,2799.0,2743.1,2787.3,2760.2,13735,38082450.0
245714,2021-06-04,AMBER,540902,A,2798.0,2798.6,2750.0,2771.5,2787.3,2184,6054259.0
245715,2021-06-07,AMBER,540902,A,2795.0,2810.7,2760.05,2801.3,2771.5,13834,38646762.0
245716,2021-06-08,AMBER,540902,A,2826.0,2826.0,2791.05,2800.7,2801.3,1800,5046351.0
245717,2021-06-09,AMBER,540902,A,2805.0,2811.15,2770.0,2786.85,2800.7,11034,30783962.0
245718,2021-06-10,AMBER,540902,A,2800.0,2875.0,2741.5,2776.15,2786.85,7405,20934988.0
245719,2021-06-11,AMBER,540902,A,2796.6,2805.45,2767.0,2787.0,2776.15,4027,11218644.0
245720,2021-06-14,AMBER,540902,A,2787.0,2808.8,2739.2,2799.55,2787.0,3478,9677183.0
245721,2021-06-15,AMBER,540902,A,2820.0,2820.0,2780.0,2782.85,2799.55,7724,21596954.0
245722,2021-06-16,AMBER,540902,A,2782.85,2790.05,2761.0,2769.65,2782.85,1461,4044405.0
245723,2021-06-17,AMBER,540902,A,2790.0,2795.0,2750.05,2765.65,2769.65,2424,6725366.0
245724,2021-06-18,AMBER,540902,A,2752.0,2763.95,2702.75,2735.6,2765.65,12802,34977495.0
245725,2021-06-21,AMBER,540902,A,2738.0,2738.0,2699.75,2721.2,2735.6,2779,7556921.0
245726,2021-06-22,AMBER,540902,A,2723.05,2787.95,2723.05,2780.1,2721.2,6831,18870863.0
245727,2021-06-23,AMBER,540902,A,2830.0,2972.45,2830.0,2913.05,2780.1,17735,51634700.0
245728,2021-06-24,AMBER,540902,A,2938.0,3006.75,2923.0,2973.15,2913.05,31808,94716850.0
245729,2021-06-25,AMBER,540902,A,2975.15,3031.0,2907.05,2930.35,2973.15,7546,22330620.0
245730,2021-06-28,AMBER,540902,A,2983.0,2983.0,2894.0,2950.2,2930.35,15856,46391489.0
245731,2021-06-29,AMBER,540902,A,2930.0,2947.3,2894.85,2910.0,2950.2,4608,13431539.0
245732,2021-06-30,AMBER,540902,A,2949.0,2968.2,2895.15,2926.0,2910.0,4029,11819698.0
245733,2021-07-01,AMBER,540902,A,2933.95,2961.6,2908.05,2912.55,2926.0,2387,6995745.0
245734,2021-07-02,AMBER,540902,A,2945.0,2987.25,2870.0,2956.1,2912.55,18678,54699695.0
245735,2021-07-05,AMBER,540902,A,2987.0,3094.0,2972.7,3055.6,2956.1,10912,33175996.0
245736,2021-07-06,AMBER,540902,A,3055.6,3068.65,2974.35,3009.9,3055.6,16446,49600954.0
245737,2021-07-07,AMBER,540902,A,3030.0,3031.55,2979.95,3006.4,3009.9,2157,6494220.0
245738,2021-07-08,AMBER,540902,A,3016.0,3075.0,2993.9,3003.55,3006.4,5264,15921627.0
245739,2021-07-09,AMBER,540902,A,2980.05,3003.55,2974.65,2991.8,3003.55,7140,21342200.0
245740,2021-07-12,AMBER,540902,A,3005.0,3058.65,3005.0,3050.4,2991.8,12336,37503451.0
245741,2021-07-13,AMBER,540902,A,3056.25,3087.45,2995.15,3010.0,3050.4,4488,13587170.0
245742,2021-07-14,AMBER,540902,A,2983.0,3031.0,2983.0,3021.85,3010.0,7837,23588651.0
245743,2021-07-15,AMBER,540902,A,3023.65,3050.0,3003.1,3034.7,3021.85,2177,6592543.0
245744,2021-07-16,AMBER,540902,A,3030.0,3056.0,3002.8,3030.35,3034.7,7791,23624595.0
245745,2021-07-19,AMBER,540902,A,3030.0,3046.0,3001.35,3036.45,3030.35,3782,11451636.0
245746,2021-07-20,AMBER,540902,A,3000.0,3038.45,2934.55,3000.7,3036.45,16117,48086355.0
245747,2021-07-22,AMBER,540902,A,3050.0,3050.0,2992.5,3022.05,3000.7,3756,11319320.0
245748,2021-07-23,AMBER,540902,A,3040.0,3040.0,2895.1,3013.4,3022.05,10773,32402099.0
245749,2021-07-26,AMBER,540902,A,3005.1,3024.0,2986.6,3020.2,3013.4,6587,19849685.0
245750,2021-07-27,AMBER,540902,A,3015.05,3062.35,2992.1,3020.0,3020.2,8130,24623357.0
245751,2021-07-28,AMBER,540902,A,3020.0,3020.0,2954.6,2997.55,3020.0,8718,26048568.0
245752,2021-07-29,AMBER,540902,A,2981.0,3006.55,2960.1,2980.3,2997.55,5377,16005320.0
245753,2021-07-30,AMBER,540902,A,2981.0,3014.05,2959.7,2992.3,2980.3,5946,17705687.0
245754,2021-08-02,AMBER,540902,A,2985.0,3054.45,2985.0,3015.2,2992.3,7170,21739226.0
245755,2021-08-03,AMBER,540902,A,3029.25,3052.6,3000.9,3030.85,3015.2,2972,8982241.0
245756,2021-08-04,AMBER,540902,A,3040.5,3040.7,2992.5,3020.5,3030.85,5226,15765678.0
245757,2021-08-05,AMBER,540902,A,3030.0,3030.0,2981.05,2987.45,3020.5,1196,3577724.0
245758,2021-08-06,AMBER,540902,A,2988.65,2997.85,2935.0,2976.1,2987.45,5633,16703622.0
245759,2021-08-09,AMBER,540902,A,2941.0,2941.0,2867.05,2890.1,2976.1,13982,40375208.0
245760,2021-08-10,AMBER,540902,A,2831.05,2873.6,2831.05,2865.9,2890.1,11844,33773742.0
245761,2021-08-11,AMBER,540902,A,2866.0,2866.0,2732.5,2836.05,2865.9,3785,10546998.0
245762,2021-08-12,AMBER,540902,A,2836.2,2937.9,2836.2,2920.75,2836.05,6532,18998560.0
245763,2021-08-13,AMBER,540902,A,2930.2,2966.9,2913.25,2939.0,2920.75,1406,4141006.0
245764,2021-08-16,AMBER,540902,A,2896.0,2938.45,2852.0,2889.8,2939.0,5296,15295424.0
245765,2021-08-17,AMBER,540902,A,2891.15,2910.0,2857.1,2874.0,2889.8,2939,8497979.0
245766,2021-08-18,AMBER,540902,A,2940.0,2940.0,2835.1,2846.05,2874.0,909,2598981.0
245767,2021-08-20,AMBER,540902,A,2849.6,2849.6,2790.0,2796.7,2846.05,1001,2807739.0
245768,2021-08-23,AMBER,540902,A,2839.0,2839.0,2710.25,2740.85,2796.7,7083,19435797.0
245769,2021-08-24,AMBER,540902,A,2720.0,2816.95,2720.0,2799.75,2740.85,746,2064891.0
245770,2021-08-25,AMBER,540902,A,2831.3,2904.2,2803.05,2865.95,2799.75,1599,4564741.0
245771,2021-08-26,AMBER,540902,A,2883.0,2963.95,2852.0,2874.65,2865.95,2459,7202566.0
245772,2021-08-27,AMBER,540902,A,2874.65,2911.75,2874.65,2895.95,2874.65,1517,4378199.0
245773,2021-08-30,AMBER,540902,A,2941.4,2941.4,2870.0,2898.0,2895.95,3302,9582067.0
245774,2021-08-31,AMBER,540902,A,2905.0,2911.65,2883.45,2893.15,2898.0,1169,3388347.0
245775,2021-09-01,AMBER,540902,A,2940.0,3060.0,2918.45,3027.15,2893.15,6329,19102097.0
245776,2021-09-02,AMBER,540902,A,3045.0,3218.0,3044.45,3203.35,3027.15,320264,971913618.0
245777,2021-09-03,AMBER,540902,A,3225.0,3238.0,3121.8,3150.25,3203.35,12899,40731375.0
245778,2021-09-06,AMBER,540902,A,3144.0,3190.6,3140.0,3173.25,3150.25,5342,16909461.0
245779,2021-09-07,AMBER,540902,A,3168.0,3190.0,3101.6,3161.05,3173.25,1739,5476645.0
245780,2021-09-08,AMBER,540902,A,3150.2,3201.0,3130.4,3143.1,3161.05,2034,6426064.0
245781,2021-09-09,AMBER,540902,A,3149.0,3149.0,3101.6,3122.05,3143.1,1724,5369485.0
245782,2021-09-13,AMBER,540902,A,3130.0,3272.0,3122.7,3214.55,3122.05,10411,33361827.0
245783,2021-09-14,AMBER,540902,A,3229.0,3272.0,3200.1,3214.15,3214.55,8420,27324801.0
245784,2021-09-15,AMBER,540902,A,3209.05,3263.7,3162.75,3177.9,3214.15,5754,18436340.0
245785,2021-09-16,AMBER,540902,A,3178.0,3210.05,3159.9,3165.7,3177.9,2579,8209744.0
245786,2021-09-17,AMBER,540902,A,3170.05,3240.85,3162.9,3203.6,3165.7,10727,34312909.0
245787,2021-09-20,AMBER,540902,A,3180.0,3180.0,3137.0,3152.0,3203.6,1021,3218353.0
245788,2021-09-21,AMBER,540902,A,3130.0,3130.0,3034.95,3092.75,3152.0,3253,10015803.0
245789,2021-09-22,AMBER,540902,A,3092.75,3115.15,3057.0,3091.4,3092.75,976,3013614.0
245790,2021-09-23,AMBER,540902,A,3126.75,3166.75,3109.85,3133.35,3091.4,1175,3684164.0
245791,2021-09-24,AMBER,540902,A,3155.0,3155.0,3095.0,3118.85,3133.35,3514,10957529.0
245792,2021-09-27,AMBER,540902,A,3120.0,3140.0,3051.0,3090.4,3118.85,3298,10166960.0
245793,2021-09-28,AMBER,540902,A,3103.95,3145.4,3086.0,3098.65,3090.4,1463,4554448.0
245794,2021-09-29,AMBER,540902,A,3075.0,3105.0,3045.65,3080.85,3098.65,1396,4294993.0
245795,2021-09-30,AMBER,540902,A,3105.25,3309.3,3094.7,3260.55,3080.85,4954,16004388.0
245796,2021-10-01,AMBER,540902,A,3249.75,3459.0,3233.25,3443.95,3260.55,19746,67397334.0
245797,2021-10-04,AMBER,540902,A,3459.0,3459.0,3330.0,3393.3,3443.95,13326,44916909.0
245798,2021-10-05,AMBER,540902,A,3393.3,3440.0,3370.0,3379.65,3393.3,3910,13312553.0
245799,2021-10-06,AMBER,540902,A,3388.05,3495.35,3334.45,3389.8,3379.65,4247,14440061.0
245800,2021-10-07,AMBER,540902,A,3400.0,3470.05,3375.0,3401.55,3389.8,5011,17066694.0
245801,2021-10-08,AMBER,540902,A,3411.35,3541.0,3383.1,3499.6,3401.55,10467,36360663.0
245802,2021-10-11,AMBER,540902,A,3565.0,3773.0,3531.1,3645.9,3499.6,13297,48427821.0
245803,2021-10-12,AMBER,540902,A,3665.95,3788.4,3570.0,3653.55,3645.9,15140,55488389.0
245804,2021-10-13,AMBER,540902,A,3660.0,3748.5,3616.0,3676.5,3653.55,7013,25739015.0
245805,2021-10-14,AMBER,540902,A,3652.0,3723.0,3630.0,3655.3,3676.5,3168,11617584.0
245806,2021-10-18,AMBER,540902,A,3675.0,3700.0,3622.75,3644.2,3655.3,6672,24426503.0
245807,2021-10-19,AMBER,540902,A,3623.05,3700.0,3496.2,3601.25,3644.2,6318,22683353.0
245808,2021-10-20,AMBER,540902,A,3576.95,3577.0,3341.2,3425.7,3601.25,5059,17401091.0
245809,2021-10-21,AMBER,540902,A,3456.35,3465.75,3293.0,3320.2,3425.7,1903,6353351.0
245810,2021-10-22,AMBER,540902,A,3336.8,3489.15,3332.1,3391.6,3320.2,2020,6897226.0
245811,2021-10-25,AMBER,540902,A,3475.0,3475.0,3175.0,3228.1,3391.6,7629,24687458.0
245812,2021-10-26,AMBER,540902,A,3207.35,3468.65,3207.35,3449.15,3228.1,6385,21682661.0
245813,2021-10-27,AMBER,540902,A,3450.0,3477.45,3306.65,3343.8,3449.15,2701,9200750.0
245814,2021-10-28,AMBER,540902,A,3318.85,3464.0,3318.85,3433.95,3343.8,2498,8538643.0
245815,2021-10-29,AMBER,540902,A,3310.1,3373.4,3260.3,3304.25,3433.95,6868,22686217.0
245816,2021-11-01,AMBER,540902,A,3240.0,3240.0,3117.0,3137.35,3304.25,4803,15115842.0
245817,2021-11-02,AMBER,540902,A,3154.0,3395.95,3154.0,3347.05,3137.35,8844,28865044.0
245818,2021-11-03,AMBER,540902,A,3375.0,3552.4,3352.85,3528.3,3347.05,6276,21847846.0
245819,2021-11-04,AMBER,540902,A,3545.0,3613.45,3510.0,3543.95,3528.3,1668,5952214.0
245820,2021-11-08,AMBER,540902,A,3543.95,3595.75,3452.0,3527.45,3543.95,5923,20929185.0
245821,2021-11-09,AMBER,540902,A,3527.45,3537.5,3450.5,3475.4,3527.45,1805,6314983.0
245822,2021-11-10,AMBER,540902,A,3450.0,3456.8,3346.5,3384.85,3475.4,3657,12469672.0
245823,2021-11-11,AMBER,540902,A,3384.6,3450.6,3344.0,3373.35,3384.85,2310,7862001.0
245824,2021-11-12,AMBER,540902,A,3343.95,3407.65,3305.05,3318.15,3373.35,1235,4124068.0
245825,2021-11-15,AMBER,540902,A,3300.05,3369.95,3300.0,3314.35,3318.15,2926,9765014.0
245826,2021-11-16,AMBER,540902,A,3324.15,3324.15,3295.85,3309.75,3314.35,1052,3479887.0
245827,2021-11-17,AMBER,540902,A,3299.0,3460.55,3299.0,3390.3,3309.75,6867,23387425.0
245828,2021-11-18,AMBER,540902,A,3405.0,3480.0,3357.0,3391.75,3390.3,6070,20859376.0
245829,2021-11-22,AMBER,540902,A,3460.0,3550.0,3195.6,3300.1,3391.75,5088,17238337.0
245830,2021-11-23,AMBER,540902,A,3390.0,3390.0,3242.2,3294.0,3300.1,3078,10152623.0
245831,2021-11-24,AMBER,540902,A,3358.2,3373.55,3228.7,3277.5,3294.0,4253,14107986.0
245832,2021-11-25,AMBER,540902,A,3300.0,3300.0,3216.3,3249.6,3277.5,5216,16941019.0
245833,2021-11-26,AMBER,540902,A,3255.0,3299.0,3136.0,3279.2,3249.6,5021,16228994.0
245834,2021-11-29,AMBER,540902,A,3220.0,3245.05,3080.45,3136.5,3279.2,8971,28192333.0
245835,2021-11-30,AMBER,540902,A,3122.0,3234.5,2978.5,3033.85,3136.5,3302,10316347.0
245836,2021-12-01,AMBER,540902,A,3114.95,3114.95,3037.25,3052.2,3033.85,2126,6499252.0
245837,2021-12-02,AMBER,540902,A,3065.55,3098.65,3026.3,3035.05,3052.2,4002,12269625.0
245838,2021-12-03,AMBER,540902,A,3100.0,3277.5,3083.55,3243.0,3035.05,6547,20974779.0
245839,2021-12-06,AMBER,540902,A,3280.0,3290.0,3168.05,3196.65,3243.0,2885,9305741.0
245840,2021-12-07,AMBER,540902,A,3201.2,3227.45,3152.2,3164.15,3196.65,1824,5804186.0
245841,2021-12-08,AMBER,540902,A,3225.0,3341.85,3171.6,3209.85,3164.15,5208,16923738.0
245842,2021-12-09,AMBER,540902,A,3194.9,3294.0,3178.85,3212.85,3209.85,3799,12246940.0
245843,2021-12-10,AMBER,540902,A,3200.0,3295.4,3200.0,3270.35,3212.85,1829,5955600.0
245844,2021-12-13,AMBER,540902,A,3292.0,3316.25,3211.5,3232.6,3270.35,2918,9546640.0
245845,2021-12-14,AMBER,540902,A,3200.0,3301.3,3139.05,3239.4,3232.6,4591,14683413.0
245846,2021-12-15,AMBER,540902,A,3234.85,3430.0,3195.7,3316.75,3239.4,10627,35158541.0
245847,2021-12-16,AMBER,540902,A,3349.75,3481.7,3336.05,3443.15,3316.75,3651,12439372.0
245848,2021-12-17,AMBER,540902,A,3445.1,3491.05,3363.3,3382.1,3443.15,7327,25071353.0
245849,2021-12-20,AMBER,540902,A,3382.0,3382.0,3210.3,3235.9,3382.1,3503,11470516.0
245850,2021-12-21,AMBER,540902,A,3292.8,3496.0,3285.85,3460.55,3235.9,7461,25730074.0
245851,2021-12-22,AMBER,540902,A,3494.45,3542.6,3358.0,3386.65,3460.55,5530,19198068.0
245852,2021-12-23,AMBER,540902,A,3419.9,3419.9,3364.25,3389.2,3386.65,2880,9769898.0
245853,2021-12-24,AMBER,540902,A,3408.75,3416.9,3311.55,3365.6,3389.2,3372,11325800.0
245854,2021-12-27,AMBER,540902,A,3327.9,3396.3,3298.8,3331.55,3365.6,1446,4853441.0
245855,2021-12-28,AMBER,540902,A,3340.0,3379.05,3326.6,3342.45,3331.55,2843,9535081.0
245856,2021-12-30,AMBER,540902,A,3338.6,3402.0,3272.3,3295.25,3337.1,2087,6981601.0
245857,2021-12-31,AMBER,540902,A,3311.5,3327.55,3290.35,3317.5,3295.25,1925,6376991.0
245858,2022-01-03,AMBER,540902,A,3273.8,3350.55,3273.8,3304.9,3317.5,2988,9928979.0
245859,2022-01-04,AMBER,540902,A,3300.0,3352.35,3299.9,3304.05,3304.9,1291,4285576.0
245860,2022-01-05,AMBER,540902,A,3313.75,3476.15,3313.25,3424.1,3304.05,4719,16175372.0
245861,2022-01-06,AMBER,540902,A,3372.5,3538.3,3370.0,3489.6,3424.1,3306,11471186.0
245862,2022-01-07,AMBER,540902,A,3489.0,3489.0,3406.0,3439.65,3489.6,1243,4290771.0
245863,2022-01-10,AMBER,540902,A,3406.55,3567.45,3384.0,3496.7,3439.65,6084,21208669.0
245864,2022-01-11,AMBER,540902,A,3490.0,3596.35,3438.35,3467.2,3496.7,2737,9607445.0
245865,2022-01-12,AMBER,540902,A,3518.15,3556.35,3474.85,3532.7,3467.2,1566,5510682.0
245866,2022-01-13,AMBER,540902,A,3522.95,3523.55,3456.0,3463.9,3532.7,2576,8961824.0
245867,2022-01-14,AMBER,540902,A,3457.9,3472.15,3438.75,3450.9,3463.9,1484,5125312.0
245868,2022-01-17,AMBER,540902,A,3469.55,3512.85,3375.0,3468.05,3450.9,2455,8415163.0
245869,2022-01-18,AMBER,540902,A,3482.55,3650.0,3475.05,3542.85,3468.05,6392,22728941.0
245870,2022-01-19,AMBER,540902,A,3522.9,3711.0,3494.5,3680.5,3542.85,5553,20124665.0
245871,2022-01-20,AMBER,540902,A,3680.5,3688.4,3572.0,3587.1,3680.5,4809,17472937.0
245872,2022-01-21,AMBER,540902,A,3538.8,3553.75,3386.85,3430.0,3587.1,2661,9238049.0
245873,2022-01-24,AMBER,540902,A,3433.4,3433.4,3167.2,3230.85,3430.0,8080,26209525.0
245874,2022-01-25,AMBER,540902,A,3185.0,3226.9,3006.65,3138.4,3230.85,9409,29315220.0
245875,2022-01-27,AMBER,540902,A,3110.0,3116.25,3055.0,3094.35,3138.4,2059,6352031.0
245876,2022-01-28,AMBER,540902,A,3140.0,3253.3,3140.0,3183.8,3094.35,1722,5515135.0
245877,2022-01-31,AMBER,540902,A,3300.0,3650.0,3156.3,3607.95,3183.8,18489,64563129.0
245878,2022-02-01,AMBER,540902,A,3679.0,3679.0,3485.0,3497.5,3607.95,7546,26752975.0
245879,2022-02-02,AMBER,540902,A,3630.7,3630.7,3525.65,3572.15,3497.5,3210,11475792.0
245880,2022-02-03,AMBER,540902,A,3646.4,3932.1,3536.05,3890.5,3572.15,31219,118874198.0
245881,2022-02-04,AMBER,540902,A,3845.0,3865.35,3605.0,3643.9,3890.5,13194,49533913.0
245882,2022-02-07,AMBER,540902,A,3620.0,3656.1,3564.75,3606.2,3643.9,5081,18280707.0
245883,2022-02-08,AMBER,540902,A,3649.0,3650.0,3380.1,3409.35,3606.2,8165,28472155.0
245884,2022-02-09,AMBER,540902,A,3463.0,3525.45,3328.75,3483.15,3409.35,3822,13177214.0
245885,2022-02-10,AMBER,540902,A,3500.0,3610.0,3439.55,3487.65,3483.15,13412,46657045.0
245886,2022-02-11,AMBER,540902,A,3450.0,3552.55,3427.55,3488.4,3487.65,2429,8454331.0
245887,2022-02-14,AMBER,540902,A,3305.25,3500.0,3305.25,3462.45,3488.4,6453,22107006.0
245888,2022-02-15,AMBER,540902,A,3400.0,3520.45,3400.0,3472.0,3462.45,3216,11203249.0
245889,2022-02-16,AMBER,540902,A,3501.35,3506.65,3410.1,3441.45,3472.0,1610,5595514.0
245890,2022-02-17,AMBER,540902,A,3460.0,3460.0,3369.65,3403.0,3441.45,3182,10834267.0
245891,2022-02-18,AMBER,540902,A,3357.7,3399.2,3300.0,3331.65,3403.0,2078,6951503.0
245892,2022-02-21,AMBER,540902,A,3330.3,3330.3,3250.0,3272.55,3331.65,2377,7779571.0
245893,2022-02-22,AMBER,540902,A,3185.65,3260.0,3168.0,3223.7,3272.55,3646,11727478.0
245894,2022-02-23,AMBER,540902,A,3200.0,3288.95,3195.0,3214.95,3223.7,1784,5776617.0
245895,2022-02-24,AMBER,540902,A,3200.0,3230.3,3091.1,3147.3,3214.95,2495,7887345.0
245896,2022-02-25,AMBER,540902,A,3147.3,3341.85,3145.0,3235.15,3147.3,3577,11647887.0
245897,2022-02-28,AMBER,540902,A,3200.0,3500.25,3129.1,3483.4,3235.15,5354,18089567.0
245898,2022-03-02,AMBER,540902,A,3439.8,3549.0,3397.75,3466.5,3483.4,5857,20402815.0
245899,2022-03-03,AMBER,540902,A,3502.9,3650.0,3433.1,3625.35,3466.5,3991,14158314.0
245900,2022-03-04,AMBER,540902,A,3550.0,3624.0,3452.0,3488.55,3625.35,5381,19002847.0
245901,2022-03-07,AMBER,540902,A,3450.0,3496.45,3318.45,3354.65,3488.55,4631,15629964.0
245902,2022-03-08,AMBER,540902,A,3391.6,3480.1,3365.75,3435.5,3354.65,2169,7403436.0
245903,2022-03-09,AMBER,540902,A,3500.0,3587.45,3408.8,3553.95,3435.5,3138,11019640.0
245904,2022-03-10,AMBER,540902,A,3510.0,3694.0,3510.0,3594.15,3553.95,4736,17270574.0
245905,2022-03-11,AMBER,540902,A,3567.75,3636.0,3540.0,3574.55,3594.15,1822,6532708.0
245906,2022-03-14,AMBER,540902,A,3520.0,3738.85,3520.0,3682.0,3574.55,4156,15263395.0
245907,2022-03-15,AMBER,540902,A,3682.0,3733.0,3577.75,3608.6,3682.0,961,3507582.0
245908,2022-03-16,AMBER,540902,A,3650.25,3694.55,3589.4,3627.45,3608.6,2891,10549149.0
245909,2022-03-17,AMBER,540902,A,3640.0,3818.05,3637.15,3694.6,3627.45,6981,26042354.0
245910,2022-03-21,AMBER,540902,A,3716.5,3758.35,3685.0,3694.75,3694.6,1632,6092340.0
245911,2022-03-22,AMBER,540902,A,3685.0,3695.0,3615.0,3625.7,3694.75,2283,8298646.0
245912,2022-03-23,AMBER,540902,A,3637.2,3758.3,3622.55,3660.2,3625.7,6315,23478459.0
245913,2022-03-24,AMBER,540902,A,3620.05,3651.45,3555.55,3605.55,3660.2,3110,11211684.0
245914,2022-03-25,AMBER,540902,A,3600.0,3685.0,3570.9,3595.5,3605.55,3538,12818411.0
245915,2022-03-28,AMBER,540902,A,3612.35,3624.5,3509.3,3569.1,3595.5,2213,7846836.0
245916,2022-03-29,AMBER,540902,A,3571.6,3577.0,3500.0,3509.2,3569.1,1458,5146186.0
245917,2022-03-30,AMBER,540902,A,3555.05,3555.05,3492.0,3512.15,3509.2,1761,6203967.0
245918,2022-03-31,AMBER,540902,A,3526.9,3549.1,3482.0,3526.0,3512.15,1831,6425584.0
245919,2022-04-01,AMBER,540902,A,3537.45,3625.75,3537.45,3602.7,3526.0,3727,13385230.0
245920,2022-04-04,AMBER,540902,A,3627.3,3636.05,3578.45,3611.0,3602.7,1254,4521837.0
245921,2022-04-05,AMBER,540902,A,3628.6,3669.85,3577.05,3637.2,3611.0,1658,6011540.0
245922,2022-04-06,AMBER,540902,A,3600.0,3659.7,3600.0,3640.2,3637.2,994,3607703.0
245923,2022-04-07,AMBER,540902,A,3656.9,3676.85,3589.25,3627.85,3640.2,978,3547274.0
245924,2022-04-08,AMBER,540902,A,3638.4,3676.7,3603.15,3613.35,3627.85,1755,6385730.0
245925,2022-04-11,AMBER,540902,A,3601.0,3670.0,3601.0,3620.25,3613.35,2939,10710349.0
245926,2022-04-12,AMBER,540902,A,3620.0,3651.15,3607.0,3616.05,3620.25,2537,9195998.0
245927,2022-04-13,AMBER,540902,A,3631.7,3631.7,3555.6,3591.5,3616.05,1383,4976509.0
245928,2022-04-18,AMBER,540902,A,3580.0,3605.25,3503.3,3590.6,3591.5,3142,11117051.0
245929,2022-04-19,AMBER,540902,A,3580.1,3667.0,3555.0,3610.9,3590.6,8115,29315061.0
245930,2022-04-20,AMBER,540902,A,3612.0,3738.8,3533.3,3589.25,3610.9,2573,9382069.0
245931,2022-04-21,AMBER,540902,A,3650.0,3665.0,3613.45,3638.95,3589.25,2680,9772401.0
245932,2022-04-22,AMBER,540902,A,3615.85,3662.7,3593.75,3622.25,3638.95,1453,5272083.0
245933,2022-04-25,AMBER,540902,A,3610.8,3671.1,3584.3,3641.75,3622.25,1103,4001760.0
245934,2022-04-26,AMBER,540902,A,3648.0,3648.0,3574.1,3587.5,3641.75,1332,4794490.0
245935,2022-04-27,AMBER,540902,A,3600.0,3600.0,3495.95,3520.95,3587.5,1024,3631035.0
245936,2022-04-28,AMBER,540902,A,3574.2,3665.1,3446.8,3622.65,3520.95,2471,8744732.0
245937,2022-04-29,AMBER,540902,A,3689.95,3789.8,3560.0,3711.5,3622.65,3352,12392362.0
245938,2022-05-02,AMBER,540902,A,3681.0,4023.65,3681.0,3916.05,3711.5,22766,89035510.0
245939,2022-05-04,AMBER,540902,A,3916.05,3970.05,3665.05,3688.8,3916.05,9121,35063468.0
245940,2022-05-05,AMBER,540902,A,3723.9,3899.95,3680.15,3798.7,3688.8,5046,19046735.0
245941,2022-05-06,AMBER,540902,A,3783.9,3849.95,3610.6,3720.75,3798.7,5857,21883568.0
245942,2022-05-09,AMBER,540902,A,3720.0,3720.0,3550.0,3578.8,3720.75,3106,11232603.0
245943,2022-05-10,AMBER,540902,A,3572.0,3677.75,3413.2,3472.65,3578.8,5511,19415817.0
245944,2022-05-11,AMBER,540902,A,3438.4,3496.2,3235.6,3331.9,3472.65,6994,23430548.0
245945,2022-05-12,AMBER,540902,A,3298.9,3384.1,3160.0,3184.0,3331.9,3214,10551518.0
245946,2022-05-13,AMBER,540902,A,3185.0,3444.1,3185.0,3376.45,3184.0,7544,25042666.0
245947,2022-05-16,AMBER,540902,A,3211.0,3211.0,2701.2,2701.2,3376.45,36798,101901526.0
245948,2022-05-17,AMBER,540902,A,2699.0,2793.05,2568.85,2678.45,2701.2,26144,69554170.0
245949,2022-05-18,AMBER,540902,A,2700.0,2738.9,2500.0,2535.45,2678.45,10888,28535392.0
245950,2022-05-19,AMBER,540902,A,2465.0,2514.95,2412.2,2421.35,2535.45,17719,43405792.0
245951,2022-05-20,AMBER,540902,A,2473.95,2745.2,2460.0,2716.25,2421.35,14951,39320488.0
245952,2022-05-23,AMBER,540902,A,2768.0,2770.0,2617.3,2630.3,2716.25,7439,19661676.0
245953,2022-05-24,AMBER,540902,A,2633.0,2658.05,2553.75,2568.35,2630.3,6126,15874899.0
245954,2022-05-25,AMBER,540902,A,2599.0,2599.0,2456.9,2487.7,2568.35,3218,8083274.0
245955,2022-05-26,AMBER,540902,A,2520.0,2585.0,2308.55,2534.65,2487.7,16901,40984348.0
245956,2022-05-27,AMBER,540902,A,2528.0,2648.8,2521.35,2546.1,2534.65,7819,20214389.0
245957,2022-05-30,AMBER,540902,A,2560.2,2652.25,2560.2,2632.7,2546.1,3659,9544278.0
245958,2022-05-31,AMBER,540902,A,2649.0,2792.0,2608.0,2634.15,2632.7,14001,37985337.0
245959,2022-06-01,AMBER,540902,A,2694.45,2724.9,2636.2,2651.8,2634.15,6702,17909896.0
245960,2022-06-02,AMBER,540902,A,2687.45,2691.0,2617.4,2635.55,2651.8,2742,7272099.0
245961,2022-06-03,AMBER,540902,A,2650.0,2691.0,2590.6,2614.5,2635.55,4536,12007403.0
245962,2022-06-06,AMBER,540902,A,2615.05,2620.25,2479.55,2489.0,2614.5,4872,12245238.0
245963,2022-06-07,AMBER,540902,A,2488.0,2493.15,2417.9,2446.75,2489.0,16833,41458045.0
245964,2022-06-08,AMBER,540902,A,2441.05,2441.05,2303.8,2327.1,2446.75,20758,48825014.0
245965,2022-06-09,AMBER,540902,A,2316.0,2353.45,2157.7,2325.85,2327.1,31138,70256364.0
245966,2022-06-10,AMBER,540902,A,2302.0,2374.85,2252.0,2308.55,2325.85,6235,14416733.0
245967,2022-06-13,AMBER,540902,A,2270.0,2275.4,2215.1,2224.8,2308.55,9185,20595127.0
245968,2022-06-14,AMBER,540902,A,2174.0,2245.45,2165.0,2207.25,2224.8,5271,11633423.0
245969,2022-06-15,AMBER,540902,A,2208.0,2233.3,2181.8,2193.75,2207.25,1553,3440389.0
245970,2022-06-16,AMBER,540902,A,2229.2,2259.85,2099.0,2111.0,2193.75,4529,9761906.0
245971,2022-06-17,AMBER,540902,A,2101.0,2107.45,2040.1,2057.4,2111.0,7373,15314509.0
245972,2022-06-20,AMBER,540902,A,2029.8,2135.1,2029.8,2095.8,2057.4,2798,5836959.0
245973,2022-06-21,AMBER,540902,A,2130.1,2140.1,2075.85,2093.6,2095.8,2904,6120061.0
245974,2022-06-22,AMBER,540902,A,2095.2,2139.55,2062.15,2094.45,2093.6,2240,4713096.0
245975,2022-06-23,AMBER,540902,A,2100.0,2133.95,2086.25,2110.15,2094.45,3097,6542265.0
245976,2022-06-24,AMBER,540902,A,2130.0,2185.15,2129.45,2169.85,2110.15,2898,6248778.0
245977,2022-06-27,AMBER,540902,A,2272.5,2272.5,2211.35,2240.1,2169.85,1557,3473829.0
245978,2022-06-28,AMBER,540902,A,2230.45,2294.8,2207.05,2278.2,2240.1,4690,10628630.0
245979,2022-06-29,AMBER,540902,A,2250.0,2397.0,2250.0,2352.65,2278.2,4480,10547096.0
245980,2022-06-30,AMBER,540902,A,2360.0,2387.1,2214.95,2247.95,2352.65,3940,8964873.0
245981,2022-07-01,AMBER,540902,A,2297.95,2348.35,2254.3,2336.85,2247.95,8286,19219604.0
245982,2022-07-04,AMBER,540902,A,2341.75,2396.3,2337.1,2386.0,2336.85,2116,5008392.0
245983,2022-07-05,AMBER,540902,A,2371.65,2416.0,2320.0,2334.55,2386.0,4162,9851867.0
245984,2022-07-06,AMBER,540902,A,2335.0,2360.7,2289.5,2319.1,2334.55,1386,3218640.0
245985,2022-07-07,AMBER,540902,A,2319.0,2445.95,2318.0,2423.55,2319.1,4077,9748563.0
245986,2022-07-08,AMBER,540902,A,2436.25,2461.5,2379.4,2394.25,2423.55,5188,12477937.0
245987,2022-07-11,AMBER,540902,A,2394.3,2456.0,2371.2,2442.85,2394.25,2410,5849094.0
245988,2022-07-12,AMBER,540902,A,2444.0,2487.0,2421.1,2441.2,2442.85,2019,4963973.0
245989,2022-07-13,AMBER,540902,A,2462.65,2462.65,2400.0,2405.95,2441.2,2479,5989574.0
245990,2022-07-14,AMBER,540902,A,2406.15,2431.65,2328.75,2349.75,2405.95,1337,3199909.0
245991,2022-07-15,AMBER,540902,A,2375.0,2382.75,2352.9,2377.85,2349.75,634,1502782.0
245992,2022-07-18,AMBER,540902,A,2450.0,2525.0,2397.05,2440.5,2377.85,4397,10790507.0
245993,2022-07-19,AMBER,540902,A,2435.0,2526.25,2412.2,2491.85,2440.5,2547,6301344.0
245994,2022-07-20,AMBER,540902,A,2506.75,2555.0,2484.15,2502.4,2491.85,3899,9868489.0
245995,2022-07-21,AMBER,540902,A,2500.05,2547.25,2486.45,2525.2,2502.4,2519,6340848.0
245996,2022-07-22,AMBER,540902,A,2520.0,2520.0,2470.2,2479.0,2525.2,6974,17394547.0
245997,2022-07-25,AMBER,540902,A,2480.0,2480.0,2404.75,2425.55,2479.0,1637,3989274.0
245998,2022-07-26,AMBER,540902,A,2430.0,2430.0,2350.1,2373.95,2425.55,1962,4669043.0
245999,2022-07-27,AMBER,540902,A,2364.0,2410.1,2326.4,2367.85,2373.95,3674,8706650.0
246000,2022-07-28,AMBER,540902,A,2367.85,2459.2,2367.85,2449.05,2367.85,2465,5958263.0
246001,2022-07-29,AMBER,540902,A,2459.95,2500.0,2451.0,2493.35,2449.05,5369,13332358.0
246002,2022-08-01,AMBER,540902,A,2519.2,2519.2,2465.0,2485.25,2493.35,2623,6516881.0
246003,2022-08-02,AMBER,540902,A,2505.0,2530.0,2470.0,2495.6,2485.25,4394,10994372.0
246004,2022-08-03,AMBER,540902,A,2520.95,2579.0,2451.3,2462.25,2495.6,9022,22644895.0
246005,2022-08-04,AMBER,540902,A,2491.3,2513.65,2328.35,2382.55,2462.25,3660,8749365.0
246006,2022-08-05,AMBER,540902,A,2382.0,2391.25,2258.3,2269.45,2382.55,4419,10167157.0
246007,2022-08-08,AMBER,540902,A,2271.0,2290.0,2257.1,2269.8,2269.45,5192,11802122.0
246008,2022-08-10,AMBER,540902,A,2292.0,2298.65,2180.0,2184.5,2269.8,5615,12439611.0
246009,2022-08-11,AMBER,540902,A,2195.0,2286.5,2194.35,2270.35,2184.5,6021,13550862.0
246010,2022-08-12,AMBER,540902,A,2280.0,2303.0,2264.5,2277.6,2270.35,3915,8953549.0
246011,2022-08-16,AMBER,540902,A,2296.15,2348.4,2290.0,2304.0,2277.6,4573,10601814.0
246012,2022-08-17,AMBER,540902,A,2317.8,2323.85,2290.75,2298.0,2304.0,4329,9980133.0
246013,2022-08-18,AMBER,540902,A,2319.85,2333.0,2298.0,2304.45,2298.0,5656,13097366.0
246014,2022-08-19,AMBER,540902,A,2329.5,2330.0,2272.0,2287.45,2304.45,4374,10056360.0
246015,2022-08-22,AMBER,540902,A,2275.5,2294.0,2211.45,2247.2,2287.45,5025,11396903.0
246016,2022-08-23,AMBER,540902,A,2245.0,2286.6,2229.7,2249.4,2247.2,4298,9703297.0
246017,2022-08-24,AMBER,540902,A,2255.0,2292.55,2230.0,2278.45,2249.4,2787,6316125.0
246018,2022-08-25,AMBER,540902,A,2295.0,2304.7,2253.0,2261.55,2278.45,4516,10273532.0
246019,2022-08-26,AMBER,540902,A,2285.9,2300.05,2255.35,2284.2,2261.55,2376,5407196.0
246020,2022-08-29,AMBER,540902,A,2150.0,2262.4,2150.0,2248.55,2284.2,5124,11474758.0
246021,2022-08-30,AMBER,540902,A,2256.0,2284.7,2252.15,2264.65,2248.55,3915,8897485.0
246022,2022-09-01,AMBER,540902,A,2268.0,2268.0,2240.05,2247.25,2264.65,4770,10747672.0
246023,2022-09-02,AMBER,540902,A,2251.65,2265.1,2235.45,2251.65,2247.25,3886,8735045.0
246024,2022-09-05,AMBER,540902,A,2250.0,2306.55,2250.0,2294.45,2251.65,2221,5082086.0
246025,2022-09-06,AMBER,540902,A,2302.8,2309.95,2279.1,2287.5,2294.45,5437,12484581.0
246026,2022-09-07,AMBER,540902,A,2305.0,2315.7,2282.55,2302.6,2287.5,3919,9011227.0
246027,2022-09-08,AMBER,540902,A,2305.0,2336.0,2285.75,2300.6,2302.6,2344,5416380.0
246028,2022-09-09,AMBER,540902,A,2290.0,2354.6,2284.8,2293.15,2300.6,8068,18664058.0
246029,2022-09-12,AMBER,540902,A,2294.5,2332.15,2294.5,2319.6,2293.15,3406,7890841.0
246030,2022-09-13,AMBER,540902,A,2340.0,2390.0,2309.1,2324.05,2319.6,14362,33778435.0
246031,2022-09-14,AMBER,540902,A,2321.0,2334.05,2298.6,2319.15,2324.05,134383,312026362.0
246032,2022-09-15,AMBER,540902,A,2325.0,2365.0,2322.9,2348.85,2319.15,6870,16103363.0
246033,2022-09-16,AMBER,540902,A,2352.05,2368.05,2252.8,2278.1,2348.85,4442,10233121.0
246034,2022-09-19,AMBER,540902,A,2275.0,2299.25,2212.0,2222.75,2278.1,51726,117517035.0
246035,2022-09-20,AMBER,540902,A,2215.0,2252.4,2215.0,2239.8,2222.75,5622,12604467.0
246036,2022-09-21,AMBER,540902,A,2242.0,2279.85,2241.85,2266.45,2239.8,1977,4477397.0
246037,2022-09-22,AMBER,540902,A,2255.0,2290.4,2254.05,2278.7,2266.45,3155,7186446.0
246038,2022-09-23,AMBER,540902,A,2284.9,2293.5,2232.1,2247.95,2278.7,2464,5578385.0
246039,2022-09-26,AMBER,540902,A,2210.0,2225.9,2192.0,2203.05,2247.95,4638,10230239.0
246040,2022-09-27,AMBER,540902,A,2234.95,2234.95,2158.3,2177.15,2203.05,5165,11276166.0
246041,2022-09-28,AMBER,540902,A,2173.0,2259.85,2141.15,2251.5,2177.15,10018,22227130.0
246042,2022-09-29,AMBER,540902,A,2249.65,2305.0,2225.0,2296.05,2251.5,4997,11343189.0
246043,2022-09-30,AMBER,540902,A,2282.4,2375.05,2251.45,2362.55,2296.05,3742,8653677.0
246044,2022-10-03,AMBER,540902,A,2352.45,2399.0,2325.0,2358.8,2362.55,4169,9898175.0
246045,2022-10-04,AMBER,540902,A,2388.9,2394.85,2371.0,2379.65,2358.8,1707,4065252.0
246046,2022-10-06,AMBER,540902,A,2334.05,2394.5,2334.05,2369.0,2379.65,1960,4665586.0
246047,2022-10-07,AMBER,540902,A,2371.75,2379.9,2325.85,2349.65,2369.0,1504,3539513.0
246048,2022-10-10,AMBER,540902,A,2301.55,2342.65,2297.75,2309.15,2349.65,3124,7231875.0
246049,2022-10-11,AMBER,540902,A,2300.05,2320.8,2258.9,2268.85,2309.15,104760,241750843.0
246050,2022-10-12,AMBER,540902,A,2289.4,2385.0,2270.3,2348.05,2268.85,3994,9322593.0
246051,2022-10-13,AMBER,540902,A,2340.0,2340.0,2270.0,2278.4,2348.05,1900,4377954.0
246052,2022-10-14,AMBER,540902,A,2306.1,2309.4,2230.0,2246.6,2278.4,3232,7356190.0
246053,2022-10-17,AMBER,540902,A,2250.0,2250.0,2168.1,2222.4,2246.6,5699,12630792.0
246054,2022-10-18,AMBER,540902,A,2225.05,2280.0,2224.9,2244.55,2222.4,3405,7657441.0
246055,2022-10-19,AMBER,540902,A,2246.95,2289.6,2212.0,2235.8,2244.55,3749,8476447.0
246056,2022-10-20,AMBER,540902,A,2219.75,2232.45,2188.85,2199.55,2235.8,187637,414676628.0
246057,2022-10-21,AMBER,540902,A,2200.5,2230.0,2134.0,2149.5,2199.55,4845,10606267.0
246058,2022-10-24,AMBER,540902,A,2127.85,2145.0,2065.0,2114.95,2149.5,1913,4026501.0
246059,2022-10-25,AMBER,540902,A,2100.9,2136.25,2046.0,2053.4,2114.95,3582,7420193.0
246060,2022-10-27,AMBER,540902,A,2055.0,2074.7,1996.05,2040.05,2053.4,10037,20308291.0
246061,2022-10-28,AMBER,540902,A,2033.0,2098.65,2033.0,2074.5,2040.05,6181,12836776.0
246062,2022-10-31,AMBER,540902,A,2073.65,2092.45,2055.2,2064.85,2074.5,3807,7905101.0
246063,2022-11-01,AMBER,540902,A,2065.85,2083.45,2056.0,2061.1,2064.85,1145,2370244.0
246064,2022-11-02,AMBER,540902,A,2057.2,2065.4,2010.0,2016.3,2061.1,5357,10901501.0
246065,2022-11-03,AMBER,540902,A,2038.85,2038.85,1971.3,2019.85,2016.3,9692,19424942.0
246066,2022-11-04,AMBER,540902,A,2021.55,2031.4,2012.55,2020.9,2019.85,1548,3128317.0
246067,2022-11-07,AMBER,540902,A,2025.1,2045.0,1988.0,2012.75,2020.9,6306,12709691.0
246068,2022-11-09,AMBER,540902,A,2041.05,2041.05,2013.7,2020.1,2012.75,1059,2140650.0
246069,2022-11-10,AMBER,540902,A,2023.9,2034.0,1975.0,2001.45,2020.1,8478,17000017.0
246070,2022-11-11,AMBER,540902,A,2038.45,2046.0,2019.65,2036.0,2001.45,4090,8317088.0
246071,2022-11-14,AMBER,540902,A,2040.55,2078.15,2030.0,2046.15,2036.0,1515,3119434.0
246072,2022-11-15,AMBER,540902,A,2043.4,2053.55,2020.85,2045.0,2046.15,2858,5818095.0
246073,2022-11-16,AMBER,540902,A,2053.7,2053.7,2001.25,2011.15,2045.0,1258,2533685.0
246074,2022-11-17,AMBER,540902,A,2011.1,2042.5,1991.15,2024.25,2011.15,2254,4532586.0
246075,2022-11-18,AMBER,540902,A,2032.0,2057.8,2001.7,2028.25,2024.25,3962,8061359.0
246076,2022-11-21,AMBER,540902,A,2006.05,2057.45,2006.05,2031.95,2028.25,2735,5573060.0
246077,2022-11-22,AMBER,540902,A,2030.3,2033.9,1980.5,1987.8,2031.95,4954,9898340.0
246078,2022-11-23,AMBER,540902,A,2007.95,2007.95,1945.7,1953.3,1987.8,7062,13840535.0
246079,2022-11-24,AMBER,540902,A,1953.2,2019.0,1953.2,1993.35,1953.3,5402,10766849.0
246080,2022-11-25,AMBER,540902,A,1999.0,2020.45,1986.9,1998.35,1993.35,1377,2758720.0
246081,2022-11-28,AMBER,540902,A,1996.0,2010.4,1965.0,1969.95,1998.35,5633,11169321.0
246082,2022-11-29,AMBER,540902,A,1972.65,1972.65,1925.75,1932.8,1969.95,8710,16898879.0
246083,2022-11-30,AMBER,540902,A,1942.3,1950.0,1920.4,1924.8,1932.8,2488,4807696.0
246084,2022-12-01,AMBER,540902,A,1933.85,1965.0,1925.25,1945.7,1924.8,6494,12655320.0
246085,2022-12-02,AMBER,540902,A,1945.7,2091.0,1941.3,2011.5,1945.7,28467,57740180.0
246086,2022-12-05,AMBER,540902,A,2017.7,2056.75,2007.95,2048.9,2011.5,3129,6363992.0
246087,2022-12-06,AMBER,540902,A,2040.05,2047.25,2002.0,2021.9,2048.9,5229,10564389.0
246088,2022-12-07,AMBER,540902,A,2032.7,2035.15,2003.6,2014.85,2021.9,5838,11781176.0
246089,2022-12-08,AMBER,540902,A,2004.05,2020.5,1990.05,2008.7,2014.85,5657,11335359.0
246090,2022-12-09,AMBER,540902,A,2005.0,2019.5,1990.0,1998.3,2008.7,3297,6617929.0
246091,2022-12-12,AMBER,540902,A,2029.95,2033.8,1981.6,2005.7,1998.3,2140,4268336.0
246092,2022-12-13,AMBER,540902,A,2011.5,2017.75,1995.0,1998.9,2005.7,167334,335681526.0
246093,2022-12-14,AMBER,540902,A,2009.85,2016.65,1991.65,1996.6,1998.9,2612,5243438.0
246094,2022-12-15,AMBER,540902,A,2009.2,2021.2,1991.0,1998.7,1996.6,942,1889672.0
246095,2022-12-16,AMBER,540902,A,1995.5,2044.7,1995.5,2012.75,1998.7,6974,14127048.0
246096,2022-12-19,AMBER,540902,A,2009.95,2027.65,1981.4,1986.3,2012.75,3762,7501660.0
246097,2022-12-20,AMBER,540902,A,1975.0,1979.65,1946.0,1950.1,1986.3,4322,8437508.0
246098,2022-12-21,AMBER,540902,A,1942.6,1962.0,1923.1,1937.4,1950.1,4985,9664971.0
246099,2022-12-22,AMBER,540902,A,1938.2,1942.6,1925.15,1928.4,1937.4,1619,3125454.0
246100,2022-12-23,AMBER,540902,A,1929.85,1929.85,1864.25,1870.2,1928.4,2379,4508069.0
246101,2022-12-26,AMBER,540902,A,1850.0,1927.0,1844.15,1921.25,1870.2,3249,6149482.0
246102,2022-12-27,AMBER,540902,A,1945.0,1966.5,1928.0,1951.6,1921.25,3221,6287502.0
246103,2022-12-28,AMBER,540902,A,1951.7,1954.4,1925.2,1942.05,1951.6,769,1493430.0
246104,2022-12-29,AMBER,540902,A,1905.0,1934.7,1900.0,1902.6,1942.05,2505,4792067.0
246105,2022-12-30,AMBER,540902,A,1914.9,1925.5,1885.95,1892.35,1902.6,3333,6347715.0
246106,2023-01-02,AMBER,540902,A,1892.15,1895.0,1870.0,1880.5,1892.35,2830,5325060.0
246107,2023-01-03,AMBER,540902,A,1880.5,1880.55,1871.05,1874.1,1880.5,2273,4261691.0
246108,2023-01-04,AMBER,540902,A,1899.45,1899.45,1853.95,1860.3,1874.1,4103,7632925.0
246109,2023-01-05,AMBER,540902,A,1884.95,1945.0,1854.05,1922.95,1860.3,7420,14053551.0
246110,2023-01-06,AMBER,540902,A,1915.0,1947.2,1892.45,1901.85,1922.95,1285,2466531.0
246111,2023-01-09,AMBER,540902,A,1917.6,1922.7,1882.8,1891.3,1901.85,1062,2020509.0
246112,2023-01-10,AMBER,540902,A,1890.9,1910.1,1878.3,1901.9,1891.3,3004,5685763.0
246113,2023-01-11,AMBER,540902,A,1900.0,1905.0,1870.0,1876.45,1901.9,2627,4956345.0
246114,2023-01-12,AMBER,540902,A,1869.05,1895.95,1869.05,1876.0,1876.45,2302,4332760.0
246115,2023-01-13,AMBER,540902,A,1876.0,1886.7,1861.1,1870.25,1876.0,2033,3807045.0
246116,2023-01-16,AMBER,540902,A,1889.95,1889.95,1860.0,1866.6,1870.25,2544,4751436.0
246117,2023-01-17,AMBER,540902,A,1854.0,1873.85,1854.0,1865.8,1866.6,2481,4632032.0
246118,2023-01-18,AMBER,540902,A,1860.35,1874.7,1852.65,1856.95,1865.8,937,1744917.0
246119,2023-01-19,AMBER,540902,A,1859.5,1887.8,1844.0,1871.0,1856.95,1974,3667575.0
246120,2023-01-20,AMBER,540902,A,1880.0,1951.0,1871.0,1916.2,1871.0,6812,13050909.0
246121,2023-01-23,AMBER,540902,A,1910.05,1970.0,1910.05,1961.9,1916.2,2802,5466389.0
246122,2023-01-24,AMBER,540902,A,1956.0,2064.05,1923.3,2036.7,1961.9,8128,16280066.0
246123,2023-01-25,AMBER,540902,A,2039.95,2072.8,1995.0,2017.1,2036.7,6449,13012103.0
246124,2023-01-27,AMBER,540902,A,2001.1,2035.8,1916.8,1932.5,2017.1,3004,5887178.0
246125,2023-01-30,AMBER,540902,A,1931.75,1935.95,1890.6,1906.25,1932.5,5249,10000391.0
246126,2023-01-31,AMBER,540902,A,1905.05,1921.25,1903.35,1909.5,1906.25,1545,2955328.0
246127,2023-02-01,AMBER,540902,A,1949.95,1949.95,1859.45,1879.35,1909.5,135385,258962835.0
246128,2023-02-02,AMBER,540902,A,1882.25,1934.05,1879.1,1885.85,1879.35,2230,4247525.0
246129,2023-02-03,AMBER,540902,A,1860.05,1904.7,1860.05,1900.4,1885.85,1429,2710083.0
246130,2023-02-06,AMBER,540902,A,1900.4,1923.2,1899.95,1910.0,1900.4,2977,5681036.0
246131,2023-02-07,AMBER,540902,A,1905.05,1908.7,1873.75,1881.1,1910.0,2204,4166141.0
246132,2023-02-08,AMBER,540902,A,1891.05,1899.65,1872.25,1888.65,1881.1,2878,5424802.0
246133,2023-02-09,AMBER,540902,A,1949.9,1949.9,1884.2,1886.75,1888.65,2139,4043149.0
246134,2023-02-10,AMBER,540902,A,1890.0,1914.55,1888.25,1908.45,1886.75,1029,1956732.0
246135,2023-02-13,AMBER,540902,A,1908.45,1945.0,1882.85,1896.5,1908.45,2883,5498845.0
246136,2023-02-14,AMBER,540902,A,1902.2,1904.95,1872.5,1878.65,1896.5,1968,3710903.0
246137,2023-02-15,AMBER,540902,A,1877.65,1877.65,1848.45,1857.65,1878.65,3323,6166139.0
246138,2023-02-16,AMBER,540902,A,1859.9,1880.65,1859.9,1875.3,1857.65,3686,6898920.0
246139,2023-02-17,AMBER,540902,A,1880.0,1887.8,1860.1,1872.8,1875.3,609,1138983.0
246140,2023-02-20,AMBER,540902,A,1887.8,1895.95,1847.3,1856.85,1872.8,2955,5493765.0
246141,2023-02-21,AMBER,540902,A,1863.45,1924.8,1851.7,1916.25,1856.85,6832,12957571.0
246142,2023-02-22,AMBER,540902,A,1910.05,1916.0,1880.8,1896.45,1916.25,2105,3995870.0
246143,2023-02-23,AMBER,540902,A,1912.9,1913.15,1868.25,1881.9,1896.45,11698,22146157.0
246144,2023-02-24,AMBER,540902,A,1881.9,1911.65,1880.05,1884.6,1881.9,1713,3248360.0
246145,2023-02-27,AMBER,540902,A,1895.6,1895.6,1853.8,1868.2,1884.6,3572,6717892.0
246146,2023-02-28,AMBER,540902,A,1850.05,1899.75,1846.5,1892.4,1868.2,2890,5438322.0
246147,2023-03-01,AMBER,540902,A,1904.95,1904.95,1888.0,1891.55,1892.4,2177,4129101.0
246148,2023-03-02,AMBER,540902,A,1892.4,1960.15,1889.35,1952.55,1891.55,6045,11617746.0
246149,2023-03-03,AMBER,540902,A,1935.05,2086.15,1935.05,1999.15,1952.55,23534,47859113.0
246150,2023-03-06,AMBER,540902,A,2008.05,2073.8,2008.05,2028.65,1999.15,3434,6984533.0
246151,2023-03-08,AMBER,540902,A,2016.8,2058.0,1984.85,2026.55,2028.65,3268,6631419.0
246152,2023-03-09,AMBER,540902,A,2042.0,2045.55,1991.0,2015.75,2026.55,3441,6950637.0
246153,2023-03-10,AMBER,540902,A,1997.45,2023.15,1989.65,1993.15,2015.75,1871,3749808.0
246154,2023-03-13,AMBER,540902,A,1992.75,2018.45,1959.35,1978.7,1993.15,4726,9372121.0
246155,2023-03-14,AMBER,540902,A,1975.0,1983.5,1912.05,1935.75,1978.7,2170,4209689.0
246156,2023-03-15,AMBER,540902,A,1950.55,1961.4,1920.5,1933.0,1935.75,1069,2073910.0
246157,2023-03-16,AMBER,540902,A,1918.05,1939.65,1897.65,1928.2,1933.0,756,1451109.0
246158,2023-03-17,AMBER,540902,A,1939.6,1947.0,1900.95,1913.75,1928.2,2512,4827718.0
246159,2023-03-20,AMBER,540902,A,1929.65,1929.65,1877.95,1896.3,1913.75,1610,3057079.0
246160,2023-03-21,AMBER,540902,A,1907.1,1907.1,1864.1,1871.3,1896.3,1067,2004464.0
246161,2023-03-22,AMBER,540902,A,1874.05,1904.45,1869.55,1897.15,1871.3,2744,5193104.0
246162,2023-03-23,AMBER,540902,A,1893.0,1940.3,1865.0,1874.05,1897.15,1914,3631992.0
246163,2023-03-24,AMBER,540902,A,1873.0,1876.5,1800.05,1813.9,1874.05,7343,13464667.0
246164,2023-03-27,AMBER,540902,A,1814.95,1835.0,1762.25,1790.8,1813.9,7192,12851712.0
246165,2023-03-28,AMBER,540902,A,1795.0,1803.95,1780.0,1792.1,1790.8,851,1526218.0
246166,2023-03-29,AMBER,540902,A,1780.0,1830.6,1778.15,1823.0,1792.1,1043,1892243.0
246167,2023-03-31,AMBER,540902,A,1849.9,1849.9,1782.7,1822.1,1823.0,1387,2506944.0
246168,2023-04-03,AMBER,540902,A,1830.0,1857.55,1825.35,1840.1,1822.1,943,1735996.0
246169,2023-04-05,AMBER,540902,A,1845.2,1860.9,1822.9,1849.85,1840.1,431,792969.0
246170,2023-04-06,AMBER,540902,A,1850.7,1889.65,1848.2,1883.45,1849.85,3346,6246135.0
246171,2023-04-10,AMBER,540902,A,1885.05,1906.0,1881.1,1891.3,1883.45,577,1093306.0
246172,2023-04-11,AMBER,540902,A,1891.4,1901.9,1875.35,1885.9,1891.3,426,804091.0
246173,2023-04-12,AMBER,540902,A,1877.1,1884.55,1862.05,1871.8,1885.9,2372,4443712.0
246174,2023-04-13,AMBER,540902,A,1884.7,1884.7,1856.9,1865.4,1871.8,583,1089226.0
246175,2023-04-17,AMBER,540902,A,1865.0,1865.4,1832.0,1857.35,1865.4,2253,4184957.0
246176,2023-04-18,AMBER,540902,A,1830.05,1861.2,1830.05,1854.15,1857.35,528,980229.0
246177,2023-04-19,AMBER,540902,A,1861.2,1866.25,1823.1,1835.25,1854.15,1106,2046313.0
246178,2023-04-20,AMBER,540902,A,1834.3,1871.3,1827.0,1851.6,1835.25,3685,6842813.0
246179,2023-04-21,AMBER,540902,A,1855.0,1869.15,1831.35,1842.35,1851.6,854,1578182.0
246180,2023-04-24,AMBER,540902,A,1850.05,1873.75,1839.25,1861.7,1842.35,453,842651.0
246181,2023-04-25,AMBER,540902,A,1861.35,1861.35,1831.65,1836.7,1861.7,2935,5417459.0
246182,2023-04-26,AMBER,540902,A,1833.25,1848.55,1820.15,1831.1,1836.7,1666,3056005.0
246183,2023-04-27,AMBER,540902,A,1829.7,1849.3,1823.45,1842.2,1831.1,875,1609260.0
246184,2023-04-28,AMBER,540902,A,1860.0,1875.75,1805.45,1867.0,1842.2,7092,13026479.0
246185,2023-05-02,AMBER,540902,A,1894.95,1899.75,1870.0,1883.3,1867.0,629,1190531.0
246186,2023-05-03,AMBER,540902,A,1880.7,1880.7,1836.5,1848.85,1883.3,2684,4972664.0
246187,2023-05-04,AMBER,540902,A,1846.0,1881.0,1833.35,1866.75,1848.85,4131,7686887.0
246188,2023-05-05,AMBER,540902,A,1852.2,1876.3,1852.2,1865.85,1866.75,1249,2327343.0
246189,2023-05-08,AMBER,540902,A,1868.05,1873.0,1835.0,1841.2,1865.85,3274,6053101.0
246190,2023-05-09,AMBER,540902,A,1840.0,1846.95,1806.0,1810.45,1841.2,1893,3461868.0
246191,2023-05-10,AMBER,540902,A,1813.6,1836.0,1811.85,1825.95,1810.45,3266,5958806.0
246192,2023-05-11,AMBER,540902,A,1826.45,1831.15,1811.6,1817.75,1825.95,563,1026042.0
246193,2023-05-12,AMBER,540902,A,1830.95,1830.95,1811.25,1815.35,1817.75,1314,2391062.0
246194,2023-05-15,AMBER,540902,A,1818.0,1860.0,1811.5,1850.05,1815.35,925,1705759.0
246195,2023-05-16,AMBER,540902,A,1850.0,1945.0,1850.0,1880.5,1850.05,21049,40454774.0
246196,2023-05-17,AMBER,540902,A,2190.0,2224.85,2058.45,2177.9,1880.5,68253,145620292.0
246197,2023-05-18,AMBER,540902,A,2163.9,2209.0,2090.0,2110.75,2177.9,49563,106619500.0
246198,2023-05-19,AMBER,540902,A,2126.95,2143.0,2079.25,2094.55,2110.75,8653,18251562.0
246199,2023-05-22,AMBER,540902,A,2098.7,2132.8,2057.0,2066.1,2094.55,18284,38009448.0
246200,2023-05-23,AMBER,540902,A,2071.05,2092.0,2021.3,2035.25,2066.1,3632,7490920.0
246201,2023-05-24,AMBER,540902,A,2012.0,2163.55,2012.0,2130.65,2035.25,12420,26253772.0
246202,2023-05-25,AMBER,540902,A,2111.05,2162.6,2103.8,2129.4,2130.65,11806,25204542.0
246203,2023-05-26,AMBER,540902,A,2130.0,2172.9,2112.5,2122.75,2129.4,13157,28165413.0
246204,2023-05-29,AMBER,540902,A,2149.95,2155.45,2111.3,2115.0,2122.75,2244,4788129.0
246205,2023-05-30,AMBER,540902,A,2135.4,2191.55,2130.0,2136.05,2115.0,4920,10608417.0
246206,2023-05-31,AMBER,540902,A,2140.0,2152.75,2112.55,2118.65,2136.05,1970,4199842.0
246207,2023-06-01,AMBER,540902,A,2139.95,2177.6,2120.8,2144.65,2118.65,13950,30077491.0
246208,2023-06-02,AMBER,540902,A,2164.75,2221.0,2152.15,2182.65,2144.65,6968,15297426.0
246209,2023-06-05,AMBER,540902,A,2200.45,2210.0,2170.0,2184.45,2182.65,9176,20074394.0
246210,2023-06-06,AMBER,540902,A,2193.0,2211.9,2152.55,2160.75,2184.45,2179,4743713.0
246211,2023-06-07,AMBER,540902,A,2167.9,2175.25,2125.2,2132.05,2160.75,1440,3091378.0
246212,2023-06-08,AMBER,540902,A,2132.1,2138.9,2064.4,2072.6,2132.05,2759,5756801.0
246213,2023-06-09,AMBER,540902,A,2078.55,2114.75,2071.5,2088.05,2072.6,7169,14986455.0
246214,2023-06-12,AMBER,540902,A,2090.05,2105.1,2074.45,2100.1,2088.05,5641,11795750.0
246215,2023-06-13,AMBER,540902,A,2114.95,2121.15,2090.0,2103.95,2100.1,2619,5510747.0
246216,2023-06-14,AMBER,540902,A,2123.95,2143.65,2100.05,2125.05,2103.95,8806,18698220.0
246217,2023-06-15,AMBER,540902,A,2125.05,2156.35,2120.0,2132.4,2125.05,4714,10052954.0
246218,2023-06-16,AMBER,540902,A,2150.35,2154.0,2120.0,2129.75,2132.4,1069,2290568.0
246219,2023-06-19,AMBER,540902,A,2133.0,2147.0,2100.55,2105.95,2129.75,5316,11281801.0
246220,2023-06-20,AMBER,540902,A,2130.05,2383.95,2130.05,2278.45,2105.95,55089,126983693.0
246221,2023-06-21,AMBER,540902,A,2300.0,2363.0,2280.0,2350.5,2278.45,37234,86337292.0
246222,2023-06-22,AMBER,540902,A,2350.5,2456.65,2305.0,2352.45,2350.5,30646,73127943.0
246223,2023-06-23,AMBER,540902,A,2330.1,2349.9,2249.0,2260.0,2352.45,14340,33008406.0
246224,2023-06-26,AMBER,540902,A,2257.0,2273.25,2213.0,2227.4,2260.0,11042,24716543.0
246225,2023-06-27,AMBER,540902,A,2235.95,2384.8,2205.95,2257.8,2227.4,23841,55281844.0
246226,2023-06-28,AMBER,540902,A,2309.2,2315.1,2182.05,2197.4,2257.8,14755,33076525.0
246227,2023-06-30,AMBER,540902,A,2206.45,2280.0,2171.6,2253.9,2197.4,23682,52928128.0
246228,2023-07-03,AMBER,540902,A,2260.05,2292.9,2245.45,2259.25,2253.9,4788,10849918.0
246229,2023-07-04,AMBER,540902,A,2265.0,2301.7,2232.35,2238.75,2259.25,7125,16074148.0
246230,2023-07-05,AMBER,540902,A,2250.85,2251.0,2205.3,2219.3,2238.75,3502,7776860.0
246231,2023-07-06,AMBER,540902,A,2250.2,2290.1,2225.6,2279.3,2219.3,3966,9001595.0
246232,2023-07-07,AMBER,540902,A,2299.0,2299.05,2210.25,2222.9,2279.3,4616,10331416.0
246233,2023-07-10,AMBER,540902,A,2219.6,2243.2,2156.0,2186.1,2222.9,11569,25528566.0
246234,2023-07-11,AMBER,540902,A,2195.95,2242.7,2184.0,2225.65,2186.1,5705,12623590.0
246235,2023-07-12,AMBER,540902,A,2238.0,2248.55,2214.45,2233.55,2225.65,5803,12942053.0
246236,2023-07-13,AMBER,540902,A,2230.0,2241.9,2180.05,2188.45,2233.55,9931,21909760.0
246237,2023-07-14,AMBER,540902,A,2192.0,2222.95,2192.0,2211.1,2188.45,4799,10600414.0
246238,2023-07-17,AMBER,540902,A,2221.05,2228.25,2200.95,2214.95,2211.1,2431,5393146.0
246239,2023-07-18,AMBER,540902,A,2220.0,2235.35,2201.65,2211.5,2214.95,4694,10403581.0
246240,2023-07-19,AMBER,540902,A,2219.85,2224.85,2196.0,2207.85,2211.5,1710,3775684.0
246241,2023-07-20,AMBER,540902,A,2190.05,2210.0,2170.0,2195.05,2207.85,7305,15996849.0
246242,2023-07-21,AMBER,540902,A,2185.1,2233.0,2182.3,2227.1,2195.05,1798,3982839.0
246243,2023-07-24,AMBER,540902,A,2235.0,2252.65,2215.75,2245.55,2227.1,3419,7654328.0
246244,2023-07-25,AMBER,540902,A,2274.95,2295.0,2233.4,2261.75,2245.55,3764,8550564.0
246245,2023-07-26,AMBER,540902,A,2273.95,2425.0,2193.25,2409.85,2261.75,23746,55431981.0
246246,2023-07-27,AMBER,540902,A,2380.05,2524.9,2358.85,2450.15,2409.85,20840,51089917.0
246247,2023-07-28,AMBER,540902,A,2460.05,2481.0,2424.0,2433.65,2450.15,8674,21248742.0
246248,2023-07-31,AMBER,540902,A,2450.05,2479.0,2392.55,2438.75,2433.65,7112,17288610.0
246249,2023-08-01,AMBER,540902,A,2446.95,2446.95,2400.3,2419.1,2438.75,8564,20690543.0
246250,2023-08-02,AMBER,540902,A,2430.1,2459.65,2338.25,2363.05,2419.1,2908,6937107.0
246251,2023-08-03,AMBER,540902,A,2360.0,2448.0,2347.3,2412.65,2363.05,10191,24638593.0
246252,2023-08-04,AMBER,540902,A,2425.7,2633.0,2425.7,2505.3,2412.65,48513,122918933.0
246253,2023-08-07,AMBER,540902,A,2506.05,2549.95,2453.1,2536.2,2505.3,11319,28233356.0
246254,2023-08-08,AMBER,540902,A,2530.0,2590.9,2513.0,2550.4,2536.2,6486,16553844.0
246255,2023-08-09,AMBER,540902,A,2550.9,2558.1,2483.0,2494.2,2550.4,6815,17114248.0
246256,2023-08-10,AMBER,540902,A,2494.2,2539.0,2477.25,2486.0,2494.2,7893,19795187.0
246257,2023-08-11,AMBER,540902,A,2455.3,2511.9,2444.25,2477.75,2486.0,2942,7281366.0
246258,2023-08-14,AMBER,540902,A,2447.1,2621.15,2447.1,2604.55,2477.75,20481,52411354.0
246259,2023-08-16,AMBER,540902,A,2603.0,2633.3,2586.2,2605.7,2604.55,7563,19703755.0
246260,2023-08-17,AMBER,540902,A,2573.2,2875.0,2573.2,2838.25,2605.7,29481,82220519.0
246261,2023-08-18,AMBER,540902,A,2770.0,2985.0,2770.0,2826.15,2838.25,29453,84403827.0
246262,2023-08-21,AMBER,540902,A,2831.1,2928.1,2828.25,2870.4,2826.15,11861,34198354.0
246263,2023-08-22,AMBER,540902,A,2874.45,2920.6,2829.6,2849.95,2870.4,4372,12517171.0
246264,2023-08-23,AMBER,540902,A,2860.0,2912.35,2842.0,2855.25,2849.95,4724,13515225.0
246265,2023-08-24,AMBER,540902,A,2884.95,2986.05,2790.3,2815.3,2855.25,18477,53618714.0
246266,2023-08-25,AMBER,540902,A,2829.95,2920.0,2770.0,2783.3,2815.3,17190,48548857.0
246267,2023-08-28,AMBER,540902,A,2805.05,2918.0,2805.05,2896.55,2783.3,179962,518438801.0
246268,2023-08-29,AMBER,540902,A,2899.95,2945.0,2882.75,2904.55,2896.55,12110,35318689.0
246269,2023-08-30,AMBER,540902,A,2939.95,2989.5,2881.7,2898.6,2904.55,6400,18718241.0
246270,2023-08-31,AMBER,540902,A,2920.0,2935.0,2879.0,2896.65,2898.6,5313,15442757.0
246271,2023-09-01,AMBER,540902,A,2960.05,3086.25,2940.9,2971.5,2896.65,13300,40043382.0
246272,2023-09-04,AMBER,540902,A,2973.95,3042.7,2973.95,3031.7,2971.5,2041,6155249.0
246273,2023-09-05,AMBER,540902,A,3031.7,3070.0,2995.0,3013.65,3031.7,7447,22659050.0
246274,2023-09-06,AMBER,540902,A,3020.0,3073.15,2980.7,2998.4,3013.65,6705,20291195.0
246275,2023-09-07,AMBER,540902,A,3093.0,3149.95,3026.9,3044.2,2998.4,19762,60592151.0
246276,2023-09-08,AMBER,540902,A,3065.0,3065.0,3015.0,3027.15,3044.2,5223,15841587.0
246277,2023-09-11,AMBER,540902,A,3063.95,3063.95,3031.05,3043.5,3027.15,1624,4942891.0
246278,2023-09-12,AMBER,540902,A,3030.15,3070.0,2875.1,2889.5,3043.5,13730,40832752.0
246279,2023-09-13,AMBER,540902,A,2868.95,2914.15,2823.4,2843.05,2889.5,4335,12370599.0
246280,2023-09-14,AMBER,540902,A,2840.75,2939.2,2840.75,2867.3,2843.05,3086,8902160.0
246281,2023-09-15,AMBER,540902,A,2905.0,2997.0,2898.25,2978.05,2867.3,3813,11292616.0
246282,2023-09-18,AMBER,540902,A,2980.0,3000.0,2950.0,2967.45,2978.05,4927,14663630.0
246283,2023-09-20,AMBER,540902,A,2977.0,2994.95,2937.45,2967.65,2967.45,1719,5098320.0
246284,2023-09-21,AMBER,540902,A,2907.7,2979.85,2907.7,2927.4,2967.65,3425,10127873.0
246285,2023-09-22,AMBER,540902,A,2959.2,2986.9,2900.0,2966.3,2927.4,2956,8727746.0
246286,2023-09-25,AMBER,540902,A,2966.3,2985.0,2960.0,2965.4,2966.3,631,1874401.0
246287,2023-09-26,AMBER,540902,A,2993.8,3028.1,2967.0,2994.75,2965.4,2270,6816389.0
246288,2023-09-27,AMBER,540902,A,2985.2,3061.7,2937.3,3054.45,2994.75,3167,9616352.0
246289,2023-09-28,AMBER,540902,A,3074.0,3095.0,2906.75,2990.9,3054.45,4478,13529388.0
246290,2023-09-29,AMBER,540902,A,2990.0,3045.4,2960.9,2982.7,2990.9,1327,3976963.0
246291,2023-10-03,AMBER,540902,A,2961.05,2988.75,2878.35,2932.1,2982.7,4762,13928003.0
246292,2023-10-04,AMBER,540902,A,2949.95,2949.95,2861.0,2900.55,2932.1,2308,6684342.0
246293,2023-10-05,AMBER,540902,A,2902.0,2988.95,2902.0,2945.65,2900.55,3316,9806514.0
246294,2023-10-06,AMBER,540902,A,2915.05,2975.95,2897.0,2921.75,2945.65,3415,9966394.0
246295,2023-10-09,AMBER,540902,A,2875.05,2900.5,2812.65,2842.0,2921.75,6400,18169957.0
246296,2023-10-10,AMBER,540902,A,2847.3,2876.3,2808.0,2839.3,2842.0,3376,9569661.0
246297,2023-10-11,AMBER,540902,A,2839.35,2900.7,2839.35,2893.25,2839.3,1655,4776035.0
246298,2023-10-12,AMBER,540902,A,2890.05,3015.0,2884.75,2993.2,2893.25,7243,21575837.0
246299,2023-10-13,AMBER,540902,A,2988.0,3008.35,2952.45,2967.5,2993.2,4893,14604130.0
246300,2023-10-16,AMBER,540902,A,2994.05,2994.05,2928.4,2938.75,2967.5,1129,3323969.0
246301,2023-10-17,AMBER,540902,A,2964.95,3005.25,2950.0,2955.25,2938.75,4598,13668038.0
246302,2023-10-18,AMBER,540902,A,2925.05,3035.0,2925.05,2978.3,2955.25,1971,5875847.0
246303,2023-10-19,AMBER,540902,A,2962.85,2994.2,2927.9,2946.75,2978.3,2915,8644352.0
246304,2023-10-20,AMBER,540902,A,2925.05,3081.5,2925.05,3038.3,2946.75,6880,20923220.0
246305,2023-10-23,AMBER,540902,A,2712.1,2929.0,2712.1,2785.75,3038.3,33991,95702326.0
246306,2023-10-25,AMBER,540902,A,2901.9,3000.0,2828.0,2975.2,2785.75,28399,83790286.0
246307,2023-10-26,AMBER,540902,A,2929.55,2962.2,2888.55,2942.4,2975.2,6040,17643215.0
246308,2023-10-27,AMBER,540902,A,2926.5,2978.45,2851.8,2907.95,2942.4,6561,19067675.0
246309,2023-10-30,AMBER,540902,A,2907.85,2998.25,2885.5,2984.95,2907.95,7168,21178877.0
246310,2023-10-31,AMBER,540902,A,2986.1,3005.75,2912.3,2935.8,2984.95,1721,5114276.0
246311,2023-11-01,AMBER,540902,A,2932.8,2973.85,2874.05,2928.8,2935.8,3800,11092757.0
246312,2023-11-02,AMBER,540902,A,2933.0,2979.25,2905.3,2921.25,2928.8,2346,6861101.0
246313,2023-11-03,AMBER,540902,A,2925.9,3150.0,2925.65,3116.3,2921.25,13660,41784901.0
246314,2023-11-06,AMBER,540902,A,3198.95,3444.0,3167.75,3360.65,3116.3,13450,44338165.0
246315,2023-11-07,AMBER,540902,A,3355.95,3430.0,3279.35,3394.8,3360.65,17659,59250456.0
246316,2023-11-08,AMBER,540902,A,3390.0,3478.6,3310.0,3325.45,3394.8,7175,24304843.0
246317,2023-11-09,AMBER,540902,A,3350.0,3375.35,3111.0,3129.55,3325.45,4063,13152667.0
246318,2023-11-10,AMBER,540902,A,3139.95,3139.95,2967.4,3051.8,3129.55,10655,32277664.0
246319,2023-11-12,AMBER,540902,A,3096.0,3190.0,3096.0,3156.5,3051.8,3564,11218533.0
246320,2023-11-13,AMBER,540902,A,3156.55,3156.55,3071.0,3089.25,3156.5,1651,5117721.0
246321,2023-11-15,AMBER,540902,A,3100.0,3190.0,3091.0,3170.9,3089.25,2912,9123052.0
246322,2023-11-16,AMBER,540902,A,3189.95,3295.0,3130.0,3261.2,3170.9,61504,199454544.0
246323,2023-11-17,AMBER,540902,A,3231.55,3270.0,3200.85,3212.7,3261.2,2495,8054629.0
246324,2023-11-20,AMBER,540902,A,3239.95,3477.45,3198.85,3386.75,3212.7,17043,57642903.0
246325,2023-11-21,AMBER,540902,A,3345.05,3429.6,3239.65,3289.15,3386.75,13046,43247102.0
246326,2023-11-22,AMBER,540902,A,3289.9,3328.95,3241.85,3274.3,3289.15,2519,8279142.0
246327,2023-11-23,AMBER,540902,A,3283.45,3325.0,3247.8,3260.65,3274.3,4246,13923467.0
246328,2023-11-24,AMBER,540902,A,3256.5,3326.0,3241.15,3266.45,3260.65,1276,4188781.0
246329,2023-11-28,AMBER,540902,A,3280.0,3299.0,3122.0,3132.05,3266.45,6915,21962412.0
246330,2023-11-29,AMBER,540902,A,3159.95,3175.95,3033.7,3046.05,3132.05,6167,19054442.0
246331,2023-11-30,AMBER,540902,A,3070.75,3094.0,3024.8,3046.6,3046.05,4306,13178612.0
246332,2023-12-01,AMBER,540902,A,3046.65,3196.55,3046.65,3128.0,3046.6,4053,12706982.0
246333,2023-12-04,AMBER,540902,A,3248.95,3248.95,3083.85,3110.7,3128.0,3146,9791349.0
246334,2023-12-05,AMBER,540902,A,3144.95,3162.25,3103.6,3149.15,3110.7,1979,6211609.0
246335,2023-12-06,AMBER,540902,A,3148.6,3148.6,3085.6,3105.15,3149.15,4220,13111702.0
246336,2023-12-07,AMBER,540902,A,3110.05,3120.15,3065.15,3087.4,3105.15,3457,10701333.0
246337,2023-12-08,AMBER,540902,A,3109.55,3119.65,3078.1,3091.45,3087.4,1732,5367398.0
246338,2023-12-11,AMBER,540902,A,3145.55,3166.35,3081.0,3125.5,3091.45,7498,23422196.0
246339,2023-12-12,AMBER,540902,A,3188.05,3215.0,3072.2,3089.25,3125.5,4239,13310982.0
246340,2023-12-13,AMBER,540902,A,3082.55,3105.3,3053.6,3060.0,3089.25,6905,21159220.0
246341,2023-12-14,AMBER,540902,A,3100.8,3175.1,3088.0,3112.8,3060.0,5987,18732853.0
246342,2023-12-15,AMBER,540902,A,3180.8,3388.0,3180.0,3318.55,3112.8,32107,106283282.0
246343,2023-12-18,AMBER,540902,A,3339.95,3339.95,3210.9,3238.1,3318.55,7189,23314841.0
246344,2023-12-19,AMBER,540902,A,3237.3,3243.25,3180.0,3205.6,3238.1,8150,26066103.0
246345,2023-12-20,AMBER,540902,A,3241.45,3241.45,3054.0,3070.85,3205.6,7796,24344475.0
246346,2023-12-21,AMBER,540902,A,3056.8,3109.15,3014.4,3076.15,3070.85,8351,25523908.0
246347,2023-12-22,AMBER,540902,A,3103.05,3103.05,3040.2,3051.55,3076.15,4234,12964948.0
246348,2023-12-26,AMBER,540902,A,3065.0,3065.0,3035.55,3040.75,3051.55,3263,9937819.0
246349,2023-12-27,AMBER,540902,A,3084.95,3177.6,3082.15,3127.7,3040.75,6827,21352448.0
246350,2023-12-28,AMBER,540902,A,3172.05,3172.05,3094.0,3104.55,3127.7,2599,8093247.0
246351,2023-12-29,AMBER,540902,A,3139.85,3140.0,3087.55,3133.7,3104.55,4175,13027676.0
246352,2024-01-01,AMBER,540902,A,3136.05,3152.0,3115.1,3140.45,3133.7,1139,3572406.0
246353,2024-01-02,AMBER,540902,A,3138.2,3151.2,3075.0,3103.9,3140.45,4858,15068025.0
246354,2024-01-03,AMBER,540902,A,3142.0,3142.0,3098.25,3111.25,3103.9,1826,5688012.0
246355,2024-01-04,AMBER,540902,A,3140.0,3236.6,3117.7,3192.7,3111.25,5245,16723386.0
246356,2024-01-05,AMBER,540902,A,3235.25,3293.0,3201.65,3255.0,3192.7,16185,52750594.0
246357,2024-01-08,AMBER,540902,A,3255.05,3402.75,3253.25,3311.45,3255.0,11537,38534947.0
246358,2024-01-09,AMBER,540902,A,3365.5,3434.0,3316.0,3402.6,3311.45,11960,40479806.0
246359,2024-01-10,AMBER,540902,A,3455.05,3552.95,3414.85,3501.7,3402.6,15791,55275121.0
246360,2024-01-11,AMBER,540902,A,3504.1,3583.9,3472.7,3517.1,3501.7,11170,39646585.0
246361,2024-01-12,AMBER,540902,A,3524.75,3656.95,3464.2,3634.75,3517.1,4909,17570675.0
246362,2024-01-15,AMBER,540902,A,3603.7,3766.0,3566.8,3752.4,3634.75,5623,20665423.0
246363,2024-01-16,AMBER,540902,A,3764.85,3896.0,3708.25,3850.6,3752.4,14234,54224512.0
246364,2024-01-17,AMBER,540902,A,3770.1,3817.2,3647.05,3716.5,3850.6,5736,21450261.0
246365,2024-01-18,AMBER,540902,A,3716.5,3968.95,3596.1,3822.7,3716.5,10293,39027635.0
246366,2024-01-19,AMBER,540902,A,3899.15,3899.15,3734.0,3750.05,3822.7,4534,17213046.0
246367,2024-01-20,AMBER,540902,A,3763.15,3768.75,3680.0,3707.2,3750.05,4918,18284873.0
246368,2024-01-23,AMBER,540902,A,3739.85,3871.8,3598.2,3651.05,3707.2,8585,32025749.0
246369,2024-01-24,AMBER,540902,A,3663.9,3833.05,3605.85,3802.95,3651.05,4330,16166730.0
246370,2024-01-25,AMBER,540902,A,3845.8,4222.85,3809.4,4098.25,3802.95,10517,42696225.0
246371,2024-01-29,AMBER,540902,A,4188.8,4436.3,4180.25,4389.55,4098.25,14127,60854313.0
246372,2024-01-30,AMBER,540902,A,4419.85,4523.45,4315.0,4472.65,4389.55,5049,22173163.0
246373,2024-01-31,AMBER,540902,A,4437.65,4615.2,4320.0,4444.95,4472.65,8530,38554228.0
246374,2024-02-01,AMBER,540902,A,4400.4,4588.0,4175.05,4552.2,4444.95,21966,95651893.0
246375,2024-02-02,AMBER,540902,A,4529.45,4529.45,4376.85,4422.5,4552.2,4946,22076209.0
246376,2024-02-05,AMBER,540902,A,4498.75,4512.95,4354.7,4364.8,4422.5,4623,20451461.0
246377,2024-02-06,AMBER,540902,A,4364.05,4595.2,4364.0,4493.2,4364.8,3591,16232132.0
246378,2024-02-07,AMBER,540902,A,4592.85,4592.85,4389.0,4418.05,4493.2,4348,19280899.0
246379,2024-02-08,AMBER,540902,A,4450.05,4490.0,4201.05,4223.35,4418.05,7164,31014636.0
246380,2024-02-09,AMBER,540902,A,4224.7,4272.4,4038.8,4165.2,4223.35,5653,23385903.0
246381,2024-02-12,AMBER,540902,A,3749.95,3902.0,3569.0,3691.2,4165.2,33889,125392641.0
246382,2024-02-13,AMBER,540902,A,3735.4,3744.85,3390.0,3595.2,3691.2,14779,51483212.0
246383,2024-02-14,AMBER,540902,A,3639.85,3896.0,3546.5,3859.85,3595.2,8020,29559891.0
246384,2024-02-15,AMBER,540902,A,3854.55,3965.0,3800.6,3910.5,3859.85,7933,31045444.0
246385,2024-02-16,AMBER,540902,A,3945.3,4074.4,3928.0,3946.3,3910.5,4230,16912135.0
246386,2024-02-19,AMBER,540902,A,3970.15,4099.95,3904.35,4058.2,3946.3,2323,9334774.0
246387,2024-02-20,AMBER,540902,A,4075.05,4145.0,4001.75,4029.95,4058.2,4904,19993096.0
246388,2024-02-21,AMBER,540902,A,4097.85,4106.95,3923.15,3953.45,4029.95,2706,10821516.0
246389,2024-02-22,AMBER,540902,A,3955.55,4044.15,3872.0,3898.05,3953.45,2222,8795867.0
246390,2024-02-23,AMBER,540902,A,3905.1,3969.1,3848.1,3882.25,3898.05,6978,27270313.0
246391,2024-02-26,AMBER,540902,A,3860.15,3913.9,3753.0,3774.8,3882.25,4019,15359132.0
246392,2024-02-27,AMBER,540902,A,3800.0,3824.7,3708.0,3741.4,3774.8,2351,8816709.0
246393,2024-02-28,AMBER,540902,A,3797.95,3797.95,3630.0,3730.1,3741.4,5639,20922671.0
246394,2024-02-29,AMBER,540902,A,3705.05,3705.05,3573.0,3678.4,3730.1,3668,13328765.0
246395,2024-03-01,AMBER,540902,A,3682.6,3702.55,3561.0,3590.2,3678.4,2324,8397234.0
246396,2024-03-02,AMBER,540902,A,3634.95,3685.0,3596.05,3650.6,3590.2,1332,4855753.0
246397,2024-03-04,AMBER,540902,A,3687.95,3777.0,3567.5,3723.85,3650.6,3044,11166396.0
246398,2024-03-05,AMBER,540902,A,3728.0,3782.35,3681.15,3698.2,3723.85,4192,15617917.0
246399,2024-03-06,AMBER,540902,A,3718.95,3727.25,3616.35,3656.25,3698.2,4322,15818014.0
246400,2024-03-07,AMBER,540902,A,3650.05,3698.0,3630.0,3652.15,3656.25,2582,9459869.0
246401,2024-03-11,AMBER,540902,A,3652.15,3730.0,3585.25,3621.85,3652.15,5520,20196165.0
246402,2024-03-12,AMBER,540902,A,3648.25,3693.7,3559.65,3625.45,3621.85,2939,10631080.0
246403,2024-03-13,AMBER,540902,A,3625.0,3625.45,3388.0,3550.55,3625.45,4094,14327818.0
246404,2024-03-14,AMBER,540902,A,3517.6,3605.25,3465.3,3512.25,3550.55,8157,28886120.0
246405,2024-03-15,AMBER,540902,A,3498.65,3549.55,3304.05,3337.65,3512.25,7886,26810702.0
246406,2024-03-18,AMBER,540902,A,3423.45,3488.65,3322.2,3344.2,3337.65,11375,38567178.0
246407,2024-03-19,AMBER,540902,A,3370.2,3370.2,3132.4,3155.4,3344.2,5914,19014367.0
246408,2024-03-20,AMBER,540902,A,3175.0,3258.65,2991.2,3225.55,3155.4,31584,98451005.0
246409,2024-03-21,AMBER,540902,A,3285.75,3440.0,3241.85,3408.65,3225.55,19367,64703189.0
246410,2024-03-22,AMBER,540902,A,3430.0,3605.0,3430.0,3552.35,3408.65,30999,109791921.0
246411,2024-03-26,AMBER,540902,A,3587.45,3644.65,3463.45,3621.45,3552.35,5859,20817877.0
246412,2024-03-27,AMBER,540902,A,3654.95,3682.6,3598.15,3639.25,3621.45,6306,22938548.0
246413,2024-03-28,AMBER,540902,A,3636.7,3690.0,3603.65,3654.85,3639.25,8242,30140913.0
246414,2024-04-01,AMBER,540902,A,3673.2,3760.0,3660.6,3689.9,3654.85,3403,12602214.0
246415,2024-04-02,AMBER,540902,A,3725.0,3810.0,3713.25,3763.85,3689.9,14543,54838865.0
246416,2024-04-03,AMBER,540902,A,3799.85,3819.25,3732.6,3775.5,3763.85,4111,15547338.0
246417,2024-04-04,AMBER,540902,A,3810.0,3852.4,3739.9,3756.25,3775.5,3975,15019693.0
246418,2024-04-05,AMBER,540902,A,3710.15,3864.2,3706.25,3747.95,3756.25,15633,59052521.0
246419,2024-04-08,AMBER,540902,A,3800.0,3905.0,3785.0,3797.0,3747.95,5778,22223694.0
246420,2024-04-09,AMBER,540902,A,3848.85,3848.85,3722.9,3785.5,3797.0,8102,30682068.0
246421,2024-04-10,AMBER,540902,A,3790.15,3802.75,3670.2,3692.35,3785.5,5652,21022653.0
246422,2024-04-12,AMBER,540902,A,3688.05,3734.0,3677.4,3692.15,3692.35,5224,19316408.0
246423,2024-04-15,AMBER,540902,A,3618.35,3663.8,3564.05,3600.45,3692.15,3234,11693690.0
246424,2024-04-16,AMBER,540902,A,3599.85,3648.0,3540.35,3612.55,3600.45,3976,14256830.0
246425,2024-04-18,AMBER,540902,A,3677.95,3677.95,3577.4,3593.75,3612.55,1923,6988726.0
246426,2024-04-19,AMBER,540902,A,3520.0,3680.5,3503.8,3646.3,3593.75,9517,34084319.0
246427,2024-04-22,AMBER,540902,A,3646.9,3723.3,3641.0,3655.9,3646.3,5320,19601593.0
246428,2024-04-23,AMBER,540902,A,3719.95,3811.35,3688.7,3785.1,3655.9,11874,44552443.0
246429,2024-04-24,AMBER,540902,A,3838.65,3843.0,3770.0,3792.55,3785.1,3263,12468853.0
246430,2024-04-25,AMBER,540902,A,3794.3,3814.85,3749.3,3792.45,3792.55,4117,15610192.0
246431,2024-04-26,AMBER,540902,A,3801.25,3849.75,3767.55,3782.65,3792.45,1833,6984088.0
246432,2024-04-29,AMBER,540902,A,3795.25,3819.2,3709.95,3728.85,3782.65,5688,21348238.0
246433,2024-04-30,AMBER,540902,A,3788.15,3940.0,3753.45,3842.75,3728.85,19207,74493251.0
246434,2024-05-02,AMBER,540902,A,3888.3,3925.0,3879.25,3913.45,3842.75,2858,11164933.0
246435,2024-05-03,AMBER,540902,A,3957.3,3980.0,3882.7,3967.95,3913.45,11847,46549551.0
246436,2024-05-06,AMBER,540902,A,3996.0,4130.0,3996.0,4057.55,3967.95,6834,27826658.0
246437,2024-05-07,AMBER,540902,A,4063.8,4129.4,3920.0,3979.25,4057.55,4757,18996123.0
246438,2024-05-08,AMBER,540902,A,3980.0,3981.9,3857.45,3903.35,3979.25,5977,23348680.0
246439,2024-05-09,AMBER,540902,A,3930.05,4148.7,3854.25,3878.2,3903.35,6134,24413586.0
246440,2024-05-10,AMBER,540902,A,3949.95,3949.95,3786.05,3805.1,3878.2,6647,25386425.0
246441,2024-05-13,AMBER,540902,A,3842.1,3842.1,3666.05,3796.9,3805.1,10070,37560577.0
246442,2024-05-14,AMBER,540902,A,3797.05,3830.95,3755.0,3787.1,3796.9,1931,7310656.0
246443,2024-05-15,AMBER,540902,A,3799.9,3841.1,3772.9,3792.55,3787.1,1159,4415174.0
246444,2024-05-16,AMBER,540902,A,3789.15,3827.85,3770.0,3804.5,3792.55,3852,14636706.0
246445,2024-05-17,AMBER,540902,A,3804.65,3997.0,3798.9,3969.65,3804.5,14724,57815891.0
246446,2024-05-18,AMBER,540902,A,4050.2,4098.95,3850.05,3965.35,3969.65,962,3853211.0
246447,2024-05-21,AMBER,540902,A,3956.0,3956.0,3797.85,3806.8,3965.35,10867,41737742.0
246448,2024-05-22,AMBER,540902,A,3879.9,3882.8,3768.5,3829.25,3806.8,2772,10555581.0
246449,2024-05-23,AMBER,540902,A,3869.9,3869.9,3807.85,3822.1,3829.25,4917,18879722.0
246450,2024-05-24,AMBER,540902,A,3838.65,3838.65,3702.55,3723.15,3822.1,3048,11469852.0
246451,2024-05-27,AMBER,540902,A,3797.65,3797.65,3717.2,3728.55,3723.15,2510,9416674.0
246452,2024-05-28,AMBER,540902,A,3715.0,3769.6,3552.9,3568.65,3728.55,4041,14731165.0
246453,2024-05-29,AMBER,540902,A,3579.95,3613.1,3518.0,3562.55,3568.65,2781,9953545.0
246454,2024-05-30,AMBER,540902,A,3562.55,3609.15,3495.05,3510.65,3562.55,6042,21357349.0
246455,2024-05-31,AMBER,540902,A,3500.05,3683.95,3500.05,3595.6,3510.65,19668,71244118.0
246456,2024-06-03,AMBER,540902,A,3700.05,3774.25,3689.5,3729.1,3595.6,3821,14250338.0
246457,2024-06-04,AMBER,540902,A,3778.75,3778.75,3320.0,3539.65,3729.1,17844,63910996.0
246458,2024-06-05,AMBER,540902,A,3542.35,3690.0,3465.0,3632.85,3539.65,6963,25215930.0
246459,2024-06-06,AMBER,540902,A,3699.15,3768.4,3661.25,3714.4,3632.85,3275,12194319.0
246460,2024-06-07,AMBER,540902,A,3655.0,3800.0,3655.0,3743.8,3714.4,1315,4935097.0
246461,2024-06-10,AMBER,540902,A,3755.25,3850.0,3725.0,3807.3,3743.8,6534,24927367.0
246462,2024-06-11,AMBER,540902,A,3790.85,3872.0,3790.85,3847.45,3807.3,2357,9050422.0
246463,2024-06-12,AMBER,540902,A,3847.0,4155.3,3847.0,4104.95,3847.45,9134,36862688.0
246464,2024-06-13,AMBER,540902,A,4148.4,4148.4,3982.35,4062.65,4104.95,15968,64715123.0
246465,2024-06-14,AMBER,540902,A,4060.25,4209.25,4013.3,4033.65,4062.65,78264,323600607.0
246466,2024-06-18,AMBER,540902,A,4100.0,4270.0,3949.15,4018.55,4033.65,86480,348548708.0
246467,2024-06-19,AMBER,540902,A,4009.9,4047.95,3955.45,3996.3,4018.55,12846,51384339.0
246468,2024-06-20,AMBER,540902,A,3980.05,4042.0,3956.0,4002.7,3996.3,4041,16165145.0
246469,2024-06-21,AMBER,540902,A,4000.0,4051.05,3955.75,3969.45,4002.7,7468,29922717.0
246470,2024-06-24,AMBER,540902,A,3950.65,4133.6,3940.0,4106.5,3969.45,13787,56134771.0
246471,2024-06-25,AMBER,540902,A,4150.0,4167.95,4028.4,4052.1,4106.5,4288,17650515.0
246472,2024-06-26,AMBER,540902,A,4099.9,4297.5,4079.0,4260.45,4052.1,36611,154324452.0
246473,2024-06-27,AMBER,540902,A,4260.4,4425.0,4227.8,4279.0,4260.45,10189,44161045.0
246474,2024-06-28,AMBER,540902,A,4290.0,4563.75,4282.65,4521.25,4279.0,16322,72402358.0
246475,2024-07-01,AMBER,540902,A,4521.75,4551.7,4432.95,4484.95,4521.25,7453,33533078.0
246476,2024-07-02,AMBER,540902,A,4499.5,4520.0,4457.9,4499.95,4484.95,2130,9582799.0
246477,2024-07-03,AMBER,540902,A,4510.0,4663.8,4425.0,4446.2,4499.95,12451,56484302.0
246478,2024-07-04,AMBER,540902,A,4494.95,4539.45,4457.35,4497.9,4446.2,6100,27458709.0
246479,2024-07-05,AMBER,540902,A,4459.9,4540.5,4459.9,4502.75,4497.9,1516,6834681.0
246480,2024-07-08,AMBER,540902,A,4600.0,4600.0,4473.05,4502.25,4502.75,2491,11203853.0
246481,2024-07-09,AMBER,540902,A,4544.95,4880.0,4530.0,4559.65,4502.25,20342,95146399.0
246482,2024-07-10,AMBER,540902,A,4569.85,4600.05,4473.3,4569.2,4559.65,6270,28363103.0
246483,2024-07-11,AMBER,540902,A,4569.5,4633.5,4522.6,4556.35,4569.2,6702,30670544.0
246484,2024-07-12,AMBER,540902,A,4560.0,4617.55,4545.9,4554.45,4556.35,4304,19677879.0
246485,2024-07-15,AMBER,540902,A,4645.1,4740.0,4548.15,4694.45,4554.45,6231,29076861.0
246486,2024-07-16,AMBER,540902,A,4696.95,4697.0,4550.0,4595.0,4694.45,2694,12446266.0
246487,2024-07-18,AMBER,540902,A,4580.05,4580.05,4310.0,4425.3,4595.0,17284,76450942.0
246488,2024-07-19,AMBER,540902,A,4430.05,4430.05,4037.0,4123.2,4425.3,5700,24102724.0
246489,2024-07-22,AMBER,540902,A,4123.05,4326.25,4091.95,4278.25,4123.2,5452,22917964.0
246490,2024-07-23,AMBER,540902,A,4363.85,4363.85,4059.05,4202.95,4278.25,5086,21314422.0
246491,2024-07-24,AMBER,540902,A,4287.0,4341.0,4206.6,4312.9,4202.95,1790,7697392.0
246492,2024-07-25,AMBER,540902,A,4306.05,4420.0,4279.15,4382.0,4312.9,6785,29595776.0
246493,2024-07-26,AMBER,540902,A,4449.95,4522.75,4357.85,4380.25,4382.0,6180,27401034.0
246494,2024-07-29,AMBER,540902,A,4498.95,4530.85,4362.65,4385.3,4380.25,3583,15858203.0
246495,2024-07-30,AMBER,540902,A,4385.85,4440.55,4331.2,4349.7,4385.3,2649,11620786.0
246496,2024-07-31,AMBER,540902,A,4399.85,4399.85,4310.0,4330.25,4349.7,5068,22061907.0
246497,2024-08-01,AMBER,540902,A,4400.0,4400.0,4250.0,4259.1,4330.25,2107,9049289.0
246498,2024-08-02,AMBER,540902,A,4214.0,4609.55,4209.0,4387.25,4259.1,14360,63924679.0
246499,2024-08-05,AMBER,540902,A,4152.05,4275.05,4118.5,4249.35,4387.25,8461,35553254.0
246500,2024-08-06,AMBER,540902,A,4275.4,4372.7,4171.95,4213.6,4249.35,6098,25967117.0
246501,2024-08-07,AMBER,540902,A,4223.0,4325.0,4217.15,4278.2,4213.6,2360,10080231.0
246502,2024-08-08,AMBER,540902,A,4267.0,4399.0,4250.0,4346.25,4278.2,1655,7170956.0
246503,2024-08-09,AMBER,540902,A,4351.35,4402.05,4276.0,4311.4,4346.25,4037,17411055.0
246504,2024-08-12,AMBER,540902,A,4243.0,4276.4,4138.1,4151.95,4311.4,3973,16568093.0
246505,2024-08-13,AMBER,540902,A,4202.0,4202.0,4038.3,4067.8,4151.95,3323,13627283.0
246506,2024-08-14,AMBER,540902,A,4105.8,4119.95,3965.0,4091.8,4067.8,3498,14117467.0
246507,2024-08-16,AMBER,540902,A,4126.8,4154.15,4051.65,4139.1,4091.8,3585,14715854.0
246508,2024-08-19,AMBER,540902,A,4122.05,4209.95,4097.8,4186.05,4139.1,4239,17671420.0
246509,2024-08-20,AMBER,540902,A,4187.05,4250.0,4094.95,4237.0,4186.05,4578,19195567.0
246510,2024-08-21,AMBER,540902,A,4250.0,4250.0,4165.0,4182.1,4237.0,4709,19758131.0
246511,2024-08-22,AMBER,540902,A,4218.95,4218.95,4150.0,4196.75,4182.1,5639,23650605.0
246512,2024-08-23,AMBER,540902,A,4224.95,4269.5,4173.75,4196.3,4196.75,2964,12524479.0
246513,2024-08-26,AMBER,540902,A,4209.0,4256.0,4193.05,4243.75,4196.3,4858,20522350.0
246514,2024-08-27,AMBER,540902,A,4243.75,4348.75,4200.0,4303.2,4243.75,8167,35059756.0
246515,2024-08-28,AMBER,540902,A,4350.0,4385.0,4325.0,4377.4,4303.2,1923,8387438.0
246516,2024-08-29,AMBER,540902,A,4445.95,4590.0,4389.7,4551.9,4377.4,99869,452082535.0
246517,2024-08-30,AMBER,540902,A,4642.8,4642.8,4453.0,4472.3,4551.9,6151,27694880.0
246518,2024-09-02,AMBER,540902,A,4472.35,4510.25,4420.0,4462.75,4472.3,5587,24925722.0
246519,2024-09-03,AMBER,540902,A,4400.0,4495.45,4400.0,4456.5,4462.75,1744,7790159.0
246520,2024-09-04,AMBER,540902,A,4400.75,4523.9,4395.25,4507.95,4456.5,3430,15363629.0
246521,2024-09-05,AMBER,540902,A,4549.3,4723.2,4518.9,4684.35,4507.95,7076,32700333.0
246522,2024-09-06,AMBER,540902,A,4689.95,4731.75,4485.5,4504.9,4684.35,3809,17396526.0
246523,2024-09-09,AMBER,540902,A,4499.95,4539.0,4384.1,4530.35,4504.9,5785,25803413.0
246524,2024-09-10,AMBER,540902,A,4485.0,4508.4,4444.0,4468.7,4530.35,2221,9941114.0
246525,2024-09-11,AMBER,540902,A,4414.95,4447.25,4383.35,4417.05,4468.7,4742,20941818.0
246526,2024-09-12,AMBER,540902,A,4470.0,4523.55,4409.65,4502.5,4417.05,2632,11727610.0
246527,2024-09-13,AMBER,540902,A,4580.0,4660.0,4533.7,4644.65,4502.5,11321,52263865.0
246528,2024-09-16,AMBER,540902,A,4698.2,4698.2,4512.0,4558.75,4644.65,2995,13612754.0
246529,2024-09-17,AMBER,540902,A,4525.05,4570.5,4477.55,4505.25,4558.75,4510,20315257.0
246530,2024-09-18,AMBER,540902,A,4557.85,4557.85,4434.05,4458.75,4505.25,2172,9704541.0
246531,2024-09-19,AMBER,540902,A,4460.2,4476.1,4269.95,4388.1,4458.75,10050,43613844.0
246532,2024-09-20,AMBER,540902,A,4390.0,4395.9,4325.0,4345.85,4388.1,3106,13531837.0
246533,2024-09-23,AMBER,540902,A,4370.1,5177.95,4370.1,4993.7,4345.85,91819,450275138.0
246534,2024-09-24,AMBER,540902,A,4978.95,5364.55,4680.0,4722.45,4993.7,75651,382131678.0
246535,2024-09-25,AMBER,540902,A,4783.95,4918.4,4638.2,4805.6,4722.45,36017,172424885.0
246536,2024-09-26,AMBER,540902,A,4807.15,4862.0,4631.6,4669.2,4805.6,6113,28925544.0
246537,2024-09-27,AMBER,540902,A,4669.85,4745.1,4541.0,4653.65,4669.2,18165,84356570.0
246538,2024-09-30,AMBER,540902,A,4657.85,4844.4,4563.1,4812.2,4653.65,14447,67960420.0
246539,2024-10-01,AMBER,540902,A,4766.05,4908.95,4750.0,4845.1,4812.2,13662,66270590.0
246540,2024-10-03,AMBER,540902,A,4770.05,5231.0,4721.25,5170.45,4845.1,49665,252230450.0
246541,2024-10-04,AMBER,540902,A,5170.4,5171.25,4890.05,4916.05,5170.45,23231,116630528.0
246542,2024-10-07,AMBER,540902,A,4917.0,5050.0,4806.0,4928.85,4916.05,11483,56587182.0
246543,2024-10-08,AMBER,540902,A,4955.0,5138.05,4940.0,5059.45,4928.85,9774,49502736.0
246544,2024-10-09,AMBER,540902,A,5067.0,5186.5,5046.4,5153.3,5059.45,3994,20484682.0
246545,2024-10-10,AMBER,540902,A,5255.95,5255.95,5076.7,5108.6,5153.3,8565,44038332.0
246546,2024-10-11,AMBER,540902,A,5100.5,5107.3,5001.6,5023.85,5108.6,4417,22330046.0
246547,2024-10-14,AMBER,540902,A,5050.0,5295.0,5050.0,5143.7,5023.85,21943,113791897.0
246548,2024-10-15,AMBER,540902,A,5156.05,5217.2,5054.05,5163.95,5143.7,4251,21799947.0
246549,2024-10-16,AMBER,540902,A,5155.0,5670.0,5148.25,5482.9,5163.95,37680,207675724.0
246550,2024-10-17,AMBER,540902,A,5499.95,5567.85,5375.0,5484.75,5482.9,9457,51762911.0
246551,2024-10-18,AMBER,540902,A,5465.0,5501.0,5343.8,5402.85,5484.75,8693,46995050.0
246552,2024-10-21,AMBER,540902,A,5499.5,6483.4,5471.8,6383.75,5402.85,113548,690339865.0
246553,2024-10-22,AMBER,540902,A,6400.0,6425.15,5493.0,5679.9,6383.75,72688,420213251.0
246554,2024-10-23,AMBER,540902,A,5765.0,6815.85,5765.0,6399.4,5679.9,78973,496697820.0
246555,2024-10-24,AMBER,540902,A,6268.0,7157.85,6142.3,6249.55,6399.4,138474,914060990.0
246556,2024-10-25,AMBER,540902,A,6385.1,6547.05,5903.3,6169.1,6249.55,56899,349914567.0
246557,2024-10-28,AMBER,540902,A,6250.0,6363.0,6040.0,6232.65,6169.1,26059,162497143.0
246558,2024-10-29,AMBER,540902,A,6214.95,6340.0,6165.7,6277.0,6232.65,20130,126197154.0
246559,2024-10-30,AMBER,540902,A,6280.0,6280.0,5950.0,6044.0,6277.0,26954,163924522.0
246560,2024-10-31,AMBER,540902,A,6044.0,6054.2,5950.0,6041.65,6044.0,11402,68464856.0
246561,2024-11-01,AMBER,540902,A,6125.0,6300.0,6050.55,6157.2,6041.65,8367,51779361.0
246562,2024-11-04,AMBER,540902,A,6141.75,6334.1,5942.15,5988.65,6157.2,16397,99534110.0
246563,2024-11-05,AMBER,540902,A,6005.0,6186.15,5994.65,6066.7,5988.65,12108,73627346.0
246564,2024-11-06,AMBER,540902,A,6150.0,6296.6,6041.3,6229.55,6066.7,77387,475290263.0
246565,2024-11-07,AMBER,540902,A,6260.15,6336.45,6164.35,6217.5,6229.55,44993,280755706.0
246566,2024-11-08,AMBER,540902,A,6284.95,6284.95,6103.85,6146.95,6217.5,19924,123899038.0
246567,2024-11-11,AMBER,540902,A,6146.95,6150.0,5906.95,6027.15,6146.95,10941,66709677.0
246568,2024-11-12,AMBER,540902,A,6120.0,6294.05,6069.9,6128.9,6027.15,7703,47438883.0
246569,2024-11-13,AMBER,540902,A,6050.05,6162.2,5962.55,6092.75,6128.9,7573,46136212.0
246570,2024-11-14,AMBER,540902,A,6149.5,6171.45,6050.3,6115.7,6092.75,9299,56959422.0
246571,2024-11-18,AMBER,540902,A,6091.75,6380.95,6091.75,6214.85,6115.7,10348,64513051.0
246572,2024-11-19,AMBER,540902,A,6215.0,6429.15,6124.65,6165.9,6214.85,18632,116988268.0
246573,2024-11-21,AMBER,540902,A,6279.95,6670.0,6220.65,6546.6,6165.9,94633,619660939.0
246574,2024-11-22,AMBER,540902,A,6546.6,6570.7,6316.15,6479.95,6546.6,24774,159434720.0
246575,2024-11-25,AMBER,540902,A,6630.0,6785.95,6468.0,6527.4,6479.95,21619,143424503.0
246576,2024-11-26,AMBER,540902,A,6599.25,6599.25,6412.6,6442.0,6527.4,6950,45279603.0
246577,2024-11-27,AMBER,540902,A,6544.35,6544.35,6433.05,6472.8,6442.0,7361,47709282.0
246578,2024-11-28,AMBER,540902,A,6459.95,6459.95,5959.0,5991.45,6472.8,23213,143391657.0
246579,2024-11-29,AMBER,540902,A,6039.75,6097.4,5953.0,6066.25,5991.45,11813,71233151.0
246580,2024-12-02,AMBER,540902,A,6067.05,6264.0,6027.35,6054.75,6066.25,19301,118254368.0
246581,2024-12-03,AMBER,540902,A,6097.15,6130.05,5990.3,6018.1,6054.75,12627,76247714.0
246582,2024-12-04,AMBER,540902,A,6099.95,6099.95,5984.7,6012.25,6018.1,9749,58589700.0
246583,2024-12-05,AMBER,540902,A,6014.85,6057.4,5790.0,5818.75,6012.25,9628,56733463.0
246584,2024-12-06,AMBER,540902,A,5870.0,5901.7,5777.4,5811.8,5818.75,7115,41499944.0
246585,2024-12-09,AMBER,540902,A,5806.45,5842.2,5739.8,5793.2,5811.8,16428,95139474.0
246586,2024-12-10,AMBER,540902,A,5793.45,5826.5,5700.0,5721.7,5793.2,9878,56745534.0
246587,2024-12-11,AMBER,540902,A,5701.2,5802.95,5701.2,5789.05,5721.7,4224,24381967.0
246588,2024-12-12,AMBER,540902,A,5829.95,5829.95,5714.35,5733.65,5789.05,5472,31430286.0
246589,2024-12-13,AMBER,540902,A,5715.05,5805.0,5650.0,5789.35,5733.65,5635,32277201.0
246590,2024-12-16,AMBER,540902,A,5780.55,6108.95,5780.0,5985.85,5789.35,32809,196484476.0
246591,2024-12-17,AMBER,540902,A,6084.6,6149.2,5975.6,6005.05,5985.85,38581,233877904.0
246592,2024-12-18,AMBER,540902,A,6005.8,6038.3,5931.35,5993.4,6005.05,5920,35599364.0
246593,2024-12-19,AMBER,540902,A,5934.85,6194.0,5893.4,6095.75,5993.4,31331,189840739.0
246594,2024-12-20,AMBER,540902,A,6200.0,6210.0,6082.5,6115.35,6095.75,137440,839952903.0
246595,2024-12-23,AMBER,540902,A,6150.05,6990.0,6106.85,6891.1,6115.35,85663,573734957.0
246596,2024-12-24,AMBER,540902,A,6860.0,7498.95,6770.45,7253.1,6891.1,157330,1137715706.0
246597,2024-12-26,AMBER,540902,A,7257.95,7977.65,7199.75,7852.85,7253.1,121296,923394761.0
246598,2024-12-27,AMBER,540902,A,7792.85,7810.0,7388.65,7446.6,7852.85,68476,521078384.0
246599,2024-12-30,AMBER,540902,A,7423.75,7512.35,7128.0,7348.75,7446.6,36792,269225589.0
246600,2024-12-31,AMBER,540902,A,7350.05,7450.0,7220.05,7394.2,7348.75,11775,86463849.0
246601,2025-01-01,AMBER,540902,A,7400.0,7910.0,7314.85,7674.55,7394.2,43180,333111178.0
246602,2025-01-02,AMBER,540902,A,7612.05,7700.0,7471.1,7540.9,7674.55,12713,95810516.0
246603,2025-01-03,AMBER,540902,A,7688.85,7900.0,7600.0,7740.55,7540.9,43285,336052999.0
246604,2025-01-06,AMBER,540902,A,7745.2,7830.0,7507.95,7656.05,7740.55,10853,83522972.0
246605,2025-01-07,AMBER,540902,A,7610.05,8167.1,7610.05,8066.9,7656.05,23167,184935160.0
246606,2025-01-08,AMBER,540902,A,8075.0,8160.0,7614.0,7782.9,8066.9,33684,262861981.0
246607,2025-01-09,AMBER,540902,A,7784.0,7915.0,7464.1,7718.05,7782.9,19234,148182030.0
246608,2025-01-10,AMBER,540902,A,7750.0,8100.0,7705.0,7830.65,7718.05,32879,259371541.0
246609,2025-01-13,AMBER,540902,A,7702.35,7800.0,6967.65,7066.5,7830.65,20706,151500368.0
246610,2025-01-14,AMBER,540902,A,7120.05,7290.0,6871.5,6893.55,7066.5,11390,79406896.0
246611,2025-01-15,AMBER,540902,A,6900.45,7115.0,6767.0,7029.05,6893.55,17850,124383388.0
246612,2025-01-16,AMBER,540902,A,7114.65,7138.2,6779.2,6810.25,7029.05,9937,68966039.0
246613,2025-01-17,AMBER,540902,A,6834.65,6973.95,6732.55,6757.85,6810.25,7486,51143780.0
246614,2025-01-20,AMBER,540902,A,6755.0,7087.45,6680.0,7042.15,6757.85,17331,120732062.0
246615,2025-01-21,AMBER,540902,A,7141.95,7141.95,6475.05,6514.55,7042.15,16104,107264319.0
246616,2025-01-22,AMBER,540902,A,6585.65,6585.65,6201.05,6284.2,6514.55,11360,72347442.0
246617,2025-01-23,AMBER,540902,A,6399.8,7033.45,6298.6,6777.15,6284.2,76744,524467037.0
246618,2025-01-24,AMBER,540902,A,7100.1,7249.95,6845.0,6973.15,6777.15,58105,405675610.0
246619,2025-01-27,AMBER,540902,A,6972.85,6993.6,6563.3,6629.95,6973.15,21049,141332417.0
246620,2025-01-28,AMBER,540902,A,6649.95,6825.0,6070.1,6665.4,6629.95,38716,254262584.0
246621,2025-01-29,AMBER,540902,A,6689.75,7124.6,6510.25,6584.85,6665.4,36020,243380294.0
246622,2025-01-30,AMBER,540902,A,6679.95,6689.95,6296.4,6330.65,6584.85,15236,98371468.0
246623,2025-01-31,AMBER,540902,A,6354.0,6550.0,6337.05,6502.8,6330.65,19326,124726819.0
246624,2025-02-01,AMBER,540902,A,6569.85,6678.4,6443.55,6611.45,6502.8,20319,133884589.0
246625,2025-02-03,AMBER,540902,A,6500.0,6875.0,6462.7,6530.0,6611.45,31028,206362654.0
246626,2025-02-04,AMBER,540902,A,6598.0,6969.1,6563.65,6919.6,6530.0,31163,211308234.0
246627,2025-02-05,AMBER,540902,A,6940.0,7299.0,6812.0,6906.8,6919.6,67067,474142263.0
246628,2025-02-06,AMBER,540902,A,6935.05,7032.85,6844.25,6952.9,6906.8,8743,60488529.0
246629,2025-02-07,AMBER,540902,A,6955.05,7043.0,6834.05,6893.7,6952.9,6619,45816345.0
246630,2025-02-10,AMBER,540902,A,6893.7,6952.9,6737.2,6923.4,6893.7,6124,42261988.0
246631,2025-02-11,AMBER,540902,A,6929.0,6941.95,6387.0,6436.55,6923.4,13658,89975146.0
246632,2025-02-12,AMBER,540902,A,6450.0,6450.0,5934.05,5979.3,6436.55,35413,214803481.0
246633,2025-02-13,AMBER,540902,A,5979.3,6248.15,5890.0,6141.4,5979.3,19077,116832545.0
246634,2025-02-14,AMBER,540902,A,6199.95,6199.95,5767.6,5821.15,6141.4,15145,89967507.0
246635,2025-02-17,AMBER,540902,A,5800.0,5915.95,5629.85,5783.6,5821.15,26674,153735830.0
246636,2025-02-18,AMBER,540902,A,5783.05,5825.75,5238.45,5513.15,5783.6,48439,265262925.0
246637,2025-02-19,AMBER,540902,A,5404.85,5630.0,5382.9,5516.45,5513.15,16137,89113640.0
246638,2025-02-20,AMBER,540902,A,5530.55,5873.85,5441.15,5840.95,5516.45,19372,110490249.0
246639,2025-02-21,AMBER,540902,A,5803.75,6117.75,5738.0,5998.65,5840.95,34218,203648782.0
246640,2025-02-24,AMBER,540902,A,5949.5,6059.2,5743.7,6024.55,5998.65,13430,79357796.0
246641,2025-02-25,AMBER,540902,A,5930.25,6175.0,5911.05,6024.5,6024.55,12125,73684233.0
246642,2025-02-27,AMBER,540902,A,6024.3,6150.0,5851.0,5943.75,6024.5,17339,103661549.0
246643,2025-02-28,AMBER,540902,A,5875.0,5960.0,5589.05,5627.05,5943.75,9680,55574314.0
246644,2025-03-03,AMBER,540902,A,5630.0,5800.5,5480.0,5648.4,5627.05,13681,76532365.0
246645,2025-03-04,AMBER,540902,A,5550.0,5820.0,5535.2,5757.4,5648.4,11720,67079349.0
246646,2025-03-05,AMBER,540902,A,5866.95,5866.95,5715.0,5810.15,5757.4,9800,56546652.0
246647,2025-03-06,AMBER,540902,A,5821.05,6349.75,5821.05,6174.85,5810.15,28391,174561458.0
246648,2025-03-07,AMBER,540902,A,6213.95,6415.5,6203.4,6336.25,6174.85,28425,179663792.0
246649,2025-03-10,AMBER,540902,A,6354.85,6650.0,6316.9,6414.7,6336.25,23170,150094404.0
246650,2025-03-11,AMBER,540902,A,6298.8,6459.35,6160.85,6410.95,6414.7,14872,93995821.0
246651,2025-03-12,AMBER,540902,A,6487.7,6536.0,6349.05,6519.7,6410.95,17314,111497514.0
246652,2025-03-13,AMBER,540902,A,6472.35,6580.4,6306.65,6361.8,6519.7,13660,88016187.0
246653,2025-03-17,AMBER,540902,A,6370.95,6654.3,6340.85,6495.05,6361.8,12720,83120028.0
246654,2025-03-18,AMBER,540902,A,6569.55,6729.95,6522.0,6632.65,6495.05,21561,143091548.0
246655,2025-03-19,AMBER,540902,A,6631.95,6893.35,6613.9,6857.7,6632.65,16342,110821886.0
246656,2025-03-20,AMBER,540902,A,6880.25,7353.0,6880.25,7240.45,6857.7,78032,563252759.0
246657,2025-03-21,AMBER,540902,A,7277.6,7277.6,6841.0,6889.8,7240.45,21372,148898001.0
246658,2025-03-24,AMBER,540902,A,6993.95,7085.05,6891.05,7000.0,6889.8,12681,88703372.0
246659,2025-03-25,AMBER,540902,A,7095.95,7134.05,6840.65,6886.45,7000.0,6868,47635886.0
246660,2025-03-26,AMBER,540902,A,6886.45,6991.5,6750.0,6856.15,6886.45,14754,101146430.0
246661,2025-03-27,AMBER,540902,A,6888.3,7200.9,6731.2,7115.95,6856.15,16359,114112443.0
246662,2025-03-28,AMBER,540902,A,7199.5,7301.85,7135.0,7209.4,7115.95,20027,145047076.0
246663,2025-04-01,AMBER,540902,A,7166.15,7233.25,6850.0,6872.75,7209.4,9587,66596259.0
246664,2025-04-02,AMBER,540902,A,6880.0,7004.9,6807.0,6995.55,6872.75,8483,58839296.0
246665,2025-04-03,AMBER,540902,A,6856.5,7054.0,6856.5,6926.7,6995.55,5241,36512602.0
246666,2025-04-04,AMBER,540902,A,6926.35,6983.65,6523.0,6606.05,6926.7,7973,53435684.0
246667,2025-04-07,AMBER,540902,A,5505.0,6294.95,5505.0,6155.35,6606.05,26261,160377992.0
246668,2025-04-08,AMBER,540902,A,6325.05,6519.0,6310.05,6455.0,6155.35,15783,101607173.0
246669,2025-04-09,AMBER,540902,A,6405.75,6418.7,6088.35,6159.8,6455.0,15535,96114238.0
246670,2025-04-11,AMBER,540902,A,6349.2,6587.0,6260.0,6525.8,6159.8,30025,194775563.0
246671,2025-04-15,AMBER,540902,A,6839.95,6928.25,6747.4,6878.95,6525.8,14375,98585145.0
246672,2025-04-16,AMBER,540902,A,6878.8,6878.8,6666.0,6760.2,6878.95,8936,60531491.0
246673,2025-04-17,AMBER,540902,A,6799.95,6971.0,6630.35,6678.3,6760.2,44648,301845317.0
246674,2025-04-21,AMBER,540902,A,6800.0,6820.0,6718.45,6753.2,6678.3,9195,62284978.0
246675,2025-04-22,AMBER,540902,A,6810.0,6823.75,6596.95,6633.8,6753.2,22930,152334395.0
246676,2025-04-23,AMBER,540902,A,6719.75,6767.0,6564.3,6605.75,6633.8,10877,72388005.0
246677,2025-04-24,AMBER,540902,A,6645.0,6645.0,6360.05,6397.7,6605.75,9803,63099807.0
246678,2025-04-25,AMBER,540902,A,6440.0,6469.95,6250.0,6390.9,6397.7,22441,142839793.0
246679,2025-04-28,AMBER,540902,A,6375.0,6468.0,6239.0,6372.95,6390.9,10506,66848707.0
246680,2025-04-29,AMBER,540902,A,6399.8,6486.0,6292.0,6312.7,6372.95,23721,150446393.0
246681,2025-04-30,AMBER,540902,A,6374.85,6374.85,6050.0,6145.35,6312.7,8156,50734257.0
246682,2025-05-02,AMBER,540902,A,6156.0,6255.0,6069.0,6188.15,6145.35,8529,52693187.0
246683,2025-05-05,AMBER,540902,A,6255.25,6255.25,6061.6,6093.5,6188.15,5824,35786441.0
246684,2025-05-06,AMBER,540902,A,6110.05,6130.0,5827.15,5865.15,6093.5,5899,35263304.0
246685,2025-05-07,AMBER,540902,A,5806.15,6095.5,5700.0,5987.55,5865.15,34180,204526238.0
246686,2025-05-08,AMBER,540902,A,6049.8,6418.3,5980.0,6028.95,5987.55,80400,499860864.0
246687,2025-05-09,AMBER,540902,A,5880.0,5968.45,5777.0,5793.2,6028.95,13034,76374166.0
246688,2025-05-12,AMBER,540902,A,6227.85,6267.0,6040.0,6238.4,5793.2,11406,70267927.0
246689,2025-05-13,AMBER,540902,A,6249.8,6323.0,6200.0,6212.45,6238.4,14985,93770717.0
246690,2025-05-14,AMBER,540902,A,6269.3,6331.7,6152.0,6302.9,6212.45,8492,53333147.0
246691,2025-05-15,AMBER,540902,A,6310.15,6375.95,6297.0,6346.65,6302.9,8992,57049546.0
246692,2025-05-16,AMBER,540902,A,6390.0,6524.3,6302.2,6390.6,6346.65,19735,127260253.0
246693,2025-05-19,AMBER,540902,A,6499.9,6597.8,6221.85,6253.7,6390.6,13236,83581363.0
246694,2025-05-20,AMBER,540902,A,6299.9,6575.0,6207.05,6436.75,6253.7,42326,272783854.0
246695,2025-05-21,AMBER,540902,A,6499.0,6870.55,6477.85,6610.95,6436.75,58153,389036624.0
246696,2025-05-22,AMBER,540902,A,6644.0,6704.85,6490.05,6560.7,6610.95,8592,56697780.0
246697,2025-05-23,AMBER,540902,A,6617.4,6636.35,6372.5,6402.35,6560.7,51308,336981035.0
246698,2025-05-26,AMBER,540902,A,6412.0,6465.0,6308.9,6427.25,6402.35,7259,46289051.0
246699,2025-05-27,AMBER,540902,A,6480.95,6630.0,6459.0,6470.45,6427.25,21073,137937753.0
246700,2025-05-28,AMBER,540902,A,6475.05,6553.45,6400.0,6448.6,6470.45,6369,41177558.0
246701,2025-05-29,AMBER,540902,A,6455.0,6535.0,6340.0,6360.55,6448.6,11184,71604959.0
246702,2025-05-30,AMBER,540902,A,6336.3,6518.5,6336.3,6483.35,6360.55,6915,44714737.0
246703,2025-06-02,AMBER,540902,A,6400.65,6492.45,6370.0,6378.55,6483.35,4872,31246002.0
246704,2025-06-03,AMBER,540902,A,6469.75,6469.75,6314.3,6326.6,6378.55,2506,15939371.0
246705,2025-06-04,AMBER,540902,A,6349.9,6411.0,6229.55,6241.35,6326.6,6457,40637775.0
246706,2025-06-05,AMBER,540902,A,6287.95,6457.75,6264.15,6304.95,6241.35,10102,64236506.0
246707,2025-06-06,AMBER,540902,A,6349.95,6414.95,6259.8,6396.0,6304.95,11650,73767496.0
246708,2025-06-09,AMBER,540902,A,6404.0,6750.5,6324.0,6640.35,6396.0,19985,132142096.0
246709,2025-06-10,AMBER,540902,A,6645.2,6689.95,6519.05,6604.1,6640.35,11045,72760434.0
246710,2025-06-11,AMBER,540902,A,6555.05,6709.0,6551.0,6635.85,6604.1,15022,99539280.0
246711,2025-06-12,AMBER,540902,A,6609.75,6708.2,6490.0,6528.45,6635.85,3520,23191365.0
246712,2025-06-13,AMBER,540902,A,6313.6,6511.1,6313.6,6464.3,6528.45,9706,62555153.0
246713,2025-06-16,AMBER,540902,A,6539.85,6539.85,6294.8,6466.4,6464.3,4276,27394048.0
246714,2025-06-17,AMBER,540902,A,6499.95,6568.75,6435.15,6531.8,6466.4,3313,21603210.0
246715,2025-06-18,AMBER,540902,A,6520.3,6725.0,6467.15,6695.45,6531.8,27286,181758309.0
246716,2025-06-19,AMBER,540902,A,6695.45,6820.0,6410.0,6423.25,6695.45,25017,164993019.0
246717,2025-06-20,AMBER,540902,A,6488.95,6540.0,6325.95,6515.45,6423.25,14286,92267234.0
246718,2025-06-23,AMBER,540902,A,6405.45,6720.0,6405.45,6674.3,6515.45,14464,95902486.0
246719,2025-06-24,AMBER,540902,A,6651.3,6796.45,6651.3,6727.3,6674.3,6804,45819245.0
246720,2025-06-25,AMBER,540902,A,6794.35,6933.45,6736.0,6835.15,6727.3,9505,64788243.0
246721,2025-06-26,AMBER,540902,A,6871.55,6921.75,6735.95,6808.25,6835.15,5983,40700562.0
246722,2025-06-27,AMBER,540902,A,6844.1,6948.7,6806.65,6845.05,6808.25,14397,99000904.0
246723,2025-06-30,AMBER,540902,A,6880.6,7088.0,6725.0,6768.5,6845.05,23570,162561594.0
246724,2025-07-01,AMBER,540902,A,6826.85,7109.0,6727.0,7082.65,6768.5,25353,176932861.0
246725,2025-07-02,AMBER,540902,A,7050.2,7271.95,7050.2,7222.45,7082.65,21207,152487697.0
246726,2025-07-03,AMBER,540902,A,7203.9,7398.0,7123.5,7331.3,7222.45,13704,99563904.0
246727,2025-07-04,AMBER,540902,A,7352.0,7423.6,7227.95,7349.25,7331.3,12811,93793815.0
246728,2025-07-07,AMBER,540902,A,7330.0,7485.0,7266.0,7428.4,7349.25,6321,46882224.0
246729,2025-07-08,AMBER,540902,A,7427.95,7530.0,7388.0,7508.6,7428.4,8495,63567947.0
246730,2025-07-09,AMBER,540902,A,7500.0,7719.9,7455.6,7691.8,7508.6,10614,80630161.0
246731,2025-07-10,AMBER,540902,A,7700.0,7840.85,7633.7,7746.1,7691.8,17928,138817185.0
246732,2025-07-11,AMBER,540902,A,7727.95,7840.1,7380.0,7465.3,7746.1,22482,169092503.0
246733,2025-07-14,AMBER,540902,A,7486.1,7680.0,7465.3,7637.2,7465.3,7826,59227562.0
246734,2025-07-15,AMBER,540902,A,7651.15,7905.0,7651.15,7834.4,7637.2,22046,172514042.0
246735,2025-07-16,AMBER,540902,A,7840.65,7907.7,7563.05,7598.8,7834.4,15646,120245374.0
246736,2025-07-17,AMBER,540902,A,7658.8,7658.8,7540.0,7589.2,7598.8,5625,42650283.0
246737,2025-07-18,AMBER,540902,A,7550.25,7700.0,7536.15,7601.1,7589.2,6891,52514107.0
246738,2025-07-21,AMBER,540902,A,7575.25,7596.1,7391.3,7472.05,7601.1,4476,33460094.0
246739,2025-07-22,AMBER,540902,A,7498.9,7572.4,7356.45,7366.55,7472.05,9262,68976696.0
246740,2025-07-23,AMBER,540902,A,7427.05,7436.45,7243.7,7310.55,7366.55,4660,34053189.0
246741,2025-07-24,AMBER,540902,A,7300.05,7400.0,7216.35,7369.55,7310.55,5933,43365875.0
246742,2025-07-25,AMBER,540902,A,7347.95,7429.0,7210.0,7265.8,7369.55,12110,88372607.0
246743,2025-07-28,AMBER,540902,A,7294.85,7494.0,7294.85,7467.3,7265.8,8545,63440227.0
246744,2025-07-29,AMBER,540902,A,7498.95,8006.8,7252.35,7803.95,7467.3,71645,551752969.0
246745,2025-07-30,AMBER,540902,A,7859.85,8117.85,7736.55,8034.25,7803.95,45013,358862760.0
246746,2025-07-31,AMBER,540902,A,7948.7,8000.95,7826.55,7958.7,8034.25,16840,133342469.0
246747,2025-08-01,AMBER,540902,A,7975.0,8174.4,7849.25,7868.6,7958.7,22566,180752814.0
246748,2025-08-04,AMBER,540902,A,7910.0,8051.5,7827.95,7963.15,7868.6,10373,82637699.0
246749,2025-08-05,AMBER,540902,A,8040.0,8050.0,7825.55,7898.25,7963.15,10435,82620427.0
246750,2025-08-06,AMBER,540902,A,7848.45,7854.05,7570.0,7625.05,7898.25,19504,149425196.0
246751,2025-08-07,AMBER,540902,A,7577.1,7783.65,7577.1,7720.5,7625.05,12145,93161774.0
246752,2025-08-08,AMBER,540902,A,7777.0,7777.0,7280.65,7364.65,7720.5,13178,98872654.0
246753,2025-08-11,AMBER,540902,A,7300.95,7301.0,6801.0,6914.6,7364.65,60778,422498641.0
246754,2025-08-12,AMBER,540902,A,6979.7,7013.1,6818.05,6840.5,6914.6,19577,134962338.0
246755,2025-08-13,AMBER,540902,A,6850.2,7011.1,6840.0,6954.75,6840.5,21201,146824028.0
246756,2025-08-14,AMBER,540902,A,7023.95,7040.0,6874.65,6892.0,6954.75,10518,72928953.0
246757,2025-08-18,AMBER,540902,A,7160.05,7495.0,7160.05,7438.85,6892.0,43406,320321913.0
246758,2025-08-19,AMBER,540902,A,7469.7,7470.0,7315.0,7366.0,7438.85,15922,117481108.0
246759,2025-08-20,AMBER,540902,A,7400.0,7465.0,7309.0,7361.0,7366.0,8802,65029193.0
246760,2025-08-21,AMBER,540902,A,7390.25,7431.4,7315.85,7332.4,7361.0,8342,61357736.0
246761,2025-08-22,AMBER,540902,A,7330.05,7430.0,7232.4,7258.4,7332.4,8778,64405885.0
246762,2025-08-25,AMBER,540902,A,7418.0,7418.0,7265.0,7347.4,7258.4,5732,41950578.0
246763,2025-08-26,AMBER,540902,A,7364.95,7421.65,7180.0,7222.55,7347.4,7141,52023454.0
246764,2025-08-28,AMBER,540902,A,7234.6,7367.4,7176.65,7251.9,7222.55,5038,36700264.0
246765,2025-08-29,AMBER,540902,A,7262.1,7350.0,7230.6,7259.6,7251.9,4635,33851927.0
246766,2025-09-01,AMBER,540902,A,7290.0,7644.95,7275.35,7629.15,7259.6,20208,152549346.0
246767,2025-09-02,AMBER,540902,A,7674.95,7803.3,7600.0,7641.85,7629.15,16322,125436460.0
246768,2025-09-03,AMBER,540902,A,7674.65,7723.3,7580.0,7638.95,7641.85,6755,51701345.0
246769,2025-09-04,AMBER,540902,A,7780.0,7905.5,7670.75,7685.35,7638.95,17620,136571529.0
246770,2025-09-05,AMBER,540902,A,7749.95,7885.35,7715.65,7790.85,7685.35,9252,72209404.0
246771,2025-09-08,AMBER,540902,A,7889.8,7889.8,7439.0,7466.5,7790.85,24713,186908699.0
246772,2025-09-09,AMBER,540902,A,7539.95,7835.55,7379.1,7817.75,7466.5,15316,116891651.0
246773,2025-09-10,AMBER,540902,A,7802.0,7880.0,7740.3,7867.45,7817.75,22643,177147701.0
246774,2025-09-11,AMBER,540902,A,7817.0,7966.25,7817.0,7897.65,7867.45,10554,83307281.0
246775,2025-09-12,AMBER,540902,A,7917.95,7992.0,7900.0,7931.75,7897.65,10176,80789200.0
246776,2025-09-15,AMBER,540902,A,7959.5,8119.1,7900.0,8078.6,7931.75,14347,115352927.0
246777,2025-09-16,AMBER,540902,A,8078.05,8320.0,8078.05,8291.2,8078.6,20742,170954287.0
246778,2025-09-17,AMBER,540902,A,8314.55,8389.45,8210.0,8282.1,8291.2,35391,292748203.0
246779,2025-09-18,AMBER,540902,A,8287.0,8304.85,8175.0,8258.6,8282.1,8049,66245941.0
246780,2025-09-19,AMBER,540902,A,8274.85,8332.0,8244.2,8286.8,8258.6,5523,45838286.0
246781,2025-09-22,AMBER,540902,A,8295.05,8348.05,8173.55,8307.85,8286.8,12636,104666522.0
246782,2025-09-23,AMBER,540902,A,8269.95,8345.95,8225.0,8297.85,8307.85,6016,49917030.0
246783,2025-09-24,AMBER,540902,A,8250.0,8422.0,8235.0,8408.55,8297.85,110245,917653411.0
246784,2025-09-25,AMBER,540902,A,8307.5,8498.0,8307.5,8440.05,8408.55,122332,1036412862.0
246785,2025-09-26,AMBER,540902,A,8380.0,8417.05,8084.9,8139.45,8440.05,19523,160492052.0
246786,2025-09-29,AMBER,540902,A,8170.0,8298.0,7964.8,8228.55,8139.45,11550,93996178.0
246787,2025-09-30,AMBER,540902,A,8190.95,8237.35,8024.35,8096.3,8228.55,6451,52472667.0
246788,2025-10-01,AMBER,540902,A,8179.55,8250.5,8085.0,8238.95,8096.3,8291,67782884.0
246789,2025-10-03,AMBER,540902,A,8206.55,8293.9,8175.0,8213.8,8238.95,3101,25510019.0
246790,2025-10-06,AMBER,540902,A,8214.65,8240.5,8054.6,8172.85,8213.8,8081,65669356.0
246791,2025-10-07,AMBER,540902,A,8185.55,8450.0,8145.0,8422.55,8172.85,14721,123023011.0
246792,2025-10-08,AMBER,540902,A,8429.65,8467.0,8206.55,8233.25,8422.55,11491,95585658.0
246793,2025-10-09,AMBER,540902,A,8234.0,8310.05,7992.8,8243.9,8233.25,11213,91474758.0
246794,2025-10-10,AMBER,540902,A,8185.05,8378.0,8185.05,8285.95,8243.9,4968,41261717.0
246795,2025-10-13,AMBER,540902,A,8245.15,8392.5,8205.35,8337.85,8285.95,7596,63181941.0
246796,2025-10-14,AMBER,540902,A,8298.9,8405.0,8165.0,8191.5,8337.85,10596,87997721.0
246797,2025-10-15,AMBER,540902,A,8204.7,8326.5,8136.8,8153.6,8191.5,4804,39565679.0
246798,2025-10-16,AMBER,540902,A,8239.85,8340.55,8183.85,8236.7,8153.6,6858,56743002.0
246799,2025-10-17,AMBER,540902,A,8217.5,8406.0,8170.0,8245.15,8236.7,5643,46902978.0
246800,2025-10-20,AMBER,540902,A,8327.0,8359.55,8221.0,8243.15,8245.15,2588,21384834.0
246801,2025-10-21,AMBER,540902,A,8272.55,8314.5,8091.6,8242.0,8243.15,1291,10623509.0
246802,2025-10-23,AMBER,540902,A,8251.5,8330.0,8091.0,8299.5,8242.0,7802,64385934.0
246803,2025-10-24,AMBER,540902,A,8299.5,8437.4,8262.0,8321.0,8299.5,4469,37343628.0
246804,2025-10-27,AMBER,540902,A,8389.1,8520.1,8314.4,8473.0,8321.0,9340,78719996.0
246805,2025-10-28,AMBER,540902,A,8489.25,8560.0,8355.0,8531.15,8473.0,8735,73848885.0
246806,2025-10-29,AMBER,540902,A,8531.2,8625.0,8290.0,8311.3,8531.15,13634,115554058.0
246807,2025-10-30,AMBER,540902,A,8348.8,8348.8,8053.85,8087.1,8311.3,11190,91236759.0
246808,2025-10-31,AMBER,540902,A,8123.2,8182.0,8011.5,8029.05,8087.1,7407,59848156.0
246809,2025-11-03,AMBER,540902,A,8035.0,8057.85,7944.05,7956.0,8029.05,4289,34255108.0
246810,2025-11-04,AMBER,540902,A,7970.05,7989.75,7753.25,7810.2,7956.0,5579,43731727.0
246811,2025-11-06,AMBER,540902,A,7786.4,7988.0,7650.0,7834.15,7810.2,20792,163378744.0
246812,2025-11-07,AMBER,540902,A,7155.0,7288.8,6737.35,7231.8,7834.15,178266,1256517972.0
246813,2025-11-10,AMBER,540902,A,7232.2,7232.2,6919.5,7019.45,7231.8,31443,221709228.0
246814,2025-11-11,AMBER,540902,A,7010.1,7295.0,7010.1,7153.95,7019.45,19307,138733025.0
246815,2025-11-12,AMBER,540902,A,7161.2,7255.25,7105.05,7199.95,7153.95,12971,93083923.0
246816,2025-11-13,AMBER,540902,A,7199.05,7211.0,7095.0,7128.6,7199.95,4867,34827025.0
246817,2025-11-14,AMBER,540902,A,7133.95,7398.9,7095.0,7378.7,7128.6,18070,131837179.0
246818,2025-11-17,AMBER,540902,A,7400.85,7501.0,7322.55,7440.05,7378.7,11137,82529512.0
246819,2025-11-18,AMBER,540902,A,7445.0,7445.05,7333.4,7355.6,7440.05,4102,30261973.0
246820,2025-11-19,AMBER,540902,A,7325.6,7433.0,7320.0,7417.1,7355.6,7503,55404892.0
246821,2025-11-20,AMBER,540902,A,7423.5,7438.2,7234.0,7256.15,7417.1,7958,58298158.0
246822,2025-11-21,AMBER,540902,A,7292.4,7292.4,7158.6,7193.1,7256.15,4056,29290127.0
246823,2025-11-24,AMBER,540902,A,7219.5,7219.5,7019.0,7043.15,7193.1,4474,31752177.0
246824,2025-11-25,AMBER,540902,A,7097.75,7241.7,7001.0,7143.4,7043.15,4254,30207436.0
246825,2025-11-26,AMBER,540902,A,7164.75,7315.0,7102.0,7300.25,7143.4,6473,46703219.0
246826,2025-11-27,AMBER,540902,A,7312.95,7312.95,7083.55,7104.8,7300.25,5736,41079432.0
246827,2025-11-28,AMBER,540902,A,7152.1,7228.95,7031.65,7193.5,7104.8,6058,43153262.0
246828,2025-12-01,AMBER,540902,A,7215.3,7220.15,7012.0,7071.75,7193.5,10969,77607760.0
246829,2025-12-02,AMBER,540902,A,7189.95,7189.95,6967.5,7038.8,7071.75,5650,39762353.0
246830,2025-12-03,AMBER,540902,A,7071.85,7071.9,6992.1,7021.45,7038.8,3426,24046008.0
246831,2025-12-04,AMBER,540902,A,7035.0,7081.8,6725.0,6745.6,7021.45,6893,47192268.0
246832,2025-12-05,AMBER,540902,A,6722.5,6725.4,6353.05,6556.15,6745.6,14081,91900333.0
246833,2025-12-08,AMBER,540902,A,6555.0,6663.0,6405.0,6437.75,6556.15,9341,60801775.0
246834,2025-12-09,AMBER,540902,A,6475.95,6707.95,6332.0,6689.1,6437.75,9937,64936159.0
246835,2025-12-10,AMBER,540902,A,6661.15,6760.0,6491.3,6584.55,6689.1,10297,68304293.0
246836,2025-12-11,AMBER,540902,A,6560.15,6627.3,6505.0,6519.65,6584.55,5970,39162791.0
246837,2025-12-12,AMBER,540902,A,6541.05,6640.0,6519.65,6624.0,6519.65,4216,27720503.0
246838,2025-12-15,AMBER,540902,A,6745.85,6856.65,6683.05,6798.35,6624.0,23515,159316618.0
246839,2025-12-16,AMBER,540902,A,6828.75,6848.25,6752.2,6770.4,6798.35,4799,32640551.0
246840,2025-12-17,AMBER,540902,A,6755.05,6816.9,6544.1,6581.85,6770.4,5354,35548173.0
246841,2025-12-18,AMBER,540902,A,6580.0,6632.45,6530.8,6585.95,6581.85,4435,29192793.0
246842,2025-12-19,AMBER,540902,A,6619.65,6705.0,6561.75,6686.05,6585.95,5322,35400857.0
246843,2025-12-22,AMBER,540902,A,6686.75,6747.95,6683.25,6704.15,6686.05,5427,36452532.0
246844,2025-12-23,AMBER,540902,A,6748.6,6748.6,6635.0,6653.55,6704.15,2119,14143458.0
246845,2025-12-24,AMBER,540902,A,6653.55,6770.0,6635.0,6657.45,6653.55,5261,35248332.0
246846,2025-12-26,AMBER,540902,A,6671.45,6726.0,6624.65,6647.4,6657.45,2961,19751100.0
246847,2025-12-29,AMBER,540902,A,6653.0,6681.7,6473.05,6489.45,6647.4,4660,30573171.0
246848,2025-12-30,AMBER,540902,A,6549.95,6549.95,6243.65,6269.15,6489.45,5920,37656930.0
246849,2025-12-31,AMBER,540902,A,6296.0,6428.35,6250.85,6381.4,6269.15,9782,61974655.0
246850,2026-01-02,AMBER,540902,A,6421.25,6546.85,6420.0,6479.85,6447.8,5530,35859837.0
246851,2026-01-05,AMBER,540902,A,6575.7,6822.95,6501.0,6714.35,6479.85,10756,71961498.0
246852,2026-01-06,AMBER,540902,A,6731.7,6731.7,6617.65,6702.8,6714.35,9006,60151894.0
246853,2026-01-08,AMBER,540902,A,6672.2,6717.45,6503.0,6530.5,6649.2,3747,24674548.0
246854,2026-01-13,AMBER,540902,A,6140.05,6180.95,6047.35,6145.0,6121.3,8435,51589457.0
246855,2026-01-16,AMBER,540902,A,6150.7,6250.0,6121.0,6152.0,6113.65,11349,70172236.0
246856,2026-01-20,AMBER,540902,A,6110.05,6147.75,6018.35,6030.3,6068.35,4003,24361534.0
246857,2026-01-28,AMBER,540902,A,5540.05,5632.4,5525.0,5617.65,5526.95,7932,44178754.0
246858,2026-01-30,AMBER,540902,A,5534.0,5858.95,5505.7,5718.1,5546.85,8898,51110398.0
251241,2026-02-01,AMBER,540902,A,5741.75,6095.1,5621.0,5986.7,5718.1,32463,193372872.0
251242,2026-02-02,AMBER,540902,A,6046.35,6046.35,5813.0,5997.6,5986.7,30076,178022091.0
251243,2026-02-03,AMBER,540902,A,6269.9,6550.0,6165.0,6190.9,5997.6,15962,100383952.0
251244,2026-02-04,AMBER,540902,A,6188.85,6423.95,6154.45,6389.6,6190.9,8232,52161340.0
251245,2026-02-05,AMBER,540902,A,6405.5,6479.1,6267.2,6400.4,6389.6,7611,48596452.0
251246,2026-02-06,AMBER,540902,A,6407.35,6671.45,6306.9,6641.1,6400.4,21261,139226098.0
251247,2026-02-09,AMBER,540902,A,6700.0,7063.6,6663.3,7043.4,6641.1,29626,204946932.0
251248,2026-02-10,AMBER,540902,A,7312.05,7530.0,7162.2,7510.25,7043.4,65841,488504953.0
251249,2026-02-11,AMBER,540902,A,7449.95,7719.95,7449.95,7693.55,7510.25,25573,194334852.0
251250,2026-02-12,AMBER,540902,A,7664.0,7861.9,7621.8,7786.25,7693.55,23150,180269222.0
251251,2026-02-13,AMBER,540902,A,7756.0,7820.0,7660.0,7726.65,7786.25,22925,177261871.0
251252,2026-02-16,AMBER,540902,A,7788.3,7812.7,7682.85,7769.15,7726.65,9134,70886820.0
251253,2026-02-17,AMBER,540902,A,7720.75,7904.0,7683.6,7816.7,7769.15,9035,70709579.0
251254,2026-02-18,AMBER,540902,A,7889.35,7917.95,7762.2,7896.8,7816.7,11044,86566755.0
251255,2026-02-19,AMBER,540902,A,7825.9,7917.0,7668.25,7705.55,7896.8,13600,106394844.0
251256,2026-02-20,AMBER,540902,A,7699.95,7767.85,7612.65,7648.95,7705.55,8476,65191254.0
251257,2026-02-23,AMBER,540902,A,7650.4,7863.7,7650.4,7768.2,7648.95,8782,68570243.0
251258,2026-02-24,AMBER,540902,A,7725.0,8000.0,7696.35,7916.95,7768.2,4681,36666605.0
251259,2026-02-25,AMBER,540902,A,7980.0,8070.0,7960.0,8046.6,7916.95,6843,54928637.0
251260,2026-02-26,AMBER,540902,A,8050.0,8050.0,7915.95,7943.75,8046.6,4287,34174314.0
251261,2026-02-27,AMBER,540902,A,7901.05,8144.95,7901.05,7976.9,7943.75,8517,68183714.0
251262,2026-03-02,AMBER,540902,A,7400.9,7961.95,7400.9,7885.05,7976.9,15681,122844770.0
251263,2026-03-04,AMBER,540902,A,7600.0,7740.0,7515.0,7652.05,7885.05,21849,166450570.0
251264,2026-03-05,AMBER,540902,A,7740.0,7873.2,7521.75,7834.0,7652.05,259534,1985741019.0
251265,2026-03-06,AMBER,540902,A,7830.05,7935.25,7774.0,7870.35,7834.0,9139,71921871.0
251266,2026-03-09,AMBER,540902,A,7743.9,7765.0,7200.0,7307.3,7870.35,38306,284692431.0
251267,2026-03-10,AMBER,540902,A,7500.0,7566.45,7194.25,7516.45,7307.3,15684,116234278.0
251268,2026-03-11,AMBER,540902,A,7510.0,7530.0,7277.45,7309.65,7516.45,11527,85257569.0
251269,2026-03-12,AMBER,540902,A,7337.6,7337.6,6888.0,6928.6,7309.65,28546,200453891.0
251270,2026-03-13,AMBER,540902,A,6908.1,6931.15,6430.0,6451.15,6928.6,22188,147631899.0
251271,2026-03-16,AMBER,540902,A,6459.85,6611.55,6365.6,6522.15,6451.15,16611,107682889.0
251272,2026-03-17,AMBER,540902,A,6672.45,6807.55,6589.8,6779.25,6522.15,29712,198742333.0
251273,2026-03-18,AMBER,540902,A,6780.65,6933.05,6755.25,6846.85,6779.25,16177,111106247.0
251274,2026-03-19,AMBER,540902,A,6710.6,6746.45,6623.2,6696.2,6846.85,10708,71555693.0
251275,2026-03-20,AMBER,540902,A,6736.05,6840.0,6626.8,6649.55,6696.2,12030,81067047.0
251276,2026-03-23,AMBER,540902,A,6600.6,6600.6,6210.0,6293.1,6649.55,78896,497132264.0
251277,2026-03-24,AMBER,540902,A,6413.85,6518.55,6140.0,6453.0,6293.1,20285,129084782.0
251278,2026-03-25,AMBER,540902,A,6540.05,6805.8,6501.95,6746.0,6453.0,19869,133571037.0
251279,2026-03-27,AMBER,540902,A,6745.05,6745.05,6542.75,6598.05,6746.0,11201,73901748.0
251280,2026-03-30,AMBER,540902,A,6524.75,6642.45,6375.25,6551.15,6598.05,9910,64711929.0
251281,2026-04-01,AMBER,540902,A,6648.75,6819.6,6525.0,6564.1,6551.15,14415,96051410.0
251282,2026-04-02,AMBER,540902,A,6525.0,6525.0,6211.0,6281.5,6564.1,12718,79963842.0
251283,2026-04-06,AMBER,540902,A,6359.3,6437.7,6121.1,6409.8,6281.5,17845,111741254.0
251284,2026-04-07,AMBER,540902,A,6311.75,6462.75,6270.0,6434.0,6409.8,19743,126358920.0
251285,2026-04-08,AMBER,540902,A,6645.25,7070.0,6645.25,6941.05,6434.0,32720,224750405.0
251286,2026-04-09,AMBER,540902,A,6939.6,6958.25,6741.2,6894.5,6941.05,13753,93916600.0
251287,2026-04-10,AMBER,540902,A,6951.45,7287.0,6951.45,7243.5,6894.5,28817,206639387.0
251288,2026-04-13,AMBER,540902,A,7039.25,7308.65,7002.55,7179.4,7243.5,19813,141853833.0
251289,2026-04-15,AMBER,540902,A,7301.65,7520.0,7270.0,7502.5,7179.4,21011,155580534.0
251290,2026-04-16,AMBER,540902,A,7599.85,7742.0,7535.05,7711.3,7502.5,17071,130414358.0
251291,2026-04-17,AMBER,540902,A,7799.05,7994.4,7711.25,7960.3,7711.3,13854,108667407.0
251292,2026-04-20,AMBER,540902,A,7961.4,8035.0,7772.75,7969.9,7960.3,21143,168146367.0
251293,2026-04-21,AMBER,540902,A,7940.85,8062.75,7832.15,7853.85,7969.9,9537,75757878.0
251294,2026-04-22,AMBER,540902,A,7853.85,7959.85,7786.95,7796.15,7853.85,8316,65327561.0
251295,2026-04-23,AMBER,540902,A,7769.95,7850.0,7701.0,7791.15,7796.15,6911,53794890.0
251296,2026-04-24,AMBER,540902,A,7879.95,7952.8,7739.95,7748.5,7791.15,7576,59193726.0
251297,2026-04-27,AMBER,540902,A,7755.15,8190.0,7755.15,8107.8,7748.5,14622,117827275.0
251298,2026-04-28,AMBER,540902,A,8129.85,8245.95,8091.95,8197.4,8107.8,25354,207094978.0
251299,2026-04-29,AMBER,540902,A,8287.45,8287.45,8054.55,8085.65,8197.4,4348,35441700.0
251300,2026-04-30,AMBER,540902,A,8065.15,8065.15,7838.75,8026.15,8085.65,8767,69978154.0
251301,2026-05-04,AMBER,540902,A,8026.2,8087.85,7937.15,8004.9,8026.15,8627,69039345.0
251302,2026-05-05,AMBER,540902,A,8050.0,8270.0,7954.4,8204.8,8004.9,8351,67952205.0
251303,2026-05-06,AMBER,540902,A,8275.0,8725.0,8144.0,8664.8,8204.8,59640,500283494.0
251304,2026-05-07,AMBER,540902,A,8725.15,8970.0,8692.15,8838.95,8664.8,20029,176859492.0
251305,2026-05-08,AMBER,540902,A,8824.45,8914.45,8715.05,8822.35,8838.95,8584,75521987.0
251306,2026-05-11,AMBER,540902,A,8800.0,8800.0,8508.85,8524.75,8822.35,11048,95032639.0
251307,2026-05-12,AMBER,540902,A,8567.25,8600.9,8110.0,8166.65,8524.75,8810,73908602.0
251308,2026-05-13,AMBER,540902,A,8170.85,8434.15,8170.85,8300.65,8166.65,9339,77594384.0
251309,2026-05-14,AMBER,540902,A,8312.0,8360.6,8007.0,8286.35,8300.65,15381,125754887.0
251310,2026-05-15,AMBER,540902,A,8286.35,8547.3,8165.1,8471.7,8286.35,14681,123578537.0
251311,2026-05-18,AMBER,540902,A,8299.4,8299.4,7047.65,7144.3,8471.7,110395,805178220.0
251312,2026-05-19,AMBER,540902,A,7194.0,7212.3,6952.8,7124.45,7144.3,91569,649299363.0
251313,2026-05-20,AMBER,540902,A,7124.15,7124.15,6940.0,7056.15,7124.45,14997,105426167.0
251314,2026-05-21,AMBER,540902,A,7111.25,7630.0,7111.25,7554.2,7056.15,105585,786750994.0
251315,2026-05-22,AMBER,540902,A,7553.95,7630.0,7325.45,7355.8,7554.2,24948,186164587.0
251316,2026-05-25,AMBER,540902,A,7449.95,7516.95,7377.95,7458.85,7355.8,18171,135394699.0
251317,2026-05-26,AMBER,540902,A,7490.0,7490.0,7290.35,7311.5,7458.85,10576,78065087.0
251318,2026-05-27,AMBER,540902,A,7408.75,7549.9,7323.1,7518.8,7311.5,15421,115284084.0
251319,2026-05-29,AMBER,540902,A,7519.45,7746.45,7411.0,7616.25,7518.8,23897,181668851.0
