,date,symbol,sc_code,sc_group,open,high,low,close,prev_close,volume,turnover
1200974,2016-08-11,DBL,540047,B ,240.0,255.0,239.25,251.95,0.0,94030,1743401514.0
1203962,2016-08-12,DBL,540047,B ,255.0,258.8,243.9,244.2,251.95,17093,215945600.0
1206984,2016-08-16,DBL,540047,B ,244.0,249.0,243.8,244.8,244.2,5806,63843034.0
1210007,2016-08-17,DBL,540047,B ,244.25,244.65,226.55,241.6,244.8,9328,99033555.0
1213042,2016-08-18,DBL,540047,B ,241.0,245.9,235.8,242.0,241.6,4084,49132067.0
1216075,2016-08-19,DBL,540047,B ,248.4,249.9,244.0,245.7,242.0,5679,57409218.0
1219190,2016-08-22,DBL,540047,B ,245.0,248.0,237.05,238.7,245.7,2604,20225114.0
1222235,2016-08-23,DBL,540047,B ,239.95,244.45,237.95,238.9,238.7,2237,19308921.0
1225287,2016-08-24,DBL,540047,B ,239.1,240.6,235.2,236.6,238.9,1350,14461268.0
1228315,2016-08-25,DBL,540047,B ,236.7,237.7,231.3,233.05,236.6,1761,17957205.0
1231299,2016-08-26,DBL,540047,B ,235.0,235.0,225.0,227.25,233.05,3742,35822184.0
1234335,2016-08-29,DBL,540047,B ,227.25,228.8,215.4,219.75,227.25,4207,32463448.0
1237409,2016-08-30,DBL,540047,B ,221.85,232.0,218.1,226.2,219.75,4581,36166211.0
1240464,2016-08-31,DBL,540047,B ,228.0,248.1,223.0,237.0,226.2,7497,64576715.0
1243521,2016-09-01,DBL,540047,B ,236.85,244.8,235.3,239.0,237.0,3523,28536241.0
1246568,2016-09-02,DBL,540047,B ,239.85,244.85,237.5,238.85,239.0,1745,17532219.0
1249647,2016-09-06,DBL,540047,B ,239.5,241.0,235.0,235.75,238.85,1276,10048858.0
1252748,2016-09-07,DBL,540047,B ,241.75,241.75,234.65,235.55,235.75,1487,14188031.0
1255848,2016-09-08,DBL,540047,B ,236.95,238.65,234.95,236.45,235.55,1232,8819091.0
1258934,2016-09-09,DBL,540047,B ,236.45,236.45,229.45,230.3,236.45,2540,21358410.0
1261965,2016-09-12,DBL,540047,B ,224.1,231.8,223.0,228.9,230.3,3693,20159442.0
1265016,2016-09-14,DBL,540047,B ,229.0,233.45,228.15,229.65,228.9,672,4990894.0
1268100,2016-09-15,DBL,540047,B ,229.95,241.1,227.95,235.15,229.65,2152,18476442.0
1271210,2016-09-16,DBL,540047,B ,238.0,254.9,236.85,244.9,235.15,8329,79667863.0
1274351,2016-09-19,DBL,540047,B ,245.05,247.55,237.55,239.8,244.9,1306,13015642.0
1277466,2016-09-20,DBL,540047,B ,239.0,239.8,235.0,237.25,239.8,841,10055480.0
1280562,2016-09-21,DBL,540047,B ,235.85,241.2,232.25,233.5,237.25,1400,8555619.0
1283700,2016-09-22,DBL,540047,B ,235.5,239.7,234.0,237.1,233.5,1043,7461035.0
1286789,2016-09-23,DBL,540047,B ,233.0,239.9,233.0,235.3,237.1,791,5153546.0
1289870,2016-09-26,DBL,540047,B ,244.9,248.0,235.6,237.1,235.3,3569,33581720.0
1292939,2016-09-27,DBL,540047,B ,238.0,240.9,232.1,232.95,237.1,744,7060363.0
1295977,2016-09-28,DBL,540047,B ,237.0,242.0,234.9,238.45,232.95,1116,10884286.0
1299097,2016-09-29,DBL,540047,B ,239.9,244.95,222.2,225.2,238.45,2547,25700556.0
1302146,2016-09-30,DBL,540047,B ,248.0,248.0,223.1,233.9,225.2,2146,18037874.0
1305315,2016-10-03,DBL,540047,B ,235.9,245.1,235.9,239.9,233.9,1453,11880598.0
1308478,2016-10-04,DBL,540047,B ,242.15,243.0,236.75,237.3,239.9,377,3030768.0
1311662,2016-10-05,DBL,540047,B ,239.4,243.8,236.65,238.85,237.3,1036,8078536.0
1314850,2016-10-06,DBL,540047,B ,238.65,243.9,234.0,235.2,238.85,644,4808259.0
1318029,2016-10-07,DBL,540047,B ,236.55,241.0,233.25,234.65,235.2,1036,7980339.0
1321215,2016-10-10,DBL,540047,B ,235.55,239.0,230.0,233.4,234.65,1057,6113972.0
1324355,2016-10-13,DBL,540047,B ,232.45,234.0,225.05,227.5,233.4,594,4527365.0
1327490,2016-10-14,DBL,540047,B ,229.1,238.0,225.95,226.8,227.5,497,3442936.0
1330634,2016-10-17,DBL,540047,B ,226.85,229.8,226.0,226.95,226.8,635,3284725.0
1333845,2016-10-18,DBL,540047,B ,229.5,233.6,227.85,232.2,226.95,1189,6252279.0
1337051,2016-10-19,DBL,540047,B ,234.55,235.6,228.25,229.35,232.2,827,3941496.0
1340255,2016-10-20,DBL,540047,B ,232.0,233.15,228.3,230.25,229.35,573,2907720.0
1343453,2016-10-21,DBL,540047,B ,231.4,232.05,225.0,225.9,230.25,599,4556778.0
1346703,2016-10-24,DBL,540047,B ,228.0,231.0,227.9,228.7,225.9,619,3175657.0
1349910,2016-10-25,DBL,540047,B ,228.7,234.25,227.4,231.25,228.7,1534,8396215.0
1353080,2016-10-26,DBL,540047,B ,229.05,243.6,229.0,235.95,231.25,1699,8537492.0
1356159,2016-10-27,DBL,540047,B ,235.6,238.1,233.8,235.0,235.95,256,1541277.0
1359252,2016-10-28,DBL,540047,B ,232.0,242.4,232.0,238.4,235.0,1444,13897058.0
1362071,2016-10-30,DBL,540047,B ,239.0,239.0,232.55,233.7,238.4,153,1312791.0
1365136,2016-11-01,DBL,540047,B ,236.0,236.95,218.1,224.2,233.7,2162,8736736.0
1368342,2016-11-02,DBL,540047,B ,223.15,229.5,219.0,220.55,224.2,2701,13113192.0
1371575,2016-11-03,DBL,540047,B ,222.0,226.0,210.05,214.95,220.55,1873,10287365.0
1374761,2016-11-04,DBL,540047,B ,215.05,221.0,214.85,218.6,214.95,1511,6151657.0
1377944,2016-11-07,DBL,540047,B ,221.0,222.5,217.45,219.35,218.6,556,1965474.0
1381135,2016-11-08,DBL,540047,B ,219.8,225.2,219.8,222.05,219.35,798,4072402.0
1384165,2016-11-09,DBL,540047,B ,191.0,213.6,178.6,210.85,222.05,995,4970298.0
1387182,2016-11-10,DBL,540047,B ,214.65,220.2,214.65,217.25,210.85,806,3335547.0
1390134,2016-11-11,DBL,540047,B ,212.75,220.3,205.1,207.9,217.25,1003,4165634.0
1393084,2016-11-15,DBL,540047,B ,206.7,208.25,190.0,200.35,207.9,1529,12805334.0
1396024,2016-11-16,DBL,540047,B ,203.5,206.05,199.0,202.5,200.35,1596,9555297.0
1398942,2016-11-17,DBL,540047,B ,205.35,205.35,199.1,201.7,202.5,902,3138025.0
1401854,2016-11-18,DBL,540047,B ,205.5,212.05,201.0,207.25,201.7,1087,3874755.0
1404789,2016-11-21,DBL,540047,B ,210.3,214.05,202.0,203.85,207.25,1864,6080174.0
1407709,2016-11-22,DBL,540047,B ,207.0,212.0,203.65,209.9,203.85,1335,5715227.0
1410626,2016-11-23,DBL,540047,B ,210.55,217.5,209.5,216.85,209.9,861,3493379.0
1413521,2016-11-24,DBL,540047,B ,217.8,223.75,214.45,222.7,216.85,1876,7088723.0
1416478,2016-11-25,DBL,540047,B ,223.15,229.0,223.15,227.55,222.7,1771,5467231.0
1419410,2016-11-28,DBL,540047,B ,229.15,233.0,228.3,231.2,227.55,695,4127699.0
1422365,2016-11-29,DBL,540047,B ,233.5,233.5,228.4,229.6,231.2,603,2832865.0
1425329,2016-11-30,DBL,540047,B ,232.3,245.0,229.5,242.5,229.6,2237,14491989.0
1428293,2016-12-01,DBL,540047,B ,243.0,261.9,243.0,253.5,242.5,6516,46912643.0
1431228,2016-12-02,DBL,540047,B ,239.9,239.9,220.25,224.25,253.5,6433,46234324.0
1434166,2016-12-05,DBL,540047,B ,224.25,229.2,220.0,222.15,224.25,1342,7837688.0
1437137,2016-12-06,DBL,540047,B ,224.6,228.8,222.0,223.6,222.15,761,4847139.0
1440082,2016-12-07,DBL,540047,B ,227.95,236.5,225.05,234.15,223.6,1688,10843938.0
1443043,2016-12-08,DBL,540047,B ,234.25,234.25,223.0,223.9,234.15,1292,6797821.0
1445996,2016-12-09,DBL,540047,B ,225.95,226.85,223.5,224.35,223.9,683,2819365.0
1448950,2016-12-12,DBL,540047,B ,225.15,225.95,222.0,224.35,224.35,409,2624034.0
1451885,2016-12-13,DBL,540047,B ,224.0,225.45,223.2,223.25,224.35,167,1173189.0
1454818,2016-12-14,DBL,540047,B ,222.75,230.0,222.0,224.15,223.25,1584,8900189.0
1457742,2016-12-15,DBL,540047,B ,223.2,227.9,221.15,223.45,224.15,772,4761963.0
1460655,2016-12-16,DBL,540047,B ,231.05,233.9,224.25,226.05,223.45,1963,13168111.0
1463632,2016-12-19,DBL,540047,B ,224.0,224.4,220.1,221.5,226.05,561,2075464.0
1466549,2016-12-20,DBL,540047,B ,223.4,226.75,222.1,222.75,221.5,651,3198548.0
1469473,2016-12-21,DBL,540047,B ,223.55,224.9,220.05,221.65,222.75,284,968601.0
1472444,2016-12-22,DBL,540047,B ,222.35,223.0,218.85,219.75,221.65,623,2246991.0
1475325,2016-12-23,DBL,540047,B ,219.1,222.8,218.9,219.8,219.75,237,787684.0
1478253,2016-12-26,DBL,540047,B ,219.1,223.5,216.25,219.65,219.8,519,2057294.0
1481165,2016-12-27,DBL,540047,B ,219.3,223.0,218.6,220.8,219.65,954,6490123.0
1484120,2016-12-28,DBL,540047,B ,222.0,224.5,221.05,221.5,220.8,553,2249459.0
1487009,2016-12-29,DBL,540047,B ,224.8,226.5,222.8,223.5,221.5,409,1491892.0
1489965,2016-12-30,DBL,540047,B ,224.6,231.9,223.15,229.25,223.5,1276,6656079.0
1492955,2017-01-02,DBL,540047,B ,227.0,229.75,225.5,228.4,229.25,426,2167469.0
1495998,2017-01-03,DBL,540047,B ,227.8,230.2,227.3,228.8,228.4,512,2469275.0
1499085,2017-01-04,DBL,540047,B ,227.0,234.0,226.5,228.15,228.8,760,3110920.0
1502244,2017-01-05,DBL,540047,B ,230.5,233.0,229.0,232.1,228.15,570,2477225.0
1505311,2017-01-06,DBL,540047,B ,231.75,231.95,228.5,229.0,232.1,170,566785.0
1508423,2017-01-09,DBL,540047,B ,231.0,232.0,224.4,227.25,229.0,241,899981.0
1511527,2017-01-10,DBL,540047,B ,226.4,228.85,225.8,227.05,227.25,633,2084976.0
1514675,2017-01-11,DBL,540047,B ,229.5,252.7,229.0,242.6,227.05,3486,19386650.0
1517760,2017-01-12,DBL,540047,B ,244.0,244.0,237.0,242.25,242.6,1303,5684524.0
1520827,2017-01-13,DBL,540047,B ,240.6,245.0,234.15,242.8,242.25,605,2056609.0
1523962,2017-01-16,DBL,540047,B ,240.85,246.55,239.05,242.0,242.8,495,1856648.0
1527052,2017-01-17,DBL,540047,B ,242.7,243.95,236.6,241.25,242.0,576,1702776.0
1530152,2017-01-18,DBL,540047,B ,242.05,243.6,238.6,242.1,241.25,484,1785746.0
1533235,2017-01-19,DBL,540047,B ,242.0,242.45,238.7,240.7,242.1,502,1778603.0
1536283,2017-01-20,DBL,540047,B ,241.0,242.9,235.75,236.2,240.7,389,1757864.0
1539365,2017-01-23,DBL,540047,B ,241.0,241.15,236.8,238.5,236.2,580,2607305.0
1542497,2017-01-24,DBL,540047,B ,239.4,240.4,235.5,236.55,238.5,621,1984628.0
1545612,2017-01-25,DBL,540047,B ,240.0,240.0,236.8,238.45,236.55,471,2161824.0
1548764,2017-01-27,DBL,540047,B ,248.0,248.0,240.45,242.25,238.45,1969,12939005.0
1551899,2017-01-30,DBL,540047,B ,243.8,244.0,240.3,241.15,242.25,561,1868840.0
1555014,2017-01-31,DBL,540047,B ,242.0,243.8,235.5,237.8,241.15,852,4274839.0
1558120,2017-02-01,DBL,540047,B ,238.9,244.35,235.45,243.35,237.8,1259,7125902.0
1561208,2017-02-02,DBL,540047,B ,242.6,253.35,242.2,248.75,243.35,1548,8385658.0
1564343,2017-02-03,DBL,540047,B ,249.25,252.0,246.3,247.5,248.75,1047,4873196.0
1567574,2017-02-06,DBL,540047,B ,244.25,270.45,244.25,267.8,247.5,3627,27332306.0
1570785,2017-02-07,DBL,540047,B ,267.0,270.0,256.85,263.5,267.8,2768,20887014.0
1573999,2017-02-08,DBL,540047,B ,262.9,287.7,260.1,283.3,263.5,8177,86737419.0
1577220,2017-02-09,DBL,540047,B ,285.0,293.4,274.3,278.8,283.3,4809,35092323.0
1580425,2017-02-10,DBL,540047,B ,281.8,281.8,267.2,272.7,278.8,2925,21087835.0
1583662,2017-02-13,DBL,540047,B ,276.4,276.4,261.25,269.7,272.7,1415,8079658.0
1586848,2017-02-14,DBL,540047,B ,270.35,272.65,265.15,266.25,269.7,1013,4664814.0
1590020,2017-02-15,DBL,540047,B ,266.05,267.0,258.5,261.2,266.25,1100,4961856.0
1593174,2017-02-16,DBL,540047,B ,261.25,266.0,255.05,261.7,261.2,864,3462305.0
1596353,2017-02-17,DBL,540047,B ,267.55,275.25,265.35,273.75,261.7,1510,7494867.0
1599566,2017-02-20,DBL,540047,B ,281.9,294.0,277.4,291.65,273.75,4327,29901420.0
1602754,2017-02-21,DBL,540047,B ,291.65,294.0,285.05,286.65,291.65,1561,8921347.0
1605960,2017-02-22,DBL,540047,B ,287.45,294.8,282.75,284.1,286.65,1475,8236046.0
1609094,2017-02-23,DBL,540047,B ,283.4,287.0,282.4,285.7,284.1,704,4282310.0
1612284,2017-02-27,DBL,540047,B ,286.5,301.2,285.05,298.65,285.7,1967,13229972.0
1615496,2017-02-28,DBL,540047,B ,300.0,312.2,300.0,306.0,298.65,3385,22470564.0
1618711,2017-03-01,DBL,540047,B ,308.9,333.65,308.0,327.1,306.0,5763,41956826.0
1621934,2017-03-02,DBL,540047,B ,329.75,339.7,319.6,323.2,327.1,2542,21907044.0
1625105,2017-03-03,DBL,540047,B ,323.8,329.3,317.2,319.65,323.2,906,4743888.0
1628382,2017-03-06,DBL,540047,B ,322.0,327.8,305.05,309.2,319.65,960,5860738.0
1631609,2017-03-07,DBL,540047,B ,312.4,320.85,311.8,318.45,309.2,1234,7142461.0
1634817,2017-03-08,DBL,540047,B ,321.4,325.95,311.0,315.2,318.45,1145,7489536.0
1637997,2017-03-09,DBL,540047,B ,317.45,331.2,254.0,318.6,315.2,4931,42354392.0
1641149,2017-03-10,DBL,540047,B ,324.0,328.0,314.9,318.4,318.6,1057,7180584.0
1644383,2017-03-14,DBL,540047,B ,329.0,329.0,320.4,321.55,318.4,514,3279634.0
1647575,2017-03-15,DBL,540047,B ,322.1,337.5,322.0,333.85,321.55,1958,14680397.0
1650792,2017-03-16,DBL,540047,B ,337.0,346.8,336.5,343.45,333.85,1264,11025332.0
1654004,2017-03-17,DBL,540047,B ,341.4,348.0,335.6,345.35,343.45,941,7286945.0
1657221,2017-03-20,DBL,540047,B ,345.0,363.65,345.0,360.95,345.35,1736,15469212.0
1660388,2017-03-21,DBL,540047,B ,363.9,365.15,356.0,358.45,360.95,608,5931755.0
1663588,2017-03-22,DBL,540047,B ,355.25,356.3,347.6,348.35,358.45,645,5020619.0
1666799,2017-03-23,DBL,540047,B ,354.0,364.95,350.95,354.6,348.35,2165,17588464.0
1670027,2017-03-24,DBL,540047,B ,361.0,361.0,345.3,349.85,354.6,1083,9434215.0
1673262,2017-03-27,DBL,540047,B ,351.0,351.0,341.0,342.85,349.85,249,1805414.0
1676517,2017-03-28,DBL,540047,B ,347.0,353.05,337.1,339.5,342.85,829,10230526.0
1679823,2017-03-29,DBL,540047,B ,343.7,347.8,340.6,341.5,339.5,400,3792446.0
1682982,2017-03-30,DBL,540047,B ,346.0,358.2,346.0,353.15,341.5,1339,12523679.0
1686109,2017-03-31,DBL,540047,B ,355.0,357.75,349.2,350.95,353.15,692,7252829.0
1689318,2017-04-03,DBL,540047,B ,352.8,373.4,348.4,366.7,350.95,1741,17970899.0
1692603,2017-04-05,DBL,540047,B ,373.8,373.8,358.8,360.0,366.7,1046,24137288.0
1695859,2017-04-06,DBL,540047,B ,360.5,364.1,355.8,359.15,360.0,663,6837968.0
1699106,2017-04-07,DBL,540047,B ,359.5,367.05,353.65,355.65,359.15,1285,18094456.0
1702366,2017-04-10,DBL,540047,B ,358.0,366.5,358.0,362.15,355.65,1131,12182057.0
1705591,2017-04-11,DBL,540047,B ,363.0,367.95,361.8,363.65,362.15,997,10770151.0
1708832,2017-04-12,DBL,540047,B ,360.0,378.0,359.1,369.85,363.65,2089,27243315.0
1712065,2017-04-13,DBL,540047,B ,367.25,374.75,366.45,370.75,369.85,695,6915086.0
1715343,2017-04-17,DBL,540047,B ,373.8,412.6,367.5,400.15,370.75,6463,81459333.0
1718568,2017-04-18,DBL,540047,B ,403.85,404.1,387.4,393.75,400.15,1664,21691697.0
1721782,2017-04-19,DBL,540047,B ,392.5,407.75,382.0,403.55,393.75,1885,20102297.0
1725009,2017-04-20,DBL,540047,B ,405.5,409.2,394.0,406.85,403.55,919,10286849.0
1728217,2017-04-21,DBL,540047,B ,404.65,419.0,404.45,413.55,406.85,1772,20515672.0
1731485,2017-04-24,DBL,540047,B ,431.0,441.55,428.0,434.25,413.55,3596,54733828.0
1734760,2017-04-25,DBL,540047,B ,439.9,442.8,432.0,433.95,434.25,907,16509487.0
1737988,2017-04-26,DBL,540047,B ,437.55,438.9,418.25,428.2,433.95,2173,32857771.0
1741228,2017-04-27,DBL,540047,B ,431.9,432.2,421.05,422.2,428.2,779,8896672.0
1744418,2017-04-28,DBL,540047,B ,423.25,427.15,420.0,423.0,422.2,444,5169905.0
1747636,2017-05-02,DBL,540047,B ,425.1,427.2,422.0,423.45,423.0,811,9631766.0
1750844,2017-05-03,DBL,540047,B ,422.5,424.85,420.2,421.15,423.45,384,4146541.0
1754049,2017-05-04,DBL,540047,B ,421.95,430.5,421.95,427.55,421.15,515,6795949.0
1757238,2017-05-05,DBL,540047,B ,431.0,475.6,429.05,459.55,427.55,6984,84195043.0
1760412,2017-05-08,DBL,540047,B ,464.45,483.0,464.3,477.9,459.55,2104,33951285.0
1763610,2017-05-09,DBL,540047,B ,480.0,484.0,471.0,471.5,477.9,942,15574818.0
1766829,2017-05-10,DBL,540047,B ,477.7,480.0,466.25,469.05,471.5,1260,14616968.0
1770019,2017-05-11,DBL,540047,B ,472.5,472.5,467.0,467.7,469.05,637,10533274.0
1773195,2017-05-12,DBL,540047,B ,464.85,466.95,443.0,446.65,467.7,1696,18098436.0
1776380,2017-05-15,DBL,540047,B ,450.9,484.9,449.55,469.0,446.65,2231,36871587.0
1779538,2017-05-16,DBL,540047,B ,468.4,478.55,463.0,475.5,469.0,1009,13518097.0
1782712,2017-05-17,DBL,540047,B ,477.1,496.7,476.0,491.45,475.5,2114,36243429.0
1785817,2017-05-18,DBL,540047,B ,509.0,529.45,495.7,499.75,491.45,6308,121473579.0
1788905,2017-05-19,DBL,540047,B ,501.0,508.4,473.0,475.25,499.75,2682,46640662.0
1792017,2017-05-22,DBL,540047,B ,480.0,484.95,447.0,453.15,475.25,1415,18770638.0
1795093,2017-05-23,DBL,540047,B ,453.0,458.0,431.25,434.55,453.15,1887,19567270.0
1798158,2017-05-24,DBL,540047,B ,435.5,446.5,421.5,426.1,434.55,1514,17398021.0
1801194,2017-05-25,DBL,540047,B ,430.0,445.0,430.0,441.15,426.1,1297,11813317.0
1804216,2017-05-26,DBL,540047,B ,443.15,457.0,437.0,440.9,441.15,1716,19607284.0
1807269,2017-05-29,DBL,540047,B ,442.05,453.05,435.0,439.25,440.9,1842,30713622.0
1810309,2017-05-30,DBL,540047,B ,442.6,445.0,431.55,442.2,439.25,1004,14306342.0
1813342,2017-05-31,DBL,540047,B ,446.0,447.55,431.5,441.0,442.2,1457,16271082.0
1816409,2017-06-01,DBL,540047,B ,441.4,448.45,430.55,433.45,441.0,1025,11873213.0
1819443,2017-06-02,DBL,540047,B ,435.05,437.4,432.0,433.8,433.45,360,3904434.0
1822481,2017-06-05,DBL,540047,B ,436.9,437.9,428.25,429.95,433.8,608,8299219.0
1825553,2017-06-06,DBL,540047,B ,431.1,457.45,427.5,434.5,429.95,5671,348487281.0
1828539,2017-06-07,DBL,540047,B ,438.0,444.0,435.0,437.25,434.5,1329,12248087.0
1831592,2017-06-08,DBL,540047,B ,440.5,444.95,439.7,442.5,437.25,968,10765883.0
1834643,2017-06-09,DBL,540047,B ,445.0,452.9,445.0,446.9,442.5,2074,25357674.0
1837696,2017-06-12,DBL,540047,B ,447.0,453.85,444.65,446.1,446.9,1382,16822289.0
1840741,2017-06-13,DBL,540047,B ,446.1,452.3,445.05,449.8,446.1,1108,7428682.0
1843751,2017-06-14,DBL,540047,B ,450.9,451.0,446.4,448.3,449.8,808,4825129.0
1846758,2017-06-15,DBL,540047,B ,446.65,461.0,444.75,450.2,448.3,1571,14496068.0
1849769,2017-06-16,DBL,540047,B ,453.55,457.8,442.1,444.6,450.2,1154,9202737.0
1852801,2017-06-19,DBL,540047,B ,446.45,451.15,441.6,443.1,444.6,1175,7294083.0
1855833,2017-06-20,DBL,540047,B ,446.7,450.0,443.0,446.45,443.1,1396,9005205.0
1858853,2017-06-21,DBL,540047,B ,445.1,446.4,442.0,442.75,446.45,672,2936363.0
1861840,2017-06-22,DBL,540047,B ,442.0,449.2,430.0,433.7,442.75,1476,8135166.0
1864797,2017-06-23,DBL,540047,B ,437.9,439.5,425.0,427.2,433.7,1182,5158078.0
1867779,2017-06-27,DBL,540047,B ,428.0,429.0,405.05,407.15,427.2,1663,13488055.0
1870771,2017-06-28,DBL,540047,B ,416.0,429.9,410.0,421.0,407.15,1703,18590665.0
1873677,2017-06-29,DBL,540047,B ,426.8,442.0,426.8,438.2,421.0,1068,12002958.0
1876596,2017-06-30,DBL,540047,B ,436.55,452.0,431.8,448.55,438.2,940,9674914.0
1879626,2017-07-03,DBL,540047,B ,453.0,476.0,453.0,471.35,448.55,2148,28341715.0
1882595,2017-07-04,DBL,540047,B ,474.0,474.35,460.25,463.8,471.35,777,9291998.0
1885598,2017-07-05,DBL,540047,B ,462.35,467.0,456.2,457.8,463.8,658,7099329.0
1888633,2017-07-06,DBL,540047,B ,461.0,462.1,452.8,454.8,457.8,970,12463187.0
1891616,2017-07-07,DBL,540047,B ,453.0,493.95,450.0,476.65,454.8,3676,47874907.0
1894635,2017-07-10,DBL,540047,B ,483.8,491.7,479.0,490.05,476.65,1374,33966751.0
1897724,2017-07-11,DBL,540047,B ,492.0,507.2,488.65,495.3,490.05,2562,35982702.0
1900756,2017-07-12,DBL,540047,B ,499.0,528.05,492.6,520.9,495.3,4577,73259932.0
1903826,2017-07-13,DBL,540047,B ,528.0,549.25,526.2,543.85,520.9,5432,84166549.0
1906858,2017-07-14,DBL,540047,B ,544.0,549.0,500.15,543.25,543.85,5371,62120888.0
1909918,2017-07-17,DBL,540047,A ,537.35,545.55,532.3,538.6,543.25,991,11568441.0
1912940,2017-07-18,DBL,540047,A ,533.3,535.5,511.0,518.25,538.6,3569,23041411.0
1915985,2017-07-19,DBL,540047,A ,520.85,535.0,520.6,524.9,518.25,1172,10735104.0
1919050,2017-07-20,DBL,540047,A ,524.95,524.95,513.75,516.15,524.9,883,6881751.0
1922039,2017-07-21,DBL,540047,A ,519.85,527.0,515.2,517.05,516.15,1714,13734741.0
1925140,2017-07-24,DBL,540047,A ,517.75,532.6,516.0,520.5,517.05,2620,43510156.0
1928167,2017-07-25,DBL,540047,A ,525.0,526.6,509.9,513.1,520.5,2634,27874731.0
1931205,2017-07-26,DBL,540047,A ,516.2,530.95,513.0,527.4,513.1,2093,28702942.0
1934253,2017-07-27,DBL,540047,A ,527.0,527.85,514.75,517.2,527.4,1788,18868623.0
1937215,2017-07-28,DBL,540047,A ,514.55,520.75,504.0,507.7,517.2,1665,22674835.0
1940251,2017-07-31,DBL,540047,A ,509.8,513.9,500.8,504.0,507.7,1061,12083658.0
1943279,2017-08-01,DBL,540047,A ,502.4,528.95,502.4,526.75,504.0,2528,38153178.0
1946287,2017-08-02,DBL,540047,A ,531.0,534.75,520.25,523.8,526.75,1390,28215845.0
1949274,2017-08-03,DBL,540047,A ,518.0,530.0,515.5,527.9,523.8,1427,22994977.0
1952219,2017-08-04,DBL,540047,A ,528.0,529.0,521.6,525.5,527.9,1020,15117877.0
1955195,2017-08-07,DBL,540047,A ,526.0,540.0,525.5,537.95,525.5,1536,27580363.0
1958106,2017-08-08,DBL,540047,A ,537.0,593.55,537.0,577.65,537.95,9552,530998447.0
1960988,2017-08-09,DBL,540047,A ,577.4,585.0,549.95,561.75,577.65,3516,63402318.0
1963858,2017-08-10,DBL,540047,A ,561.75,561.75,505.0,516.95,561.75,3261,51051061.0
1966723,2017-08-11,DBL,540047,A ,506.2,540.6,493.0,521.85,516.95,6185,83090070.0
1969654,2017-08-14,DBL,540047,A ,549.0,549.0,521.2,525.5,521.85,1891,26313317.0
1972556,2017-08-16,DBL,540047,A ,529.9,536.1,524.3,528.0,525.5,1924,29556548.0
1975444,2017-08-17,DBL,540047,A ,530.0,575.5,530.0,563.6,528.0,4867,79364081.0
1978258,2017-08-18,DBL,540047,A ,557.9,579.45,551.0,570.7,563.6,2942,41249780.0
1981179,2017-08-21,DBL,540047,A ,570.7,592.0,559.0,564.45,570.7,2476,43982609.0
1984075,2017-08-22,DBL,540047,A ,565.9,579.15,562.95,569.45,564.45,1274,32436160.0
1986982,2017-08-23,DBL,540047,A ,575.0,584.4,569.5,577.9,569.45,788,12968039.0
1989879,2017-08-24,DBL,540047,A ,578.0,610.8,578.0,593.0,577.9,5226,107615357.0
1992796,2017-08-28,DBL,540047,A ,598.45,626.65,583.1,621.7,593.0,4499,84247764.0
1995679,2017-08-29,DBL,540047,A ,622.0,636.8,618.0,622.45,621.7,4234,79764887.0
1998550,2017-08-30,DBL,540047,A ,629.7,637.55,613.1,618.2,622.45,1985,32295390.0
2001420,2017-08-31,DBL,540047,A ,619.0,623.75,601.15,605.1,618.2,2028,29942522.0
2004344,2017-09-01,DBL,540047,A ,607.4,607.4,587.2,590.95,605.1,1998,36521635.0
2007356,2017-09-04,DBL,540047,A ,593.5,597.25,572.0,574.5,590.95,2113,36857676.0
2010243,2017-09-05,DBL,540047,A ,578.0,586.45,574.5,576.75,574.5,1859,31772630.0
2013145,2017-09-06,DBL,540047,A ,573.95,585.0,571.15,576.45,576.75,1672,26006099.0
2016056,2017-09-07,DBL,540047,A ,577.0,581.35,564.0,567.65,576.45,1338,23684469.0
2018985,2017-09-08,DBL,540047,A ,570.15,598.1,570.15,593.9,567.65,2602,49332749.0
2021995,2017-09-11,DBL,540047,A ,597.0,618.8,597.0,610.9,593.9,2634,50279193.0
2024937,2017-09-12,DBL,540047,A ,618.7,618.7,601.85,606.45,610.9,1481,30099872.0
2027913,2017-09-13,DBL,540047,A ,609.0,618.0,597.85,601.05,606.45,1530,25078676.0
2030875,2017-09-14,DBL,540047,A ,605.0,611.0,596.0,601.4,601.05,1188,22228464.0
2033809,2017-09-15,DBL,540047,A ,601.0,601.0,588.5,592.75,601.4,1451,22722419.0
2036802,2017-09-18,DBL,540047,A ,590.0,610.05,590.0,603.55,592.75,1127,18965124.0
2039782,2017-09-19,DBL,540047,A ,607.4,619.9,607.05,615.25,603.55,1264,20554566.0
2042707,2017-09-20,DBL,540047,A ,610.0,615.4,602.05,604.55,615.25,1292,26489521.0
2045601,2017-09-21,DBL,540047,A ,604.6,606.7,594.1,597.9,604.55,867,16073938.0
2048529,2017-09-22,DBL,540047,A ,599.15,599.2,575.0,579.55,597.9,1366,26920498.0
2051435,2017-09-25,DBL,540047,A ,569.0,606.95,563.1,591.0,579.55,1747,26548629.0
2054329,2017-09-26,DBL,540047,A ,597.6,604.3,592.0,597.25,591.0,1012,17555559.0
2057204,2017-09-27,DBL,540047,A ,604.4,609.15,586.1,588.15,597.25,975,18211334.0
2060061,2017-09-28,DBL,540047,A ,583.25,593.95,581.5,585.1,588.15,1060,14970363.0
2062905,2017-09-29,DBL,540047,A ,590.85,608.7,588.7,597.95,585.1,1341,21183428.0
2065885,2017-10-03,DBL,540047,A ,605.0,611.0,599.0,608.25,597.95,600,11306744.0
2068841,2017-10-04,DBL,540047,A ,611.0,632.0,610.2,626.45,608.25,1336,21540634.0
2071784,2017-10-05,DBL,540047,A ,631.0,692.9,631.0,682.8,626.45,4971,97775503.0
2074746,2017-10-06,DBL,540047,A ,684.0,694.0,670.0,678.45,682.8,2135,41140844.0
2077774,2017-10-09,DBL,540047,A ,680.0,706.0,675.0,691.15,678.45,2395,46005968.0
2080819,2017-10-10,DBL,540047,A ,691.25,704.8,691.25,693.25,691.15,1071,17517717.0
2083850,2017-10-11,DBL,540047,A ,698.9,718.15,687.5,696.6,693.25,2209,44003570.0
2086847,2017-10-12,DBL,540047,A ,703.0,737.9,685.35,720.6,696.6,2208,46277850.0
2089863,2017-10-13,DBL,540047,A ,722.25,736.05,702.0,718.9,720.6,1166,21261102.0
2092875,2017-10-16,DBL,540047,A ,717.5,760.05,713.5,744.8,718.9,2867,54335313.0
2095850,2017-10-17,DBL,540047,A ,745.0,817.2,732.75,799.05,744.8,5209,107323164.0
2098842,2017-10-18,DBL,540047,A ,798.0,798.0,764.55,768.15,799.05,2727,50507015.0
2101610,2017-10-19,DBL,540047,A ,771.0,790.0,771.0,787.6,768.15,1046,23259872.0
2104526,2017-10-23,DBL,540047,A ,791.15,792.0,764.8,770.95,787.6,1659,32548058.0
2107609,2017-10-24,DBL,540047,A ,775.0,784.2,768.95,773.7,770.95,874,17082884.0
2110625,2017-10-25,DBL,540047,A ,790.0,818.0,790.0,807.7,773.7,2734,70432025.0
2113660,2017-10-26,DBL,540047,A ,811.0,924.0,811.0,905.9,807.7,13905,286546442.0
2116695,2017-10-27,DBL,540047,A ,910.0,914.8,880.1,885.5,905.9,3929,94307329.0
2119774,2017-10-30,DBL,540047,A ,885.0,887.55,865.85,870.15,885.5,2323,54603646.0
2122839,2017-10-31,DBL,540047,A ,863.0,867.0,847.25,851.6,870.15,2231,46273917.0
2125966,2017-11-01,DBL,540047,A ,857.8,916.0,857.8,889.25,851.6,4784,111917622.0
2129055,2017-11-02,DBL,540047,A ,898.75,904.9,890.0,896.65,889.25,2091,40371311.0
2132116,2017-11-03,DBL,540047,A ,905.05,906.05,890.0,891.9,896.65,1268,27341370.0
2135301,2017-11-06,DBL,540047,A ,900.0,900.0,886.55,895.3,891.9,1155,21230250.0
2138362,2017-11-07,DBL,540047,A ,900.7,917.45,888.4,893.75,895.3,2365,46700481.0
2141411,2017-11-08,DBL,540047,A ,890.0,908.75,873.95,884.2,893.75,1095,22195649.0
2144426,2017-11-09,DBL,540047,A ,894.75,894.75,864.55,871.5,884.2,2022,33621098.0
2147446,2017-11-10,DBL,540047,A ,871.8,884.75,863.0,871.1,871.5,725,14606742.0
2150515,2017-11-13,DBL,540047,A ,867.3,882.3,867.3,872.45,871.1,1242,28950593.0
2153532,2017-11-14,DBL,540047,A ,869.1,904.0,843.0,857.35,872.45,6894,157051972.0
2156517,2017-11-15,DBL,540047,A ,850.0,874.0,824.95,836.8,857.35,2825,61144494.0
2159525,2017-11-16,DBL,540047,A ,849.15,850.65,832.65,845.75,836.8,879,17887356.0
2162645,2017-11-17,DBL,540047,A ,854.0,870.15,844.8,850.9,845.75,1212,25131039.0
2165685,2017-11-20,DBL,540047,A ,855.3,869.95,854.95,859.9,850.9,1598,29353835.0
2168732,2017-11-21,DBL,540047,A ,865.0,866.2,850.0,853.1,859.9,1067,23325794.0
2171768,2017-11-22,DBL,540047,A ,855.85,899.1,846.55,888.9,853.1,3886,85686798.0
2174829,2017-11-23,DBL,540047,A ,897.9,938.9,897.0,927.2,888.9,5626,144927017.0
2177886,2017-11-24,DBL,540047,A ,933.0,972.65,918.5,929.4,927.2,4222,107238528.0
2180957,2017-11-27,DBL,540047,A ,928.8,962.0,919.8,952.0,929.4,2612,64246440.0
2184000,2017-11-28,DBL,540047,A ,952.0,991.8,952.0,984.45,952.0,3528,97660575.0
2187032,2017-11-29,DBL,540047,A ,986.0,1009.1,977.85,988.9,984.45,2665,74767406.0
2190039,2017-11-30,DBL,540047,A ,983.8,987.75,968.0,976.9,988.9,2269,56062113.0
2193043,2017-12-01,DBL,540047,A ,980.0,1000.4,943.3,952.05,976.9,2496,64952111.0
2196126,2017-12-04,DBL,540047,A ,957.15,971.35,920.8,924.0,952.05,1766,40776307.0
2199130,2017-12-05,DBL,540047,A ,915.0,924.45,905.15,915.8,924.0,1899,42237175.0
2202108,2017-12-06,DBL,540047,A ,909.9,935.4,875.65,890.35,915.8,2453,57009321.0
2205106,2017-12-07,DBL,540047,A ,897.4,897.4,875.0,883.4,890.35,2188,46861405.0
2208146,2017-12-08,DBL,540047,A ,892.0,913.55,888.0,905.9,883.4,1835,50270458.0
2211202,2017-12-11,DBL,540047,A ,914.0,924.95,881.65,906.0,905.9,1359,30458704.0
2214207,2017-12-12,DBL,540047,A ,900.0,922.0,884.5,908.1,906.0,1773,41282701.0
2217161,2017-12-13,DBL,540047,A ,903.2,932.15,894.45,900.6,908.1,1425,35914721.0
2220099,2017-12-14,DBL,540047,A ,900.0,912.0,885.0,887.65,900.6,834,19292254.0
2223068,2017-12-15,DBL,540047,A ,904.2,916.9,902.0,904.25,887.65,675,16376545.0
2226058,2017-12-18,DBL,540047,A ,905.1,919.9,864.25,904.5,904.25,1283,27948117.0
2229085,2017-12-19,DBL,540047,A ,905.05,928.7,904.4,925.15,904.5,1298,33731969.0
2232139,2017-12-20,DBL,540047,A ,925.0,940.0,911.35,915.95,925.15,983,27419094.0
2235233,2017-12-21,DBL,540047,A ,912.2,935.25,912.2,928.9,915.95,797,17972472.0
2238327,2017-12-22,DBL,540047,A ,942.1,1002.0,942.1,992.3,928.9,4226,125486065.0
2241489,2017-12-26,DBL,540047,A ,1024.0,1045.75,1013.35,1031.1,992.3,3531,100105674.0
2244630,2017-12-27,DBL,540047,A ,1048.0,1059.0,995.05,1007.15,1031.1,2212,52505516.0
2247787,2017-12-28,DBL,540047,A ,1007.0,1016.0,987.25,999.3,1007.15,1968,44566906.0
2250939,2017-12-29,DBL,540047,A ,1009.1,1014.9,982.75,986.8,999.3,1547,35476981.0
2254170,2018-01-01,DBL,540047,A ,999.0,999.0,976.4,984.15,986.8,1064,24485056.0
2257307,2018-01-02,DBL,540047,A ,986.7,991.15,965.0,976.75,984.15,1041,20430843.0
2260500,2018-01-03,DBL,540047,A ,1000.0,1008.9,975.0,979.2,976.75,1563,30251990.0
2263690,2018-01-04,DBL,540047,A ,980.6,992.45,975.0,983.15,979.2,1195,22665943.0
2266964,2018-01-05,DBL,540047,A ,994.0,1012.0,985.65,998.75,983.15,2249,44104671.0
2270269,2018-01-08,DBL,540047,A ,1010.0,1020.9,1003.5,1012.3,998.75,1584,31843648.0
2273578,2018-01-09,DBL,540047,A ,1012.6,1015.45,983.9,989.75,1012.3,1576,25209009.0
2276844,2018-01-10,DBL,540047,A ,996.15,1002.9,989.75,995.45,989.75,1320,13278967.0
2280096,2018-01-11,DBL,540047,A ,999.95,1007.5,983.05,993.05,995.45,1344,682441207.0
2283346,2018-01-12,DBL,540047,A ,997.15,999.0,962.8,967.3,993.05,1897,39732369.0
2286653,2018-01-15,DBL,540047,A ,980.0,986.0,935.0,945.35,967.3,2376,45818041.0
2289920,2018-01-16,DBL,540047,A ,937.0,950.05,923.0,934.9,945.35,1348,26113015.0
2293156,2018-01-17,DBL,540047,A ,934.9,973.0,908.45,960.3,934.9,1635,31603857.0
2296409,2018-01-18,DBL,540047,A ,973.0,989.9,923.0,936.95,960.3,2005,51900568.0
2299613,2018-01-19,DBL,540047,A ,936.95,965.0,935.55,943.95,936.95,807,20337414.0
2302849,2018-01-22,DBL,540047,A ,946.05,957.55,929.55,932.9,943.95,1356,29988379.0
2306081,2018-01-23,DBL,540047,A ,935.0,952.1,931.0,943.0,932.9,1321,110833100.0
2309311,2018-01-24,DBL,540047,A ,955.0,962.35,943.05,945.5,943.0,2609,159459233.0
2312501,2018-01-25,DBL,540047,A ,945.5,958.2,939.95,945.95,945.5,1355,20451422.0
2315713,2018-01-29,DBL,540047,A ,955.0,955.45,911.95,923.35,945.95,1550,28403108.0
2318860,2018-01-30,DBL,540047,A ,923.35,929.7,910.0,919.5,923.35,1432,29938489.0
2322033,2018-01-31,DBL,540047,A ,925.0,928.1,900.1,908.6,919.5,1831,23953118.0
2325150,2018-02-01,DBL,540047,A ,920.45,970.0,913.0,958.9,908.6,4019,74443035.0
2328266,2018-02-02,DBL,540047,A ,958.0,958.0,917.55,927.4,958.9,3700,54387911.0
2331413,2018-02-05,DBL,540047,A ,919.0,919.0,857.4,885.0,927.4,3472,52650828.0
2334522,2018-02-06,DBL,540047,A ,794.0,848.0,765.0,812.05,885.0,8730,133207655.0
2337610,2018-02-07,DBL,540047,A ,868.7,878.0,832.35,858.2,812.05,3464,83952766.0
2340692,2018-02-08,DBL,540047,A ,864.0,925.0,848.2,913.75,858.2,5352,75223790.0
2343780,2018-02-09,DBL,540047,A ,877.2,943.7,864.9,935.4,913.75,4187,74383463.0
2346923,2018-02-12,DBL,540047,A ,939.0,981.15,939.0,974.1,935.4,2210,50502779.0
2350076,2018-02-14,DBL,540047,A ,1000.0,1005.0,976.0,984.3,974.1,2526,48004655.0
2353237,2018-02-15,DBL,540047,A ,995.0,995.0,980.65,986.9,984.3,3026,39847705.0
2356336,2018-02-16,DBL,540047,A ,993.8,993.8,950.0,955.45,986.9,1644,37653752.0
2359444,2018-02-19,DBL,540047,A ,959.0,959.0,915.0,927.5,955.45,2034,30186327.0
2362527,2018-02-20,DBL,540047,A ,931.95,931.95,912.05,917.45,927.5,731,15651025.0
2365593,2018-02-21,DBL,540047,A ,929.0,957.55,927.3,932.85,917.45,2432,34570997.0
2368637,2018-02-22,DBL,540047,A ,927.0,963.8,925.0,956.65,932.85,2103,41630814.0
2371694,2018-02-23,DBL,540047,A ,964.0,978.4,958.0,962.25,956.65,1427,220171092.0
2374788,2018-02-26,DBL,540047,A ,960.0,970.15,946.55,951.5,962.25,1329,11686727.0
2377842,2018-02-27,DBL,540047,A ,956.6,960.8,932.45,940.2,951.5,1639,16560530.0
2380886,2018-02-28,DBL,540047,A ,940.0,954.95,932.0,944.4,940.2,2090,27942845.0
2383906,2018-03-01,DBL,540047,A ,955.0,980.05,948.2,953.75,944.4,3083,33084425.0
2386993,2018-03-05,DBL,540047,A ,965.0,969.7,957.55,962.1,953.75,1673,55247686.0
2390036,2018-03-06,DBL,540047,A ,969.0,1030.0,965.4,982.25,962.1,6349,150155396.0
2393069,2018-03-07,DBL,540047,A ,1003.8,1008.0,968.85,984.75,982.25,5311,66059735.0
2396103,2018-03-08,DBL,540047,A ,999.0,1010.9,981.0,1004.8,984.75,2744,48752415.0
2399166,2018-03-09,DBL,540047,A ,1012.0,1025.0,972.6,979.85,1004.8,2932,60958473.0
2402241,2018-03-12,DBL,540047,A ,997.0,997.9,974.15,984.95,979.85,932,18743225.0
2405275,2018-03-13,DBL,540047,A ,985.8,991.8,972.85,977.95,984.95,1121,20242279.0
2408293,2018-03-14,DBL,540047,A ,970.0,979.85,956.0,960.9,977.95,2271,26392673.0
2411300,2018-03-15,DBL,540047,A ,955.0,963.1,948.0,955.9,960.9,1113,23248797.0
2414315,2018-03-16,DBL,540047,A ,967.0,979.5,954.75,967.1,955.9,1633,46977006.0
2417397,2018-03-19,DBL,540047,A ,979.95,986.75,964.5,969.25,967.1,1313,27483294.0
2420466,2018-03-20,DBL,540047,A ,969.0,971.85,956.0,963.45,969.25,1063,16244599.0
2423510,2018-03-21,DBL,540047,A ,961.25,980.0,961.25,975.05,963.45,1013,17946095.0
2426561,2018-03-22,DBL,540047,A ,975.05,993.6,975.05,982.7,975.05,1160,32490030.0
2429602,2018-03-23,DBL,540047,A ,975.0,995.0,958.25,983.75,982.7,2262,32291034.0
2432741,2018-03-26,DBL,540047,A ,978.5,992.7,970.0,987.7,983.75,1139,27779569.0
2435764,2018-03-27,DBL,540047,A ,1010.0,1027.6,990.1,996.65,987.7,2227,59641010.0
2438735,2018-03-28,DBL,540047,A ,999.95,1023.7,994.1,1001.15,996.65,2682,76134045.0
2441712,2018-04-02,DBL,540047,A ,1012.0,1130.0,1012.0,1109.3,1001.15,7564,193744709.0
2444660,2018-04-03,DBL,540047,A ,1115.0,1185.5,1115.0,1159.75,1109.3,6633,170621815.0
2447616,2018-04-04,DBL,540047,A ,1150.5,1171.25,1112.1,1117.75,1159.75,2829,64417622.0
2450626,2018-04-05,DBL,540047,A ,1155.0,1175.8,1144.0,1154.95,1117.75,2536,89675022.0
2453601,2018-04-06,DBL,540047,A ,1158.05,1197.0,1141.1,1180.95,1154.95,2087,59835549.0
2456694,2018-04-09,DBL,540047,A ,1187.0,1209.15,1152.25,1160.0,1180.95,2159,54092338.0
2459707,2018-04-10,DBL,540047,A ,1166.0,1180.0,1152.3,1172.5,1160.0,1441,35566472.0
2462709,2018-04-11,DBL,540047,A ,1172.0,1217.0,1161.9,1196.2,1172.5,3736,95017489.0
2465681,2018-04-12,DBL,540047,A ,1196.0,1196.0,1152.15,1157.15,1196.2,1729,46973684.0
2468696,2018-04-13,DBL,540047,A ,1160.0,1174.4,1138.15,1143.35,1157.15,1324,50464786.0
2471747,2018-04-16,DBL,540047,A ,1142.0,1161.5,1138.25,1146.0,1143.35,819,19850263.0
2474732,2018-04-17,DBL,540047,A ,1147.0,1168.0,1140.7,1153.75,1146.0,1486,48894707.0
2477704,2018-04-18,DBL,540047,A ,1155.0,1161.7,1129.0,1136.4,1153.75,1475,45911896.0
2480690,2018-04-19,DBL,540047,A ,1144.05,1148.8,1126.05,1132.15,1136.4,1036,37932982.0
2483650,2018-04-20,DBL,540047,A ,1125.05,1146.0,1120.1,1127.15,1132.15,937,28203026.0
2486686,2018-04-23,DBL,540047,A ,1141.0,1160.2,1128.0,1133.4,1127.15,895,26348673.0
2489708,2018-04-24,DBL,540047,A ,1124.0,1142.0,1124.0,1131.7,1133.4,934,26691211.0
2492671,2018-04-25,DBL,540047,A ,1120.0,1164.0,1118.9,1148.6,1131.7,1217,27937560.0
2495607,2018-04-26,DBL,540047,A ,1148.0,1173.95,1135.0,1160.3,1148.6,948,27812319.0
2498509,2018-04-27,DBL,540047,A ,1165.75,1185.0,1149.75,1162.6,1160.3,1314,33343714.0
2501465,2018-04-30,DBL,540047,A ,1166.0,1184.4,1157.85,1163.5,1162.6,1818,28418409.0
2504438,2018-05-02,DBL,540047,A ,1160.0,1179.9,1132.05,1143.8,1163.5,1789,27934864.0
2507434,2018-05-03,DBL,540047,A ,1136.85,1136.95,1112.0,1119.3,1143.8,861,23616862.0
2510421,2018-05-04,DBL,540047,A ,1108.0,1175.0,1108.0,1162.0,1119.3,2156,34973642.0
2513405,2018-05-07,DBL,540047,A ,1173.55,1179.7,1149.2,1164.7,1162.0,970,21873809.0
2516374,2018-05-08,DBL,540047,A ,1166.0,1166.55,1139.25,1150.75,1164.7,743,12302829.0
2519347,2018-05-09,DBL,540047,A ,1139.0,1153.0,1139.0,1147.05,1150.75,360,7562332.0
2522313,2018-05-10,DBL,540047,A ,1150.5,1165.5,1135.65,1145.45,1147.05,466,6925643.0
2525278,2018-05-11,DBL,540047,A ,1148.3,1151.15,1135.0,1136.05,1145.45,366,8783279.0
2528258,2018-05-14,DBL,540047,A ,1140.25,1160.0,1132.3,1142.25,1136.05,798,9732709.0
2531206,2018-05-15,DBL,540047,A ,1149.0,1248.35,1139.15,1207.05,1142.25,4180,105902888.0
2534121,2018-05-16,DBL,540047,A ,1207.0,1226.2,1157.7,1171.3,1207.05,2725,41262885.0
2537027,2018-05-17,DBL,540047,A ,1179.0,1179.0,1153.75,1158.65,1171.3,932,19272326.0
2539934,2018-05-18,DBL,540047,A ,1159.0,1168.95,1141.2,1146.2,1158.65,727,15930867.0
2542903,2018-05-21,DBL,540047,A ,1146.0,1147.8,1081.6,1085.75,1146.2,3357,40671562.0
2545852,2018-05-22,DBL,540047,A ,1075.0,1103.05,1036.0,1071.8,1085.75,2675,38600963.0
2548791,2018-05-23,DBL,540047,A ,1073.9,1098.65,1059.85,1068.45,1071.8,677,14562019.0
2551734,2018-05-24,DBL,540047,A ,1080.0,1080.0,1000.0,1019.6,1068.45,2670,43949534.0
2554673,2018-05-25,DBL,540047,A ,1032.75,1053.9,1024.9,1039.45,1019.6,1525,18346156.0
2557704,2018-05-28,DBL,540047,A ,1067.0,1079.9,1055.5,1062.5,1039.45,2192,18704176.0
2560701,2018-05-29,DBL,540047,A ,1062.0,1068.65,1034.7,1053.15,1062.5,1667,19746857.0
2563703,2018-05-30,DBL,540047,A ,1036.9,1036.9,901.1,917.6,1053.15,17520,424167876.0
2566643,2018-05-31,DBL,540047,A ,928.4,945.0,762.1,834.35,917.6,37437,845009405.0
2569618,2018-06-01,DBL,540047,A ,834.35,872.3,813.0,853.85,834.35,15469,378259984.0
2572646,2018-06-04,DBL,540047,A ,884.9,893.4,827.0,861.55,853.85,7940,160057776.0
2575617,2018-06-05,DBL,540047,A ,850.0,862.75,818.5,818.5,861.55,1778,38427352.0
2578560,2018-06-06,DBL,540047,A ,777.6,841.0,777.6,826.75,818.5,5829,621122773.0
2581525,2018-06-07,DBL,540047,A ,832.0,868.05,832.0,868.05,826.75,2695,52104099.0
2584469,2018-06-08,DBL,540047,A ,884.9,890.05,858.05,867.15,868.05,2261,57042020.0
2587436,2018-06-11,DBL,540047,A ,867.0,872.0,823.8,838.4,867.15,1875,34830743.0
2590386,2018-06-12,DBL,540047,A ,841.0,866.2,840.4,848.55,838.4,1147,23564989.0
2593409,2018-06-13,DBL,540047,A ,841.2,856.0,822.0,824.65,848.55,1064,16194342.0
2596335,2018-06-14,DBL,540047,A ,825.95,849.5,825.95,842.65,824.65,987,18195748.0
2599279,2018-06-15,DBL,540047,A ,837.15,849.95,820.0,832.9,842.65,610,9860621.0
2602220,2018-06-18,DBL,540047,A ,828.2,842.15,823.45,836.4,832.9,477,7081541.0
2605162,2018-06-19,DBL,540047,A ,830.0,859.0,830.0,838.5,836.4,1052,19251474.0
2608085,2018-06-20,DBL,540047,A ,838.5,848.1,835.15,837.45,838.5,379,6334787.0
2610992,2018-06-21,DBL,540047,A ,842.1,846.6,828.7,834.2,837.45,321,5581273.0
2613859,2018-06-22,DBL,540047,A ,833.35,834.65,813.6,824.15,834.2,803,14090854.0
2616758,2018-06-25,DBL,540047,A ,818.15,832.7,810.0,814.7,824.15,441,7200401.0
2619676,2018-06-26,DBL,540047,A ,804.9,807.0,774.0,774.0,814.7,1170,31594823.0
2622630,2018-06-27,DBL,540047,A ,743.6,760.05,735.3,735.3,774.0,1093,83193762.0
2625570,2018-06-28,DBL,540047,A ,698.55,715.95,698.55,698.55,735.3,847,30963756.0
2628476,2018-06-29,DBL,540047,A ,663.65,690.0,663.65,663.65,698.55,2508,90390919.0
2631430,2018-07-02,DBL,540047,A ,656.0,689.9,630.5,630.5,663.65,2178,38501270.0
2634332,2018-07-03,DBL,540047,A ,604.0,662.0,599.0,659.8,630.5,4654,116669144.0
2637236,2018-07-04,DBL,540047,A ,660.0,692.75,631.45,691.55,659.8,3224,66483648.0
2640160,2018-07-05,DBL,540047,A ,694.15,706.65,657.0,657.0,691.55,2359,73668139.0
2643109,2018-07-06,DBL,540047,A ,660.0,689.85,645.0,689.85,657.0,1578,66602943.0
2646047,2018-07-09,DBL,540047,A ,717.0,724.3,698.05,724.3,689.85,1384,49050078.0
2648970,2018-07-10,DBL,540047,A ,753.4,760.5,747.45,760.5,724.3,638,14517946.0
2651902,2018-07-11,DBL,540047,A ,782.0,798.5,769.0,798.5,760.5,3729,160515811.0
2654864,2018-07-12,DBL,540047,A ,816.0,838.0,780.0,795.05,798.5,4640,84555868.0
2657785,2018-07-13,DBL,540047,A ,780.0,797.25,766.0,783.7,795.05,1639,28089965.0
2660726,2018-07-16,DBL,540047,A ,789.7,790.05,744.55,745.9,783.7,1122,16348268.0
2663634,2018-07-17,DBL,540047,A ,729.85,766.05,709.0,731.55,745.9,1767,24020616.0
2666536,2018-07-18,DBL,540047,A ,735.0,744.0,695.0,698.85,731.55,1533,17828200.0
2669425,2018-07-19,DBL,540047,A ,701.3,701.3,663.95,663.95,698.85,1033,16435222.0
2672280,2018-07-20,DBL,540047,A ,633.0,647.9,630.8,630.8,663.95,895,9458220.0
2675237,2018-07-23,DBL,540047,A ,603.0,656.0,600.5,630.0,630.8,3075,44200023.0
2678171,2018-07-24,DBL,540047,A ,633.0,661.5,633.0,661.5,630.0,1474,25780612.0
2681120,2018-07-25,DBL,540047,A ,683.5,694.55,676.9,694.55,661.5,486,13241435.0
2683969,2018-07-26,DBL,540047,A ,729.0,729.25,697.0,729.25,694.55,2624,92792673.0
2686935,2018-07-27,DBL,540047,A ,765.7,765.7,765.7,765.7,729.25,266,6684561.0
2689928,2018-07-30,DBL,540047,A ,777.0,797.55,751.0,766.9,765.7,2675,46020362.0
2692904,2018-07-31,DBL,540047,A ,776.55,805.2,773.0,805.2,766.9,2036,75035777.0
2695898,2018-08-01,DBL,540047,A ,813.6,845.45,774.0,793.05,805.2,5264,106791446.0
2698896,2018-08-02,DBL,540047,A ,843.0,869.8,818.0,848.5,793.05,7161,155916631.0
2701918,2018-08-03,DBL,540047,A ,859.0,876.2,852.75,865.1,848.5,2705,50096923.0
2705023,2018-08-06,DBL,540047,A ,890.0,915.75,856.6,890.65,865.1,4658,112665674.0
2708082,2018-08-07,DBL,540047,A ,893.1,913.65,860.75,867.15,890.65,3129,73412706.0
2711113,2018-08-08,DBL,540047,A ,867.0,878.05,827.9,841.45,867.15,2285,50890974.0
2714123,2018-08-09,DBL,540047,A ,843.0,854.0,823.0,825.7,841.45,1840,38745456.0
2717158,2018-08-10,DBL,540047,A ,831.5,863.6,815.5,845.45,825.7,2685,63839512.0
2720192,2018-08-13,DBL,540047,A ,848.0,862.0,838.35,851.7,845.45,2046,48979916.0
2723193,2018-08-14,DBL,540047,A ,852.1,864.0,840.0,844.15,851.7,1475,28383997.0
2726231,2018-08-16,DBL,540047,A ,873.0,888.0,848.0,852.35,844.15,2729,49343624.0
2729256,2018-08-17,DBL,540047,A ,869.0,869.0,852.4,853.2,852.35,1132,22045466.0
2732374,2018-08-20,DBL,540047,A ,859.0,863.0,851.5,854.1,853.2,522,11418368.0
2735447,2018-08-21,DBL,540047,A ,854.3,861.3,846.95,855.7,854.1,898,21093070.0
2738511,2018-08-23,DBL,540047,A ,858.0,860.0,840.3,850.85,855.7,799,19408156.0
2741580,2018-08-24,DBL,540047,A ,851.25,854.6,841.45,847.95,850.85,634,17454643.0
2744683,2018-08-27,DBL,540047,A ,850.0,858.4,836.0,837.3,847.95,700,15583151.0
2747737,2018-08-28,DBL,540047,A ,839.55,841.05,808.15,812.1,837.3,1022,17944968.0
2750821,2018-08-29,DBL,540047,A ,812.0,813.0,787.0,795.75,812.1,1166,19394271.0
2753872,2018-08-30,DBL,540047,A ,787.7,841.45,782.6,833.65,795.75,1954,35528046.0
2756911,2018-08-31,DBL,540047,A ,846.0,848.95,834.85,837.4,833.65,1409,29013380.0
2760022,2018-09-03,DBL,540047,A ,840.0,840.0,816.05,818.4,837.4,652,9947395.0
2763110,2018-09-04,DBL,540047,A ,819.9,819.9,789.45,796.75,818.4,1089,18882134.0
2766205,2018-09-05,DBL,540047,A ,785.0,823.85,777.0,785.9,796.75,1040,19107281.0
2769285,2018-09-06,DBL,540047,A ,796.0,814.95,785.0,801.9,785.9,1599,29059783.0
2772348,2018-09-07,DBL,540047,A ,800.9,809.0,794.0,798.55,801.9,888,17619181.0
2775433,2018-09-10,DBL,540047,A ,795.0,803.15,784.0,786.95,798.55,831,16023840.0
2778491,2018-09-11,DBL,540047,A ,787.0,797.35,773.0,776.1,786.95,972,21275266.0
2781508,2018-09-12,DBL,540047,A ,774.45,777.05,730.0,749.6,776.1,2322,33907781.0
2784511,2018-09-14,DBL,540047,A ,775.0,775.0,749.5,753.55,749.6,715,12646713.0
2787565,2018-09-17,DBL,540047,A ,745.0,774.5,741.3,756.6,753.55,1362,23936923.0
2790566,2018-09-18,DBL,540047,A ,757.05,762.45,742.0,747.95,756.6,877,16096943.0
2793573,2018-09-19,DBL,540047,A ,754.0,754.0,726.0,735.5,747.95,1094,19214937.0
2796573,2018-09-21,DBL,540047,A ,739.0,770.0,590.25,760.3,735.5,1708,30980236.0
2799626,2018-09-24,DBL,540047,A ,758.0,769.2,680.0,711.25,760.3,2301,45927829.0
2802689,2018-09-25,DBL,540047,A ,749.95,749.95,660.0,681.2,711.25,2460,31700824.0
2805715,2018-09-26,DBL,540047,A ,689.0,711.0,681.55,689.0,681.2,868,15731030.0
2808630,2018-09-27,DBL,540047,A ,690.0,703.9,671.0,676.8,689.0,699,10258634.0
2811598,2018-09-28,DBL,540047,A ,677.0,689.0,650.1,653.3,676.8,848,11295993.0
2814634,2018-10-01,DBL,540047,A ,650.0,655.0,621.0,637.25,653.3,830,12597766.0
2817651,2018-10-03,DBL,540047,A ,639.95,646.95,617.6,636.2,637.25,949,12597687.0
2820669,2018-10-04,DBL,540047,A ,630.0,639.9,600.0,625.6,636.2,1458,25231974.0
2823668,2018-10-05,DBL,540047,A ,637.7,638.0,601.3,606.7,625.6,1357,14832739.0
2826704,2018-10-08,DBL,540047,A ,606.7,609.3,550.1,561.5,606.7,1376,18554127.0
2829682,2018-10-09,DBL,540047,A ,587.7,587.7,501.15,511.95,561.5,2192,27013657.0
2832692,2018-10-10,DBL,540047,A ,540.0,562.0,515.9,551.45,511.95,2492,34947467.0
2835602,2018-10-11,DBL,540047,A ,539.0,539.8,500.0,525.35,551.45,2492,25869935.0
2838598,2018-10-12,DBL,540047,A ,525.25,556.4,523.0,525.9,525.35,1596,19466595.0
2841605,2018-10-15,DBL,540047,A ,532.45,552.5,530.0,532.25,525.9,1750,16528892.0
2844581,2018-10-16,DBL,540047,A ,537.75,547.0,534.0,538.4,532.25,825,9865633.0
2847499,2018-10-17,DBL,540047,A ,538.4,544.6,458.25,467.45,538.4,9649,102107183.0
2850397,2018-10-19,DBL,540047,A ,475.0,489.3,447.65,465.8,467.45,3042,30087300.0
2853364,2018-10-22,DBL,540047,A ,472.0,477.6,427.0,430.4,465.8,2102,21113082.0
2856292,2018-10-23,DBL,540047,A ,422.0,422.0,394.1,404.15,430.4,2954,28049190.0
2859206,2018-10-24,DBL,540047,A ,414.0,420.0,403.5,406.5,404.15,1542,13169833.0
2862028,2018-10-25,DBL,540047,A ,402.0,402.0,380.85,383.0,406.5,1531,13017530.0
2864906,2018-10-26,DBL,540047,A ,389.0,405.05,365.4,383.7,383.0,2732,23598029.0
2867846,2018-10-29,DBL,540047,A ,393.9,404.05,385.05,391.75,383.7,2209,22259646.0
2870739,2018-10-30,DBL,540047,A ,395.5,416.05,388.85,402.9,391.75,3641,36719738.0
2873607,2018-10-31,DBL,540047,A ,403.55,431.4,398.0,425.6,402.9,2849,35419105.0
2876486,2018-11-01,DBL,540047,A ,433.15,450.0,428.15,436.15,425.6,2399,28616020.0
2879448,2018-11-02,DBL,540047,A ,444.5,448.0,424.3,427.8,436.15,1797,19804869.0
2882430,2018-11-05,DBL,540047,A ,434.0,439.0,415.0,417.9,427.8,734,7085004.0
2885313,2018-11-06,DBL,540047,A ,423.95,423.95,404.05,406.85,417.9,719,6864733.0
2888003,2018-11-07,DBL,540047,A ,416.0,421.0,412.55,418.8,406.85,290,4276163.0
2890749,2018-11-09,DBL,540047,A ,419.0,419.0,409.6,413.4,418.8,816,8041385.0
2893662,2018-11-12,DBL,540047,A ,420.0,425.0,405.0,410.1,413.4,939,6433880.0
2896598,2018-11-13,DBL,540047,A ,411.0,434.5,369.1,429.7,410.1,2687,34246544.0
2899500,2018-11-14,DBL,540047,A ,407.0,472.65,392.6,471.15,429.7,12259,189077950.0
2902399,2018-11-15,DBL,540047,A ,484.0,502.2,459.1,490.85,471.15,6080,94593831.0
2905356,2018-11-16,DBL,540047,A ,495.0,508.5,477.0,481.2,490.85,2383,30616641.0
2908320,2018-11-19,DBL,540047,A ,489.95,499.0,462.0,487.65,481.2,4019,44155530.0
2911245,2018-11-20,DBL,540047,A ,485.0,493.0,475.0,479.3,487.65,1651,22049538.0
2914138,2018-11-21,DBL,540047,A ,480.0,486.9,477.35,481.05,479.3,1398,19068099.0
2917040,2018-11-22,DBL,540047,A ,481.65,486.0,460.7,463.75,481.05,1004,11175767.0
2919975,2018-11-26,DBL,540047,A ,464.0,465.1,449.1,452.55,463.75,907,11028231.0
2922899,2018-11-27,DBL,540047,A ,450.0,456.0,443.95,449.7,452.55,966,11909874.0
2925843,2018-11-28,DBL,540047,A ,447.0,453.8,443.2,449.8,449.7,518,6590280.0
2928766,2018-11-29,DBL,540047,A ,454.95,466.4,450.0,453.6,449.8,1161,11572670.0
2931672,2018-11-30,DBL,540047,A ,456.05,465.0,451.6,458.7,453.6,588,5943157.0
2934622,2018-12-03,DBL,540047,A ,473.0,473.0,461.65,465.9,458.7,492,5590843.0
2937527,2018-12-04,DBL,540047,A ,468.0,468.1,454.8,459.05,465.9,661,5851416.0
2940404,2018-12-05,DBL,540047,A ,454.05,458.15,444.1,445.8,459.05,699,7041267.0
2943286,2018-12-06,DBL,540047,A ,436.4,440.4,429.4,431.85,445.8,594,6110444.0
2946172,2018-12-07,DBL,540047,A ,439.9,458.65,433.2,450.25,431.85,1472,17242056.0
2949048,2018-12-10,DBL,540047,A ,450.0,450.0,413.9,433.7,450.25,1045,11257898.0
2951783,2018-12-11,DBL,540047,A ,420.0,453.0,420.0,439.3,433.7,3525,37331162.0
2954632,2018-12-12,DBL,540047,A ,426.2,459.0,426.2,453.9,439.3,2972,34162567.0
2957495,2018-12-13,DBL,540047,A ,451.15,468.5,435.0,441.05,453.9,2175,25834098.0
2960378,2018-12-14,DBL,540047,A ,432.0,441.65,430.0,434.5,441.05,973,11959601.0
2963289,2018-12-17,DBL,540047,A ,440.4,442.0,415.2,427.7,434.5,1564,18897032.0
2966200,2018-12-18,DBL,540047,A ,417.0,437.4,417.0,427.8,427.7,1226,17158107.0
2969157,2018-12-19,DBL,540047,A ,431.55,439.0,426.55,430.1,427.8,738,9614518.0
2972082,2018-12-20,DBL,540047,A ,424.3,438.35,424.3,433.3,430.1,908,12721548.0
2974982,2018-12-21,DBL,540047,A ,435.05,444.8,419.2,424.2,433.3,1020,10490392.0
2977866,2018-12-24,DBL,540047,A ,424.15,427.95,420.8,421.8,424.2,357,4158550.0
2980724,2018-12-26,DBL,540047,A ,420.05,424.0,415.4,420.0,421.8,540,5625993.0
2983661,2018-12-27,DBL,540047,A ,420.65,432.05,416.2,418.7,420.0,635,8345495.0
2986629,2018-12-28,DBL,540047,A ,424.8,426.2,418.1,420.35,418.7,396,31027246.0
2989596,2018-12-31,DBL,540047,A ,420.35,426.15,415.0,417.45,420.35,417,5713304.0
2992484,2019-01-01,DBL,540047,A ,424.35,431.55,417.65,423.7,417.45,456,6030240.0
2995359,2019-01-02,DBL,540047,A ,424.3,426.3,415.0,417.8,423.7,589,9804681.0
2998250,2019-01-03,DBL,540047,A ,422.55,423.15,415.0,417.55,417.8,298,3968913.0
3001191,2019-01-04,DBL,540047,A ,418.9,422.0,412.0,413.9,417.55,336,3379982.0
3004179,2019-01-07,DBL,540047,A ,421.0,422.0,410.0,411.25,413.9,431,4240203.0
3007131,2019-01-08,DBL,540047,A ,411.25,416.55,408.05,411.45,411.25,426,5572228.0
3010076,2019-01-09,DBL,540047,A ,405.7,408.55,384.7,391.3,411.45,2751,31388255.0
3013021,2019-01-10,DBL,540047,A ,395.0,398.55,390.15,393.15,391.3,1219,9847404.0
3015960,2019-01-11,DBL,540047,A ,395.0,395.65,387.95,392.05,393.15,542,5846759.0
3018875,2019-01-14,DBL,540047,A ,390.85,392.55,385.0,389.15,392.05,294,2736773.0
3021797,2019-01-15,DBL,540047,A ,389.25,396.4,389.2,391.4,389.15,345,3522412.0
3024687,2019-01-16,DBL,540047,A ,393.85,417.5,391.0,404.9,391.4,2383,25508075.0
3027613,2019-01-17,DBL,540047,A ,400.5,408.0,381.0,384.25,404.9,778,9550091.0
3030498,2019-01-18,DBL,540047,A ,384.25,385.75,376.0,378.35,384.25,792,8468081.0
3033434,2019-01-21,DBL,540047,A ,376.45,383.25,376.45,378.55,378.35,340,3305056.0
3036341,2019-01-22,DBL,540047,A ,378.05,380.7,366.0,367.65,378.55,1072,4476648.0
3039225,2019-01-23,DBL,540047,A ,379.5,379.5,357.5,358.55,367.65,896,7670477.0
3042059,2019-01-24,DBL,540047,A ,360.05,360.05,345.0,347.0,358.55,861,9762190.0
3044899,2019-01-25,DBL,540047,A ,364.0,364.0,332.45,344.1,347.0,1343,13125905.0
3047798,2019-01-28,DBL,540047,A ,344.2,347.5,332.0,335.4,344.1,650,6725263.0
3050665,2019-01-29,DBL,540047,A ,330.0,332.0,326.15,328.45,335.4,486,4325527.0
3053516,2019-01-30,DBL,540047,A ,331.0,334.95,323.9,327.25,328.45,524,3964290.0
3056417,2019-01-31,DBL,540047,A ,328.75,333.95,319.0,321.2,327.25,364,2646976.0
3059294,2019-02-01,DBL,540047,A ,316.7,334.0,316.25,327.15,321.2,751,5221120.0
3062240,2019-02-04,DBL,540047,A ,327.15,327.2,315.1,317.25,327.15,488,3359009.0
3065199,2019-02-05,DBL,540047,A ,315.65,323.4,311.55,317.55,317.25,1443,13054902.0
3068157,2019-02-06,DBL,540047,A ,315.55,322.6,313.2,320.8,317.55,988,8024796.0
3071074,2019-02-07,DBL,540047,A ,322.0,343.8,321.0,329.8,320.8,1402,15258003.0
3073951,2019-02-08,DBL,540047,A ,329.0,340.65,326.0,335.7,329.8,2288,21733220.0
3076850,2019-02-11,DBL,540047,A ,335.0,359.95,331.35,354.45,335.7,3911,36772197.0
3079713,2019-02-12,DBL,540047,A ,360.25,371.85,360.25,366.9,354.45,1407,14714358.0
3082590,2019-02-13,DBL,540047,A ,356.0,414.9,356.0,406.35,366.9,7967,93274529.0
3085410,2019-02-14,DBL,540047,A ,399.0,413.7,386.3,409.85,406.35,4415,46235532.0
3088249,2019-02-15,DBL,540047,A ,414.0,464.45,408.85,448.4,409.85,6775,98193041.0
3091166,2019-02-18,DBL,540047,A ,445.0,476.95,440.0,457.7,448.4,3519,52886214.0
3094036,2019-02-19,DBL,540047,A ,464.25,476.0,457.5,460.35,457.7,2432,36370016.0
3096971,2019-02-20,DBL,540047,A ,464.85,472.2,444.45,449.05,460.35,2051,23222380.0
3099869,2019-02-21,DBL,540047,A ,448.95,456.7,437.0,439.95,449.05,1953,22346074.0
3102756,2019-02-22,DBL,540047,A ,443.8,443.8,431.0,434.3,439.95,1222,17467068.0
3105683,2019-02-25,DBL,540047,A ,436.25,448.35,430.0,433.55,434.3,1023,14412091.0
3108533,2019-02-26,DBL,540047,A ,426.2,428.3,413.35,418.35,433.55,1459,20633842.0
3111407,2019-02-27,DBL,540047,A ,422.3,434.0,419.85,424.15,418.35,1517,18317984.0
3114257,2019-02-28,DBL,540047,A ,429.6,434.7,426.5,429.45,424.15,1304,18361700.0
3117142,2019-03-01,DBL,540047,A ,434.0,454.3,430.1,448.2,429.45,2079,29930952.0
3120193,2019-03-05,DBL,540047,A ,448.0,537.8,448.0,516.95,448.2,7761,133662068.0
3123280,2019-03-06,DBL,540047,A ,546.0,606.7,534.7,596.35,516.95,16002,294416823.0
3126316,2019-03-07,DBL,540047,A ,595.0,596.6,566.1,573.95,596.35,6038,103155826.0
3129276,2019-03-08,DBL,540047,A ,569.45,585.0,556.15,560.35,573.95,2614,49316964.0
3132319,2019-03-11,DBL,540047,A ,568.0,605.0,568.0,598.1,560.35,7226,131160815.0
3135385,2019-03-12,DBL,540047,A ,605.5,630.0,604.15,620.9,598.1,4463,94615891.0
3138475,2019-03-13,DBL,540047,A ,629.75,635.7,610.55,612.65,620.9,2107,43906878.0
3141535,2019-03-14,DBL,540047,A ,613.0,623.9,593.6,603.05,612.65,2409,50421469.0
3144593,2019-03-15,DBL,540047,A ,610.1,663.35,601.2,657.9,603.05,6877,162190197.0
3147670,2019-03-18,DBL,540047,A ,671.15,706.95,663.95,698.6,657.9,9284,196635096.0
3150776,2019-03-19,DBL,540047,A ,705.8,733.85,697.0,708.65,698.6,9162,207169388.0
3153858,2019-03-20,DBL,540047,A ,702.0,710.8,665.2,672.25,708.65,4647,79371749.0
3156933,2019-03-22,DBL,540047,A ,663.85,666.4,619.0,635.45,672.25,4312,61196825.0
3160017,2019-03-25,DBL,540047,A ,621.55,625.95,603.3,607.95,635.45,1562,22382195.0
3163106,2019-03-26,DBL,540047,A ,613.25,652.2,611.9,647.5,607.95,3959,63298603.0
3166216,2019-03-27,DBL,540047,A ,654.2,681.95,654.2,660.95,647.5,1913,39911998.0
3169256,2019-03-28,DBL,540047,A ,670.0,673.8,645.0,646.95,660.95,1061,21557142.0
3172264,2019-03-29,DBL,540047,A ,660.0,665.0,640.0,643.45,646.95,848,19690389.0
3175237,2019-04-01,DBL,540047,A ,649.9,651.5,629.95,631.6,643.45,661,12506972.0
3178167,2019-04-02,DBL,540047,A ,636.9,665.0,625.0,647.2,631.6,1395,25459996.0
3181151,2019-04-03,DBL,540047,A ,650.0,654.45,630.0,631.65,647.2,710,12978682.0
3184065,2019-04-04,DBL,540047,A ,630.0,639.9,610.1,625.85,631.65,485,7610609.0
3187002,2019-04-05,DBL,540047,A ,632.9,642.0,626.15,630.0,625.85,540,9529795.0
3189977,2019-04-08,DBL,540047,A ,633.0,636.5,608.0,619.05,630.0,704,9656188.0
3192890,2019-04-09,DBL,540047,A ,616.1,620.0,605.0,616.25,619.05,725,12557687.0
3195788,2019-04-10,DBL,540047,A ,602.2,636.05,602.2,621.3,616.25,855,14148998.0
3198681,2019-04-11,DBL,540047,A ,628.5,628.5,610.0,619.9,621.3,384,6256230.0
3201573,2019-04-12,DBL,540047,A ,620.0,658.2,620.0,653.15,619.9,1994,40080369.0
3204578,2019-04-15,DBL,540047,A ,660.0,668.0,646.0,651.1,653.15,1033,16966587.0
3207486,2019-04-16,DBL,540047,A ,652.15,656.55,640.15,641.95,651.1,577,9678849.0
3210402,2019-04-18,DBL,540047,A ,642.0,667.95,633.75,643.35,641.95,2735,30946216.0
3213281,2019-04-22,DBL,540047,A ,643.0,643.45,624.0,630.3,643.35,344,4962327.0
3216169,2019-04-23,DBL,540047,A ,630.0,636.75,603.0,616.05,630.3,1559,27024174.0
3219020,2019-04-24,DBL,540047,A ,604.5,633.2,604.5,613.8,616.05,578,8440771.0
3221839,2019-04-25,DBL,540047,A ,617.05,623.4,605.0,606.7,613.8,662,10991246.0
3224702,2019-04-26,DBL,540047,A ,611.0,613.2,584.3,586.55,606.7,922,14964732.0
3227597,2019-04-30,DBL,540047,A ,580.85,582.15,535.05,540.35,586.55,990,14515391.0
3230513,2019-05-02,DBL,540047,A ,540.35,540.35,494.45,502.9,540.35,1056,13068049.0
3233450,2019-05-03,DBL,540047,A ,491.15,513.0,472.05,479.85,502.9,2102,23057846.0
3236318,2019-05-06,DBL,540047,A ,476.9,476.9,456.0,461.7,479.85,943,11936109.0
3239220,2019-05-07,DBL,540047,A ,472.0,484.75,472.0,479.4,461.7,1201,26555466.0
3242059,2019-05-08,DBL,540047,A ,479.4,479.4,455.45,456.75,479.4,916,12268587.0
3244909,2019-05-09,DBL,540047,A ,454.7,469.25,453.15,461.9,456.75,782,10233302.0
3247755,2019-05-10,DBL,540047,A ,469.65,484.95,460.85,484.95,461.9,1280,17338608.0
3250640,2019-05-13,DBL,540047,A ,489.7,503.05,464.65,468.2,484.95,1840,21293043.0
3253489,2019-05-14,DBL,540047,A ,468.2,479.0,447.6,473.15,468.2,1383,14815610.0
3256448,2019-05-15,DBL,540047,A ,480.55,489.0,471.15,475.5,473.15,819,10672396.0
3259311,2019-05-16,DBL,540047,A ,478.5,480.0,457.9,471.55,475.5,919,12435550.0
3262154,2019-05-17,DBL,540047,A ,472.9,495.1,469.8,492.8,471.55,906,10746662.0
3265154,2019-05-20,DBL,540047,A ,517.4,517.4,517.4,517.4,492.8,63,734190.0
3268062,2019-05-21,DBL,540047,A ,543.25,543.25,543.25,543.25,517.4,140,4459539.0
3270988,2019-05-22,DBL,540047,A ,563.0,570.4,552.05,568.95,543.25,1806,34051797.0
3273873,2019-05-23,DBL,540047,A ,595.5,597.35,576.2,586.15,568.95,3071,70896428.0
3276712,2019-05-24,DBL,540047,A ,602.0,615.45,595.0,615.45,586.15,1950,48209492.0
3279658,2019-05-27,DBL,540047,A ,627.0,631.5,612.0,614.25,615.45,1512,31252746.0
3282615,2019-05-28,DBL,540047,A ,619.0,619.0,584.0,603.15,614.25,1661,27570640.0
3285560,2019-05-29,DBL,540047,A ,603.15,609.9,592.6,597.75,603.15,717,12240128.0
3288500,2019-05-30,DBL,540047,A ,599.0,606.0,594.15,598.75,597.75,496,8639470.0
3291441,2019-05-31,DBL,540047,A ,607.8,607.8,576.85,579.8,598.75,765,11576331.0
3294409,2019-06-03,DBL,540047,A ,583.85,589.1,569.0,580.55,579.8,1201,17358829.0
3297366,2019-06-04,DBL,540047,A ,592.0,592.0,551.55,551.55,580.55,1808,31504036.0
3300309,2019-06-06,DBL,540047,A ,530.0,540.0,524.0,524.0,551.55,209,4677080.0
3303176,2019-06-07,DBL,540047,A ,500.0,518.0,497.8,498.7,524.0,1513,22000771.0
3306181,2019-06-10,DBL,540047,A ,512.0,518.65,434.2,459.05,498.7,4798,56155019.0
3309145,2019-06-11,DBL,540047,A ,464.0,464.0,440.55,444.95,459.05,1895,21511404.0
3312075,2019-06-12,DBL,540047,A ,445.0,452.05,437.5,443.1,444.95,1336,15520313.0
3314975,2019-06-13,DBL,540047,A ,448.6,449.45,414.2,435.85,443.1,2169,23150975.0
3317881,2019-06-14,DBL,540047,A ,437.7,460.6,432.6,443.35,435.85,1773,22247145.0
3320798,2019-06-17,DBL,540047,A ,443.35,452.0,434.6,438.35,443.35,840,10339798.0
3323669,2019-06-18,DBL,540047,A ,447.0,448.0,429.2,433.3,438.35,979,10513785.0
3326562,2019-06-19,DBL,540047,A ,438.15,445.0,372.15,400.25,433.3,3103,39929540.0
3329480,2019-06-20,DBL,540047,A ,395.1,413.95,380.0,400.4,400.25,1640,19465532.0
3332353,2019-06-21,DBL,540047,A ,400.0,404.9,392.0,395.0,400.4,1149,14552812.0
3335277,2019-06-24,DBL,540047,A ,395.0,404.9,392.8,398.75,395.0,715,6816161.0
3338206,2019-06-25,DBL,540047,A ,397.65,404.0,396.0,399.25,398.75,552,4718213.0
3341073,2019-06-26,DBL,540047,A ,399.0,445.5,398.2,439.7,399.25,5820,56624426.0
3343983,2019-06-27,DBL,540047,A ,447.75,484.55,442.85,478.55,439.7,5597,76966035.0
3346906,2019-06-28,DBL,540047,A ,483.8,510.6,476.0,486.9,478.55,5918,89155682.0
3349877,2019-07-01,DBL,540047,A ,485.1,509.5,485.1,495.5,486.9,2136,28855873.0
3352756,2019-07-02,DBL,540047,A ,494.0,503.0,472.65,481.95,495.5,2014,27325338.0
3355603,2019-07-03,DBL,540047,A ,485.75,497.75,398.0,483.85,481.95,2745,32514478.0
3358457,2019-07-04,DBL,540047,A ,487.0,494.5,478.25,484.5,483.85,1321,21007716.0
3361278,2019-07-05,DBL,540047,A ,471.25,499.0,460.0,464.15,484.5,2649,37520916.0
3364127,2019-07-08,DBL,540047,A ,460.9,460.9,419.25,429.75,464.15,1868,23052290.0
3366965,2019-07-09,DBL,540047,A ,427.5,437.3,415.0,427.95,429.75,1837,20100081.0
3369763,2019-07-10,DBL,540047,A ,435.0,435.6,417.35,419.25,427.95,1070,10589026.0
3372559,2019-07-11,DBL,540047,A ,426.45,427.0,407.8,410.1,419.25,1084,9333981.0
3375355,2019-07-12,DBL,540047,A ,409.75,432.0,409.75,415.45,410.1,2146,21468240.0
3378200,2019-07-15,DBL,540047,A ,419.9,429.85,416.55,418.15,415.45,837,9849072.0
3381043,2019-07-16,DBL,540047,A ,414.3,425.95,414.3,417.25,418.15,848,8532346.0
3383917,2019-07-17,DBL,540047,A ,421.9,427.5,418.95,420.7,417.25,889,9496039.0
3386789,2019-07-18,DBL,540047,A ,421.0,423.6,411.0,412.4,420.7,576,6054837.0
3389679,2019-07-19,DBL,540047,A ,419.95,419.95,402.45,407.2,412.4,885,9424764.0
3392587,2019-07-22,DBL,540047,A ,413.95,423.6,395.0,419.9,407.2,1072,11161763.0
3395456,2019-07-23,DBL,540047,A ,420.0,429.05,417.9,422.55,419.9,876,8442335.0
3398260,2019-07-24,DBL,540047,A ,424.75,427.4,412.95,419.45,422.55,734,6548088.0
3401080,2019-07-25,DBL,540047,A ,423.3,427.9,415.05,419.25,419.45,937,8469009.0
3403940,2019-07-26,DBL,540047,A ,416.65,432.0,411.6,423.4,419.25,718,4750746.0
3406742,2019-07-29,DBL,540047,A ,420.0,427.0,415.65,416.9,423.4,409,4310181.0
3409574,2019-07-30,DBL,540047,A ,410.05,425.5,410.05,412.95,416.9,893,6654973.0
3412426,2019-07-31,DBL,540047,A ,411.75,414.6,406.0,410.85,412.95,440,4323790.0
3415269,2019-08-01,DBL,540047,A ,414.0,418.0,405.95,413.3,410.85,624,4285446.0
3418083,2019-08-02,DBL,540047,A ,419.0,419.0,400.0,406.3,413.3,702,6478675.0
3420858,2019-08-05,DBL,540047,A ,402.3,403.0,385.0,390.25,406.3,1492,5998750.0
3423659,2019-08-06,DBL,540047,A ,385.0,393.0,367.65,385.15,390.25,1083,10930486.0
3426500,2019-08-07,DBL,540047,A ,386.0,410.95,385.7,393.0,385.15,1064,9214728.0
3429277,2019-08-08,DBL,540047,A ,402.95,407.2,391.5,402.2,393.0,1001,8088138.0
3432134,2019-08-09,DBL,540047,A ,411.5,414.95,400.0,403.35,402.2,1938,366993423.0
3435014,2019-08-13,DBL,540047,A ,395.1,420.0,395.0,397.8,403.35,901,9595782.0
3437861,2019-08-14,DBL,540047,A ,399.6,403.0,396.3,400.25,397.8,263,3346766.0
3440725,2019-08-16,DBL,540047,A ,397.05,400.8,392.4,394.45,400.25,553,4619428.0
3443583,2019-08-19,DBL,540047,A ,399.15,404.4,396.0,399.45,394.45,335,3069954.0
3446393,2019-08-20,DBL,540047,A ,399.5,404.8,391.0,401.15,399.45,516,4677411.0
3449237,2019-08-21,DBL,540047,A ,402.3,405.5,393.4,401.5,401.15,468,2928691.0
3452058,2019-08-22,DBL,540047,A ,406.9,406.9,329.55,336.85,401.5,2053,20675503.0
3454897,2019-08-23,DBL,540047,A ,335.0,365.0,317.0,356.85,336.85,2278,19673647.0
3457757,2019-08-26,DBL,540047,A ,362.15,379.25,358.3,372.1,356.85,1388,15347497.0
3460671,2019-08-27,DBL,540047,A ,374.3,385.6,370.55,376.95,372.1,803,5357988.0
3463575,2019-08-28,DBL,540047,A ,381.5,387.1,372.35,375.85,376.95,1098,10790411.0
3466424,2019-08-29,DBL,540047,A ,374.4,376.2,351.8,364.5,375.85,2288,10445757.0
3469352,2019-08-30,DBL,540047,A ,365.0,375.6,357.3,359.7,364.5,1015,4825175.0
3472190,2019-09-03,DBL,540047,A ,360.2,368.2,354.0,359.15,359.7,1029,6928168.0
3474974,2019-09-04,DBL,540047,A ,361.45,362.0,347.65,351.3,359.15,972,3863808.0
3477770,2019-09-05,DBL,540047,A ,357.1,385.0,350.3,373.05,351.3,3835,26579066.0
3480641,2019-09-06,DBL,540047,A ,371.05,393.2,368.8,384.6,373.05,3169,26776904.0
3483591,2019-09-09,DBL,540047,A ,385.0,432.05,383.05,425.25,384.6,7063,86647033.0
3486596,2019-09-11,DBL,540047,A ,429.9,466.55,429.0,455.8,425.25,6056,70470417.0
3489466,2019-09-12,DBL,540047,A ,461.0,477.4,443.0,447.25,455.8,3171,40066729.0
3492310,2019-09-13,DBL,540047,A ,456.0,457.0,437.55,440.8,447.25,2226,22423763.0
3495217,2019-09-16,DBL,540047,A ,437.0,463.7,431.65,441.2,440.8,3015,37252094.0
3498108,2019-09-17,DBL,540047,A ,445.0,450.0,426.0,428.05,441.2,1343,16731843.0
3500978,2019-09-18,DBL,540047,A ,432.4,438.0,420.05,426.75,428.05,765,7900576.0
3503808,2019-09-19,DBL,540047,A ,427.55,428.35,404.15,408.9,426.75,969,8828300.0
3506750,2019-09-20,DBL,540047,A ,412.0,441.4,402.75,436.6,408.9,2771,29504332.0
3509791,2019-09-23,DBL,540047,A ,439.6,463.2,436.6,450.85,436.6,3571,30045535.0
3512728,2019-09-24,DBL,540047,A ,454.2,456.0,435.2,438.35,450.85,1705,13319619.0
3515592,2019-09-25,DBL,540047,A ,442.4,451.5,430.85,439.45,438.35,2033,16368774.0
3518535,2019-09-26,DBL,540047,A ,440.05,456.0,439.65,448.35,439.45,1627,21610534.0
3521397,2019-09-27,DBL,540047,A ,450.0,456.55,437.25,442.7,448.35,1246,10133314.0
3524298,2019-09-30,DBL,540047,A ,435.0,439.85,400.55,415.95,442.7,2406,17636855.0
3527158,2019-10-01,DBL,540047,A ,421.0,426.4,396.8,404.4,415.95,1300,6316661.0
3530042,2019-10-03,DBL,540047,A ,410.0,410.0,392.8,395.0,404.4,878,10534237.0
3533153,2019-10-04,DBL,540047,A ,398.65,401.2,374.35,380.7,395.0,1091,7910885.0
3536147,2019-10-07,DBL,540047,A ,387.0,395.0,381.6,383.35,380.7,1133,4781788.0
3539058,2019-10-09,DBL,540047,A ,383.5,383.5,370.45,373.1,383.35,1166,7152545.0
3541939,2019-10-10,DBL,540047,A ,374.05,383.9,368.45,374.0,373.1,735,4276063.0
3544832,2019-10-11,DBL,540047,A ,378.0,386.65,367.45,370.75,374.0,1095,7068355.0
3547787,2019-10-14,DBL,540047,A ,374.25,391.25,371.25,381.35,370.75,1368,8847297.0
3550668,2019-10-15,DBL,540047,A ,384.85,402.75,382.8,388.3,381.35,1562,12698194.0
3553568,2019-10-16,DBL,540047,A ,391.9,394.9,359.0,364.95,388.3,1466,8277010.0
3556464,2019-10-17,DBL,540047,A ,368.0,379.4,366.15,372.2,364.95,809,5158440.0
3559394,2019-10-18,DBL,540047,A ,373.0,392.0,372.9,388.5,372.2,1548,13552886.0
3562374,2019-10-22,DBL,540047,A ,388.0,424.0,387.0,417.0,388.5,2584,23584952.0
3565307,2019-10-23,DBL,540047,A ,422.4,422.4,399.9,403.2,417.0,1534,9793398.0
3568141,2019-10-24,DBL,540047,A ,405.55,419.75,402.0,406.3,403.2,1443,8072601.0
3570948,2019-10-25,DBL,540047,A ,405.0,411.0,380.0,389.35,406.3,1343,11250476.0
3573481,2019-10-27,DBL,540047,A ,393.7,400.0,392.0,394.35,389.35,283,2202872.0
3576242,2019-10-29,DBL,540047,A ,398.0,449.2,392.25,434.55,394.35,4513,43188705.0
3579141,2019-10-30,DBL,540047,A ,439.25,442.0,425.0,430.35,434.55,1515,10304451.0
3582063,2019-10-31,DBL,540047,A ,431.0,447.4,427.95,432.25,430.35,1552,13643340.0
3585054,2019-11-01,DBL,540047,A ,435.9,473.8,432.0,459.55,432.25,3627,53283270.0
3588032,2019-11-04,DBL,540047,A ,461.0,469.9,435.0,441.6,459.55,1390,17458072.0
3590944,2019-11-05,DBL,540047,A ,442.0,446.25,423.0,425.1,441.6,1023,10525109.0
3593868,2019-11-06,DBL,540047,A ,425.1,435.0,416.05,418.2,425.1,1161,14154692.0
3596824,2019-11-07,DBL,540047,A ,424.0,433.9,414.15,416.8,418.2,1194,9623251.0
3599752,2019-11-08,DBL,540047,A ,415.5,422.0,405.0,407.05,416.8,1360,7642484.0
3602691,2019-11-11,DBL,540047,A ,407.15,426.25,407.0,419.05,407.05,1424,11875860.0
3605664,2019-11-13,DBL,540047,A ,421.0,424.45,406.25,408.4,419.05,945,8038295.0
3608629,2019-11-14,DBL,540047,A ,409.05,412.25,395.0,398.45,408.4,1180,9027843.0
3611606,2019-11-15,DBL,540047,A ,400.0,407.25,379.8,397.95,398.45,1310,12302677.0
3614642,2019-11-18,DBL,540047,A ,405.0,409.0,400.0,403.9,397.95,791,8761420.0
3617608,2019-11-19,DBL,540047,A ,406.3,423.0,404.25,415.45,403.9,1358,12805364.0
3620605,2019-11-20,DBL,540047,A ,415.0,418.05,405.25,406.4,415.45,750,6559378.0
3623646,2019-11-21,DBL,540047,A ,418.0,436.55,412.25,414.5,406.4,1831,18214488.0
3626631,2019-11-22,DBL,540047,A ,416.5,419.0,407.6,409.85,414.5,1252,11572488.0
3629564,2019-11-25,DBL,540047,A ,411.0,417.3,409.95,410.95,409.85,795,5081878.0
3632523,2019-11-26,DBL,540047,A ,413.05,415.0,401.6,402.6,410.95,731,4791408.0
3635470,2019-11-27,DBL,540047,A ,394.0,410.4,394.0,397.65,402.6,860,7189041.0
3638385,2019-11-28,DBL,540047,A ,400.0,404.1,395.0,396.15,397.65,1537,10351577.0
3641332,2019-11-29,DBL,540047,A ,398.65,420.0,396.5,408.6,396.15,2736,22376080.0
3644292,2019-12-02,DBL,540047,A ,412.35,415.4,400.0,402.7,408.6,805,6925986.0
3647217,2019-12-03,DBL,540047,A ,404.6,405.35,395.25,397.3,402.7,426,4495161.0
3650172,2019-12-04,DBL,540047,A ,397.3,397.3,388.95,390.4,397.3,1030,5660646.0
3653068,2019-12-05,DBL,540047,A ,393.4,396.4,386.1,389.65,390.4,550,4695911.0
3656007,2019-12-06,DBL,540047,A ,390.0,394.85,376.15,379.35,389.65,741,5982852.0
3658921,2019-12-09,DBL,540047,A ,382.0,384.35,376.2,377.1,379.35,723,4586797.0
3661885,2019-12-10,DBL,540047,A ,380.0,386.4,375.25,379.3,377.1,630,6388045.0
3664826,2019-12-11,DBL,540047,A ,389.8,390.0,379.2,385.75,379.3,1168,8522013.0
3667661,2019-12-12,DBL,540047,A ,385.1,385.1,375.35,377.15,385.75,532,5912500.0
3670603,2019-12-13,DBL,540047,A ,378.6,404.8,377.25,398.9,377.15,1266,12333963.0
3673534,2019-12-16,DBL,540047,A ,398.55,410.0,393.0,398.7,398.9,1422,9002730.0
3676509,2019-12-17,DBL,540047,A ,402.95,403.2,393.35,394.25,398.7,667,2734186.0
3679460,2019-12-18,DBL,540047,A ,398.95,424.4,398.15,417.65,394.25,4748,37265403.0
3682336,2019-12-19,DBL,540047,A ,416.8,423.55,410.0,412.7,417.65,1597,11697204.0
3685243,2019-12-20,DBL,540047,A ,412.75,416.55,406.2,408.75,412.7,1765,7281420.0
3688211,2019-12-23,DBL,540047,A ,410.2,411.95,397.8,400.0,408.75,1782,14478799.0
3691125,2019-12-24,DBL,540047,A ,406.9,406.9,392.0,393.9,400.0,586,6107698.0
3694036,2019-12-26,DBL,540047,A ,400.0,406.1,392.7,397.5,393.9,1738,14065184.0
3697006,2019-12-27,DBL,540047,A ,401.0,406.6,396.1,400.0,397.5,669,5848510.0
3700011,2019-12-30,DBL,540047,A ,400.9,400.9,392.6,396.65,400.0,1218,4539960.0
3703005,2019-12-31,DBL,540047,A ,397.0,410.8,394.8,402.95,396.65,1250,9449679.0
1098033,2020-01-01,DBL,540047,A,402.0,406.0,400.5,403.35,402.95,19931,8037236.0
1098034,2020-01-02,DBL,540047,A,405.9,421.0,404.0,413.1,403.35,43280,17913829.0
1098035,2020-01-03,DBL,540047,A,410.85,435.4,409.75,421.0,413.1,102330,43597086.0
1098036,2020-01-06,DBL,540047,A,412.0,416.3,398.15,400.15,421.0,30374,12246223.0
1098037,2020-01-07,DBL,540047,A,407.75,411.3,402.8,405.1,400.15,20084,8180125.0
1098038,2020-01-08,DBL,540047,A,406.9,406.9,395.35,398.2,405.1,9903,3949236.0
1098039,2020-01-09,DBL,540047,A,405.2,411.95,402.7,405.35,398.2,18825,7653093.0
1098040,2020-01-10,DBL,540047,A,407.0,417.0,405.0,409.0,405.35,21320,8784056.0
1098041,2020-01-13,DBL,540047,A,410.8,441.5,409.15,431.75,409.0,60949,26101644.0
1098042,2020-01-14,DBL,540047,A,428.95,439.7,420.0,422.55,431.75,40857,17489921.0
1098043,2020-01-15,DBL,540047,A,418.7,427.0,417.45,420.55,422.55,11620,4889474.0
1098044,2020-01-16,DBL,540047,A,420.9,432.0,420.6,424.8,420.55,18093,7715191.0
1098045,2020-01-17,DBL,540047,A,423.9,432.5,420.3,423.1,424.8,12357,5264419.0
1098046,2020-01-20,DBL,540047,A,425.8,426.25,412.0,415.55,423.1,8471,3527155.0
1098047,2020-01-21,DBL,540047,A,412.25,423.0,412.15,415.7,415.55,11593,4836670.0
1098048,2020-01-22,DBL,540047,A,417.35,427.55,414.65,418.7,415.7,20403,8602798.0
1098049,2020-01-23,DBL,540047,A,418.7,430.55,418.35,421.2,418.7,15066,6390542.0
1098050,2020-01-24,DBL,540047,A,430.0,430.0,416.35,417.6,421.2,9006,3791810.0
1098051,2020-01-27,DBL,540047,A,418.0,420.0,400.0,407.6,417.6,10921,4501183.0
1098052,2020-01-28,DBL,540047,A,413.0,414.2,400.0,402.25,407.6,10699,4346577.0
1098053,2020-01-29,DBL,540047,A,406.3,413.2,402.6,406.05,402.25,13435,5471266.0
1098054,2020-01-30,DBL,540047,A,409.1,409.1,401.4,403.75,406.05,4151,1674606.0
1098055,2020-01-31,DBL,540047,A,407.65,412.95,403.75,407.75,403.75,7973,3248511.0
1098056,2020-02-01,DBL,540047,A,411.75,422.0,388.0,393.85,407.75,27597,11271990.0
1098057,2020-02-03,DBL,540047,A,392.0,392.0,374.75,376.0,393.85,14523,5522529.0
1098058,2020-02-04,DBL,540047,A,383.0,391.8,379.9,380.8,376.0,16192,6215707.0
1098059,2020-02-05,DBL,540047,A,383.3,388.0,380.95,383.0,380.8,13354,5126449.0
1098060,2020-02-06,DBL,540047,A,385.25,398.0,384.0,392.3,383.0,34101,13333404.0
1098061,2020-02-07,DBL,540047,A,386.3,408.75,386.3,398.65,392.3,20897,8392340.0
1098062,2020-02-10,DBL,540047,A,399.0,400.0,378.8,383.45,398.65,47271,18481835.0
1098063,2020-02-11,DBL,540047,A,381.0,393.0,380.0,381.9,383.45,24055,9253957.0
1098064,2020-02-12,DBL,540047,A,384.0,387.35,381.0,381.7,381.9,7373,2821380.0
1098065,2020-02-13,DBL,540047,A,384.15,386.5,378.0,379.95,381.7,14563,5553895.0
1098066,2020-02-14,DBL,540047,A,381.0,383.7,371.05,375.1,379.95,10483,3954480.0
1098067,2020-02-17,DBL,540047,A,377.0,377.0,355.15,356.1,375.1,13136,4771358.0
1098068,2020-02-18,DBL,540047,A,359.7,360.05,344.05,352.45,356.1,17094,5985844.0
1098069,2020-02-19,DBL,540047,A,357.8,365.0,343.15,349.45,352.45,20319,7278674.0
1098070,2020-02-20,DBL,540047,A,350.0,364.4,344.5,346.35,349.45,15369,5400565.0
1098071,2020-02-24,DBL,540047,A,347.0,347.0,334.15,336.2,346.35,11935,4050999.0
1098072,2020-02-25,DBL,540047,A,338.75,344.4,331.35,337.4,336.2,14132,4802863.0
1098073,2020-02-26,DBL,540047,A,334.1,336.6,328.5,330.35,337.4,10156,3366538.0
1098074,2020-02-27,DBL,540047,A,328.95,329.8,319.1,322.7,330.35,14066,4551021.0
1098075,2020-02-28,DBL,540047,A,316.0,316.0,298.4,299.25,322.7,13853,4248147.0
1098076,2020-03-02,DBL,540047,A,306.0,312.7,298.75,300.95,299.25,15193,4645429.0
1098077,2020-03-03,DBL,540047,A,302.0,311.75,299.0,307.1,300.95,13132,3994022.0
1098078,2020-03-04,DBL,540047,A,310.0,310.05,291.95,296.8,307.1,15405,4606609.0
1098079,2020-03-05,DBL,540047,A,300.3,304.45,291.5,293.85,296.8,12065,3591213.0
1098080,2020-03-06,DBL,540047,A,288.0,294.9,261.95,285.5,293.85,31475,8781170.0
1098081,2020-03-09,DBL,540047,A,286.0,286.0,264.35,276.95,285.5,15885,4329903.0
1098082,2020-03-11,DBL,540047,A,292.1,332.3,285.0,326.8,276.95,101402,31755846.0
1098083,2020-03-12,DBL,540047,A,318.0,318.0,272.5,282.1,326.8,97024,27934683.0
1098084,2020-03-13,DBL,540047,A,242.0,309.0,226.0,294.2,282.1,69461,19355824.0
1098085,2020-03-16,DBL,540047,A,287.85,287.85,261.3,272.3,294.2,26559,7362557.0
1098086,2020-03-17,DBL,540047,A,266.1,285.1,265.0,272.55,272.3,15287,4219723.0
1098087,2020-03-18,DBL,540047,A,279.0,285.6,250.4,261.1,272.55,16438,4372270.0
1098088,2020-03-19,DBL,540047,A,249.05,261.0,243.35,252.05,261.1,43703,10986231.0
1098089,2020-03-20,DBL,540047,A,255.0,297.1,255.0,271.9,252.05,67235,18957448.0
1098090,2020-03-23,DBL,540047,A,260.0,260.0,220.0,222.9,271.9,21764,5018759.0
1098091,2020-03-24,DBL,540047,A,241.0,241.4,212.0,222.35,222.9,27021,6110527.0
1098092,2020-03-25,DBL,540047,A,219.3,225.0,193.4,216.65,222.35,32695,6965250.0
1098093,2020-03-26,DBL,540047,A,220.0,234.6,217.15,223.75,216.65,10806,2450654.0
1098094,2020-03-27,DBL,540047,A,232.05,235.0,221.6,227.85,223.75,23298,5312038.0
1098095,2020-03-30,DBL,540047,A,227.8,228.0,207.95,211.15,227.85,12678,2755673.0
1098096,2020-03-31,DBL,540047,A,217.2,217.2,208.0,211.0,211.15,11191,2371029.0
1098097,2020-04-01,DBL,540047,A,212.5,212.5,201.85,208.95,211.0,6827,1415762.0
1098098,2020-04-03,DBL,540047,A,208.95,208.95,201.35,202.3,208.95,11543,2340183.0
1098099,2020-04-07,DBL,540047,A,206.7,209.25,202.0,205.35,202.3,9055,1866982.0
1098100,2020-04-08,DBL,540047,A,203.15,212.35,200.6,206.15,205.35,11840,2446160.0
1098101,2020-04-09,DBL,540047,A,212.0,222.6,209.2,216.3,206.15,22013,4769698.0
1098102,2020-04-13,DBL,540047,A,234.9,234.9,207.25,220.35,216.3,27552,6065656.0
1098103,2020-04-15,DBL,540047,A,233.0,264.4,222.7,259.8,220.35,75848,18843004.0
1098104,2020-04-16,DBL,540047,A,260.3,282.2,253.5,266.35,259.8,60225,16278644.0
1098105,2020-04-17,DBL,540047,A,288.0,288.0,263.0,270.0,266.35,50518,13720949.0
1098106,2020-04-20,DBL,540047,A,272.9,285.0,271.0,271.8,270.0,16320,4502238.0
1098107,2020-04-21,DBL,540047,A,268.0,280.0,246.0,252.35,271.8,24201,6224639.0
1098108,2020-04-22,DBL,540047,A,253.6,257.0,242.1,250.0,252.35,7421,1852414.0
1098109,2020-04-23,DBL,540047,A,251.6,259.0,250.9,253.0,250.0,6162,1568205.0
1098110,2020-04-24,DBL,540047,A,249.6,249.6,240.5,242.15,253.0,8810,2148492.0
1098111,2020-04-27,DBL,540047,A,244.0,247.85,235.1,239.05,242.15,5504,1316030.0
1098112,2020-04-28,DBL,540047,A,245.0,245.0,236.3,239.8,239.05,11261,2709596.0
1098113,2020-04-29,DBL,540047,A,240.6,245.0,238.0,240.8,239.8,6658,1608485.0
1098114,2020-04-30,DBL,540047,A,242.85,265.95,242.65,259.5,240.8,51620,13162294.0
1098115,2020-05-04,DBL,540047,A,236.0,253.5,236.0,247.2,259.5,28591,7018713.0
1098116,2020-05-05,DBL,540047,A,250.0,253.0,238.55,241.1,247.2,10809,2658656.0
1098117,2020-05-06,DBL,540047,A,241.1,245.6,233.15,239.35,241.1,17799,4251430.0
1098118,2020-05-07,DBL,540047,A,240.75,242.7,235.95,237.7,239.35,9250,2206254.0
1098119,2020-05-08,DBL,540047,A,247.8,247.8,240.05,243.0,237.7,7257,1761184.0
1098120,2020-05-11,DBL,540047,A,245.0,246.6,238.0,238.8,243.0,6216,1502593.0
1098121,2020-05-12,DBL,540047,A,238.3,238.5,232.65,235.35,238.8,6792,1598708.0
1098122,2020-05-13,DBL,540047,A,257.0,266.2,241.1,257.55,235.35,52396,13358139.0
1098123,2020-05-14,DBL,540047,A,258.3,258.3,247.9,254.6,257.55,15601,3932521.0
1098124,2020-05-15,DBL,540047,A,260.0,260.6,248.0,253.5,254.6,21446,5411325.0
1098125,2020-05-18,DBL,540047,A,253.0,253.05,240.55,243.65,253.5,15210,3729587.0
1098126,2020-05-19,DBL,540047,A,245.25,251.0,241.9,246.15,243.65,7113,1758005.0
1098127,2020-05-20,DBL,540047,A,245.1,262.0,245.1,259.5,246.15,14163,3634091.0
1098128,2020-05-21,DBL,540047,A,254.0,260.7,253.2,253.8,259.5,5023,1282706.0
1098129,2020-05-22,DBL,540047,A,247.2,257.65,247.2,252.2,253.8,14672,3695468.0
1098130,2020-05-26,DBL,540047,A,256.7,258.95,250.2,253.45,252.2,8974,2290085.0
1098131,2020-05-27,DBL,540047,A,255.0,257.25,247.0,250.95,253.45,5275,1330250.0
1098132,2020-05-28,DBL,540047,A,255.0,259.9,253.0,256.7,250.95,3804,976409.0
1098133,2020-05-29,DBL,540047,A,258.0,273.0,256.1,259.65,256.7,27072,7184950.0
1098134,2020-06-01,DBL,540047,A,280.0,290.1,274.1,276.6,259.65,40156,11274876.0
1098135,2020-06-02,DBL,540047,A,280.0,290.0,277.5,285.85,276.6,24811,7068510.0
1098136,2020-06-03,DBL,540047,A,291.85,295.0,280.0,281.4,285.85,26162,7519977.0
1098137,2020-06-04,DBL,540047,A,281.9,284.0,271.5,275.45,281.4,24046,6624698.0
1098138,2020-06-05,DBL,540047,A,255.6,297.15,255.6,285.3,275.45,39016,11251355.0
1098139,2020-06-08,DBL,540047,A,283.8,291.7,278.45,283.85,285.3,17811,5108911.0
1098140,2020-06-09,DBL,540047,A,284.0,284.45,275.0,276.5,283.85,10942,3067493.0
1098141,2020-06-10,DBL,540047,A,277.0,282.45,273.6,278.45,276.5,11179,3097336.0
1098142,2020-06-11,DBL,540047,A,278.0,293.65,273.95,276.8,278.45,27458,7837965.0
1098143,2020-06-12,DBL,540047,A,245.05,272.7,245.05,270.45,276.8,16081,4309907.0
1098144,2020-06-15,DBL,540047,A,270.1,272.15,262.0,265.3,270.45,14651,3902206.0
1098145,2020-06-16,DBL,540047,A,272.0,275.0,255.65,264.75,265.3,31678,8433978.0
1098146,2020-06-17,DBL,540047,A,262.9,271.0,262.0,266.05,264.75,7368,1966079.0
1098147,2020-06-18,DBL,540047,A,265.9,279.0,265.9,273.85,266.05,36810,10060118.0
1098148,2020-06-19,DBL,540047,A,276.25,293.0,272.2,276.7,273.85,60662,17166736.0
1098149,2020-06-20,DBL,540047,A,276.25,293.0,272.2,276.7,276.7,60662,17166736.0
1098150,2020-06-22,DBL,540047,A,283.4,287.2,277.1,281.6,276.7,21827,6170188.0
1098151,2020-06-23,DBL,540047,A,283.1,295.0,278.55,292.5,281.6,33226,9616649.0
1098152,2020-06-24,DBL,540047,A,297.8,308.05,284.7,285.85,292.5,55096,16322105.0
1098153,2020-06-25,DBL,540047,A,276.0,291.0,276.0,285.4,285.85,31201,8923680.0
1098154,2020-06-26,DBL,540047,A,277.05,290.5,277.05,282.85,285.4,14757,4196492.0
1098155,2020-06-29,DBL,540047,A,279.8,283.3,275.0,276.7,282.85,19364,5363338.0
1098156,2020-06-30,DBL,540047,A,290.0,290.0,271.15,272.4,276.7,22677,6274489.0
1098157,2020-07-01,DBL,540047,A,274.0,276.3,270.7,271.55,272.4,11767,3218106.0
1098158,2020-07-02,DBL,540047,A,289.0,296.0,280.0,285.1,271.55,41693,11927504.0
1098159,2020-07-03,DBL,540047,A,290.0,290.0,280.5,281.0,285.1,13013,3685947.0
1098160,2020-07-06,DBL,540047,A,285.2,296.9,282.0,293.45,281.0,40920,11872307.0
1098161,2020-07-07,DBL,540047,A,295.0,304.2,288.4,293.55,293.45,68730,20385556.0
1098162,2020-07-08,DBL,540047,A,286.35,294.4,284.5,285.9,293.55,21018,6078377.0
1098163,2020-07-09,DBL,540047,A,294.0,294.7,287.45,288.95,285.9,12215,3544636.0
1098164,2020-07-10,DBL,540047,A,285.25,289.95,281.0,283.1,288.95,23785,6761359.0
1098165,2020-07-13,DBL,540047,A,291.3,295.75,285.0,285.7,283.1,24444,7085912.0
1098166,2020-07-14,DBL,540047,A,285.7,287.8,277.25,283.35,285.7,29273,8250239.0
1098167,2020-07-15,DBL,540047,A,289.0,289.0,277.0,278.25,283.35,45605,12817014.0
1098168,2020-07-16,DBL,540047,A,272.0,284.55,271.0,280.1,278.25,22948,6395061.0
1098169,2020-07-17,DBL,540047,A,275.0,285.0,275.0,280.35,280.1,14385,4057627.0
1098170,2020-07-20,DBL,540047,A,285.0,285.0,282.0,282.8,280.35,6548,1854726.0
1098171,2020-07-21,DBL,540047,A,294.0,294.0,279.15,280.3,282.8,25136,7157834.0
1098172,2020-07-22,DBL,540047,A,285.5,285.5,277.4,282.0,280.3,19124,5382931.0
1098173,2020-07-23,DBL,540047,A,281.8,315.0,281.0,310.5,282.0,145136,44163300.0
1098174,2020-07-24,DBL,540047,A,310.0,314.7,294.0,296.2,310.5,108279,32736586.0
1098175,2020-07-27,DBL,540047,A,299.9,299.9,284.2,286.5,296.2,33354,9624918.0
1098176,2020-07-28,DBL,540047,A,289.8,293.55,284.6,292.25,286.5,15376,4434488.0
1098177,2020-07-29,DBL,540047,A,295.0,296.6,286.2,287.5,292.25,18158,5293272.0
1098178,2020-07-30,DBL,540047,A,289.6,289.75,281.45,283.15,287.5,30350,8647421.0
1098179,2020-07-31,DBL,540047,A,280.0,286.0,278.25,279.45,283.15,31539,8859578.0
1098180,2020-08-03,DBL,540047,A,282.25,289.8,277.3,287.05,279.45,20311,5771162.0
1098181,2020-08-04,DBL,540047,A,291.6,306.0,288.55,298.7,287.05,87763,26064433.0
1098182,2020-08-05,DBL,540047,A,305.0,323.55,296.75,315.8,298.7,82529,25960660.0
1098183,2020-08-06,DBL,540047,A,318.9,342.95,311.1,334.55,315.8,137863,45904605.0
1098184,2020-08-07,DBL,540047,A,336.7,347.8,325.4,338.65,334.55,67802,22817604.0
1098185,2020-08-10,DBL,540047,A,341.85,349.85,337.0,346.4,338.65,27744,9519158.0
1098186,2020-08-11,DBL,540047,A,349.5,354.6,339.1,341.7,346.4,23220,8063956.0
1098187,2020-08-12,DBL,540047,A,338.4,347.0,338.05,343.7,341.7,10930,3758764.0
1098188,2020-08-13,DBL,540047,A,345.0,355.6,344.4,351.45,343.7,22020,7705891.0
1098189,2020-08-14,DBL,540047,A,352.5,360.0,343.9,350.55,351.45,53134,18695965.0
1098190,2020-08-17,DBL,540047,A,359.5,376.3,349.75,366.15,350.55,52898,19014443.0
1098191,2020-08-18,DBL,540047,A,373.25,389.0,367.9,380.2,366.15,29940,11259719.0
1098192,2020-08-19,DBL,540047,A,388.95,423.15,388.15,405.2,380.2,112149,45653535.0
1098193,2020-08-20,DBL,540047,A,403.0,414.9,388.0,404.2,405.2,56797,22994958.0
1098194,2020-08-21,DBL,540047,A,408.2,414.0,403.05,404.9,404.2,30129,12294791.0
1098195,2020-08-24,DBL,540047,A,408.5,408.6,392.1,396.1,404.9,12778,5142471.0
1098196,2020-08-25,DBL,540047,A,399.0,399.45,385.25,388.35,396.1,17984,7048690.0
1098197,2020-08-26,DBL,540047,A,388.35,401.9,387.0,392.3,388.35,10800,4272860.0
1098198,2020-08-27,DBL,540047,A,408.0,408.0,393.0,396.2,392.3,22726,9098010.0
1098199,2020-08-28,DBL,540047,A,398.1,411.8,392.0,393.45,396.2,14354,5720567.0
1098200,2020-08-31,DBL,540047,A,395.0,395.0,364.8,370.1,393.45,17135,6511247.0
1098201,2020-09-01,DBL,540047,A,362.75,385.0,353.0,371.85,370.1,23447,8680966.0
1098202,2020-09-02,DBL,540047,A,373.6,378.0,368.5,375.55,371.85,6403,2387097.0
1098203,2020-09-03,DBL,540047,A,375.0,379.45,370.05,371.4,375.55,4025,1503428.0
1098204,2020-09-04,DBL,540047,A,364.0,370.3,356.55,365.95,371.4,8070,2946512.0
1098205,2020-09-07,DBL,540047,A,370.1,380.1,366.0,370.4,365.95,9762,3641959.0
1098206,2020-09-08,DBL,540047,A,377.5,377.5,359.6,362.25,370.4,4409,1630748.0
1098207,2020-09-09,DBL,540047,A,358.0,359.0,344.95,349.25,362.25,13761,4807834.0
1098208,2020-09-10,DBL,540047,A,366.8,390.0,366.0,373.0,349.25,22935,8526173.0
1098209,2020-09-11,DBL,540047,A,371.0,374.6,367.0,368.0,373.0,8093,2993254.0
1098210,2020-09-14,DBL,540047,A,375.0,384.45,370.0,378.6,368.0,22775,8623134.0
1098211,2020-09-15,DBL,540047,A,381.1,387.4,375.3,377.25,378.6,6077,2328195.0
1098212,2020-09-16,DBL,540047,A,380.6,381.0,372.95,378.9,377.25,4407,1665024.0
1098213,2020-09-17,DBL,540047,A,373.0,378.4,371.0,373.85,378.9,2915,1092564.0
1098214,2020-09-18,DBL,540047,A,374.95,377.4,354.2,357.05,373.85,10624,3914339.0
1098215,2020-09-21,DBL,540047,A,368.85,368.85,351.55,354.65,357.05,10695,3815319.0
1098216,2020-09-22,DBL,540047,A,369.0,369.0,335.45,349.05,354.65,8443,2902639.0
1098217,2020-09-23,DBL,540047,A,355.0,357.0,341.6,347.85,349.05,7466,2603949.0
1098218,2020-09-24,DBL,540047,A,335.35,341.55,331.0,332.1,347.85,13171,4424360.0
1098219,2020-09-25,DBL,540047,A,335.3,344.55,327.3,340.3,332.1,8460,2865219.0
1098220,2020-09-28,DBL,540047,A,348.85,353.1,341.0,344.6,340.3,7556,2625566.0
1098221,2020-09-29,DBL,540047,A,348.85,349.5,337.5,339.35,344.6,5040,1717424.0
1098222,2020-09-30,DBL,540047,A,339.35,343.3,334.05,335.4,339.35,4447,1500378.0
1098223,2020-10-01,DBL,540047,A,337.7,338.25,330.75,334.45,335.4,7708,2586289.0
1098224,2020-10-05,DBL,540047,A,342.8,345.0,333.25,340.1,334.45,11742,3971719.0
1098225,2020-10-06,DBL,540047,A,341.95,356.85,341.3,351.2,340.1,5219,1831899.0
1098226,2020-10-07,DBL,540047,A,348.0,354.95,346.65,350.5,351.2,1815,636314.0
1098227,2020-10-08,DBL,540047,A,351.15,351.15,342.1,347.9,350.5,2012,696306.0
1098228,2020-10-09,DBL,540047,A,348.2,348.35,339.05,341.3,347.9,4845,1660864.0
1098229,2020-10-12,DBL,540047,A,345.0,345.0,333.65,336.55,341.3,2515,850259.0
1098230,2020-10-13,DBL,540047,A,334.75,342.15,331.75,335.45,336.55,6137,2058458.0
1098231,2020-10-14,DBL,540047,A,335.75,335.75,329.45,334.15,335.45,1273,423779.0
1098232,2020-10-15,DBL,540047,A,332.1,337.7,326.1,327.4,334.15,1856,612613.0
1098233,2020-10-16,DBL,540047,A,326.0,330.3,323.4,325.15,327.4,5269,1714599.0
1098234,2020-10-17,DBL,540047,A,326.0,330.3,323.4,325.15,325.15,5269,1714599.0
1098235,2020-10-19,DBL,540047,A,324.95,329.45,323.25,327.25,325.15,4010,1310327.0
1098236,2020-10-20,DBL,540047,A,327.15,329.85,323.9,325.1,327.25,1161,379334.0
1098237,2020-10-21,DBL,540047,A,332.85,337.5,328.35,334.6,325.1,9637,3205712.0
1098238,2020-10-22,DBL,540047,A,340.85,342.9,336.85,339.95,334.6,2521,857578.0
1098239,2020-10-23,DBL,540047,A,339.7,342.0,332.55,337.25,339.95,8594,2898968.0
1098240,2020-10-26,DBL,540047,A,350.8,350.8,326.1,328.65,337.25,12892,4284897.0
1098241,2020-10-27,DBL,540047,A,326.75,336.0,323.8,332.15,328.65,5913,1956683.0
1098242,2020-10-28,DBL,540047,A,334.65,334.75,326.9,327.95,332.15,2336,772460.0
1098243,2020-10-29,DBL,540047,A,327.05,327.8,322.2,323.85,327.95,3942,1281113.0
1098244,2020-10-30,DBL,540047,A,330.0,330.0,320.8,326.9,323.85,7926,2582972.0
1098245,2020-11-02,DBL,540047,A,330.0,330.0,320.9,323.05,326.9,1122,365257.0
1098246,2020-11-03,DBL,540047,A,329.15,335.25,325.5,332.8,323.05,2965,981158.0
1098247,2020-11-04,DBL,540047,A,329.9,332.25,326.0,329.65,332.8,8006,2630735.0
1098248,2020-11-05,DBL,540047,A,332.4,336.0,330.0,334.1,329.65,11202,3737787.0
1098249,2020-11-06,DBL,540047,A,338.15,351.5,336.4,347.05,334.1,14965,5166207.0
1098250,2020-11-09,DBL,540047,A,355.0,358.05,347.85,348.95,347.05,12671,4464719.0
1098251,2020-11-10,DBL,540047,A,347.1,353.75,339.45,349.8,348.95,22947,7933178.0
1098252,2020-11-11,DBL,540047,A,352.0,352.55,344.8,347.15,349.8,7505,2625799.0
1098253,2020-11-12,DBL,540047,A,343.35,358.0,343.35,353.15,347.15,22990,8138059.0
1098254,2020-11-13,DBL,540047,A,355.5,356.0,350.0,352.8,353.15,6079,2143791.0
1098255,2020-11-14,DBL,540047,A,356.0,357.6,352.45,355.9,352.8,3763,1337762.0
1098256,2020-11-17,DBL,540047,A,351.0,363.2,351.0,361.65,355.9,3760,1353059.0
1098257,2020-11-18,DBL,540047,A,362.0,362.95,356.8,359.35,361.65,3092,1110652.0
1098258,2020-11-19,DBL,540047,A,356.35,380.0,356.35,364.95,359.35,14579,5387681.0
1098259,2020-11-20,DBL,540047,A,370.65,370.65,355.0,362.9,364.95,7565,2760619.0
1098260,2020-11-23,DBL,540047,A,360.0,360.0,352.8,354.55,362.9,13544,4813182.0
1098261,2020-11-24,DBL,540047,A,358.2,358.2,350.05,353.95,354.55,6768,2399853.0
1098262,2020-11-25,DBL,540047,A,355.0,358.5,348.3,351.1,353.95,12452,4400748.0
1098263,2020-11-26,DBL,540047,A,352.0,353.45,348.15,351.2,351.1,5931,2078929.0
1098264,2020-11-27,DBL,540047,A,354.0,363.0,352.75,355.8,351.2,5198,1860264.0
1098265,2020-12-01,DBL,540047,A,354.25,365.1,354.25,362.25,355.8,10344,3742658.0
1098266,2020-12-02,DBL,540047,A,369.0,369.0,360.4,362.7,362.25,2925,1063663.0
1098267,2020-12-03,DBL,540047,A,364.9,383.95,361.0,381.35,362.7,19109,7192358.0
1098268,2020-12-04,DBL,540047,A,383.0,408.0,373.1,405.0,381.35,132601,52811522.0
1098269,2020-12-07,DBL,540047,A,408.5,418.75,404.25,412.05,405.0,23950,9863278.0
1098270,2020-12-08,DBL,540047,A,415.0,417.05,399.55,409.05,412.05,35673,14542378.0
1098271,2020-12-09,DBL,540047,A,409.25,412.1,405.4,408.05,409.05,15601,6364897.0
1098272,2020-12-10,DBL,540047,A,407.2,407.2,390.85,394.1,408.05,22222,8799877.0
1098273,2020-12-11,DBL,540047,A,398.0,398.0,392.45,393.25,394.1,7345,2900708.0
1098274,2020-12-14,DBL,540047,A,392.0,397.2,384.8,387.5,393.25,129478,50560863.0
1098275,2020-12-15,DBL,540047,A,389.6,406.0,383.2,399.2,387.5,20994,8290526.0
1098276,2020-12-16,DBL,540047,A,405.6,412.6,396.05,400.7,399.2,32641,13226440.0
1098277,2020-12-17,DBL,540047,A,400.0,403.55,393.9,395.05,400.7,11522,4585862.0
1098278,2020-12-18,DBL,540047,A,396.0,401.0,387.6,396.15,395.05,4972,1960001.0
1098279,2020-12-21,DBL,540047,A,398.0,398.0,359.8,368.1,396.15,29364,11074376.0
1098280,2020-12-22,DBL,540047,A,363.0,373.8,341.6,359.85,368.1,31656,11241572.0
1098281,2020-12-23,DBL,540047,A,368.0,384.2,365.0,382.0,359.85,20740,7776395.0
1098282,2020-12-24,DBL,540047,A,388.0,390.95,377.6,388.05,382.0,28156,10903853.0
1098283,2020-12-28,DBL,540047,A,388.3,404.0,385.45,397.3,388.05,11381,4478388.0
1098284,2020-12-29,DBL,540047,A,398.0,399.5,392.2,394.0,397.3,13129,5191975.0
1098285,2020-12-30,DBL,540047,A,392.5,398.6,388.6,394.55,394.0,12265,4823191.0
1098286,2020-12-31,DBL,540047,A,393.75,398.2,390.7,392.45,394.55,5606,2205942.0
1098287,2021-01-01,DBL,540047,A,396.55,396.9,393.2,395.8,392.45,3965,1564723.0
1098288,2021-01-04,DBL,540047,A,398.85,402.0,393.0,395.25,395.8,19919,7917762.0
1098289,2021-01-05,DBL,540047,A,399.95,399.95,390.55,391.95,395.25,3694,1455098.0
1098290,2021-01-06,DBL,540047,A,392.65,397.6,389.3,391.4,391.95,3897,1529400.0
1098291,2021-01-07,DBL,540047,A,396.2,424.7,392.05,417.4,391.4,86409,35862033.0
1098292,2021-01-08,DBL,540047,A,422.95,429.0,406.7,412.0,417.4,55260,23194175.0
1098293,2021-01-11,DBL,540047,A,410.3,437.15,408.0,431.6,412.0,101169,43340529.0
1098294,2021-01-12,DBL,540047,A,432.0,437.2,424.8,429.95,431.6,20094,8648632.0
1098295,2021-01-13,DBL,540047,A,430.0,433.0,416.95,424.35,429.95,11935,5068537.0
1098296,2021-01-14,DBL,540047,A,424.75,429.8,422.4,427.45,424.35,3450,1473303.0
1098297,2021-01-15,DBL,540047,A,426.7,429.75,423.8,426.75,427.45,13903,5926019.0
1098298,2021-01-18,DBL,540047,A,419.0,426.1,408.6,415.0,426.75,20269,8450650.0
1098299,2021-01-19,DBL,540047,A,416.0,424.15,416.0,419.9,415.0,5759,2422380.0
1098300,2021-01-20,DBL,540047,A,422.15,428.65,419.05,424.5,419.9,4965,2100906.0
1098301,2021-01-21,DBL,540047,A,426.6,434.4,420.0,420.8,424.5,9815,4207599.0
1098302,2021-01-22,DBL,540047,A,421.2,424.45,413.15,414.9,420.8,5472,2280245.0
1098303,2021-01-25,DBL,540047,A,415.15,419.6,403.0,411.85,414.9,3481,1429014.0
1098304,2021-01-27,DBL,540047,A,409.0,426.7,406.4,419.5,411.85,4142,1723419.0
1098305,2021-01-28,DBL,540047,A,408.0,432.0,408.0,424.4,419.5,14273,6036408.0
1098306,2021-01-29,DBL,540047,A,432.0,432.0,421.0,422.55,424.4,5263,2231867.0
1098307,2021-02-01,DBL,540047,A,433.0,449.5,424.35,439.95,422.55,40738,17911689.0
1098308,2021-02-02,DBL,540047,A,444.8,464.0,441.5,460.65,439.95,26809,12171886.0
1098309,2021-02-03,DBL,540047,A,464.45,493.9,455.0,487.55,460.65,76945,36625444.0
1098310,2021-02-04,DBL,540047,A,490.1,496.95,475.0,479.85,487.55,48082,23404236.0
1098311,2021-02-05,DBL,540047,A,479.85,499.0,464.75,488.8,479.85,18806,9048205.0
1098312,2021-02-08,DBL,540047,A,495.9,516.9,495.9,502.35,488.8,36728,18584897.0
1098313,2021-02-09,DBL,540047,A,507.7,519.0,482.35,491.05,502.35,30907,15621808.0
1098314,2021-02-10,DBL,540047,A,491.0,496.8,479.0,485.2,491.05,17745,8643815.0
1098315,2021-02-11,DBL,540047,A,487.15,542.95,487.15,536.35,485.2,46362,24375619.0
1098316,2021-02-12,DBL,540047,A,540.0,547.45,517.65,522.45,536.35,46702,24760038.0
1098317,2021-02-15,DBL,540047,A,539.6,564.85,530.0,556.1,522.45,31043,17137219.0
1098318,2021-02-16,DBL,540047,A,564.8,564.8,538.25,554.6,556.1,19496,10683255.0
1098319,2021-02-17,DBL,540047,A,554.85,567.45,551.3,561.0,554.6,31009,17378690.0
1098320,2021-02-18,DBL,540047,A,561.0,577.95,555.5,566.05,561.0,12249,6967322.0
1098321,2021-02-19,DBL,540047,A,562.05,590.0,553.0,583.9,566.05,44979,25920984.0
1098322,2021-02-22,DBL,540047,A,592.05,629.0,584.7,622.9,583.9,74678,45713675.0
1098323,2021-02-23,DBL,540047,A,630.0,643.0,625.9,630.15,622.9,20638,13043996.0
1098324,2021-02-24,DBL,540047,A,639.9,657.0,629.4,644.15,630.15,73121,46988855.0
1098325,2021-02-25,DBL,540047,A,659.9,674.1,648.0,666.75,644.15,42878,28528452.0
1098326,2021-02-26,DBL,540047,A,661.85,697.0,646.2,679.8,666.75,38777,26499051.0
1098327,2021-03-01,DBL,540047,A,680.0,707.4,680.0,697.6,679.8,50625,35261939.0
1098328,2021-03-02,DBL,540047,A,695.05,710.45,661.1,673.2,697.6,31554,21471829.0
1098329,2021-03-03,DBL,540047,A,670.0,688.35,648.45,655.4,673.2,35460,23562519.0
1098330,2021-03-04,DBL,540047,A,651.0,719.0,620.5,703.7,655.4,103708,70368963.0
1098331,2021-03-05,DBL,540047,A,698.0,712.0,654.0,669.4,703.7,80230,55222979.0
1098332,2021-03-08,DBL,540047,A,689.0,701.65,656.15,660.5,669.4,23513,15903067.0
1098333,2021-03-09,DBL,540047,A,669.05,671.0,642.4,647.0,660.5,16474,10783532.0
1098334,2021-03-10,DBL,540047,A,647.0,657.9,640.0,643.1,647.0,68662,44272683.0
1098335,2021-03-12,DBL,540047,A,642.0,673.7,642.0,653.6,643.1,15152,9952868.0
1098336,2021-03-15,DBL,540047,A,652.0,656.35,632.5,642.65,653.6,25702,16456239.0
1098337,2021-03-16,DBL,540047,A,633.0,657.7,632.0,638.25,642.65,15191,9740352.0
1098338,2021-03-17,DBL,540047,A,643.9,650.55,615.0,620.4,638.25,11341,7139557.0
1098339,2021-03-18,DBL,540047,A,624.65,658.45,601.4,612.1,620.4,130360,81970539.0
1098340,2021-03-19,DBL,540047,A,612.5,617.5,579.0,601.1,612.1,24733,14789069.0
1098341,2021-03-22,DBL,540047,A,601.05,614.6,595.0,601.8,601.1,150487,90371001.0
1098342,2021-03-23,DBL,540047,A,569.3,616.25,569.3,593.6,601.8,36625,22066889.0
1098343,2021-03-24,DBL,540047,A,592.0,596.45,569.0,577.8,593.6,88632,51226054.0
1098344,2021-03-25,DBL,540047,A,571.55,579.3,539.0,553.55,577.8,176989,98212166.0
1098345,2021-03-26,DBL,540047,A,555.0,567.55,551.55,559.35,553.55,88356,49126839.0
1098346,2021-03-30,DBL,540047,A,567.0,590.75,565.3,582.95,559.35,128067,73195785.0
1098347,2021-03-31,DBL,540047,A,586.0,595.6,572.5,580.2,582.95,102984,60767054.0
1098348,2021-04-01,DBL,540047,A,584.9,602.2,580.1,595.4,580.2,28105,16717633.0
1098349,2021-04-05,DBL,540047,A,572.0,592.15,569.65,575.0,595.4,31841,18356474.0
1098350,2021-04-06,DBL,540047,A,589.95,589.95,566.15,569.55,575.0,62228,35857342.0
1098351,2021-04-07,DBL,540047,A,567.05,584.0,567.05,571.85,569.55,69023,39710901.0
1098352,2021-04-08,DBL,540047,A,577.0,584.25,565.0,574.5,571.85,62751,36225839.0
1098353,2021-04-09,DBL,540047,A,583.0,591.95,574.15,583.3,574.5,47906,27744824.0
1098354,2021-04-12,DBL,540047,A,560.0,578.0,540.0,557.2,583.3,87200,48122554.0
1098355,2021-04-13,DBL,540047,A,554.05,569.15,547.0,552.9,557.2,58516,32779513.0
1098356,2021-04-15,DBL,540047,A,555.0,556.15,535.0,547.4,552.9,12343,6680639.0
1098357,2021-04-16,DBL,540047,A,550.0,595.0,550.0,585.15,547.4,53250,29926335.0
1098358,2021-04-19,DBL,540047,A,555.3,586.0,555.0,576.7,585.15,89792,50993249.0
1098359,2021-04-20,DBL,540047,A,598.0,606.95,581.0,595.55,576.7,102052,60014139.0
1098360,2021-04-22,DBL,540047,A,590.05,606.4,576.2,584.2,595.55,47510,28291389.0
1098361,2021-04-23,DBL,540047,A,576.1,607.1,576.1,599.2,584.2,109514,64727316.0
1098362,2021-04-26,DBL,540047,A,600.1,605.0,588.0,596.25,599.2,75523,45089610.0
1098363,2021-04-27,DBL,540047,A,601.85,602.0,585.45,592.65,596.25,74562,44467068.0
1098364,2021-04-28,DBL,540047,A,599.7,599.7,535.2,542.15,592.65,117101,64175687.0
1098365,2021-04-29,DBL,540047,A,544.0,560.0,540.0,545.5,542.15,47139,25875322.0
1098366,2021-04-30,DBL,540047,A,545.5,554.0,539.0,546.2,545.5,35391,19344130.0
1098367,2021-05-03,DBL,540047,A,542.5,544.35,533.0,541.75,546.2,21753,11757671.0
1098368,2021-05-04,DBL,540047,A,545.0,546.05,527.3,537.45,541.75,50510,27098497.0
1098369,2021-05-05,DBL,540047,A,537.0,537.0,524.0,532.05,537.45,14041,7434271.0
1098370,2021-05-06,DBL,540047,A,534.65,535.0,526.3,533.5,532.05,15402,8173346.0
1098371,2021-05-07,DBL,540047,A,535.0,547.3,526.4,530.8,533.5,42890,23122282.0
1098372,2021-05-10,DBL,540047,A,535.0,541.45,531.75,535.75,530.8,26889,14422599.0
1098373,2021-05-11,DBL,540047,A,536.0,544.0,532.0,540.7,535.75,15442,8343251.0
1098374,2021-05-12,DBL,540047,A,534.05,544.15,533.0,534.95,540.7,17123,9231120.0
1098375,2021-05-14,DBL,540047,A,538.0,550.5,525.0,526.85,534.95,35846,19358886.0
1098376,2021-05-17,DBL,540047,A,527.15,539.05,527.15,536.45,526.85,16876,9017277.0
1098377,2021-05-18,DBL,540047,A,540.95,559.35,538.0,544.95,536.45,42108,23084837.0
1098378,2021-05-19,DBL,540047,A,544.95,554.55,540.0,542.3,544.95,28072,15336857.0
1098379,2021-05-20,DBL,540047,A,547.3,556.2,540.0,545.7,542.3,48861,26854415.0
1098380,2021-05-21,DBL,540047,A,549.95,549.95,533.6,536.55,545.7,12421,6711062.0
1098381,2021-05-24,DBL,540047,A,535.0,549.2,531.4,540.95,536.55,27947,15035953.0
1098382,2021-05-25,DBL,540047,A,546.25,547.15,536.0,537.95,540.95,7642,4152180.0
1098383,2021-05-26,DBL,540047,A,534.0,566.9,534.0,559.2,537.95,66172,36740768.0
1098384,2021-05-27,DBL,540047,A,567.95,572.55,555.85,560.95,559.2,19269,10837038.0
1098385,2021-05-28,DBL,540047,A,567.85,569.7,515.3,543.9,560.95,24589,13590647.0
1098386,2021-05-31,DBL,540047,A,557.45,557.55,535.35,538.75,543.9,20739,11217557.0
1098387,2021-06-01,DBL,540047,A,548.0,548.0,538.75,541.3,538.75,12122,6581859.0
1098388,2021-06-02,DBL,540047,A,540.95,558.0,536.0,550.8,541.3,15025,8205546.0
1098389,2021-06-03,DBL,540047,A,550.7,569.0,550.65,562.55,550.8,65404,36684453.0
1098390,2021-06-04,DBL,540047,A,568.95,568.95,551.0,553.35,562.55,32766,18226900.0
1098391,2021-06-07,DBL,540047,A,558.8,568.45,540.75,562.75,553.35,41234,23168878.0
1098392,2021-06-08,DBL,540047,A,566.0,585.0,565.5,578.55,562.75,43888,25263339.0
1098393,2021-06-09,DBL,540047,A,594.0,594.5,559.8,566.9,578.55,123932,72124632.0
1098394,2021-06-10,DBL,540047,A,574.95,586.0,562.0,567.6,566.9,39618,22598808.0
1098395,2021-06-11,DBL,540047,A,571.6,574.5,562.7,568.65,567.6,31023,17649680.0
1098396,2021-06-14,DBL,540047,A,565.0,565.35,546.0,555.05,568.65,67020,37129418.0
1098397,2021-06-15,DBL,540047,A,554.0,562.95,551.4,556.55,555.05,38444,21390329.0
1098398,2021-06-16,DBL,540047,A,562.3,562.3,545.0,550.9,556.55,37182,20614624.0
1098399,2021-06-17,DBL,540047,A,540.05,559.8,540.05,556.65,550.9,46366,25504306.0
1098400,2021-06-18,DBL,540047,A,555.0,558.2,530.0,554.05,556.65,25729,13980900.0
1098401,2021-06-21,DBL,540047,A,550.0,553.15,540.4,549.85,554.05,63560,34978826.0
1098402,2021-06-22,DBL,540047,A,552.0,564.45,546.0,549.35,549.85,14120,7847995.0
1098403,2021-06-23,DBL,540047,A,549.6,569.3,545.3,558.55,549.35,42977,23849215.0
1098404,2021-06-24,DBL,540047,A,557.5,575.8,555.1,567.25,558.55,61687,34853033.0
1098405,2021-06-25,DBL,540047,A,567.5,571.0,552.75,555.3,567.25,18990,10703767.0
1098406,2021-06-28,DBL,540047,A,558.65,559.0,550.95,552.0,555.3,12817,7104631.0
1098407,2021-06-29,DBL,540047,A,560.5,560.5,544.45,546.7,552.0,13700,7544056.0
1098408,2021-06-30,DBL,540047,A,545.0,589.4,545.0,573.95,546.7,82728,47449153.0
1098409,2021-07-01,DBL,540047,A,578.0,579.95,566.8,572.15,573.95,31622,18085505.0
1098410,2021-07-02,DBL,540047,A,571.75,573.1,562.7,571.0,572.15,10461,5955208.0
1098411,2021-07-05,DBL,540047,A,570.35,613.15,555.6,585.05,571.0,188754,112479285.0
1098412,2021-07-06,DBL,540047,A,578.9,595.0,565.0,585.15,585.05,56101,32904387.0
1098413,2021-07-07,DBL,540047,A,585.3,604.0,580.65,598.5,585.15,46304,27430516.0
1098414,2021-07-08,DBL,540047,A,603.65,618.05,591.75,603.6,598.5,63455,38557880.0
1098415,2021-07-09,DBL,540047,A,600.0,611.55,595.0,606.1,603.6,49097,29614778.0
1098416,2021-07-12,DBL,540047,A,612.0,623.65,602.45,606.85,606.1,32740,20106232.0
1098417,2021-07-13,DBL,540047,A,610.0,616.2,600.0,602.25,606.85,40401,24593708.0
1098418,2021-07-14,DBL,540047,A,597.65,600.0,582.0,586.0,602.25,115906,68898482.0
1098419,2021-07-15,DBL,540047,A,575.0,575.0,554.4,563.5,586.0,117242,65826684.0
1098420,2021-07-16,DBL,540047,A,561.05,573.95,561.05,569.1,563.5,25484,14519458.0
1098421,2021-07-19,DBL,540047,A,568.0,583.1,568.0,577.35,569.1,22518,13005706.0
1098422,2021-07-20,DBL,540047,A,582.8,582.8,564.7,566.55,577.35,15971,9106856.0
1098423,2021-07-22,DBL,540047,A,565.05,574.95,562.7,564.15,566.55,68438,38985194.0
1098424,2021-07-23,DBL,540047,A,569.7,571.0,556.0,565.2,564.15,46521,26182220.0
1098425,2021-07-26,DBL,540047,A,570.0,581.95,556.15,561.1,565.2,98870,55457733.0
1098426,2021-07-27,DBL,540047,A,576.4,576.4,560.0,561.8,561.1,12372,7002892.0
1098427,2021-07-28,DBL,540047,A,562.25,565.0,553.1,556.0,561.8,5281,2945979.0
1098428,2021-07-29,DBL,540047,A,559.75,580.95,555.75,571.5,556.0,16157,9114068.0
1098429,2021-07-30,DBL,540047,A,572.0,574.2,560.0,562.4,571.5,6626,3758858.0
1098430,2021-08-02,DBL,540047,A,569.95,569.95,559.35,561.2,562.4,15978,8988002.0
1098431,2021-08-03,DBL,540047,A,564.4,568.0,560.0,562.3,561.2,14061,7926658.0
1098432,2021-08-04,DBL,540047,A,562.85,564.95,555.0,558.95,562.3,11777,6595054.0
1098433,2021-08-05,DBL,540047,A,557.25,580.0,546.8,564.8,558.95,38885,21751677.0
1098434,2021-08-06,DBL,540047,A,559.2,564.75,557.8,560.5,564.8,10017,5626801.0
1098435,2021-08-09,DBL,540047,A,560.5,563.2,555.3,558.65,560.5,12157,6796450.0
1098436,2021-08-10,DBL,540047,A,559.95,562.4,538.5,543.15,558.65,17661,9763249.0
1098437,2021-08-11,DBL,540047,A,542.0,555.3,519.0,547.35,543.15,45900,24570954.0
1098438,2021-08-12,DBL,540047,A,542.15,553.45,531.05,539.8,547.35,149929,80172861.0
1098439,2021-08-13,DBL,540047,A,541.9,549.3,531.65,536.05,539.8,15728,8504783.0
1098440,2021-08-16,DBL,540047,A,524.85,524.85,507.5,509.35,536.05,68611,35185578.0
1098441,2021-08-17,DBL,540047,A,502.15,513.0,501.3,511.5,509.35,10508,5330751.0
1098442,2021-08-18,DBL,540047,A,515.55,524.75,513.75,521.25,511.5,17822,9234099.0
1098443,2021-08-20,DBL,540047,A,509.5,515.95,500.0,503.35,521.25,7657,3907796.0
1098444,2021-08-23,DBL,540047,A,508.0,509.0,483.8,495.0,503.35,23597,11633388.0
1098445,2021-08-24,DBL,540047,A,483.9,508.55,483.9,503.45,495.0,29972,14905217.0
1098446,2021-08-25,DBL,540047,A,501.1,514.95,501.1,510.75,503.45,43940,22439709.0
1098447,2021-08-26,DBL,540047,A,514.35,516.95,506.5,515.1,510.75,15811,8111296.0
1098448,2021-08-27,DBL,540047,A,514.6,519.9,509.0,516.2,515.1,15302,7877972.0
1098449,2021-08-30,DBL,540047,A,526.5,526.5,513.3,517.35,516.2,24085,12521400.0
1098450,2021-08-31,DBL,540047,A,516.3,518.1,504.8,507.7,517.35,16741,8533168.0
1098451,2021-09-01,DBL,540047,A,510.5,523.0,501.0,510.3,507.7,21772,11064155.0
1098452,2021-09-02,DBL,540047,A,508.55,518.5,506.95,512.9,510.3,26158,13414949.0
1098453,2021-09-03,DBL,540047,A,517.0,527.55,512.5,520.55,512.9,37077,19282112.0
1098454,2021-09-06,DBL,540047,A,525.65,527.45,521.05,524.55,520.55,34430,18056490.0
1098455,2021-09-07,DBL,540047,A,523.85,526.65,520.5,522.45,524.55,34873,18276840.0
1098456,2021-09-08,DBL,540047,A,520.0,524.75,508.05,513.4,522.45,25318,13160847.0
1098457,2021-09-09,DBL,540047,A,513.4,516.0,507.3,512.25,513.4,26066,13335831.0
1098458,2021-09-13,DBL,540047,A,512.25,520.6,512.25,514.2,512.25,18017,9322868.0
1098459,2021-09-14,DBL,540047,A,522.45,522.45,514.8,516.5,514.2,17140,8885348.0
1098460,2021-09-15,DBL,540047,A,519.5,534.3,517.6,525.8,516.5,20041,10537377.0
1098461,2021-09-16,DBL,540047,A,528.25,548.4,524.5,527.45,525.8,27539,14735620.0
1098462,2021-09-17,DBL,540047,A,530.85,534.25,514.8,516.45,527.45,23819,12474170.0
1098463,2021-09-20,DBL,540047,A,514.65,516.45,506.95,513.7,516.45,29988,15420957.0
1098464,2021-09-21,DBL,540047,A,513.75,520.95,509.75,514.15,513.7,13970,7200916.0
1098465,2021-09-22,DBL,540047,A,516.35,528.55,514.55,518.65,514.15,26810,13935391.0
1098466,2021-09-23,DBL,540047,A,521.4,559.75,521.4,554.0,518.65,41365,22290162.0
1098467,2021-09-24,DBL,540047,A,601.0,601.8,566.15,572.2,554.0,95984,55825536.0
1098468,2021-09-27,DBL,540047,A,572.2,576.0,555.3,559.15,572.2,109799,61641855.0
1098469,2021-09-28,DBL,540047,A,560.0,566.5,542.15,547.1,559.15,24858,13859337.0
1098470,2021-09-29,DBL,540047,A,544.95,545.45,537.15,538.6,547.1,14101,7653629.0
1098471,2021-09-30,DBL,540047,A,542.05,582.5,542.05,568.1,538.6,53753,30242046.0
1098472,2021-10-01,DBL,540047,A,568.1,589.45,557.95,579.5,568.1,54204,31280440.0
1098473,2021-10-04,DBL,540047,A,580.0,584.45,569.7,574.75,579.5,32690,18916741.0
1098474,2021-10-05,DBL,540047,A,580.0,609.9,567.3,599.0,574.75,65847,39352590.0
1098475,2021-10-06,DBL,540047,A,603.95,653.8,603.3,629.25,599.0,245809,155606448.0
1098476,2021-10-07,DBL,540047,A,635.0,688.0,635.0,670.3,629.25,143045,95828934.0
1098477,2021-10-08,DBL,540047,A,679.0,679.0,651.0,662.05,670.3,45216,30126411.0
1098478,2021-10-11,DBL,540047,A,660.75,692.35,660.75,678.4,662.05,116662,79089800.0
1098479,2021-10-12,DBL,540047,A,680.0,699.65,671.4,695.1,678.4,92686,63752814.0
1098480,2021-10-13,DBL,540047,A,695.05,749.3,695.05,726.2,695.1,116063,85003221.0
1098481,2021-10-14,DBL,540047,A,727.0,734.75,690.05,696.15,726.2,78489,55702400.0
1098482,2021-10-18,DBL,540047,A,698.0,715.0,680.25,682.7,696.15,56630,39162584.0
1098483,2021-10-19,DBL,540047,A,680.4,685.0,648.2,652.95,682.7,53425,35560301.0
1098484,2021-10-20,DBL,540047,A,654.0,665.0,618.0,633.9,652.95,44536,28553452.0
1098485,2021-10-21,DBL,540047,A,628.0,653.35,628.0,637.95,633.9,16581,10612915.0
1098486,2021-10-22,DBL,540047,A,640.0,674.6,640.0,644.05,637.95,29796,19558658.0
1098487,2021-10-25,DBL,540047,A,648.0,656.0,621.55,634.9,644.05,34117,21736828.0
1098488,2021-10-26,DBL,540047,A,642.85,646.1,630.2,632.8,634.9,11760,7480649.0
1098489,2021-10-27,DBL,540047,A,633.0,641.45,621.0,624.2,632.8,23687,14951199.0
1098490,2021-10-28,DBL,540047,A,624.4,627.65,599.0,608.75,624.2,26824,16342046.0
1098491,2021-10-29,DBL,540047,A,606.95,616.7,591.0,600.55,608.75,20678,12504975.0
1098492,2021-11-01,DBL,540047,A,603.8,609.5,595.1,597.6,600.55,11245,6759912.0
1098493,2021-11-02,DBL,540047,A,597.55,624.3,585.3,620.9,597.6,35541,21506644.0
1098494,2021-11-03,DBL,540047,A,621.35,626.65,596.05,603.4,620.9,27695,16984427.0
1098495,2021-11-04,DBL,540047,A,615.7,618.8,608.15,614.85,603.4,3249,1996062.0
1098496,2021-11-08,DBL,540047,A,615.1,618.0,595.55,599.05,614.85,16860,10167723.0
1098497,2021-11-09,DBL,540047,A,597.6,603.2,594.2,597.85,599.05,10217,6116983.0
1098498,2021-11-10,DBL,540047,A,588.75,601.65,588.75,596.2,597.85,9028,5403056.0
1098499,2021-11-11,DBL,540047,A,589.1,600.25,580.2,584.25,596.2,10452,6172301.0
1098500,2021-11-12,DBL,540047,A,586.8,632.95,581.9,628.85,584.25,54157,33139989.0
1098501,2021-11-15,DBL,540047,A,575.0,658.0,574.95,614.5,628.85,93114,56041818.0
1098502,2021-11-16,DBL,540047,A,616.0,627.85,585.55,593.7,614.5,31266,19037632.0
1098503,2021-11-17,DBL,540047,A,592.0,602.05,577.3,586.65,593.7,15613,9271679.0
1098504,2021-11-18,DBL,540047,A,587.0,595.0,556.1,560.05,586.65,40229,23002206.0
1098505,2021-11-22,DBL,540047,A,548.1,554.15,515.6,524.2,560.05,65866,34844211.0
1098506,2021-11-23,DBL,540047,A,520.0,542.0,513.55,537.35,524.2,15806,8412270.0
1098507,2021-11-24,DBL,540047,A,537.2,547.25,513.3,522.95,537.35,24813,13269353.0
1098508,2021-11-25,DBL,540047,A,522.8,538.0,520.05,531.65,522.95,55694,29412499.0
1098509,2021-11-26,DBL,540047,A,525.0,529.95,502.5,510.55,531.65,19766,10282809.0
1098510,2021-11-29,DBL,540047,A,494.0,512.15,488.7,490.9,510.55,36083,17997947.0
1098511,2021-11-30,DBL,540047,A,489.0,534.0,489.0,528.15,490.9,60527,31454876.0
1098512,2021-12-01,DBL,540047,A,536.85,537.25,521.75,530.25,528.15,63792,33787302.0
1098513,2021-12-02,DBL,540047,A,541.15,550.15,526.8,545.6,530.25,18569,10033605.0
1098514,2021-12-03,DBL,540047,A,542.6,556.7,530.6,536.05,545.6,27752,15146113.0
1098515,2021-12-06,DBL,540047,A,538.65,540.0,520.0,522.1,536.05,37903,20102804.0
1098516,2021-12-07,DBL,540047,A,522.0,570.25,522.0,560.7,522.1,44710,24398056.0
1098517,2021-12-08,DBL,540047,A,572.2,590.0,554.0,562.75,560.7,49424,28156366.0
1098518,2021-12-09,DBL,540047,A,564.0,570.0,554.4,566.4,562.75,896801,507092953.0
1098519,2021-12-10,DBL,540047,A,566.4,568.65,559.0,561.55,566.4,10009,5646668.0
1098520,2021-12-13,DBL,540047,A,565.0,569.0,546.15,548.1,561.55,63746,35338614.0
1098521,2021-12-14,DBL,540047,A,547.65,548.55,534.95,536.55,548.1,10689,5762153.0
1098522,2021-12-15,DBL,540047,A,539.4,541.65,527.15,532.15,536.55,11290,6029198.0
1098523,2021-12-16,DBL,540047,A,534.25,538.5,510.0,512.1,532.15,47844,24634340.0
1098524,2021-12-17,DBL,540047,A,509.45,513.85,492.15,493.65,512.1,20712,10317723.0
1098525,2021-12-20,DBL,540047,A,498.0,498.0,447.7,463.65,493.65,38013,17685317.0
1098526,2021-12-21,DBL,540047,A,488.0,488.0,465.25,467.7,463.65,32467,15381901.0
1098527,2021-12-22,DBL,540047,A,472.45,487.35,471.65,477.35,467.7,18225,8755004.0
1098528,2021-12-23,DBL,540047,A,485.0,506.25,485.0,491.55,477.35,38823,19299375.0
1098529,2021-12-24,DBL,540047,A,499.5,499.5,476.7,479.15,491.55,30286,14616266.0
1098530,2021-12-27,DBL,540047,A,484.95,485.4,470.35,475.6,479.15,14291,6853425.0
1098531,2021-12-28,DBL,540047,A,480.1,485.8,473.35,475.5,475.6,16294,7819121.0
1098532,2021-12-30,DBL,540047,A,473.05,491.65,473.05,477.95,478.75,9129,4406768.0
1098533,2021-12-31,DBL,540047,A,473.0,473.95,433.05,442.8,477.95,287805,129668524.0
1098534,2022-01-03,DBL,540047,A,442.0,442.0,430.3,432.6,442.8,181416,78717549.0
1098535,2022-01-04,DBL,540047,A,440.85,455.4,430.5,434.5,432.6,110577,48632850.0
1098536,2022-01-05,DBL,540047,A,437.95,437.95,426.7,427.95,434.5,23254,9984413.0
1098537,2022-01-06,DBL,540047,A,425.95,431.0,423.05,424.8,427.95,41810,17852961.0
1098538,2022-01-07,DBL,540047,A,429.1,429.1,417.3,418.95,424.8,38112,16098880.0
1098539,2022-01-10,DBL,540047,A,423.8,433.1,418.6,421.7,418.95,36951,15654573.0
1098540,2022-01-11,DBL,540047,A,423.9,424.3,412.0,413.6,421.7,54911,22949753.0
1098541,2022-01-12,DBL,540047,A,414.85,415.0,410.0,410.8,413.6,18733,7720509.0
1098542,2022-01-13,DBL,540047,A,411.0,415.85,404.15,405.35,410.8,27662,11298607.0
1098543,2022-01-14,DBL,540047,A,404.0,405.0,388.05,389.75,405.35,57223,22538410.0
1098544,2022-01-17,DBL,540047,A,389.3,400.0,368.0,376.85,389.75,394740,151166302.0
1098545,2022-01-18,DBL,540047,A,384.8,384.95,342.55,346.5,376.85,244619,87066565.0
1098546,2022-01-19,DBL,540047,A,344.55,392.0,335.1,386.9,346.5,272734,100875477.0
1098547,2022-01-20,DBL,540047,A,385.9,394.15,365.0,370.45,386.9,205199,77486486.0
1098548,2022-01-21,DBL,540047,A,369.55,382.0,357.5,359.35,370.45,93118,34440429.0
1098549,2022-01-24,DBL,540047,A,367.2,370.2,346.5,352.7,359.35,82042,29091970.0
1098550,2022-01-25,DBL,540047,A,352.7,362.4,343.05,353.75,352.7,47793,16981328.0
1098551,2022-01-27,DBL,540047,A,350.0,361.0,346.8,356.1,353.75,47203,16697809.0
1098552,2022-01-28,DBL,540047,A,365.95,366.8,356.5,358.05,356.1,29482,10683582.0
1098553,2022-01-31,DBL,540047,A,369.9,369.9,360.25,363.65,358.05,35332,12857571.0
1098554,2022-02-01,DBL,540047,A,369.95,378.9,364.2,367.75,363.65,92408,34408677.0
1098555,2022-02-02,DBL,540047,A,370.0,375.8,370.0,371.55,367.75,24630,9185336.0
1098556,2022-02-03,DBL,540047,A,375.0,376.5,370.0,370.45,371.55,35656,13296688.0
1098557,2022-02-04,DBL,540047,A,370.0,372.8,360.1,363.85,370.45,21530,7917416.0
1098558,2022-02-07,DBL,540047,A,363.85,366.25,352.25,355.8,363.85,45387,16248479.0
1098559,2022-02-08,DBL,540047,A,356.0,361.05,350.0,353.55,355.8,26881,9545088.0
1098560,2022-02-09,DBL,540047,A,356.65,357.35,351.5,352.35,353.55,12639,4472524.0
1098561,2022-02-10,DBL,540047,A,355.95,355.95,348.95,349.55,352.35,51578,18114705.0
1098562,2022-02-11,DBL,540047,A,347.95,348.95,340.2,341.8,349.55,23671,8141657.0
1098563,2022-02-14,DBL,540047,A,325.0,330.1,313.7,315.45,341.8,86519,27833898.0
1098564,2022-02-15,DBL,540047,A,315.0,319.9,298.3,302.6,315.45,139845,42682867.0
1098565,2022-02-16,DBL,540047,A,305.0,327.55,305.0,313.05,302.6,104514,33276665.0
1098566,2022-02-17,DBL,540047,A,318.8,318.8,308.25,310.45,313.05,51561,16151330.0
1098567,2022-02-18,DBL,540047,A,307.9,309.6,293.0,295.35,310.45,71404,21453425.0
1098568,2022-02-21,DBL,540047,A,290.0,293.2,281.95,283.9,295.35,92091,26493826.0
1098569,2022-02-22,DBL,540047,A,271.0,279.2,266.9,269.4,283.9,107984,29358124.0
1098570,2022-02-23,DBL,540047,A,283.55,284.85,265.3,268.55,269.4,146932,40062504.0
1098571,2022-02-24,DBL,540047,A,259.5,259.75,237.95,241.35,268.55,169948,42165962.0
1098572,2022-02-25,DBL,540047,A,242.05,267.45,242.05,264.15,241.35,153730,39151311.0
1098573,2022-02-28,DBL,540047,A,262.7,271.45,253.25,268.7,264.15,69397,18306083.0
1098574,2022-03-02,DBL,540047,A,268.5,277.8,264.75,269.4,268.7,70966,19402109.0
1098575,2022-03-03,DBL,540047,A,268.5,274.4,263.35,266.05,269.4,197197,52830050.0
1098576,2022-03-04,DBL,540047,A,264.2,265.0,255.0,257.45,266.05,244527,63732809.0
1098577,2022-03-07,DBL,540047,A,256.75,256.75,243.2,245.25,257.45,102113,25289771.0
1098578,2022-03-08,DBL,540047,A,245.0,254.5,242.15,249.4,245.25,101169,25115722.0
1098579,2022-03-09,DBL,540047,A,251.25,254.6,248.3,250.8,249.4,71640,17936875.0
1098580,2022-03-10,DBL,540047,A,255.4,264.9,255.4,258.0,250.8,77071,20035648.0
1098581,2022-03-11,DBL,540047,A,258.0,263.8,256.55,260.8,258.0,38807,10099395.0
1098582,2022-03-14,DBL,540047,A,260.7,262.75,256.0,258.6,260.8,27664,7152266.0
1098583,2022-03-15,DBL,540047,A,257.45,263.0,249.45,250.4,258.6,67526,17138129.0
1098584,2022-03-16,DBL,540047,A,258.1,258.1,250.65,251.6,250.4,28315,7158071.0
1098585,2022-03-17,DBL,540047,A,258.0,259.9,252.2,253.15,251.6,30466,7805624.0
1098586,2022-03-21,DBL,540047,A,254.3,256.6,246.1,248.55,253.15,63132,15911642.0
1098587,2022-03-22,DBL,540047,A,248.6,251.65,244.5,247.2,248.55,60067,14891187.0
1098588,2022-03-23,DBL,540047,A,250.8,251.3,241.65,242.95,247.2,92236,22792577.0
1098589,2022-03-24,DBL,540047,A,242.0,248.05,242.0,244.0,242.95,263035,64277813.0
1098590,2022-03-25,DBL,540047,A,248.5,254.95,243.05,244.8,244.0,103232,25707085.0
1098591,2022-03-28,DBL,540047,A,251.8,251.8,235.3,236.7,244.8,755689,180905016.0
1098592,2022-03-29,DBL,540047,A,237.1,243.0,233.8,241.15,236.7,462311,109070065.0
1098593,2022-03-30,DBL,540047,A,241.15,262.0,241.15,249.3,241.15,206703,51863965.0
1098594,2022-03-31,DBL,540047,A,254.3,254.3,240.0,241.15,249.3,36607,8997252.0
1098595,2022-04-01,DBL,540047,A,241.15,254.8,241.15,252.95,241.15,99524,24799996.0
1098596,2022-04-04,DBL,540047,A,256.4,257.1,251.15,251.75,252.95,57286,14461385.0
1098597,2022-04-05,DBL,540047,A,250.25,302.1,250.25,302.1,251.75,867470,251901350.0
1098598,2022-04-06,DBL,540047,A,302.9,310.0,284.6,287.2,302.1,466429,137949434.0
1098599,2022-04-07,DBL,540047,A,291.0,297.3,286.0,291.3,287.2,180799,52721239.0
1098600,2022-04-08,DBL,540047,A,292.0,295.75,286.0,287.3,291.3,70116,20243361.0
1098601,2022-04-11,DBL,540047,A,289.4,317.35,287.2,304.85,287.3,481768,147717759.0
1098602,2022-04-12,DBL,540047,A,307.8,307.8,292.0,293.45,304.85,97845,29044500.0
1098603,2022-04-13,DBL,540047,A,299.0,303.1,293.1,294.85,293.45,105149,31328723.0
1098604,2022-04-18,DBL,540047,A,287.0,292.4,282.55,284.45,294.85,85033,24363031.0
1098605,2022-04-19,DBL,540047,A,289.2,292.5,271.4,279.1,284.45,44594,12751022.0
1098606,2022-04-20,DBL,540047,A,277.6,281.65,271.4,272.9,279.1,79691,21939136.0
1098607,2022-04-21,DBL,540047,A,273.15,287.55,273.15,276.95,272.9,92490,25928309.0
1098608,2022-04-22,DBL,540047,A,279.85,279.85,271.0,272.25,276.95,25557,6997015.0
1098609,2022-04-25,DBL,540047,A,272.25,272.3,261.5,262.75,272.25,30646,8120247.0
1098610,2022-04-26,DBL,540047,A,263.8,267.2,263.8,265.7,262.75,19538,5194290.0
1098611,2022-04-27,DBL,540047,A,265.0,285.6,264.7,272.9,265.7,138694,38523189.0
1098612,2022-04-28,DBL,540047,A,272.9,277.25,268.25,269.75,272.9,42498,11544589.0
1098613,2022-04-29,DBL,540047,A,273.0,273.7,262.45,264.1,269.75,60600,16206126.0
1098614,2022-05-02,DBL,540047,A,264.0,264.0,254.2,255.9,264.1,60440,15544946.0
1098615,2022-05-04,DBL,540047,A,256.75,259.7,245.45,247.45,255.9,34573,8697194.0
1098616,2022-05-05,DBL,540047,A,250.15,252.35,245.6,246.7,247.45,35356,8782209.0
1098617,2022-05-06,DBL,540047,A,245.5,245.5,231.0,232.75,246.7,42896,10140082.0
1098618,2022-05-09,DBL,540047,A,230.65,239.85,225.0,234.65,232.75,87257,20272730.0
1098619,2022-05-10,DBL,540047,A,234.65,239.8,228.45,229.75,234.65,36551,8568889.0
1098620,2022-05-11,DBL,540047,A,227.05,232.5,214.5,219.6,229.75,85684,18961248.0
1098621,2022-05-12,DBL,540047,A,215.1,217.65,211.0,211.8,219.6,57986,12357447.0
1098622,2022-05-13,DBL,540047,A,221.0,232.9,216.6,226.35,211.8,134324,30334108.0
1098623,2022-05-16,DBL,540047,A,231.0,231.0,221.65,223.25,226.35,22957,5158627.0
1098624,2022-05-17,DBL,540047,A,225.0,234.75,225.0,232.05,223.25,22797,5238330.0
1098625,2022-05-18,DBL,540047,A,234.5,238.4,229.75,231.55,232.05,23426,5490546.0
1098626,2022-05-19,DBL,540047,A,229.0,229.0,221.8,224.05,231.55,12982,2916608.0
1098627,2022-05-20,DBL,540047,A,228.5,231.25,226.5,229.05,224.05,18119,4150607.0
1098628,2022-05-23,DBL,540047,A,229.05,236.0,227.35,229.4,229.05,43013,9969954.0
1098629,2022-05-24,DBL,540047,A,233.15,233.15,223.0,224.3,229.4,40553,9150957.0
1098630,2022-05-25,DBL,540047,A,225.25,229.8,217.75,219.65,224.3,25376,5601437.0
1098631,2022-05-26,DBL,540047,A,223.0,224.7,212.15,220.65,219.65,54101,11745315.0
1098632,2022-05-27,DBL,540047,A,223.45,227.45,221.85,222.95,220.65,20042,4501324.0
1098633,2022-05-30,DBL,540047,A,226.45,242.8,226.0,235.95,222.95,92703,21764236.0
1098634,2022-05-31,DBL,540047,A,227.4,237.75,224.6,228.9,235.95,112068,25861459.0
1098635,2022-06-01,DBL,540047,A,228.0,246.8,228.0,241.6,228.9,147833,35821109.0
1098636,2022-06-02,DBL,540047,A,241.6,245.0,235.15,236.95,241.6,32960,7824991.0
1098637,2022-06-03,DBL,540047,A,239.95,244.15,232.05,233.25,236.95,47927,11391273.0
1098638,2022-06-06,DBL,540047,A,228.0,236.7,227.5,235.1,233.25,39501,9139013.0
1098639,2022-06-07,DBL,540047,A,232.05,234.85,228.0,229.15,235.1,27907,6439867.0
1098640,2022-06-08,DBL,540047,A,230.45,233.35,228.2,230.75,229.15,26313,6061741.0
1098641,2022-06-09,DBL,540047,A,230.2,231.35,226.65,228.1,230.75,9870,2256295.0
1098642,2022-06-10,DBL,540047,A,226.0,238.65,225.15,226.9,228.1,36956,8559937.0
1098643,2022-06-13,DBL,540047,A,226.0,226.0,213.9,214.95,226.9,19284,4241255.0
1098644,2022-06-14,DBL,540047,A,215.05,219.45,212.85,215.75,214.95,23256,5039501.0
1098645,2022-06-15,DBL,540047,A,217.45,219.9,214.5,216.15,215.75,19415,4214919.0
1098646,2022-06-16,DBL,540047,A,217.6,220.3,204.0,205.15,216.15,43298,9050907.0
1098647,2022-06-17,DBL,540047,A,202.15,208.0,195.6,198.45,205.15,64249,12995976.0
1098648,2022-06-20,DBL,540047,A,203.0,206.0,191.35,195.5,198.45,40857,8169583.0
1098649,2022-06-21,DBL,540047,A,198.0,202.4,196.4,200.65,195.5,30924,6170453.0
1098650,2022-06-22,DBL,540047,A,200.65,200.65,190.1,192.65,200.65,19065,3746822.0
1098651,2022-06-23,DBL,540047,A,197.8,197.8,190.6,192.8,192.65,21856,4226925.0
1098652,2022-06-24,DBL,540047,A,194.3,197.3,193.8,194.4,192.8,38562,7523983.0
1098653,2022-06-27,DBL,540047,A,199.4,199.45,194.2,194.85,194.4,19888,3902837.0
1098654,2022-06-28,DBL,540047,A,193.7,194.8,191.6,192.6,194.85,12820,2478410.0
1098655,2022-06-29,DBL,540047,A,191.0,194.6,190.3,191.35,192.6,12372,2383262.0
1098656,2022-06-30,DBL,540047,A,192.4,193.8,189.6,190.4,191.35,38503,7355324.0
1098657,2022-07-01,DBL,540047,A,190.4,190.75,187.4,189.85,190.4,20571,3894175.0
1098658,2022-07-04,DBL,540047,A,194.0,209.9,193.6,207.65,189.85,282261,57510606.0
1098659,2022-07-05,DBL,540047,A,204.95,207.05,196.2,197.7,207.65,52568,10590751.0
1098660,2022-07-06,DBL,540047,A,198.9,199.95,193.6,196.0,197.7,50916,9965344.0
1098661,2022-07-07,DBL,540047,A,199.3,199.3,195.2,196.35,196.0,28017,5510634.0
1098662,2022-07-08,DBL,540047,A,199.4,206.15,198.95,201.75,196.35,63152,12811032.0
1098663,2022-07-11,DBL,540047,A,204.9,208.6,202.2,204.95,201.75,32756,6744074.0
1098664,2022-07-12,DBL,540047,A,205.9,209.3,203.0,203.85,204.95,33715,6970682.0
1098665,2022-07-13,DBL,540047,A,203.85,206.5,198.25,199.9,203.85,33591,6783316.0
1098666,2022-07-14,DBL,540047,A,201.0,201.35,194.5,198.15,199.9,31877,6314838.0
1098667,2022-07-15,DBL,540047,A,200.5,202.7,197.45,199.05,198.15,15617,3109174.0
1098668,2022-07-18,DBL,540047,A,202.9,212.0,201.45,204.45,199.05,20065,4106132.0
1098669,2022-07-19,DBL,540047,A,203.65,221.0,203.05,219.65,204.45,189268,41084740.0
1098670,2022-07-20,DBL,540047,A,223.0,229.0,221.65,228.15,219.65,145351,32859077.0
1098671,2022-07-21,DBL,540047,A,225.0,227.4,222.05,224.25,228.15,59136,13284816.0
1098672,2022-07-22,DBL,540047,A,223.05,225.75,219.0,220.25,224.25,49971,11057336.0
1098673,2022-07-25,DBL,540047,A,220.55,221.9,214.25,220.8,220.25,19507,4242885.0
1098674,2022-07-26,DBL,540047,A,220.25,237.5,218.45,234.75,220.8,189638,43881744.0
1098675,2022-07-27,DBL,540047,A,235.8,239.05,231.9,234.1,234.75,61063,14367532.0
1098676,2022-07-28,DBL,540047,A,236.1,236.1,230.65,232.75,234.1,28183,6575810.0
1098677,2022-07-29,DBL,540047,A,232.75,242.55,231.5,235.8,232.75,91879,21724294.0
1098678,2022-08-01,DBL,540047,A,240.1,244.3,234.4,238.15,235.8,32435,7764138.0
1098679,2022-08-02,DBL,540047,A,236.0,260.75,235.85,252.35,238.15,267896,67341587.0
1098680,2022-08-03,DBL,540047,A,252.35,254.5,243.8,246.5,252.35,80348,19925461.0
1098681,2022-08-04,DBL,540047,A,251.0,251.0,236.4,245.5,246.5,98580,24081194.0
1098682,2022-08-05,DBL,540047,A,243.9,247.6,241.0,242.35,245.5,31993,7790754.0
1098683,2022-08-08,DBL,540047,A,240.2,253.1,240.2,244.95,242.35,66257,16449456.0
1098684,2022-08-10,DBL,540047,A,249.0,251.5,244.85,245.7,244.95,50729,12538132.0
1098685,2022-08-11,DBL,540047,A,248.0,250.05,246.0,246.8,245.7,32969,8139554.0
1098686,2022-08-12,DBL,540047,A,248.35,257.6,247.25,249.8,246.8,65575,16588657.0
1098687,2022-08-16,DBL,540047,A,249.8,249.8,241.3,242.75,249.8,33953,8263851.0
1098688,2022-08-17,DBL,540047,A,246.25,248.0,243.0,244.0,242.75,16896,4137011.0
1098689,2022-08-18,DBL,540047,A,242.1,250.35,242.1,244.85,244.0,71114,17521850.0
1098690,2022-08-19,DBL,540047,A,244.0,250.05,241.05,243.55,244.85,27230,6672352.0
1098691,2022-08-22,DBL,540047,A,240.0,241.1,232.5,234.5,243.55,41524,9865673.0
1098692,2022-08-23,DBL,540047,A,239.8,239.8,229.05,236.2,234.5,44145,10387012.0
1098693,2022-08-24,DBL,540047,A,232.8,239.9,232.8,235.8,236.2,27583,6537500.0
1098694,2022-08-25,DBL,540047,A,236.8,243.6,236.5,237.7,235.8,52093,12527709.0
1098695,2022-08-26,DBL,540047,A,238.0,242.75,236.4,238.6,237.7,16586,3979467.0
1098696,2022-08-29,DBL,540047,A,235.0,236.95,232.45,235.75,238.6,25007,5875826.0
1098697,2022-08-30,DBL,540047,A,238.95,244.1,237.3,241.7,235.75,65108,15773607.0
1098698,2022-09-01,DBL,540047,A,241.8,246.7,236.8,245.1,241.7,38599,9411078.0
1098699,2022-09-02,DBL,540047,A,247.95,249.7,240.4,242.45,245.1,22283,5490591.0
1098700,2022-09-05,DBL,540047,A,245.25,251.5,242.85,246.25,242.45,127179,31690960.0
1098701,2022-09-06,DBL,540047,A,248.9,249.55,239.1,240.5,246.25,56015,13573681.0
1098702,2022-09-07,DBL,540047,A,240.0,245.0,239.45,241.35,240.5,77841,18820861.0
1098703,2022-09-08,DBL,540047,A,242.0,249.85,241.4,242.3,241.35,36549,8984444.0
1098704,2022-09-09,DBL,540047,A,242.3,245.95,240.85,242.05,242.3,37283,9067105.0
1098705,2022-09-12,DBL,540047,A,238.25,256.45,238.25,248.6,242.05,159217,39779790.0
1098706,2022-09-13,DBL,540047,A,252.65,252.65,243.5,245.3,248.6,50417,12456194.0
1098707,2022-09-14,DBL,540047,A,240.0,243.15,239.2,240.5,245.3,62799,15153980.0
1098708,2022-09-15,DBL,540047,A,243.0,245.25,238.6,241.1,240.5,16893,4084987.0
1098709,2022-09-16,DBL,540047,A,238.2,243.2,231.5,233.6,241.1,53302,12596742.0
1098710,2022-09-19,DBL,540047,A,232.0,235.95,228.25,230.05,233.6,494771,115481013.0
1098711,2022-09-20,DBL,540047,A,235.0,243.85,232.95,238.9,230.05,29991,7154625.0
1098712,2022-09-21,DBL,540047,A,238.15,242.7,234.1,236.05,238.9,36316,8697605.0
1098713,2022-09-22,DBL,540047,A,235.25,238.55,234.0,236.85,236.05,19476,4603539.0
1098714,2022-09-23,DBL,540047,A,236.5,237.35,228.65,230.25,236.85,19995,4641281.0
1098715,2022-09-26,DBL,540047,A,226.55,228.25,213.05,216.55,230.25,55484,12131658.0
1098716,2022-09-27,DBL,540047,A,218.75,224.0,215.2,216.55,216.55,28808,6313187.0
1098717,2022-09-28,DBL,540047,A,215.0,220.9,211.6,213.55,216.55,19784,4269810.0
1098718,2022-09-29,DBL,540047,A,216.85,218.75,211.3,212.5,213.55,17692,3802862.0
1098719,2022-09-30,DBL,540047,A,210.2,227.95,209.0,221.15,212.5,63575,13997981.0
1098720,2022-10-03,DBL,540047,A,220.0,221.15,214.05,215.15,221.15,40648,8837012.0
1098721,2022-10-04,DBL,540047,A,220.1,238.1,219.0,219.8,215.15,75467,16799042.0
1098722,2022-10-06,DBL,540047,A,219.05,225.55,219.05,223.55,219.8,18731,4175610.0
1098723,2022-10-07,DBL,540047,A,223.55,229.85,222.0,225.95,223.55,35176,7971116.0
1098724,2022-10-10,DBL,540047,A,225.85,226.7,221.9,224.2,225.95,17183,3853055.0
1098725,2022-10-11,DBL,540047,A,222.45,225.95,217.6,220.0,224.2,13120,2905994.0
1098726,2022-10-12,DBL,540047,A,218.95,223.15,218.0,219.75,220.0,8684,1905842.0
1098727,2022-10-13,DBL,540047,A,220.6,220.75,216.5,217.25,219.75,10315,2247695.0
1098728,2022-10-14,DBL,540047,A,221.8,222.9,216.8,217.3,217.25,17046,3739412.0
1098729,2022-10-17,DBL,540047,A,218.05,225.35,218.05,220.15,217.3,17031,3787374.0
1098730,2022-10-18,DBL,540047,A,223.65,223.65,218.65,219.6,220.15,8267,1826433.0
1098731,2022-10-19,DBL,540047,A,219.75,222.95,218.35,218.5,219.6,4873,1074244.0
1098732,2022-10-20,DBL,540047,A,217.2,223.75,217.15,220.75,218.5,25924,5717080.0
1098733,2022-10-21,DBL,540047,A,221.9,222.3,217.6,218.65,220.75,16471,3614991.0
1098734,2022-10-24,DBL,540047,A,219.15,221.0,218.0,219.7,218.65,4916,1079575.0
1098735,2022-10-25,DBL,540047,A,224.9,224.9,217.65,219.6,219.7,7747,1700502.0
1098736,2022-10-27,DBL,540047,A,221.0,222.0,218.25,219.05,219.6,4230,930122.0
1098737,2022-10-28,DBL,540047,A,219.5,220.45,216.6,217.35,219.05,10452,2282705.0
1098738,2022-10-31,DBL,540047,A,220.15,220.15,214.5,215.25,217.35,7200,1566718.0
1098739,2022-11-01,DBL,540047,A,216.0,218.9,215.35,216.85,215.25,12441,2701698.0
1098740,2022-11-02,DBL,540047,A,217.3,221.5,217.15,218.25,216.85,6522,1429434.0
1098741,2022-11-03,DBL,540047,A,215.1,221.75,215.1,220.2,218.25,15508,3411316.0
1098742,2022-11-04,DBL,540047,A,220.45,225.2,220.45,222.55,220.2,28666,6384935.0
1098743,2022-11-07,DBL,540047,A,223.0,228.8,221.45,225.6,222.55,19985,4475368.0
1098744,2022-11-09,DBL,540047,A,227.0,228.0,221.25,221.7,225.6,7363,1647318.0
1098745,2022-11-10,DBL,540047,A,219.8,222.4,217.45,220.45,221.7,14089,3087121.0
1098746,2022-11-11,DBL,540047,A,221.1,228.7,220.5,224.2,220.45,9530,2146299.0
1098747,2022-11-14,DBL,540047,A,228.75,234.95,225.05,231.05,224.2,25114,5778576.0
1098748,2022-11-15,DBL,540047,A,236.0,239.65,228.8,230.3,231.05,64394,15118735.0
1098749,2022-11-16,DBL,540047,A,227.05,234.95,226.6,228.4,230.3,23749,5488796.0
1098750,2022-11-17,DBL,540047,A,225.65,227.9,223.85,225.35,228.4,17875,4027691.0
1098751,2022-11-18,DBL,540047,A,225.35,226.3,220.1,220.95,225.35,13601,3028121.0
1098752,2022-11-21,DBL,540047,A,219.15,225.7,219.15,220.8,220.95,7245,1606090.0
1098753,2022-11-22,DBL,540047,A,218.6,222.35,218.6,220.95,220.8,6842,1513119.0
1098754,2022-11-23,DBL,540047,A,220.8,223.0,220.3,220.9,220.95,6602,1464901.0
1098755,2022-11-24,DBL,540047,A,221.65,224.4,220.45,221.8,220.9,21878,4868421.0
1098756,2022-11-25,DBL,540047,A,221.8,223.8,221.6,223.05,221.8,6009,1339350.0
1098757,2022-11-28,DBL,540047,A,223.05,234.65,223.0,233.0,223.05,41746,9597340.0
1098758,2022-11-29,DBL,540047,A,232.65,242.3,232.65,236.7,233.0,82419,19608663.0
1098759,2022-11-30,DBL,540047,A,236.7,237.95,232.0,234.85,236.7,29201,6862084.0
1098760,2022-12-01,DBL,540047,A,235.0,238.15,231.5,232.35,234.85,7248,1697694.0
1098761,2022-12-02,DBL,540047,A,232.4,239.4,232.4,238.05,232.35,12315,2924390.0
1098762,2022-12-05,DBL,540047,A,243.2,248.25,240.1,241.25,238.05,33741,8213905.0
1098763,2022-12-06,DBL,540047,A,237.55,240.15,237.05,238.0,241.25,12219,2915725.0
1098764,2022-12-07,DBL,540047,A,240.75,244.5,236.0,237.3,238.0,30305,7278889.0
1098765,2022-12-08,DBL,540047,A,240.0,240.1,233.6,234.95,237.3,9269,2189029.0
1098766,2022-12-09,DBL,540047,A,235.7,237.0,222.65,224.05,234.95,47507,10795179.0
1098767,2022-12-12,DBL,540047,A,224.2,229.15,222.45,228.4,224.05,33885,7712241.0
1098768,2022-12-13,DBL,540047,A,229.0,234.7,229.0,231.5,228.4,16101,3743713.0
1098769,2022-12-14,DBL,540047,A,233.65,233.65,229.05,229.6,231.5,18625,4301708.0
1098770,2022-12-15,DBL,540047,A,237.0,243.0,232.55,234.35,229.6,94021,22289564.0
1098771,2022-12-16,DBL,540047,A,236.95,236.95,228.75,229.2,234.35,40580,9414355.0
1098772,2022-12-19,DBL,540047,A,244.0,244.0,235.95,239.25,229.2,69586,16625770.0
1098773,2022-12-20,DBL,540047,A,238.95,239.0,235.1,236.9,239.25,15950,3775292.0
1098774,2022-12-21,DBL,540047,A,236.0,239.3,226.05,226.9,236.9,22083,5108387.0
1098775,2022-12-22,DBL,540047,A,226.9,230.75,219.4,222.25,226.9,51267,11457468.0
1098776,2022-12-23,DBL,540047,A,219.0,219.0,207.2,208.3,222.25,31651,6753796.0
1098777,2022-12-26,DBL,540047,A,207.05,216.85,206.55,215.3,208.3,35752,7641531.0
1098778,2022-12-27,DBL,540047,A,215.55,220.75,215.55,219.2,215.3,25109,5495688.0
1098779,2022-12-28,DBL,540047,A,217.8,219.75,216.0,217.85,219.2,21012,4575339.0
1098780,2022-12-29,DBL,540047,A,217.0,219.5,215.55,216.95,217.85,22438,4864449.0
1098781,2022-12-30,DBL,540047,A,217.7,220.4,216.0,217.25,216.95,14248,3120826.0
1098782,2023-01-02,DBL,540047,A,219.75,222.0,216.35,219.85,217.25,22518,4952386.0
1098783,2023-01-03,DBL,540047,A,223.5,229.6,220.25,223.8,219.85,71730,16188175.0
1098784,2023-01-04,DBL,540047,A,224.05,224.25,218.5,219.65,223.8,37353,8238377.0
1098785,2023-01-05,DBL,540047,A,220.0,221.45,218.75,220.1,219.65,13522,2975468.0
1098786,2023-01-06,DBL,540047,A,220.3,221.6,216.8,218.45,220.1,7753,1698898.0
1098787,2023-01-09,DBL,540047,A,221.6,225.4,219.0,222.15,218.45,46259,10313475.0
1098788,2023-01-10,DBL,540047,A,222.15,223.8,219.2,220.2,222.15,7961,1755238.0
1098789,2023-01-11,DBL,540047,A,217.95,223.0,217.95,219.8,220.2,8914,1970666.0
1098790,2023-01-12,DBL,540047,A,223.75,223.75,219.15,220.4,219.8,8918,1963279.0
1098791,2023-01-13,DBL,540047,A,222.25,224.0,217.5,221.2,220.4,22512,4980231.0
1098792,2023-01-16,DBL,540047,A,220.05,222.9,219.6,220.05,221.2,14063,3100124.0
1098793,2023-01-17,DBL,540047,A,220.35,220.65,217.55,218.05,220.05,4717,1031977.0
1098794,2023-01-18,DBL,540047,A,219.6,221.3,219.0,220.3,218.05,4732,1041623.0
1098795,2023-01-19,DBL,540047,A,220.8,220.8,218.15,218.75,220.3,6639,1452974.0
1098796,2023-01-20,DBL,540047,A,218.9,218.95,215.75,216.3,218.75,14136,3070751.0
1098797,2023-01-23,DBL,540047,A,216.3,217.0,215.4,215.8,216.3,14409,3115075.0
1098798,2023-01-24,DBL,540047,A,221.1,224.7,219.2,220.2,215.8,35732,7936249.0
1098799,2023-01-25,DBL,540047,A,220.4,220.4,215.7,217.4,220.2,8680,1890464.0
1098800,2023-01-27,DBL,540047,A,214.05,219.0,207.25,213.3,217.4,45007,9544679.0
1098801,2023-01-30,DBL,540047,A,214.4,215.95,210.35,211.35,213.3,15621,3329638.0
1098802,2023-01-31,DBL,540047,A,211.0,216.75,211.0,213.85,211.35,7827,1675579.0
1098803,2023-02-01,DBL,540047,A,216.95,220.2,208.6,210.95,213.85,16998,3673938.0
1098804,2023-02-02,DBL,540047,A,210.0,212.0,208.5,208.95,210.95,20528,4315752.0
1098805,2023-02-03,DBL,540047,A,213.55,213.55,206.25,207.85,208.95,8967,1866269.0
1098806,2023-02-06,DBL,540047,A,208.0,211.75,207.9,208.9,207.85,5332,1115508.0
1098807,2023-02-07,DBL,540047,A,208.0,210.3,205.5,206.75,208.9,9058,1881289.0
1098808,2023-02-08,DBL,540047,A,205.05,210.5,205.05,209.8,206.75,18847,3924865.0
1098809,2023-02-09,DBL,540047,A,209.8,214.2,208.75,211.15,209.8,10365,2198777.0
1098810,2023-02-10,DBL,540047,A,214.9,216.2,210.7,214.85,211.15,13047,2796594.0
1098811,2023-02-13,DBL,540047,A,219.45,219.65,211.5,213.4,214.85,28554,6159506.0
1098812,2023-02-14,DBL,540047,A,213.0,213.3,209.65,210.2,213.4,12663,2673619.0
1098813,2023-02-15,DBL,540047,A,208.8,212.05,208.8,209.65,210.2,6825,1435273.0
1098814,2023-02-16,DBL,540047,A,208.2,210.75,207.0,207.8,209.65,23050,4821971.0
1098815,2023-02-17,DBL,540047,A,206.05,210.1,206.05,207.75,207.8,9395,1954465.0
1098816,2023-02-20,DBL,540047,A,215.2,215.3,206.2,208.45,207.75,27213,5734076.0
1098817,2023-02-21,DBL,540047,A,207.75,209.0,204.0,205.2,208.45,28787,5955147.0
1098818,2023-02-22,DBL,540047,A,205.75,205.75,201.7,202.4,205.2,9007,1831230.0
1098819,2023-02-23,DBL,540047,A,201.55,202.45,196.75,197.85,202.4,24562,4890323.0
1098820,2023-02-24,DBL,540047,A,199.1,200.35,192.75,193.55,197.85,32744,6397367.0
1098821,2023-02-27,DBL,540047,A,196.95,197.75,194.7,196.4,193.55,32098,6306886.0
1098822,2023-02-28,DBL,540047,A,196.35,197.75,195.3,195.8,196.4,13164,2583833.0
1098823,2023-03-01,DBL,540047,A,196.0,200.0,195.6,196.95,195.8,17974,3551325.0
1098824,2023-03-02,DBL,540047,A,198.9,200.0,196.25,197.0,196.95,209767,41344107.0
1098825,2023-03-03,DBL,540047,A,202.95,202.95,198.55,199.3,197.0,8723,1741648.0
1098826,2023-03-06,DBL,540047,A,199.05,204.2,198.4,199.05,199.3,24174,4871573.0
1098827,2023-03-08,DBL,540047,A,199.8,202.35,198.15,201.0,199.05,22723,4570137.0
1098828,2023-03-09,DBL,540047,A,199.15,205.5,199.15,201.6,201.0,25848,5259439.0
1098829,2023-03-10,DBL,540047,A,200.85,201.55,198.6,198.8,201.6,16907,3380871.0
1098830,2023-03-13,DBL,540047,A,199.15,200.0,192.0,194.5,198.8,43488,8536661.0
1098831,2023-03-14,DBL,540047,A,195.0,195.0,190.0,191.95,194.5,12428,2382703.0
1098832,2023-03-15,DBL,540047,A,192.5,193.9,188.05,189.35,191.95,38064,7299242.0
1098833,2023-03-16,DBL,540047,A,189.0,189.65,184.4,186.85,189.35,26758,4999221.0
1098834,2023-03-17,DBL,540047,A,187.05,189.95,186.1,186.95,186.85,3220,604632.0
1098835,2023-03-20,DBL,540047,A,187.0,187.0,181.0,182.85,186.95,16684,3049457.0
1098836,2023-03-21,DBL,540047,A,183.25,183.85,180.55,181.85,182.85,19415,3532146.0
1098837,2023-03-22,DBL,540047,A,184.6,184.6,180.5,181.1,181.85,26215,4765522.0
1098838,2023-03-23,DBL,540047,A,181.1,182.5,178.15,179.65,181.1,19137,3459783.0
1098839,2023-03-24,DBL,540047,A,179.65,186.65,177.25,183.35,179.65,51360,9325533.0
1098840,2023-03-27,DBL,540047,A,181.05,183.3,174.6,175.25,183.35,43527,7740362.0
1098841,2023-03-28,DBL,540047,A,179.3,192.9,165.5,171.15,175.25,199562,36863973.0
1098842,2023-03-29,DBL,540047,A,172.0,176.35,165.45,167.9,171.15,141105,24247911.0
1098843,2023-03-31,DBL,540047,A,169.0,173.55,167.75,168.95,167.9,31357,5346146.0
1098844,2023-04-03,DBL,540047,A,169.25,175.75,169.25,173.65,168.95,52751,9110656.0
1098845,2023-04-05,DBL,540047,A,173.7,180.65,173.7,178.8,173.65,53552,9504873.0
1098846,2023-04-06,DBL,540047,A,178.25,182.45,178.05,180.05,178.8,35873,6473618.0
1098847,2023-04-10,DBL,540047,A,180.65,190.8,180.65,184.1,180.05,53641,10014289.0
1098848,2023-04-11,DBL,540047,A,185.95,185.95,180.3,181.0,184.1,9900,1807827.0
1098849,2023-04-12,DBL,540047,A,181.05,181.1,179.6,180.0,181.0,8398,1513998.0
1098850,2023-04-13,DBL,540047,A,179.95,180.1,177.5,178.25,180.0,13008,2327808.0
1098851,2023-04-17,DBL,540047,A,181.95,181.95,177.3,178.8,178.25,17667,3160499.0
1098852,2023-04-18,DBL,540047,A,179.95,180.95,178.15,180.0,178.8,28836,5185053.0
1098853,2023-04-19,DBL,540047,A,179.45,181.5,178.45,179.15,180.0,23528,4232799.0
1098854,2023-04-20,DBL,540047,A,178.7,180.05,178.15,178.35,179.15,13347,2386678.0
1098855,2023-04-21,DBL,540047,A,178.4,179.35,176.95,177.8,178.35,10337,1839596.0
1098856,2023-04-24,DBL,540047,A,177.5,179.6,177.2,178.4,177.8,3564,635843.0
1098857,2023-04-25,DBL,540047,A,178.45,179.1,177.1,177.65,178.4,22532,4012273.0
1098858,2023-04-26,DBL,540047,A,177.4,179.2,176.85,177.6,177.65,20117,3578209.0
1098859,2023-04-27,DBL,540047,A,177.0,181.3,177.0,179.15,177.6,28030,5035121.0
1098860,2023-04-28,DBL,540047,A,180.55,182.8,179.9,180.9,179.15,37721,6832688.0
1098861,2023-05-02,DBL,540047,A,181.85,182.9,179.05,179.7,180.9,31753,5731196.0
1098862,2023-05-03,DBL,540047,A,179.15,179.8,177.95,178.75,179.7,23258,4163183.0
1098863,2023-05-04,DBL,540047,A,178.65,181.0,178.6,179.65,178.75,29633,5322713.0
1098864,2023-05-05,DBL,540047,A,180.0,180.55,178.25,178.7,179.65,5919,1061280.0
1098865,2023-05-08,DBL,540047,A,178.7,180.0,176.65,177.75,178.7,28435,5081142.0
1098866,2023-05-09,DBL,540047,A,177.2,182.15,177.2,178.15,177.75,22913,4110141.0
1098867,2023-05-10,DBL,540047,A,178.0,179.45,176.5,177.0,178.15,21111,3745472.0
1098868,2023-05-11,DBL,540047,A,177.9,179.9,177.9,178.75,177.0,15259,2730480.0
1098869,2023-05-12,DBL,540047,A,178.7,178.7,172.5,172.8,178.75,50769,8830575.0
1098870,2023-05-15,DBL,540047,A,172.0,174.55,170.65,172.5,172.8,24591,4243562.0
1098871,2023-05-16,DBL,540047,A,173.0,174.05,171.3,173.15,172.5,37161,6414163.0
1098872,2023-05-17,DBL,540047,A,172.85,173.7,171.15,171.6,173.15,8499,1460709.0
1098873,2023-05-18,DBL,540047,A,172.6,174.0,170.85,171.3,171.6,28623,4931158.0
1098874,2023-05-19,DBL,540047,A,171.55,177.6,159.7,167.1,171.3,104155,17531115.0
1098875,2023-05-22,DBL,540047,A,168.45,168.45,161.5,161.9,167.1,51841,8452922.0
1098876,2023-05-23,DBL,540047,A,162.15,169.95,162.15,167.0,161.9,46433,7775240.0
1098877,2023-05-24,DBL,540047,A,166.75,169.3,166.5,168.15,167.0,23954,4019238.0
1098878,2023-05-25,DBL,540047,A,169.95,169.95,166.85,167.15,168.15,6943,1162445.0
1098879,2023-05-26,DBL,540047,A,170.15,171.15,167.65,169.1,167.15,29471,4988492.0
1098880,2023-05-29,DBL,540047,A,170.05,170.85,166.4,169.15,169.1,33488,5617533.0
1098881,2023-05-30,DBL,540047,A,169.0,202.95,168.15,202.95,169.15,382637,73288113.0
1098882,2023-05-31,DBL,540047,A,205.05,231.7,195.65,212.95,202.95,1376110,299226269.0
1098883,2023-06-01,DBL,540047,A,207.25,227.0,206.05,222.75,212.95,468747,102682783.0
1098884,2023-06-02,DBL,540047,A,221.05,228.5,208.3,211.8,222.75,297014,64839407.0
1098885,2023-06-05,DBL,540047,A,212.05,216.0,208.85,211.8,211.8,75755,16057646.0
1098886,2023-06-06,DBL,540047,A,207.2,217.9,207.2,215.65,211.8,91017,19421500.0
1098887,2023-06-07,DBL,540047,A,212.05,223.85,212.05,220.25,215.65,112745,24790623.0
1098888,2023-06-08,DBL,540047,A,219.2,222.9,212.85,215.9,220.25,62509,13600826.0
1098889,2023-06-09,DBL,540047,A,217.45,222.5,214.0,219.2,215.9,32410,7093828.0
1098890,2023-06-12,DBL,540047,A,217.15,229.0,217.15,226.35,219.2,61774,13954722.0
1098891,2023-06-13,DBL,540047,A,224.05,229.85,223.4,227.05,226.35,65620,14890582.0
1098892,2023-06-14,DBL,540047,A,223.45,227.45,222.7,226.15,227.05,20488,4619489.0
1098893,2023-06-15,DBL,540047,A,226.55,239.8,225.95,231.5,226.15,186420,43518604.0
1098894,2023-06-16,DBL,540047,A,233.15,234.15,227.25,230.1,231.5,44698,10274322.0
1098895,2023-06-19,DBL,540047,A,227.1,236.9,227.1,232.25,230.1,72400,16794721.0
1098896,2023-06-20,DBL,540047,A,230.15,233.9,227.0,231.3,232.25,54591,12574426.0
1098897,2023-06-21,DBL,540047,A,231.05,251.7,231.05,247.55,231.3,491737,120359771.0
1098898,2023-06-22,DBL,540047,A,248.05,251.5,237.05,241.8,247.55,130220,31906967.0
1098899,2023-06-23,DBL,540047,A,236.3,241.3,230.5,233.4,241.8,133331,31504698.0
1098900,2023-06-26,DBL,540047,A,233.4,238.8,230.45,234.95,233.4,37967,8908097.0
1098901,2023-06-27,DBL,540047,A,234.95,242.5,234.95,239.65,234.95,42942,10261162.0
1098902,2023-06-28,DBL,540047,A,239.05,242.0,236.5,238.05,239.65,44770,10689495.0
1098903,2023-06-30,DBL,540047,A,239.0,246.0,236.9,238.35,238.05,141459,34194350.0
1098904,2023-07-03,DBL,540047,A,238.0,243.9,236.3,242.35,238.35,35778,8571997.0
1098905,2023-07-04,DBL,540047,A,242.4,266.55,239.2,255.9,242.35,263492,67400855.0
1098906,2023-07-05,DBL,540047,A,255.9,264.95,252.05,260.85,255.9,191578,49525130.0
1098907,2023-07-06,DBL,540047,A,260.65,263.7,253.2,255.25,260.85,65138,16830678.0
1098908,2023-07-07,DBL,540047,A,251.55,257.4,247.45,252.5,255.25,37903,9562427.0
1098909,2023-07-10,DBL,540047,A,251.05,253.0,246.4,249.15,252.5,18812,4691690.0
1098910,2023-07-11,DBL,540047,A,251.65,254.0,244.0,250.4,249.15,72801,18143196.0
1098911,2023-07-12,DBL,540047,A,251.95,255.15,248.7,251.45,250.4,23608,5948118.0
1098912,2023-07-13,DBL,540047,A,250.05,253.6,240.95,244.45,251.45,20532,5065973.0
1098913,2023-07-14,DBL,540047,A,247.9,248.45,242.65,244.65,244.45,35321,8639485.0
1098914,2023-07-17,DBL,540047,A,245.55,251.05,242.65,243.65,244.65,41633,10300113.0
1098915,2023-07-18,DBL,540047,A,243.1,245.55,238.05,239.95,243.65,18089,4360465.0
1098916,2023-07-19,DBL,540047,A,238.15,245.55,237.4,241.7,239.95,18492,4482683.0
1098917,2023-07-20,DBL,540047,A,241.3,246.2,240.45,242.8,241.7,34411,8374807.0
1098918,2023-07-21,DBL,540047,A,242.5,246.75,241.6,243.05,242.8,10289,2509626.0
1098919,2023-07-24,DBL,540047,A,239.15,246.15,239.15,242.95,243.05,27279,6678833.0
1098920,2023-07-25,DBL,540047,A,240.15,258.45,240.15,253.6,242.95,161549,41186970.0
1098921,2023-07-26,DBL,540047,A,254.0,254.0,246.5,250.4,253.6,24119,6008186.0
1098922,2023-07-27,DBL,540047,A,249.3,261.95,249.3,255.1,250.4,38394,9848767.0
1098923,2023-07-28,DBL,540047,A,251.05,259.8,250.95,255.55,255.1,73071,18492695.0
1098924,2023-07-31,DBL,540047,A,259.9,269.5,255.4,266.15,255.55,125396,33136470.0
1098925,2023-08-01,DBL,540047,A,266.1,319.35,266.1,319.35,266.15,718172,215576001.0
1098926,2023-08-02,DBL,540047,A,322.0,347.8,311.0,318.55,319.35,1111995,366079847.0
1098927,2023-08-03,DBL,540047,A,315.05,330.0,304.3,309.55,318.55,395304,124626970.0
1098928,2023-08-04,DBL,540047,A,307.05,324.85,307.05,317.95,309.55,229580,72757456.0
1098929,2023-08-07,DBL,540047,A,315.25,319.0,306.95,308.9,317.95,72980,22728279.0
1098930,2023-08-08,DBL,540047,A,302.05,314.0,286.25,301.05,308.9,63091,19044895.0
1098931,2023-08-09,DBL,540047,A,302.1,310.9,301.15,307.85,301.05,26761,8193147.0
1098932,2023-08-10,DBL,540047,A,302.05,317.75,299.0,303.9,307.85,84402,26112692.0
1098933,2023-08-11,DBL,540047,A,304.25,314.5,298.05,300.4,303.9,42448,12961509.0
1098934,2023-08-14,DBL,540047,A,300.0,302.0,292.2,296.55,300.4,73974,21998025.0
1098935,2023-08-16,DBL,540047,A,295.95,311.4,295.0,306.3,296.55,63896,19609455.0
1098936,2023-08-17,DBL,540047,A,305.25,315.4,304.05,307.95,306.3,61030,18916524.0
1098937,2023-08-18,DBL,540047,A,307.9,308.7,296.2,299.55,307.95,88333,26685006.0
1098938,2023-08-21,DBL,540047,A,300.05,307.95,297.95,304.8,299.55,53486,16240881.0
1098939,2023-08-22,DBL,540047,A,305.05,313.55,305.05,307.95,304.8,76841,23824249.0
1098940,2023-08-23,DBL,540047,A,310.0,313.75,306.4,309.4,307.95,55157,17068430.0
1098941,2023-08-24,DBL,540047,A,312.5,315.95,300.0,304.05,309.4,71802,22269247.0
1098942,2023-08-25,DBL,540047,A,304.1,308.8,296.2,300.45,304.05,70974,21483336.0
1098943,2023-08-28,DBL,540047,A,301.25,307.7,300.45,305.45,300.45,23470,7140918.0
1098944,2023-08-29,DBL,540047,A,309.3,311.05,304.9,307.95,305.45,30629,9443972.0
1098945,2023-08-30,DBL,540047,A,308.15,311.0,305.3,306.0,307.95,36204,11152092.0
1098946,2023-08-31,DBL,540047,A,305.25,339.0,305.25,327.95,306.0,282242,93286514.0
1098947,2023-09-01,DBL,540047,A,328.85,334.05,320.0,321.55,327.95,72979,23820116.0
1098948,2023-09-04,DBL,540047,A,321.95,326.0,314.0,315.05,321.55,48936,15631149.0
1098949,2023-09-05,DBL,540047,A,314.0,336.0,314.0,322.6,315.05,167424,55106020.0
1098950,2023-09-06,DBL,540047,A,325.9,329.25,321.05,322.25,322.6,52983,17197413.0
1098951,2023-09-07,DBL,540047,A,324.95,335.0,321.7,330.6,322.25,186648,61385531.0
1098952,2023-09-08,DBL,540047,A,334.1,343.95,332.0,333.6,330.6,52010,17537566.0
1098953,2023-09-11,DBL,540047,A,334.05,338.2,324.85,327.5,333.6,89687,29712637.0
1098954,2023-09-12,DBL,540047,A,330.0,330.0,300.05,303.1,327.5,68934,21334788.0
1098955,2023-09-13,DBL,540047,A,300.85,314.7,300.85,312.0,303.1,46956,14525181.0
1098956,2023-09-14,DBL,540047,A,310.9,317.3,308.0,309.85,312.0,32278,10073325.0
1098957,2023-09-15,DBL,540047,A,314.8,314.8,309.55,311.4,309.85,26811,8357026.0
1098958,2023-09-18,DBL,540047,A,310.25,315.95,309.1,309.8,311.4,21595,6741905.0
1098959,2023-09-20,DBL,540047,A,305.85,312.55,303.1,305.7,309.8,13638,4185051.0
1098960,2023-09-21,DBL,540047,A,301.3,308.75,301.3,303.75,305.7,28187,8588062.0
1098961,2023-09-22,DBL,540047,A,304.95,307.25,300.9,304.2,303.75,23120,7026633.0
1098962,2023-09-25,DBL,540047,A,303.75,306.15,303.0,303.75,304.2,9209,2803157.0
1098963,2023-09-26,DBL,540047,A,303.75,311.2,302.05,304.25,303.75,17524,5380452.0
1098964,2023-09-27,DBL,540047,A,303.3,306.0,302.45,304.1,304.25,12245,3728046.0
1098965,2023-09-28,DBL,540047,A,303.05,310.9,302.55,304.1,304.1,25432,7797982.0
1098966,2023-09-29,DBL,540047,A,306.45,314.0,303.15,311.75,304.1,41466,12809618.0
1098967,2023-10-03,DBL,540047,A,305.55,312.1,305.55,306.8,311.75,14920,4597750.0
1098968,2023-10-04,DBL,540047,A,306.9,310.9,303.05,307.9,306.8,25454,7815780.0
1098969,2023-10-05,DBL,540047,A,308.95,311.0,306.55,307.7,307.9,8645,2665871.0
1098970,2023-10-06,DBL,540047,A,311.95,334.75,309.95,326.05,307.7,163651,53552153.0
1098971,2023-10-09,DBL,540047,A,315.05,322.1,306.7,309.35,326.05,99946,31407261.0
1098972,2023-10-10,DBL,540047,A,316.35,321.0,313.0,317.0,309.35,88356,27984251.0
1098973,2023-10-11,DBL,540047,A,318.0,332.0,316.0,318.25,317.0,37908,12279539.0
1098974,2023-10-12,DBL,540047,A,319.05,327.55,319.05,323.1,318.25,15979,5157014.0
1098975,2023-10-13,DBL,540047,A,321.05,325.95,314.0,317.85,323.1,13127,4206517.0
1098976,2023-10-16,DBL,540047,A,318.1,325.25,314.8,321.7,317.85,43245,13896834.0
1098977,2023-10-17,DBL,540047,A,321.7,341.65,318.05,333.05,321.7,217068,72478432.0
1098978,2023-10-18,DBL,540047,A,335.0,338.25,319.15,322.2,333.05,55111,18020624.0
1098979,2023-10-19,DBL,540047,A,318.25,323.65,314.2,320.6,322.2,42367,13509704.0
1098980,2023-10-20,DBL,540047,A,319.65,351.3,319.65,336.65,320.6,438752,149724267.0
1098981,2023-10-23,DBL,540047,A,339.85,339.85,301.15,306.05,336.65,208994,66899458.0
1098982,2023-10-25,DBL,540047,A,310.0,313.75,286.25,297.7,306.05,80090,23996361.0
1098983,2023-10-26,DBL,540047,A,298.0,304.0,288.0,301.9,297.7,65370,19366211.0
1098984,2023-10-27,DBL,540047,A,305.0,309.95,300.9,306.2,301.9,66894,20450997.0
1098985,2023-10-30,DBL,540047,A,306.55,307.9,301.4,305.15,306.2,28393,8657104.0
1098986,2023-10-31,DBL,540047,A,302.1,315.0,302.1,304.05,305.15,26042,8014020.0
1098987,2023-11-01,DBL,540047,A,302.0,312.25,302.0,306.05,304.05,24993,7707913.0
1098988,2023-11-02,DBL,540047,A,308.95,315.55,308.15,312.05,306.05,19708,6148268.0
1098989,2023-11-03,DBL,540047,A,315.0,321.95,315.0,319.35,312.05,28799,9164323.0
1098990,2023-11-06,DBL,540047,A,320.45,341.05,320.45,326.6,319.35,143058,47681865.0
1098991,2023-11-07,DBL,540047,A,330.95,347.95,324.65,345.0,326.6,236722,80206072.0
1098992,2023-11-08,DBL,540047,A,353.0,365.0,328.0,357.6,345.0,532812,187624851.0
1098993,2023-11-09,DBL,540047,A,357.9,361.85,344.8,347.1,357.6,139819,49558966.0
1098994,2023-11-10,DBL,540047,A,349.5,367.1,340.1,361.95,347.1,124949,44613762.0
1098995,2023-11-12,DBL,540047,A,365.7,377.5,364.9,375.8,361.95,113859,42594154.0
1098996,2023-11-13,DBL,540047,A,377.0,404.0,376.0,398.25,375.8,605834,239566494.0
1098997,2023-11-15,DBL,540047,A,402.05,426.6,402.05,422.9,398.25,182896,76071520.0
1098998,2023-11-16,DBL,540047,A,422.75,429.65,414.65,418.05,422.9,173921,73281387.0
1098999,2023-11-17,DBL,540047,A,421.0,424.35,410.05,413.25,418.05,49830,20724550.0
1099000,2023-11-20,DBL,540047,A,405.3,420.0,405.3,413.4,413.25,102274,42431188.0
1099001,2023-11-21,DBL,540047,A,415.0,429.8,410.15,422.25,413.4,85940,36159336.0
1099002,2023-11-22,DBL,540047,A,423.8,439.35,423.8,427.1,422.25,175150,75540592.0
1099003,2023-11-23,DBL,540047,A,427.1,433.0,424.5,426.85,427.1,38123,16307632.0
1099004,2023-11-24,DBL,540047,A,429.9,430.0,420.25,421.75,426.85,50969,21589991.0
1099005,2023-11-28,DBL,540047,A,423.75,426.45,411.7,412.85,421.75,26672,11143933.0
1099006,2023-11-29,DBL,540047,A,412.3,419.7,398.15,400.4,412.85,52896,21413936.0
1099007,2023-11-30,DBL,540047,A,399.0,406.0,393.35,395.7,400.4,114042,45576614.0
1099008,2023-12-01,DBL,540047,A,401.0,402.55,390.4,392.2,395.7,75578,29893999.0
1099009,2023-12-04,DBL,540047,A,413.05,437.0,398.5,401.85,392.2,320666,132951720.0
1099010,2023-12-05,DBL,540047,A,404.65,405.8,392.25,394.4,401.85,44745,17809983.0
1099011,2023-12-06,DBL,540047,A,398.7,417.35,393.05,412.15,394.4,210159,86006311.0
1099012,2023-12-07,DBL,540047,A,410.95,411.0,403.6,405.3,412.15,73840,29978071.0
1099013,2023-12-08,DBL,540047,A,407.8,412.4,396.35,398.75,405.3,30170,12214741.0
1099014,2023-12-11,DBL,540047,A,398.7,405.7,395.8,401.5,398.75,41335,16530059.0
1099015,2023-12-12,DBL,540047,A,401.95,403.3,393.0,396.1,401.5,21351,8502928.0
1099016,2023-12-13,DBL,540047,A,397.85,405.7,397.25,398.5,396.1,14448,5789874.0
1099017,2023-12-14,DBL,540047,A,401.45,404.15,392.05,393.1,398.5,19636,7792110.0
1099018,2023-12-15,DBL,540047,A,400.0,402.95,392.0,394.5,393.1,61251,24257562.0
1099019,2023-12-18,DBL,540047,A,396.4,400.6,394.2,397.55,394.5,14659,5817088.0
1099020,2023-12-19,DBL,540047,A,398.55,400.2,389.5,391.95,397.55,63986,25186800.0
1099021,2023-12-20,DBL,540047,A,394.95,395.9,361.1,365.35,391.95,144209,54164487.0
1099022,2023-12-21,DBL,540047,A,360.4,386.25,355.5,384.95,365.35,75397,28247439.0
1099023,2023-12-22,DBL,540047,A,388.9,393.5,382.25,386.55,384.95,51442,19931226.0
1099024,2023-12-26,DBL,540047,A,387.65,403.0,386.85,392.05,386.55,44689,17722760.0
1099025,2023-12-27,DBL,540047,A,394.25,396.6,384.95,386.6,392.05,43481,16987451.0
1099026,2023-12-28,DBL,540047,A,387.05,394.45,384.8,393.45,386.6,23471,9143753.0
1099027,2023-12-29,DBL,540047,A,392.6,394.2,383.0,384.65,393.45,47414,18381703.0
1099028,2024-01-01,DBL,540047,A,389.85,389.85,378.5,381.25,384.65,9961,3830000.0
1099029,2024-01-02,DBL,540047,A,382.15,385.0,374.1,378.7,381.25,57482,21768453.0
1099030,2024-01-03,DBL,540047,A,378.1,385.15,374.95,382.4,378.7,57476,21835764.0
1099031,2024-01-04,DBL,540047,A,382.3,391.5,382.3,386.6,382.4,22703,8791530.0
1099032,2024-01-05,DBL,540047,A,388.9,407.0,388.8,392.65,386.6,106948,42587587.0
1099033,2024-01-08,DBL,540047,A,399.5,403.65,393.2,396.8,392.65,47105,18782851.0
1099034,2024-01-09,DBL,540047,A,396.0,411.0,396.0,400.35,396.8,105973,42802865.0
1099035,2024-01-10,DBL,540047,A,403.75,406.95,397.75,401.85,400.35,25223,10147382.0
1099036,2024-01-11,DBL,540047,A,402.0,410.05,398.6,402.1,401.85,68421,27802410.0
1099037,2024-01-12,DBL,540047,A,403.45,413.6,402.25,409.5,402.1,107144,43835747.0
1099038,2024-01-15,DBL,540047,A,411.75,412.35,403.45,405.9,409.5,27135,11017850.0
1099039,2024-01-16,DBL,540047,A,406.3,412.45,392.0,396.55,405.9,101610,40777803.0
1099040,2024-01-17,DBL,540047,A,385.05,399.35,385.05,389.1,396.55,62327,24473652.0
1099041,2024-01-18,DBL,540047,A,389.0,393.6,374.1,387.15,389.1,29061,11164708.0
1099042,2024-01-19,DBL,540047,A,394.9,395.55,387.95,389.25,387.15,33076,12958820.0
1099043,2024-01-20,DBL,540047,A,394.65,394.65,383.9,386.35,389.25,8169,3185777.0
1099044,2024-01-23,DBL,540047,A,389.35,391.6,365.5,368.95,386.35,57504,21732114.0
1099045,2024-01-24,DBL,540047,A,368.8,386.0,366.95,384.15,368.95,43369,16431556.0
1099046,2024-01-25,DBL,540047,A,386.0,387.35,373.5,375.1,384.15,22012,8326951.0
1099047,2024-01-29,DBL,540047,A,379.8,399.85,373.35,394.8,375.1,56662,22036418.0
1099048,2024-01-30,DBL,540047,A,397.9,407.95,394.6,397.5,394.8,41650,16715934.0
1099049,2024-01-31,DBL,540047,A,396.55,402.45,394.65,400.0,397.5,26901,10733955.0
1099050,2024-02-01,DBL,540047,A,403.25,406.2,397.25,398.85,400.0,27361,10985951.0
1099051,2024-02-02,DBL,540047,A,402.0,428.25,401.4,413.6,398.85,97670,40942914.0
1099052,2024-02-05,DBL,540047,A,418.15,418.8,385.0,387.4,413.6,150134,60168655.0
1099053,2024-02-06,DBL,540047,A,394.35,404.3,387.0,401.45,387.4,73894,29422510.0
1099054,2024-02-07,DBL,540047,A,401.75,418.0,401.75,407.0,401.45,38252,15729832.0
1099055,2024-02-08,DBL,540047,A,395.95,403.7,391.35,393.9,407.0,21568,8542745.0
1099056,2024-02-09,DBL,540047,A,395.15,414.8,382.9,411.85,393.9,137035,54902912.0
1099057,2024-02-12,DBL,540047,A,414.9,416.15,385.25,388.05,411.85,55760,21975083.0
1099058,2024-02-13,DBL,540047,A,390.0,396.55,375.75,383.75,388.05,75518,29242014.0
1099059,2024-02-14,DBL,540047,A,379.05,460.5,378.5,456.4,383.75,788379,342649217.0
1099060,2024-02-15,DBL,540047,A,455.65,466.5,446.0,450.85,456.4,238025,108857563.0
1099061,2024-02-16,DBL,540047,A,466.35,485.9,451.35,453.8,450.85,347157,162757279.0
1099062,2024-02-19,DBL,540047,A,459.85,504.45,456.0,495.05,453.8,482043,233055212.0
1099063,2024-02-20,DBL,540047,A,498.9,498.9,475.8,478.4,495.05,72784,35245757.0
1099064,2024-02-21,DBL,540047,A,478.9,485.1,451.1,456.65,478.4,36421,17005448.0
1099065,2024-02-22,DBL,540047,A,461.6,468.9,438.6,465.95,456.65,40743,18705963.0
1099066,2024-02-23,DBL,540047,A,472.45,476.95,457.05,457.85,465.95,43459,20126112.0
1099067,2024-02-26,DBL,540047,A,458.2,463.85,448.3,452.0,457.85,14567,6629313.0
1099068,2024-02-27,DBL,540047,A,458.45,460.5,444.95,446.4,452.0,18867,8541713.0
1099069,2024-02-28,DBL,540047,A,448.05,455.15,432.0,436.2,446.4,17171,7549157.0
1099070,2024-02-29,DBL,540047,A,436.2,442.45,424.0,436.5,436.2,29447,12807283.0
1099071,2024-03-01,DBL,540047,A,445.5,462.0,445.5,457.0,436.5,81128,36907150.0
1099072,2024-03-02,DBL,540047,A,457.55,468.75,457.55,460.9,457.0,4224,1955440.0
1099073,2024-03-04,DBL,540047,A,461.2,463.25,445.85,447.15,460.9,33183,14972680.0
1099074,2024-03-05,DBL,540047,A,447.35,448.0,437.0,439.7,447.15,14302,6321393.0
1099075,2024-03-06,DBL,540047,A,439.6,442.0,425.55,433.0,439.7,61330,26527910.0
1099076,2024-03-07,DBL,540047,A,434.5,444.0,434.5,437.4,433.0,31151,13658745.0
1099077,2024-03-11,DBL,540047,A,446.65,448.65,427.55,432.4,437.4,30124,13143509.0
1099078,2024-03-12,DBL,540047,A,432.0,434.6,415.0,418.8,432.4,68021,28819145.0
1099079,2024-03-13,DBL,540047,A,419.45,424.7,381.15,386.9,418.8,111105,44666528.0
1099080,2024-03-14,DBL,540047,A,382.95,416.8,377.3,410.55,386.9,68929,27869285.0
1099081,2024-03-15,DBL,540047,A,409.5,419.15,395.55,405.6,410.55,34848,14107915.0
1099082,2024-03-18,DBL,540047,A,405.8,416.35,400.3,411.75,405.6,34468,14108068.0
1099083,2024-03-19,DBL,540047,A,412.95,416.2,394.9,397.25,411.75,32866,13252522.0
1099084,2024-03-20,DBL,540047,A,398.85,402.7,390.0,398.4,397.25,31934,12639113.0
1099085,2024-03-21,DBL,540047,A,398.45,409.95,398.45,405.85,398.4,11734,4762835.0
1099086,2024-03-22,DBL,540047,A,405.85,417.95,404.6,415.65,405.85,12772,5265623.0
1099087,2024-03-26,DBL,540047,A,421.7,421.7,407.95,413.6,415.65,16021,6646876.0
1099088,2024-03-27,DBL,540047,A,410.1,433.0,410.1,425.15,413.6,48861,20766666.0
1099089,2024-03-28,DBL,540047,A,428.95,469.0,428.05,456.85,425.15,123362,56375045.0
1099090,2024-04-01,DBL,540047,A,457.0,461.0,451.3,458.2,456.85,30042,13674615.0
1099091,2024-04-02,DBL,540047,A,450.0,471.55,450.0,465.2,458.2,35034,16309294.0
1099092,2024-04-03,DBL,540047,A,463.3,469.15,457.8,459.55,465.2,37629,17425136.0
1099093,2024-04-04,DBL,540047,A,465.95,471.0,458.75,467.6,459.55,28002,13041870.0
1099094,2024-04-05,DBL,540047,A,468.7,472.5,462.8,468.0,467.6,11572,5415623.0
1099095,2024-04-08,DBL,540047,A,472.95,479.2,465.8,469.65,468.0,18775,8850437.0
1099096,2024-04-09,DBL,540047,A,495.25,500.4,465.05,467.9,469.65,162886,78199038.0
1099097,2024-04-10,DBL,540047,A,470.55,470.55,459.95,464.85,467.9,20055,9312320.0
1099098,2024-04-12,DBL,540047,A,462.4,468.15,454.95,458.0,464.85,16112,7427432.0
1099099,2024-04-15,DBL,540047,A,420.05,452.3,420.05,443.2,458.0,62393,27503976.0
1099100,2024-04-16,DBL,540047,A,440.45,449.95,440.0,446.35,443.2,7286,3247381.0
1099101,2024-04-18,DBL,540047,A,446.55,453.4,425.35,428.1,446.35,19837,8694555.0
1099102,2024-04-19,DBL,540047,A,424.65,438.1,421.6,432.8,428.1,29764,12837180.0
1099103,2024-04-22,DBL,540047,A,439.45,446.6,438.25,445.2,432.8,14757,6535901.0
1099104,2024-04-23,DBL,540047,A,449.2,457.75,442.05,454.3,445.2,29368,13217336.0
1099105,2024-04-24,DBL,540047,A,455.55,474.0,455.5,463.8,454.3,66220,30968285.0
1099106,2024-04-25,DBL,540047,A,464.0,464.0,456.6,462.0,463.8,11941,5503299.0
1099107,2024-04-26,DBL,540047,A,462.25,462.25,450.0,452.85,462.0,38269,17477714.0
1099108,2024-04-29,DBL,540047,A,459.4,463.15,451.55,460.05,452.85,19725,9013874.0
1099109,2024-04-30,DBL,540047,A,462.55,482.2,458.45,469.95,460.05,88294,41817801.0
1099110,2024-05-02,DBL,540047,A,472.75,472.85,464.0,465.5,469.95,13222,6179158.0
1099111,2024-05-03,DBL,540047,A,466.7,468.65,459.05,465.5,465.5,30186,14026596.0
1099112,2024-05-06,DBL,540047,A,470.3,484.3,460.0,471.95,465.5,28560,13520795.0
1099113,2024-05-07,DBL,540047,A,475.5,489.85,455.0,458.55,471.95,28438,13338499.0
1099114,2024-05-08,DBL,540047,A,460.15,479.85,453.05,470.75,458.55,27187,12769600.0
1099115,2024-05-09,DBL,540047,A,479.4,479.4,454.35,457.7,470.75,14577,6738632.0
1099116,2024-05-10,DBL,540047,A,458.05,472.7,440.05,470.6,457.7,48541,22277280.0
1099117,2024-05-13,DBL,540047,A,469.35,469.35,442.2,444.05,470.6,28666,12922676.0
1099118,2024-05-14,DBL,540047,A,445.05,447.25,436.25,437.55,444.05,17335,7607177.0
1099119,2024-05-15,DBL,540047,A,437.15,446.6,435.0,435.7,437.55,26125,11480841.0
1099120,2024-05-16,DBL,540047,A,438.95,450.9,433.6,447.7,435.7,17230,7626947.0
1099121,2024-05-17,DBL,540047,A,448.25,448.25,437.95,440.0,447.7,20641,9100137.0
1099122,2024-05-18,DBL,540047,A,441.6,447.3,441.1,444.5,440.0,2436,1082100.0
1099123,2024-05-21,DBL,540047,A,440.4,441.4,434.15,436.5,444.5,14348,6283674.0
1099124,2024-05-22,DBL,540047,A,437.15,440.6,428.7,429.95,436.5,24294,10488729.0
1099125,2024-05-23,DBL,540047,A,430.1,431.95,423.55,425.45,429.95,13117,5595394.0
1099126,2024-05-24,DBL,540047,A,425.05,431.85,420.1,426.6,425.45,11550,4926659.0
1099127,2024-05-27,DBL,540047,A,429.85,429.85,420.0,421.45,426.6,13000,5501579.0
1099128,2024-05-28,DBL,540047,A,427.75,427.75,407.25,409.7,421.45,32983,13606195.0
1099129,2024-05-29,DBL,540047,A,405.9,412.9,402.4,406.15,409.7,20677,8421536.0
1099130,2024-05-30,DBL,540047,A,409.8,411.15,402.0,404.35,406.15,36529,14815155.0
1099131,2024-05-31,DBL,540047,A,411.3,412.75,402.8,406.0,404.35,27790,11297138.0
1099132,2024-06-03,DBL,540047,A,421.05,437.8,419.1,427.05,406.0,80883,34612257.0
1099133,2024-06-04,DBL,540047,A,427.0,428.0,341.65,378.75,427.05,140733,54932540.0
1099134,2024-06-05,DBL,540047,A,392.0,409.75,372.7,402.4,378.75,43885,17550366.0
1099135,2024-06-06,DBL,540047,A,408.0,435.8,408.0,428.0,402.4,27664,11836765.0
1099136,2024-06-07,DBL,540047,A,433.9,445.5,426.5,436.85,428.0,22166,9673137.0
1099137,2024-06-10,DBL,540047,A,445.65,477.0,445.65,455.5,436.85,65519,30240438.0
1099138,2024-06-11,DBL,540047,A,462.35,462.35,448.4,454.2,455.5,46997,21340738.0
1099139,2024-06-12,DBL,540047,A,457.65,461.0,453.05,456.45,454.2,36089,16514079.0
1099140,2024-06-13,DBL,540047,A,455.55,514.7,455.55,497.45,456.45,436855,218557499.0
1099141,2024-06-14,DBL,540047,A,496.25,509.15,493.6,500.1,497.45,58921,29580237.0
1099142,2024-06-18,DBL,540047,A,497.0,507.05,486.65,490.15,500.1,46241,22914847.0
1099143,2024-06-19,DBL,540047,A,500.0,546.0,488.45,525.65,490.15,310121,163533079.0
1099144,2024-06-20,DBL,540047,A,525.0,556.3,516.2,549.1,525.65,114512,62093705.0
1099145,2024-06-21,DBL,540047,A,548.75,564.0,531.2,542.55,549.1,155433,84996554.0
1099146,2024-06-24,DBL,540047,A,525.35,559.0,525.35,547.75,542.55,92260,50488463.0
1099147,2024-06-25,DBL,540047,A,553.25,553.25,532.25,534.45,547.75,18280,9900787.0
1099148,2024-06-26,DBL,540047,A,544.85,548.5,530.85,542.55,534.45,58574,31670637.0
1099149,2024-06-27,DBL,540047,A,542.55,553.7,515.45,519.05,542.55,57055,30467266.0
1099150,2024-06-28,DBL,540047,A,530.0,530.0,513.95,522.35,519.05,27127,14132071.0
1099151,2024-07-01,DBL,540047,A,520.05,528.8,519.95,524.5,522.35,15960,8365284.0
1099152,2024-07-02,DBL,540047,A,524.5,543.55,520.65,539.5,524.5,36728,19543142.0
1099153,2024-07-03,DBL,540047,A,537.0,541.0,530.0,532.65,539.5,18469,9879279.0
1099154,2024-07-04,DBL,540047,A,532.65,553.5,532.65,547.2,532.65,58169,31681707.0
1099155,2024-07-05,DBL,540047,A,547.8,547.8,538.75,541.25,547.2,53304,28902006.0
1099156,2024-07-08,DBL,540047,A,546.0,549.3,527.65,532.5,541.25,34696,18666936.0
1099157,2024-07-09,DBL,540047,A,545.0,559.3,537.85,550.3,532.5,88943,49134581.0
1099158,2024-07-10,DBL,540047,A,553.65,557.3,517.7,535.3,550.3,93348,49662659.0
1099159,2024-07-11,DBL,540047,A,535.3,538.55,531.75,534.3,535.3,30208,16147968.0
1099160,2024-07-12,DBL,540047,A,534.7,550.0,531.4,535.1,534.3,20290,10943874.0
1099161,2024-07-15,DBL,540047,A,535.4,538.6,524.45,530.0,535.1,42375,22430618.0
1099162,2024-07-16,DBL,540047,A,530.0,534.85,528.85,532.15,530.0,15106,8039111.0
1099163,2024-07-18,DBL,540047,A,530.05,541.95,519.0,523.85,532.15,53954,28508243.0
1099164,2024-07-19,DBL,540047,A,523.85,525.0,504.6,507.1,523.85,52485,26800732.0
1099165,2024-07-22,DBL,540047,A,500.0,525.55,498.0,522.9,507.1,17079,8774825.0
1099166,2024-07-23,DBL,540047,A,522.9,525.9,476.8,509.2,522.9,38065,19288243.0
1099167,2024-07-24,DBL,540047,A,507.75,529.6,506.1,523.05,509.2,36531,19088095.0
1099168,2024-07-25,DBL,540047,A,504.95,525.0,504.95,515.4,523.05,15799,8212401.0
1099169,2024-07-26,DBL,540047,A,515.0,536.0,515.0,517.1,515.4,30078,15848984.0
1099170,2024-07-29,DBL,540047,A,521.0,523.6,512.35,514.55,517.1,13060,6736331.0
1099171,2024-07-30,DBL,540047,A,520.0,528.05,513.15,516.05,514.55,33328,17376146.0
1099172,2024-07-31,DBL,540047,A,515.5,524.9,515.0,518.25,516.05,17788,9233111.0
1099173,2024-08-01,DBL,540047,A,513.3,523.15,503.0,506.45,518.25,20411,10409406.0
1099174,2024-08-02,DBL,540047,A,496.35,519.9,496.35,514.35,506.45,28594,14530409.0
1099175,2024-08-05,DBL,540047,A,503.75,523.5,500.3,502.75,514.35,23977,12200388.0
1099176,2024-08-06,DBL,540047,A,503.0,517.2,503.0,507.5,502.75,9593,4885605.0
1099177,2024-08-07,DBL,540047,A,509.0,549.5,507.9,544.5,507.5,114526,61048885.0
1099178,2024-08-08,DBL,540047,A,548.9,566.15,533.6,536.45,544.5,53082,29237998.0
1099179,2024-08-09,DBL,540047,A,547.95,548.0,536.8,539.95,536.45,36856,19912149.0
1099180,2024-08-12,DBL,540047,A,529.15,560.0,529.15,556.7,539.95,59077,32538480.0
1099181,2024-08-13,DBL,540047,A,562.3,585.0,536.5,539.25,556.7,195595,109766830.0
1099182,2024-08-14,DBL,540047,A,546.8,546.8,507.95,511.95,539.25,78700,40963094.0
1099183,2024-08-16,DBL,540047,A,519.9,519.9,498.75,504.9,511.95,34933,17663707.0
1099184,2024-08-19,DBL,540047,A,505.05,529.95,505.05,514.9,504.9,74630,38807111.0
1099185,2024-08-20,DBL,540047,A,518.15,523.0,515.0,521.25,514.9,21837,11341201.0
1099186,2024-08-21,DBL,540047,A,521.2,536.0,519.7,527.8,521.25,26985,14245024.0
1099187,2024-08-22,DBL,540047,A,532.7,533.65,518.5,520.8,527.8,15191,7968420.0
1099188,2024-08-23,DBL,540047,A,527.85,545.7,526.9,537.85,520.8,31166,16745079.0
1099189,2024-08-26,DBL,540047,A,541.7,555.45,535.0,537.2,537.85,55186,30127247.0
1099190,2024-08-27,DBL,540047,A,544.55,584.95,538.25,576.35,537.2,177706,100960429.0
1099191,2024-08-28,DBL,540047,A,576.9,588.4,561.0,563.75,576.35,53612,30803812.0
1099192,2024-08-29,DBL,540047,A,561.0,566.35,541.75,544.3,563.75,56215,30978389.0
1099193,2024-08-30,DBL,540047,A,548.8,564.55,541.15,561.2,544.3,22522,12494002.0
1099194,2024-09-02,DBL,540047,A,570.95,570.95,545.65,547.35,561.2,17361,9590298.0
1099195,2024-09-03,DBL,540047,A,554.95,556.35,547.0,551.65,547.35,25579,14130110.0
1099196,2024-09-04,DBL,540047,A,542.05,557.4,541.05,552.0,551.65,17794,9810793.0
1099197,2024-09-05,DBL,540047,A,552.0,581.55,550.8,560.9,552.0,83425,47196847.0
1099198,2024-09-06,DBL,540047,A,567.2,567.2,541.45,546.1,560.9,31108,17145088.0
1099199,2024-09-09,DBL,540047,A,549.95,549.95,531.0,533.65,546.1,23985,12845834.0
1099200,2024-09-10,DBL,540047,A,533.9,564.7,533.9,562.1,533.65,42512,23472772.0
1099201,2024-09-11,DBL,540047,A,569.85,573.1,548.65,553.15,562.1,35057,19695936.0
1099202,2024-09-12,DBL,540047,A,554.05,561.45,548.65,552.85,553.15,9632,5319998.0
1099203,2024-09-13,DBL,540047,A,548.35,582.4,548.35,563.75,552.85,34027,19396572.0
1099204,2024-09-16,DBL,540047,A,553.0,561.4,552.0,554.2,563.75,21699,12058835.0
1099205,2024-09-17,DBL,540047,A,556.5,560.85,538.7,540.55,554.2,17781,9752678.0
1099206,2024-09-18,DBL,540047,A,545.45,556.5,533.95,535.8,540.55,68694,37719245.0
1099207,2024-09-19,DBL,540047,A,535.9,543.0,515.0,522.55,535.8,38593,20260980.0
1099208,2024-09-20,DBL,540047,A,525.7,527.45,518.7,522.0,522.55,30137,15751139.0
1099209,2024-09-23,DBL,540047,A,525.5,579.0,525.5,562.05,522.0,109885,62141459.0
1099210,2024-09-24,DBL,540047,A,562.05,563.0,541.0,543.2,562.05,46731,25705564.0
1099211,2024-09-25,DBL,540047,A,552.95,552.95,532.0,537.65,543.2,31961,17209942.0
1099212,2024-09-26,DBL,540047,A,535.0,537.4,530.0,531.9,537.65,17308,9228413.0
1099213,2024-09-27,DBL,540047,A,530.0,550.65,526.95,529.6,531.9,34082,18352456.0
1099214,2024-09-30,DBL,540047,A,532.0,535.15,520.85,527.45,529.6,14394,7600797.0
1099215,2024-10-01,DBL,540047,A,523.15,540.45,523.15,529.95,527.45,16239,8664229.0
1099216,2024-10-03,DBL,540047,A,526.0,530.3,518.45,520.05,529.95,14387,7511964.0
1099217,2024-10-04,DBL,540047,A,510.15,526.95,505.95,510.35,520.05,33059,17061734.0
1099218,2024-10-07,DBL,540047,A,511.0,520.7,482.7,485.7,510.35,50187,24823238.0
1099219,2024-10-08,DBL,540047,A,455.0,505.55,455.0,500.5,485.7,8927,4447026.0
1099220,2024-10-09,DBL,540047,A,510.0,515.1,500.7,502.25,500.5,7070,3602743.0
1099221,2024-10-10,DBL,540047,A,510.0,520.95,508.35,517.25,502.25,10116,5218340.0
1099222,2024-10-11,DBL,540047,A,517.25,519.3,509.8,511.9,517.25,12194,6250607.0
1099223,2024-10-14,DBL,540047,A,510.25,519.95,507.15,511.85,511.9,14253,7322648.0
1099224,2024-10-15,DBL,540047,A,517.9,517.9,506.65,512.55,511.85,11772,6030842.0
1099225,2024-10-16,DBL,540047,A,504.3,516.8,504.3,508.5,512.55,4905,2504129.0
1099226,2024-10-17,DBL,540047,A,508.5,511.3,495.05,499.05,508.5,14023,7030326.0
1099227,2024-10-18,DBL,540047,A,496.05,499.45,485.35,497.5,499.05,10756,5324510.0
1099228,2024-10-21,DBL,540047,A,507.95,507.95,487.65,493.45,497.5,6973,3439036.0
1099229,2024-10-22,DBL,540047,A,486.2,490.1,460.0,465.45,493.45,19660,9372673.0
1099230,2024-10-23,DBL,540047,A,463.7,491.6,459.0,489.85,465.45,60802,29372645.0
1099231,2024-10-24,DBL,540047,A,489.05,489.05,468.0,472.75,489.85,22524,10743333.0
1099232,2024-10-25,DBL,540047,A,465.35,472.95,459.0,466.75,472.75,19961,9314170.0
1099233,2024-10-28,DBL,540047,A,469.05,482.95,467.55,477.9,466.75,10778,5135402.0
1099234,2024-10-29,DBL,540047,A,477.9,483.15,473.5,479.8,477.9,8929,4281958.0
1099235,2024-10-30,DBL,540047,A,490.0,494.9,481.45,491.05,479.8,8151,3996729.0
1099236,2024-10-31,DBL,540047,A,490.0,504.65,489.05,500.95,491.05,22430,11225351.0
1099237,2024-11-01,DBL,540047,A,512.65,512.65,502.45,506.1,500.95,2020,1023411.0
1099238,2024-11-04,DBL,540047,A,507.55,507.55,486.95,488.4,506.1,12862,6314807.0
1099239,2024-11-05,DBL,540047,A,486.95,496.65,486.95,491.3,488.4,2309,1135961.0
1099240,2024-11-06,DBL,540047,A,499.9,505.05,493.05,503.15,491.3,5903,2947747.0
1099241,2024-11-07,DBL,540047,A,510.95,510.95,500.8,502.35,503.15,4632,2336682.0
1099242,2024-11-08,DBL,540047,A,495.0,504.9,483.9,487.0,502.35,8381,4137974.0
1099243,2024-11-11,DBL,540047,A,485.0,491.85,480.0,484.15,487.0,17839,8685067.0
1099244,2024-11-12,DBL,540047,A,485.3,503.2,480.85,495.7,484.15,15722,7728772.0
1099245,2024-11-13,DBL,540047,A,487.45,490.3,471.55,477.45,495.7,21950,10464570.0
1099246,2024-11-14,DBL,540047,A,487.15,488.5,452.0,454.55,477.45,35684,16590751.0
1099247,2024-11-18,DBL,540047,A,454.05,457.25,430.45,432.05,454.55,15589,6864222.0
1099248,2024-11-19,DBL,540047,A,436.2,447.8,434.1,435.55,432.05,15023,6619692.0
1099249,2024-11-21,DBL,540047,A,437.05,437.95,422.2,427.05,435.55,20014,8561575.0
1099250,2024-11-22,DBL,540047,A,429.25,435.35,425.0,433.3,427.05,9776,4217153.0
1099251,2024-11-25,DBL,540047,A,437.25,449.55,435.85,445.9,433.3,16215,7189391.0
1099252,2024-11-26,DBL,540047,A,444.0,458.0,441.3,447.9,445.9,14970,6736594.0
1099253,2024-11-27,DBL,540047,A,446.2,452.9,446.0,450.5,447.9,7740,3483476.0
1099254,2024-11-28,DBL,540047,A,454.35,495.55,454.35,492.55,450.5,39742,19121743.0
1099255,2024-11-29,DBL,540047,A,487.3,488.95,480.0,481.65,492.55,13835,6691218.0
1099256,2024-12-02,DBL,540047,A,480.1,493.45,478.9,490.1,481.65,9922,4816527.0
1099257,2024-12-03,DBL,540047,A,495.0,501.7,493.15,500.7,490.1,8344,4151668.0
1099258,2024-12-04,DBL,540047,A,509.3,509.3,494.75,497.3,500.7,3238,1612582.0
1099259,2024-12-05,DBL,540047,A,495.0,500.95,486.25,491.75,497.3,4674,2294215.0
1099260,2024-12-06,DBL,540047,A,493.1,500.0,490.05,496.4,491.75,6313,3138151.0
1099261,2024-12-09,DBL,540047,A,501.35,510.5,494.05,499.9,496.4,9777,4918296.0
1099262,2024-12-10,DBL,540047,A,502.35,513.55,499.25,509.7,499.9,6945,3508459.0
1099263,2024-12-11,DBL,540047,A,514.85,515.15,503.2,506.0,509.7,5713,2894174.0
1099264,2024-12-12,DBL,540047,A,501.1,505.4,495.6,502.0,506.0,2775,1389128.0
1099265,2024-12-13,DBL,540047,A,497.05,497.05,489.0,493.95,502.0,6765,3331255.0
1099266,2024-12-16,DBL,540047,A,492.0,500.0,489.05,493.3,493.95,4673,2303418.0
1099267,2024-12-17,DBL,540047,A,494.0,497.75,486.25,488.35,493.3,5102,2506186.0
1099268,2024-12-18,DBL,540047,A,497.9,497.9,471.35,474.6,488.35,9197,4419162.0
1099269,2024-12-19,DBL,540047,A,461.25,484.4,461.25,479.95,474.6,11285,5391959.0
1099270,2024-12-20,DBL,540047,A,487.6,487.6,466.4,469.3,479.95,9516,4499201.0
1099271,2024-12-23,DBL,540047,A,478.7,478.7,459.0,464.2,469.3,8198,3838993.0
1099272,2024-12-24,DBL,540047,A,457.05,470.15,456.75,459.25,464.2,2791,1290480.0
1099273,2024-12-26,DBL,540047,A,457.7,467.55,457.4,461.35,459.25,11444,5280369.0
1099274,2024-12-27,DBL,540047,A,469.65,469.65,446.5,448.6,461.35,5883,2670441.0
1099275,2024-12-30,DBL,540047,A,448.6,458.7,445.75,447.05,448.6,5465,2469672.0
1099276,2024-12-31,DBL,540047,A,447.05,453.1,441.95,450.0,447.05,4099,1826204.0
1099277,2025-01-01,DBL,540047,A,461.95,461.95,450.65,456.15,450.0,3710,1687393.0
1099278,2025-01-02,DBL,540047,A,451.0,460.95,450.5,451.2,456.15,6862,3113397.0
1099279,2025-01-03,DBL,540047,A,450.05,482.15,450.05,465.2,451.2,20740,9662139.0
1099280,2025-01-06,DBL,540047,A,474.5,474.5,437.0,443.65,465.2,10413,4655021.0
1099281,2025-01-07,DBL,540047,A,442.5,450.95,437.0,441.2,443.65,15408,6819793.0
1099282,2025-01-08,DBL,540047,A,437.05,446.15,429.0,441.8,441.2,15235,6631969.0
1099283,2025-01-09,DBL,540047,A,433.0,442.15,430.95,432.15,441.8,8425,3663412.0
1099284,2025-01-10,DBL,540047,A,444.85,444.85,416.6,420.5,432.15,11960,5051721.0
1099285,2025-01-13,DBL,540047,A,419.95,423.4,404.45,405.75,420.5,11753,4885659.0
1099286,2025-01-14,DBL,540047,A,410.65,422.6,405.75,420.2,405.75,8164,3398348.0
1099287,2025-01-15,DBL,540047,A,424.95,426.8,413.55,422.0,420.2,6251,2632997.0
1099288,2025-01-16,DBL,540047,A,422.0,432.2,420.3,422.2,422.0,9688,4106566.0
1099289,2025-01-17,DBL,540047,A,415.0,425.95,415.0,423.9,422.2,4626,1955355.0
1099290,2025-01-20,DBL,540047,A,426.95,431.9,423.2,430.05,423.9,3361,1436108.0
1099291,2025-01-21,DBL,540047,A,430.0,439.0,422.05,425.55,430.05,9384,4035544.0
1099292,2025-01-22,DBL,540047,A,423.25,424.65,406.0,415.0,425.55,9710,4004574.0
1099293,2025-01-23,DBL,540047,A,415.35,416.75,408.95,414.3,415.0,7996,3306656.0
1099294,2025-01-24,DBL,540047,A,414.3,416.85,400.5,403.05,414.3,7489,3039737.0
1099295,2025-01-27,DBL,540047,A,404.8,404.8,375.1,377.35,403.05,25146,9566209.0
1099296,2025-01-28,DBL,540047,A,377.55,394.1,363.45,383.7,377.35,509721,188168439.0
1099297,2025-01-29,DBL,540047,A,383.5,411.4,383.0,403.95,383.7,714991,286010139.0
1099298,2025-01-30,DBL,540047,A,403.95,409.45,402.1,406.15,403.95,8216,3338922.0
1099299,2025-01-31,DBL,540047,A,406.15,436.5,406.0,434.25,406.15,51684,21722559.0
1099300,2025-02-01,DBL,540047,A,429.0,436.35,414.25,416.85,434.25,8412,3581297.0
1099301,2025-02-03,DBL,540047,A,410.05,419.25,406.1,412.45,416.85,24726,10178242.0
1099302,2025-02-04,DBL,540047,A,415.0,452.0,414.45,448.75,412.45,42890,19061497.0
1099303,2025-02-05,DBL,540047,A,448.6,453.45,440.4,442.35,448.75,12353,5524817.0
1099304,2025-02-06,DBL,540047,A,433.35,452.0,433.35,450.75,442.35,12502,5583238.0
1099305,2025-02-07,DBL,540047,A,449.05,453.45,439.05,447.8,450.75,29482,13037259.0
1099306,2025-02-10,DBL,540047,A,441.15,447.8,431.95,434.55,447.8,8122,3551804.0
1099307,2025-02-11,DBL,540047,A,434.7,436.9,407.7,415.4,434.55,12827,5378214.0
1099308,2025-02-12,DBL,540047,A,415.0,421.95,401.0,411.1,415.4,23077,9451426.0
1099309,2025-02-13,DBL,540047,A,404.05,418.9,404.05,407.4,411.1,9389,3855284.0
1099310,2025-02-14,DBL,540047,A,407.4,408.35,383.85,392.8,407.4,16230,6365034.0
1099311,2025-02-17,DBL,540047,A,400.7,422.2,382.45,415.8,392.8,40968,16743077.0
1099312,2025-02-18,DBL,540047,A,392.05,416.0,392.05,411.35,415.8,14463,5921704.0
1099313,2025-02-19,DBL,540047,A,420.2,443.9,410.35,441.6,411.35,14633,6357266.0
1099314,2025-02-20,DBL,540047,A,436.05,454.45,436.05,446.9,441.6,24262,10855452.0
1099315,2025-02-21,DBL,540047,A,442.15,454.2,434.6,439.7,446.9,23578,10411895.0
1099316,2025-02-24,DBL,540047,A,433.65,435.0,425.15,427.4,439.7,9443,4061371.0
1099317,2025-02-25,DBL,540047,A,424.05,432.35,422.0,427.5,427.4,5068,2154153.0
1099318,2025-02-27,DBL,540047,A,427.7,429.5,408.6,411.55,427.5,6672,2775944.0
1099319,2025-02-28,DBL,540047,A,412.2,415.35,401.15,413.15,411.55,15020,6135505.0
1099320,2025-03-03,DBL,540047,A,408.7,444.25,408.7,438.0,413.15,47109,20073399.0
1099321,2025-03-04,DBL,540047,A,436.45,457.1,429.35,452.2,438.0,16489,7337689.0
1099322,2025-03-05,DBL,540047,A,452.2,465.0,451.2,463.5,452.2,22833,10505643.0
1099323,2025-03-06,DBL,540047,A,466.9,470.0,451.1,452.55,463.5,16876,7746086.0
1099324,2025-03-07,DBL,540047,A,452.55,471.95,450.5,463.05,452.55,24175,11186304.0
1099325,2025-03-10,DBL,540047,A,463.05,468.65,454.2,457.65,463.05,10839,4977427.0
1099326,2025-03-11,DBL,540047,A,450.0,456.45,444.95,453.75,457.65,16392,7402506.0
1099327,2025-03-12,DBL,540047,A,457.35,457.6,432.2,441.5,453.75,41778,18431608.0
1099328,2025-03-13,DBL,540047,A,441.5,448.0,435.0,436.5,441.5,5701,2507056.0
1099329,2025-03-17,DBL,540047,A,443.7,443.7,430.9,435.6,436.5,3554,1546532.0
1099330,2025-03-18,DBL,540047,A,428.0,454.15,428.0,449.7,435.6,9434,4217284.0
1099331,2025-03-19,DBL,540047,A,450.0,466.0,447.4,453.2,449.7,13802,6273610.0
1099332,2025-03-20,DBL,540047,A,462.3,465.55,450.25,464.25,453.2,7442,3419640.0
1099333,2025-03-21,DBL,540047,A,473.5,477.0,463.75,474.6,464.25,18002,8491936.0
1099334,2025-03-24,DBL,540047,A,473.0,481.75,465.15,469.7,474.6,9667,4561605.0
1099335,2025-03-25,DBL,540047,A,462.05,472.4,454.7,459.35,469.7,18801,8666064.0
1099336,2025-03-26,DBL,540047,A,460.0,466.4,452.05,454.6,459.35,10758,4920902.0
1099337,2025-03-27,DBL,540047,A,448.0,481.2,448.0,478.2,454.6,30082,14235629.0
1099338,2025-03-28,DBL,540047,A,478.2,488.35,474.05,476.1,478.2,26242,12574266.0
1099339,2025-04-01,DBL,540047,A,485.5,485.5,466.05,478.55,476.1,14683,6955571.0
1099340,2025-04-02,DBL,540047,A,478.6,478.6,462.15,473.85,478.55,10426,4918033.0
1099341,2025-04-03,DBL,540047,A,473.8,479.5,468.6,474.25,473.85,4702,2224958.0
1099342,2025-04-04,DBL,540047,A,474.25,474.25,450.9,453.95,474.25,18202,8345548.0
1099343,2025-04-07,DBL,540047,A,381.05,437.15,381.05,434.85,453.95,18998,8142570.0
1099344,2025-04-08,DBL,540047,A,447.8,447.8,436.05,443.25,434.85,5375,2368217.0
1099345,2025-04-09,DBL,540047,A,441.5,441.5,427.5,429.85,443.25,6074,2622435.0
1099346,2025-04-11,DBL,540047,A,449.15,449.15,433.15,441.9,429.85,7697,3373767.0
1099347,2025-04-15,DBL,540047,A,441.0,457.4,441.0,452.95,441.9,3292,1489972.0
1099348,2025-04-16,DBL,540047,A,455.15,461.0,455.1,459.55,452.95,1425,653329.0
1099349,2025-04-17,DBL,540047,A,457.25,464.45,456.15,458.05,459.55,3308,1519620.0
1099350,2025-04-21,DBL,540047,A,450.05,465.95,450.05,464.2,458.05,10993,5089084.0
1099351,2025-04-22,DBL,540047,A,465.0,467.9,458.9,460.95,464.2,4491,2078656.0
1099352,2025-04-23,DBL,540047,A,461.25,466.6,449.0,451.2,460.95,7603,3444872.0
1099353,2025-04-24,DBL,540047,A,465.0,465.0,446.7,453.0,451.2,6683,3012237.0
1099354,2025-04-25,DBL,540047,A,453.6,453.65,437.25,443.0,453.0,3367,1488209.0
1099355,2025-04-28,DBL,540047,A,436.95,447.0,436.5,440.55,443.0,2660,1176267.0
1099356,2025-04-29,DBL,540047,A,444.35,448.1,433.3,436.0,440.55,2287,999806.0
1099357,2025-04-30,DBL,540047,A,430.8,433.05,420.0,421.8,436.0,4552,1936696.0
1099358,2025-05-02,DBL,540047,A,421.8,427.35,413.6,419.7,421.8,8068,3418335.0
1099359,2025-05-05,DBL,540047,A,423.0,432.5,420.5,427.9,419.7,2271,962721.0
1099360,2025-05-06,DBL,540047,A,429.95,429.95,416.85,420.15,427.9,5700,2399783.0
1099361,2025-05-07,DBL,540047,A,415.6,424.55,410.0,420.65,420.15,7529,3157045.0
1099362,2025-05-08,DBL,540047,A,423.0,448.0,422.55,425.25,420.65,11943,5205028.0
1099363,2025-05-09,DBL,540047,A,427.0,443.9,420.85,436.1,425.25,27528,11860760.0
1099364,2025-05-12,DBL,540047,A,458.6,477.15,451.6,463.05,436.1,29904,13914871.0
1099365,2025-05-13,DBL,540047,A,468.0,468.65,460.8,467.0,463.05,5460,2537801.0
1099366,2025-05-14,DBL,540047,A,470.0,475.55,462.25,474.65,467.0,7362,3454818.0
1099367,2025-05-15,DBL,540047,A,470.0,489.0,469.2,478.7,474.65,31098,15058653.0
1099368,2025-05-16,DBL,540047,A,477.05,482.5,470.25,472.65,478.7,11806,5595609.0
1099369,2025-05-19,DBL,540047,A,472.7,491.0,472.7,487.0,472.65,58890,28730796.0
1099370,2025-05-20,DBL,540047,A,475.1,494.2,475.1,477.5,487.0,20228,9777278.0
1099371,2025-05-21,DBL,540047,A,474.0,481.45,471.05,477.25,477.5,3600,1714938.0
1099372,2025-05-22,DBL,540047,A,477.25,479.0,468.25,471.9,477.25,34108,16282376.0
1099373,2025-05-23,DBL,540047,A,471.9,480.15,471.1,479.0,471.9,3130,1495911.0
1099374,2025-05-26,DBL,540047,A,482.55,495.15,477.35,480.75,479.0,18134,8843016.0
1099375,2025-05-27,DBL,540047,A,478.0,491.25,478.0,489.2,480.75,18551,9025971.0
1099376,2025-05-28,DBL,540047,A,495.2,495.25,485.7,490.3,489.2,4353,2129593.0
1099377,2025-05-29,DBL,540047,A,492.35,513.0,488.3,507.7,490.3,19587,9883648.0
1099378,2025-05-30,DBL,540047,A,500.0,515.75,490.0,492.25,507.7,27092,13642808.0
1099379,2025-06-02,DBL,540047,A,496.7,496.7,483.8,487.7,492.25,4852,2364750.0
1099380,2025-06-03,DBL,540047,A,488.0,492.5,483.6,491.45,487.7,36242,17791708.0
1099381,2025-06-04,DBL,540047,A,487.0,507.65,486.0,495.1,491.45,30967,15359305.0
1099382,2025-06-05,DBL,540047,A,504.2,504.2,487.05,490.65,495.1,7665,3773588.0
1099383,2025-06-06,DBL,540047,A,481.55,493.9,481.55,489.65,490.65,10936,5335339.0
1099384,2025-06-09,DBL,540047,A,494.5,540.5,493.5,536.4,489.65,109983,57764670.0
1099385,2025-06-10,DBL,540047,A,535.05,540.0,529.65,531.05,536.4,27522,14669288.0
1099386,2025-06-11,DBL,540047,A,534.8,552.0,528.5,540.4,531.05,18304,9943164.0
1099387,2025-06-12,DBL,540047,A,548.05,554.25,526.9,528.7,540.4,17951,9762830.0
1099388,2025-06-13,DBL,540047,A,518.8,535.0,512.9,533.1,528.7,22364,11695204.0
1099389,2025-06-16,DBL,540047,A,526.05,539.2,519.05,529.35,533.1,11389,5994407.0
1099390,2025-06-17,DBL,540047,A,525.0,533.4,511.55,512.6,529.35,6918,3604209.0
1099391,2025-06-18,DBL,540047,A,512.3,518.95,505.2,507.3,512.6,13024,6629056.0
1099392,2025-06-19,DBL,540047,A,506.85,506.85,484.9,488.05,507.3,13791,6815888.0
1099393,2025-06-20,DBL,540047,A,493.3,505.75,484.4,487.55,488.05,26648,13126435.0
1099394,2025-06-23,DBL,540047,A,486.7,491.75,483.7,487.15,487.55,9639,4700619.0
1099395,2025-06-24,DBL,540047,A,501.95,501.95,487.0,488.85,487.15,6319,3105229.0
1099396,2025-06-25,DBL,540047,A,486.6,502.0,486.6,498.05,488.85,36388,17995511.0
1099397,2025-06-26,DBL,540047,A,504.3,534.85,504.3,511.15,498.05,55719,28968946.0
1099398,2025-06-27,DBL,540047,A,516.7,519.25,509.25,511.9,511.15,11608,5953977.0
1099399,2025-06-30,DBL,540047,A,515.25,518.45,508.25,511.2,511.9,7179,3691516.0
1099400,2025-07-01,DBL,540047,A,511.2,518.0,501.05,513.2,511.2,12147,6152010.0
1099401,2025-07-02,DBL,540047,A,519.1,523.9,504.1,506.95,513.2,8999,4611875.0
1099402,2025-07-03,DBL,540047,A,507.5,511.85,504.0,506.3,506.95,9139,4631869.0
1099403,2025-07-04,DBL,540047,A,503.85,510.0,498.8,503.1,506.3,7066,3563658.0
1099404,2025-07-07,DBL,540047,A,493.1,509.75,493.1,502.5,503.1,6680,3361105.0
1099405,2025-07-08,DBL,540047,A,500.05,509.8,497.8,502.25,502.5,9752,4885040.0
1099406,2025-07-09,DBL,540047,A,508.0,516.9,498.95,506.0,502.25,8984,4564649.0
1099407,2025-07-10,DBL,540047,A,500.05,504.15,494.05,496.2,506.0,15760,7832374.0
1099408,2025-07-11,DBL,540047,A,494.25,499.3,489.15,491.85,496.2,6793,3347317.0
1099409,2025-07-14,DBL,540047,A,501.7,501.7,485.7,490.15,491.85,4984,2437503.0
1099410,2025-07-15,DBL,540047,A,492.1,501.45,491.9,498.95,490.15,6105,3029957.0
1099411,2025-07-16,DBL,540047,A,500.9,505.0,500.0,501.45,498.95,7611,3827798.0
1099412,2025-07-17,DBL,540047,A,502.6,504.0,496.25,496.75,501.45,3009,1506206.0
1099413,2025-07-18,DBL,540047,A,495.6,500.1,485.6,486.45,496.75,4045,1982994.0
1099414,2025-07-21,DBL,540047,A,486.0,490.35,477.9,488.95,486.45,4229,2051635.0
1099415,2025-07-22,DBL,540047,A,486.05,492.95,484.65,486.15,488.95,4872,2376709.0
1099416,2025-07-23,DBL,540047,A,490.0,490.8,477.5,479.15,486.15,8831,4244881.0
1099417,2025-07-24,DBL,540047,A,478.0,484.2,471.5,474.05,479.15,4417,2101741.0
1099418,2025-07-25,DBL,540047,A,485.0,485.0,462.7,465.6,474.05,4813,2252378.0
1099419,2025-07-28,DBL,540047,A,468.05,471.45,460.65,462.9,465.6,8608,4000859.0
1099420,2025-07-29,DBL,540047,A,461.1,480.4,456.05,472.25,462.9,11609,5419441.0
1099421,2025-07-30,DBL,540047,A,488.15,506.65,479.05,481.2,472.25,90307,44352153.0
1099422,2025-07-31,DBL,540047,A,481.15,488.5,469.7,481.05,481.2,8491,4101613.0
1099423,2025-08-01,DBL,540047,A,472.0,487.7,454.8,458.0,481.05,19097,9008605.0
1099424,2025-08-04,DBL,540047,A,478.0,489.0,467.85,485.45,458.0,57658,27292117.0
1099425,2025-08-05,DBL,540047,A,488.0,488.0,471.0,472.6,485.45,95208,45544748.0
1099426,2025-08-06,DBL,540047,A,472.6,472.75,462.05,468.15,472.6,69582,32394157.0
1099427,2025-08-07,DBL,540047,A,461.8,475.7,457.75,470.7,468.15,63535,29587472.0
1099428,2025-08-08,DBL,540047,A,470.15,472.4,461.1,464.55,470.7,14579,6823340.0
1099429,2025-08-11,DBL,540047,A,464.55,476.7,458.75,472.95,464.55,24289,11363171.0
1099430,2025-08-12,DBL,540047,A,466.05,481.95,466.05,477.75,472.95,39930,19072374.0
1099431,2025-08-13,DBL,540047,A,479.0,483.4,473.15,474.15,477.75,15880,7568970.0
1099432,2025-08-14,DBL,540047,A,475.5,481.4,469.05,477.1,474.15,28709,13536608.0
1099433,2025-08-18,DBL,540047,A,486.8,498.55,476.35,489.45,477.1,54237,26428061.0
1099434,2025-08-19,DBL,540047,A,491.6,499.9,488.8,491.2,489.45,41976,20780544.0
1099435,2025-08-20,DBL,540047,A,492.0,497.75,482.25,484.95,491.2,29550,14401910.0
1099436,2025-08-21,DBL,540047,A,491.9,491.9,483.4,484.45,484.95,27891,13577615.0
1099437,2025-08-22,DBL,540047,A,480.45,483.6,466.05,470.15,484.45,40063,19143749.0
1099438,2025-08-25,DBL,540047,A,470.2,479.05,461.35,474.8,470.15,21995,10281514.0
1099439,2025-08-26,DBL,540047,A,470.0,475.6,465.55,471.45,474.8,29521,13953335.0
1099440,2025-08-28,DBL,540047,A,467.7,470.0,456.8,464.75,471.45,40859,19052535.0
1099441,2025-08-29,DBL,540047,A,464.75,470.85,460.05,468.5,464.75,40079,18561360.0
1099442,2025-09-01,DBL,540047,A,462.05,474.0,462.05,471.05,468.5,23036,10846499.0
1099443,2025-09-02,DBL,540047,A,466.2,474.65,466.2,471.8,471.05,20513,9656380.0
1099444,2025-09-03,DBL,540047,A,469.0,477.9,463.2,474.3,471.8,6329,2988509.0
1099445,2025-09-04,DBL,540047,A,472.05,478.9,464.2,469.5,474.3,52308,24708202.0
1099446,2025-09-05,DBL,540047,A,470.25,472.0,460.25,465.05,469.5,14070,6597962.0
1099447,2025-09-08,DBL,540047,A,464.9,467.65,459.6,460.6,465.05,3082,1431395.0
1099448,2025-09-09,DBL,540047,A,459.3,464.4,456.55,459.65,460.6,39663,18273206.0
1099449,2025-09-10,DBL,540047,A,455.65,502.95,455.65,490.25,459.65,788399,369510416.0
1099450,2025-09-11,DBL,540047,A,490.0,526.0,489.6,520.6,490.25,168702,87365845.0
1099451,2025-09-12,DBL,540047,A,520.8,559.7,515.35,547.5,520.6,165251,89758744.0
1099452,2025-09-15,DBL,540047,A,543.6,567.1,541.25,561.0,547.5,45069,25035491.0
1099453,2025-09-16,DBL,540047,A,560.0,569.5,555.7,566.9,561.0,43494,24552654.0
1099454,2025-09-17,DBL,540047,A,558.35,579.35,558.35,575.1,566.9,24479,14054607.0
1099455,2025-09-18,DBL,540047,A,580.0,581.35,563.7,574.3,575.1,18419,10518899.0
1099456,2025-09-19,DBL,540047,A,574.35,578.0,564.2,565.4,574.3,18065,10293318.0
1099457,2025-09-22,DBL,540047,A,562.0,579.3,556.25,559.7,565.4,11381,6478016.0
1099458,2025-09-23,DBL,540047,A,559.7,562.0,543.0,555.0,559.7,19445,10726678.0
1099459,2025-09-24,DBL,540047,A,581.85,587.9,527.1,534.2,555.0,197138,110455119.0
1099460,2025-09-25,DBL,540047,A,530.0,551.45,521.55,530.0,534.2,49013,26130773.0
1099461,2025-09-26,DBL,540047,A,530.05,530.1,506.05,509.35,530.0,17539,9099240.0
1099462,2025-09-29,DBL,540047,A,505.1,510.0,488.85,490.45,509.35,63835,31793025.0
1099463,2025-09-30,DBL,540047,A,490.0,496.5,470.25,472.4,490.45,24306,11705299.0
1099464,2025-10-01,DBL,540047,A,480.0,499.75,473.8,494.65,472.4,20184,9866467.0
1099465,2025-10-03,DBL,540047,A,494.65,507.7,493.0,504.45,494.65,12375,6195270.0
1099466,2025-10-06,DBL,540047,A,504.05,517.15,495.9,514.45,504.45,21632,10964737.0
1099467,2025-10-07,DBL,540047,A,524.0,531.35,512.5,516.45,514.45,33001,17243621.0
1099468,2025-10-08,DBL,540047,A,513.15,528.35,510.0,524.4,516.45,17422,9058075.0
1099469,2025-10-09,DBL,540047,A,525.0,525.7,513.55,517.15,524.4,4440,2306885.0
1099470,2025-10-10,DBL,540047,A,521.0,531.4,518.6,524.9,517.15,20817,10988796.0
1099471,2025-10-13,DBL,540047,A,517.0,525.95,514.5,515.55,524.9,12285,6353491.0
1099472,2025-10-14,DBL,540047,A,516.15,521.25,498.3,500.6,515.55,10235,5242295.0
1099473,2025-10-15,DBL,540047,A,495.05,500.0,485.0,491.85,500.6,10372,5119334.0
1099474,2025-10-16,DBL,540047,A,485.0,498.5,485.0,494.45,491.85,10476,5174060.0
1099475,2025-10-17,DBL,540047,A,493.1,497.5,484.6,488.65,494.45,4975,2437046.0
1099476,2025-10-20,DBL,540047,A,492.0,492.0,482.8,488.6,488.65,3626,1765057.0
1099477,2025-10-21,DBL,540047,A,480.8,495.0,480.8,492.5,488.6,5465,2688634.0
1099478,2025-10-23,DBL,540047,A,493.0,495.0,481.0,484.5,492.5,7871,3844964.0
1099479,2025-10-24,DBL,540047,A,480.0,486.0,475.5,477.9,484.5,8310,3986727.0
1099480,2025-10-27,DBL,540047,A,479.5,487.8,471.0,480.2,477.9,11293,5382815.0
1099481,2025-10-28,DBL,540047,A,490.05,493.0,479.0,481.15,480.2,20626,10027453.0
1099482,2025-10-29,DBL,540047,A,483.35,484.15,479.25,482.8,481.15,39826,19201568.0
1099483,2025-10-30,DBL,540047,A,483.0,512.45,483.0,496.15,482.8,95164,47570770.0
1099484,2025-10-31,DBL,540047,A,496.0,501.95,490.4,495.1,496.15,33064,16394883.0
1099485,2025-11-03,DBL,540047,A,498.4,501.05,488.2,499.4,495.1,9850,4879967.0
1099486,2025-11-04,DBL,540047,A,502.45,528.0,500.0,511.45,499.4,74340,38544072.0
1099487,2025-11-06,DBL,540047,A,521.95,521.95,473.0,479.35,511.45,9699,4740737.0
1099488,2025-11-07,DBL,540047,A,473.5,482.9,467.0,480.25,479.35,28381,13529969.0
1099489,2025-11-10,DBL,540047,A,480.0,482.85,475.5,476.9,480.25,15039,7191107.0
1099490,2025-11-11,DBL,540047,A,480.05,480.05,465.05,471.95,476.9,19525,9177427.0
1099491,2025-11-12,DBL,540047,A,472.0,481.5,472.0,475.2,471.95,7578,3608449.0
1099492,2025-11-13,DBL,540047,A,477.8,479.65,471.6,475.2,475.2,15650,7450280.0
1099493,2025-11-14,DBL,540047,A,470.0,475.05,462.1,465.8,475.2,25741,11981554.0
1099494,2025-11-17,DBL,540047,A,466.2,466.65,450.55,456.85,465.8,19959,9139616.0
1099495,2025-11-18,DBL,540047,A,451.05,455.7,445.4,448.85,456.85,15328,6885540.0
1099496,2025-11-19,DBL,540047,A,449.35,449.35,428.85,431.4,448.85,12753,5579656.0
1099497,2025-11-20,DBL,540047,A,431.4,439.8,430.4,438.0,431.4,9918,4322930.0
1099498,2025-11-21,DBL,540047,A,430.45,436.55,426.8,430.35,438.0,7201,3100481.0
1099499,2025-11-24,DBL,540047,A,425.3,446.1,425.3,442.5,430.35,26103,11393360.0
1099500,2025-11-25,DBL,540047,A,444.75,486.0,444.75,468.55,442.5,290303,137204206.0
1099501,2025-11-26,DBL,540047,A,468.8,474.2,465.3,467.4,468.55,15387,7227578.0
1099502,2025-11-27,DBL,540047,A,467.15,474.35,461.65,469.5,467.4,21920,10269564.0
1099503,2025-11-28,DBL,540047,A,464.35,480.0,464.35,476.95,469.5,13765,6532797.0
1099504,2025-12-01,DBL,540047,A,479.95,479.95,463.0,464.8,476.95,9439,4443666.0
1099505,2025-12-02,DBL,540047,A,459.2,467.45,458.3,465.15,464.8,6512,3013677.0
1099506,2025-12-03,DBL,540047,A,462.4,466.3,452.85,454.95,465.15,30589,13948330.0
1099507,2025-12-04,DBL,540047,A,445.05,460.95,445.05,457.05,454.95,10968,5029062.0
1099508,2025-12-05,DBL,540047,A,454.55,455.7,445.1,451.75,457.05,13483,6076941.0
1099509,2025-12-08,DBL,540047,A,445.55,453.55,440.1,442.55,451.75,12904,5770841.0
1099510,2025-12-09,DBL,540047,A,435.05,469.55,433.4,461.15,442.55,13719,6138817.0
1099511,2025-12-10,DBL,540047,A,466.0,477.9,445.3,446.85,461.15,29585,13587445.0
1099512,2025-12-11,DBL,540047,A,453.45,453.45,440.3,445.45,446.85,23376,10420522.0
1099513,2025-12-12,DBL,540047,A,442.65,448.1,442.65,445.65,445.45,3981,1772325.0
1099514,2025-12-15,DBL,540047,A,445.95,451.0,445.1,447.55,445.65,6603,2958335.0
1099515,2025-12-16,DBL,540047,A,447.55,447.55,438.7,440.15,447.55,7855,3470630.0
1099516,2025-12-17,DBL,540047,A,441.65,475.25,440.5,468.9,440.15,63177,29370959.0
1099517,2025-12-18,DBL,540047,A,467.7,467.7,450.4,453.85,468.9,8106,3694820.0
1099518,2025-12-19,DBL,540047,A,453.9,461.35,445.65,458.95,453.85,8586,3892180.0
1099519,2025-12-22,DBL,540047,A,459.0,484.0,457.7,475.0,458.95,35663,16911716.0
1099520,2025-12-23,DBL,540047,A,479.05,479.05,464.6,466.75,475.0,13072,6173020.0
1099521,2025-12-24,DBL,540047,A,467.6,469.35,459.7,466.5,466.75,6777,3147506.0
1099522,2025-12-26,DBL,540047,A,456.35,490.7,456.35,476.9,466.5,80122,38242827.0
1099523,2025-12-29,DBL,540047,A,479.95,479.95,463.8,467.95,476.9,17533,8288477.0
1099524,2025-12-30,DBL,540047,A,470.0,472.55,460.85,467.35,467.95,8329,3878387.0
1099525,2025-12-31,DBL,540047,A,466.65,482.0,463.55,476.25,467.35,10171,4822518.0
1099526,2026-01-02,DBL,540047,A,474.15,475.65,465.8,467.3,473.0,2277,1071795.0
1099527,2026-01-05,DBL,540047,A,462.0,474.5,462.0,469.75,467.3,9362,4374307.0
1099528,2026-01-06,DBL,540047,A,466.05,469.2,450.2,459.1,469.75,9769,4470033.0
1099529,2026-01-08,DBL,540047,A,460.7,460.95,448.65,451.45,460.85,3793,1716803.0
1099530,2026-01-13,DBL,540047,A,455.0,474.0,455.0,469.15,460.6,13586,6360504.0
1099531,2026-01-16,DBL,540047,A,470.0,475.85,470.0,471.5,473.1,1494,706529.0
1099532,2026-01-20,DBL,540047,A,472.6,474.9,457.75,458.9,472.6,4387,2040717.0
1099533,2026-01-28,DBL,540047,A,453.4,465.4,453.4,462.35,453.4,4355,2007333.0
1099534,2026-01-30,DBL,540047,A,446.0,459.5,444.25,456.6,451.2,4516,2045694.0
238592,2026-02-01,DBL,540047,A,459.05,467.95,448.55,451.7,456.6,1821,838739.0
238593,2026-02-02,DBL,540047,A,451.65,455.0,440.8,452.1,451.7,3663,1637891.0
238594,2026-02-03,DBL,540047,A,479.35,479.35,455.5,458.65,452.1,6084,2804910.0
238595,2026-02-04,DBL,540047,A,457.0,465.85,456.85,465.0,458.65,3436,1588064.0
238596,2026-02-05,DBL,540047,A,465.0,472.45,453.0,460.0,465.0,12987,5950975.0
238597,2026-02-06,DBL,540047,A,458.0,461.55,448.95,455.65,460.0,14244,6423514.0
238598,2026-02-09,DBL,540047,A,452.15,471.65,452.15,468.95,455.65,4687,2184212.0
238599,2026-02-10,DBL,540047,A,466.1,479.6,456.45,468.2,468.95,31418,14708921.0
238600,2026-02-11,DBL,540047,A,479.9,480.3,450.15,454.2,468.2,7010,3260087.0
238601,2026-02-12,DBL,540047,A,454.3,462.35,448.0,452.95,454.2,4629,2106198.0
238602,2026-02-13,DBL,540047,A,446.3,447.05,430.05,431.6,452.95,16036,7007064.0
238603,2026-02-16,DBL,540047,A,438.95,438.95,415.4,430.6,431.6,11725,4976203.0
238604,2026-02-17,DBL,540047,A,430.7,438.4,427.65,435.0,430.6,3675,1600381.0
238605,2026-02-18,DBL,540047,A,464.0,464.0,446.35,452.7,435.0,116682,52646057.0
238606,2026-02-19,DBL,540047,A,454.95,454.95,434.55,438.3,452.7,8614,3813005.0
238607,2026-02-20,DBL,540047,A,437.6,452.4,428.9,448.25,438.3,9705,4278537.0
238608,2026-02-23,DBL,540047,A,447.0,450.95,436.8,444.9,448.25,4033,1794650.0
238609,2026-02-24,DBL,540047,A,442.7,446.6,438.0,446.1,444.9,5178,2280823.0
238610,2026-02-25,DBL,540047,A,446.2,446.2,430.1,432.9,446.1,3641,1591283.0
238611,2026-02-26,DBL,540047,A,433.0,434.0,424.1,432.2,432.9,3748,1605347.0
238612,2026-02-27,DBL,540047,A,432.3,432.3,411.1,415.65,432.2,8709,3653117.0
238613,2026-03-02,DBL,540047,A,403.3,424.15,403.3,421.4,415.65,5919,2472833.0
238614,2026-03-04,DBL,540047,A,421.0,428.45,419.05,423.3,421.4,4805,2028436.0
238615,2026-03-05,DBL,540047,A,429.7,438.55,422.5,436.3,423.3,10689,4621848.0
238616,2026-03-06,DBL,540047,A,435.9,461.95,435.9,448.2,436.3,25058,11368810.0
238617,2026-03-09,DBL,540047,A,448.2,448.2,431.2,438.5,448.2,16897,7431647.0
238618,2026-03-10,DBL,540047,A,439.9,461.65,437.85,458.65,438.5,9320,4190325.0
238619,2026-03-11,DBL,540047,A,455.4,471.65,449.0,452.1,458.65,21036,9722999.0
238620,2026-03-12,DBL,540047,A,452.2,456.8,442.0,454.05,452.1,15118,6769710.0
238621,2026-03-13,DBL,540047,A,449.25,451.0,436.8,440.0,454.05,2703,1196708.0
238622,2026-03-16,DBL,540047,A,448.8,448.8,423.05,430.75,440.0,15720,6796862.0
238623,2026-03-17,DBL,540047,A,425.05,435.0,425.05,432.75,430.75,11990,5176397.0
238624,2026-03-18,DBL,540047,A,432.75,440.2,432.75,437.2,432.75,16369,7158795.0
238625,2026-03-19,DBL,540047,A,429.8,434.2,425.4,425.75,437.2,3395,1457723.0
238626,2026-03-20,DBL,540047,A,425.8,430.55,410.8,411.2,425.75,5615,2344901.0
238627,2026-03-23,DBL,540047,A,404.05,407.0,387.55,389.7,411.2,12370,4891401.0
238628,2026-03-24,DBL,540047,A,395.0,406.95,389.7,399.7,389.7,11041,4396270.0
238629,2026-03-25,DBL,540047,A,394.0,409.1,394.0,405.5,399.7,10981,4444541.0
238630,2026-03-27,DBL,540047,A,405.5,405.65,381.75,387.4,405.5,17700,6922458.0
238631,2026-03-30,DBL,540047,A,397.0,398.3,382.7,388.15,387.4,46756,18335051.0
238632,2026-04-01,DBL,540047,A,397.0,414.35,394.0,406.4,388.15,9603,3887753.0
238633,2026-04-02,DBL,540047,A,420.0,420.0,389.55,405.45,406.4,5871,2338170.0
238634,2026-04-06,DBL,540047,A,402.3,404.6,393.35,401.9,405.45,11702,4673892.0
238635,2026-04-07,DBL,540047,A,398.5,413.85,397.85,407.2,401.9,5584,2277724.0
238636,2026-04-08,DBL,540047,A,416.95,428.5,413.7,425.75,407.2,4743,1996401.0
238637,2026-04-09,DBL,540047,A,420.0,434.05,420.0,429.8,425.75,5718,2461424.0
238638,2026-04-10,DBL,540047,A,434.1,445.05,433.0,434.8,429.8,3632,1591994.0
238639,2026-04-13,DBL,540047,A,438.0,439.85,417.3,437.7,434.8,9809,4185097.0
238640,2026-04-15,DBL,540047,A,438.7,458.0,438.7,453.1,437.7,11282,5065510.0
238641,2026-04-16,DBL,540047,A,461.95,464.2,451.5,455.15,453.1,3799,1730845.0
238642,2026-04-17,DBL,540047,A,454.0,461.1,454.0,457.55,455.15,2548,1165923.0
238643,2026-04-20,DBL,540047,A,451.4,459.8,445.65,450.15,457.55,3751,1703616.0
238644,2026-04-21,DBL,540047,A,445.6,454.75,445.6,450.6,450.15,4197,1894854.0
238645,2026-04-22,DBL,540047,A,453.0,458.95,448.5,457.15,450.6,4276,1941285.0
238646,2026-04-23,DBL,540047,A,453.8,457.05,449.85,455.1,457.15,4639,2103362.0
238647,2026-04-24,DBL,540047,A,456.75,456.75,445.0,455.7,455.1,2097,946696.0
238648,2026-04-27,DBL,540047,A,453.25,473.0,453.25,467.65,455.7,10743,5010159.0
238649,2026-04-28,DBL,540047,A,466.8,479.0,465.35,473.7,467.65,33820,16130825.0
238650,2026-04-29,DBL,540047,A,478.2,478.2,468.3,470.3,473.7,3963,1870490.0
238651,2026-04-30,DBL,540047,A,465.4,471.95,461.0,465.65,470.3,2131,990672.0
238652,2026-05-04,DBL,540047,A,462.1,482.0,462.1,475.2,465.65,12742,6088955.0
238653,2026-05-05,DBL,540047,A,472.45,473.3,466.05,470.4,475.2,3126,1469875.0
238654,2026-05-06,DBL,540047,A,480.0,481.0,471.15,479.7,470.4,13796,6572680.0
238655,2026-05-07,DBL,540047,A,485.0,485.0,474.25,481.05,479.7,3596,1725489.0
238656,2026-05-08,DBL,540047,A,481.0,483.0,478.25,478.5,481.05,1165,560176.0
238657,2026-05-11,DBL,540047,A,471.3,496.15,471.3,487.35,478.5,4893,2379921.0
238658,2026-05-12,DBL,540047,A,487.2,488.8,467.05,469.5,487.35,7174,3438253.0
238659,2026-05-13,DBL,540047,A,465.0,479.45,464.95,474.85,469.5,4729,2236438.0
238660,2026-05-14,DBL,540047,A,479.55,481.9,463.25,472.55,474.85,5297,2494881.0
238661,2026-05-15,DBL,540047,A,450.0,459.9,440.5,441.65,472.55,20669,9358869.0
238662,2026-05-18,DBL,540047,A,445.35,446.65,434.0,438.95,441.65,5586,2452733.0
238663,2026-05-19,DBL,540047,A,447.8,447.8,439.0,444.35,438.95,2564,1133671.0
238664,2026-05-20,DBL,540047,A,440.75,441.6,435.05,436.85,444.35,4371,1915556.0
238665,2026-05-21,DBL,540047,A,441.15,442.0,430.25,432.85,436.85,5469,2376851.0
238666,2026-05-22,DBL,540047,A,436.55,436.55,427.0,429.3,432.85,6761,2911863.0
238667,2026-05-25,DBL,540047,A,431.5,439.0,428.8,435.9,429.3,3116,1354270.0
238668,2026-05-26,DBL,540047,A,434.3,441.9,430.3,433.0,435.9,7090,3071885.0
238669,2026-05-27,DBL,540047,A,432.05,434.0,426.0,427.15,433.0,6047,2595705.0
238670,2026-05-29,DBL,540047,A,426.1,429.1,421.4,425.0,427.15,7183,3049637.0
