,date,symbol,sc_code,sc_group,open,high,low,close,prev_close,volume,turnover
2923,2015-01-01,NIFTYBEES,590103,B ,83.5,83.99,83.49,83.98,838.95,145,577489.0
6100,2015-01-02,NIFTYBEES,590103,B ,84.0,85.17,84.0,84.77,839.75,222,756187.0
9363,2015-01-05,NIFTYBEES,590103,B ,85.0,85.43,84.32,84.5,847.7,224,2330859.0
12499,2015-01-06,NIFTYBEES,590103,B ,84.3,84.3,82.3,82.59,844.95,295,2609882.0
15631,2015-01-07,NIFTYBEES,590103,B ,82.6,82.85,81.9,82.38,825.9,257,1878748.0
18782,2015-01-08,NIFTYBEES,590103,B ,82.65,83.4,82.25,83.29,823.8,96,340108.0
21964,2015-01-09,NIFTYBEES,590103,B ,83.5,83.99,82.8,83.8,832.9,140,896582.0
25163,2015-01-12,NIFTYBEES,590103,B ,83.9,84.4,83.27,84.28,838.05,124,791496.0
28361,2015-01-13,NIFTYBEES,590103,B ,84.5,84.5,83.7,83.95,842.85,78,566531.0
31500,2015-01-14,NIFTYBEES,590103,B ,83.8,84.0,83.2,83.88,839.5,55,444370.0
34654,2015-01-15,NIFTYBEES,590103,B ,84.15,86.01,84.0,85.64,838.75,315,3473565.0
37859,2015-01-16,NIFTYBEES,590103,B ,85.5,86.19,85.5,86.16,856.4,64,617880.0
41097,2015-01-19,NIFTYBEES,590103,B ,86.3,86.5,86.1,86.42,861.65,96,1173836.0
44343,2015-01-20,NIFTYBEES,590103,B ,86.5,87.87,86.5,87.7,864.25,142,1807238.0
47568,2015-01-21,NIFTYBEES,590103,B ,87.8,88.4,87.5,88.34,876.95,75,1104362.0
50777,2015-01-22,NIFTYBEES,590103,B ,88.0,88.9,88.0,88.64,883.45,222,2028132.0
53981,2015-01-23,NIFTYBEES,590103,B ,89.0,89.5,88.61,89.19,886.4,117,759590.0
57204,2015-01-27,NIFTYBEES,590103,B ,89.5,90.0,89.01,89.9,891.9,163,1376408.0
60359,2015-01-28,NIFTYBEES,590103,B ,89.75,90.6,89.0,89.93,899.05,362,7470403.0
63534,2015-01-29,NIFTYBEES,590103,B ,90.0,90.44,89.05,90.06,899.3,156,1302695.0
66673,2015-01-30,NIFTYBEES,590103,B ,90.5,90.5,89.0,89.3,900.55,151,1733653.0
69881,2015-02-02,NIFTYBEES,590103,B ,89.3,89.83,88.56,89.24,893.05,211,1046910.0
73045,2015-02-03,NIFTYBEES,590103,B ,89.4,89.5,88.14,88.52,892.45,238,1800957.0
76253,2015-02-04,NIFTYBEES,590103,B ,89.0,89.0,88.18,88.4,885.25,314,1088352.0
79446,2015-02-05,NIFTYBEES,590103,B ,88.7,89.4,87.81,88.2,883.95,122,480936.0
82598,2015-02-06,NIFTYBEES,590103,B ,88.0,88.4,87.63,88.16,881.95,106,523358.0
85742,2015-02-09,NIFTYBEES,590103,B ,87.5,87.5,86.45,86.55,881.65,186,1422267.0
88768,2015-02-10,NIFTYBEES,590103,B ,86.6,87.7,86.0,86.68,865.5,378,3270248.0
91843,2015-02-11,NIFTYBEES,590103,B ,87.0,87.99,86.73,87.32,866.85,159,566952.0
94972,2015-02-12,NIFTYBEES,590103,B ,87.4,88.5,87.02,88.06,873.25,156,745812.0
98125,2015-02-13,NIFTYBEES,590103,B ,88.5,89.4,88.41,89.32,880.55,114,707693.0
101320,2015-02-16,NIFTYBEES,590103,B ,89.1,89.6,88.9,89.2,893.25,177,813313.0
104529,2015-02-18,NIFTYBEES,590103,B ,89.02,89.9,88.7,89.78,892.0,112,658825.0
107683,2015-02-19,NIFTYBEES,590103,B ,89.82,90.0,88.42,89.8,897.75,214,585103.0
110877,2015-02-20,NIFTYBEES,590103,B ,89.2,89.9,88.6,88.85,898.0,124,241234.0
114055,2015-02-23,NIFTYBEES,590103,B ,89.3,89.3,87.5,87.8,888.5,109,546078.0
117224,2015-02-24,NIFTYBEES,590103,B ,87.7,88.38,87.7,88.05,878.0,63,618232.0
120392,2015-02-25,NIFTYBEES,590103,B ,88.58,88.7,87.5,87.68,880.5,156,1448614.0
123491,2015-02-26,NIFTYBEES,590103,B ,88.0,88.05,87.1,87.2,876.75,165,972552.0
126670,2015-02-27,NIFTYBEES,590103,B ,87.5,88.9,87.5,88.85,872.0,144,752838.0
129703,2015-02-28,NIFTYBEES,590103,B ,89.9,91.5,88.2,89.5,888.5,458,4439348.0
132803,2015-03-02,NIFTYBEES,590103,B ,89.9,90.5,89.05,89.82,895.0,155,294874.0
135963,2015-03-03,NIFTYBEES,590103,B ,89.1,90.45,89.0,89.95,898.25,98,636619.0
139162,2015-03-04,NIFTYBEES,590103,B ,90.6,90.98,88.9,89.15,899.5,217,789452.0
142306,2015-03-05,NIFTYBEES,590103,B ,89.8,89.8,88.7,89.25,891.5,56,174808.0
145462,2015-03-09,NIFTYBEES,590103,B ,88.8,89.18,87.55,87.88,892.5,218,1096298.0
148623,2015-03-10,NIFTYBEES,590103,B ,88.35,88.35,87.08,87.6,878.75,219,892658.0
151795,2015-03-11,NIFTYBEES,590103,B ,87.8,88.0,87.22,87.52,876.0,206,522782.0
154983,2015-03-12,NIFTYBEES,590103,B ,88.0,88.3,87.55,87.68,875.25,145,1173091.0
158131,2015-03-13,NIFTYBEES,590103,B ,88.45,88.45,86.42,86.68,876.75,454,3351253.0
161301,2015-03-16,NIFTYBEES,590103,B ,90.0,90.0,85.5,87.12,866.75,230,970193.0
164436,2015-03-17,NIFTYBEES,590103,B ,87.5,87.9,86.8,87.58,871.25,144,452359.0
167605,2015-03-18,NIFTYBEES,590103,B ,87.4,87.42,87.05,87.22,875.75,30,68054.0
170724,2015-03-19,NIFTYBEES,590103,B ,87.8,88.0,86.4,86.85,872.25,193,837874.0
173864,2015-03-20,NIFTYBEES,590103,B ,86.8,86.8,86.08,86.15,868.5,96,380680.0
177061,2015-03-23,NIFTYBEES,590103,B ,86.7,86.8,85.8,85.85,861.5,102,195335.0
180172,2015-03-24,NIFTYBEES,590103,B ,86.4,86.7,85.65,86.1,858.5,191,3539580.0
183324,2015-03-25,NIFTYBEES,590103,B ,86.2,86.4,85.62,85.9,861.0,62,193102.0
186427,2015-03-26,NIFTYBEES,590103,B ,85.75,86.0,84.0,84.4,859.0,314,5460019.0
189570,2015-03-27,NIFTYBEES,590103,B ,85.1,85.5,83.2,83.82,844.0,266,1733358.0
192623,2015-03-30,NIFTYBEES,590103,B ,84.5,85.28,84.05,85.08,838.25,161,1332302.0
195622,2015-03-31,NIFTYBEES,590103,B ,85.2,85.6,84.6,84.98,850.75,108,950325.0
198560,2015-04-01,NIFTYBEES,590103,B ,85.2,86.28,84.8,86.18,849.75,237,558030.0
201552,2015-04-06,NIFTYBEES,590103,B ,86.18,86.98,85.8,86.92,861.75,80,175650.0
204604,2015-04-07,NIFTYBEES,590103,B ,87.0,87.5,86.42,86.9,869.25,87,1160643.0
207691,2015-04-08,NIFTYBEES,590103,B ,87.2,87.4,86.82,87.2,869.0,99,445464.0
210773,2015-04-09,NIFTYBEES,590103,B ,87.5,87.95,87.2,87.88,872.0,65,537928.0
213876,2015-04-10,NIFTYBEES,590103,B ,88.0,88.1,87.4,88.0,878.75,71,776842.0
217012,2015-04-13,NIFTYBEES,590103,B ,90.0,90.0,87.7,88.12,880.0,46,88206.0
220138,2015-04-15,NIFTYBEES,590103,B ,88.1,88.6,87.05,87.68,881.25,128,330768.0
223202,2015-04-16,NIFTYBEES,590103,B ,87.7,87.7,86.9,87.2,876.75,92,286494.0
226305,2015-04-17,NIFTYBEES,590103,B ,87.5,87.58,86.1,86.45,872.0,103,653248.0
229413,2015-04-20,NIFTYBEES,590103,B ,86.5,88.0,85.1,85.22,864.5,138,704219.0
232419,2015-04-21,NIFTYBEES,590103,B ,85.9,85.9,84.0,84.2,852.25,238,1112199.0
235469,2015-04-22,NIFTYBEES,590103,B ,84.6,84.95,83.4,84.42,842.0,156,794731.0
238556,2015-04-23,NIFTYBEES,590103,B ,84.7,85.1,83.9,84.4,844.25,182,498142.0
241583,2015-04-24,NIFTYBEES,590103,B ,84.12,84.4,83.5,83.9,844.0,209,1418714.0
244574,2015-04-27,NIFTYBEES,590103,B ,84.0,84.0,82.3,82.68,839.0,215,908687.0
247588,2015-04-28,NIFTYBEES,590103,B ,82.8,83.8,82.45,83.45,826.75,198,964190.0
250573,2015-04-29,NIFTYBEES,590103,B ,83.28,83.7,82.7,83.15,834.5,223,841645.0
253577,2015-04-30,NIFTYBEES,590103,B ,82.7,83.0,82.02,82.8,831.5,510,4356368.0
256594,2015-05-04,NIFTYBEES,590103,B ,83.0,83.98,83.0,83.63,828.0,252,422719.0
259632,2015-05-05,NIFTYBEES,590103,B ,83.68,83.7,82.81,83.45,836.33,145,254853.0
262637,2015-05-06,NIFTYBEES,590103,B ,83.72,83.72,81.25,81.39,834.51,437,2441419.0
265581,2015-05-07,NIFTYBEES,590103,B ,81.5,81.85,80.51,80.94,813.87,330,2020722.0
268574,2015-05-08,NIFTYBEES,590103,B ,81.3,82.5,81.3,82.09,809.44,166,671616.0
271575,2015-05-11,NIFTYBEES,590103,B ,82.5,84.5,82.5,83.71,820.92,126,979529.0
274529,2015-05-12,NIFTYBEES,590103,B ,83.1,83.3,81.9,82.13,837.06,107,1630758.0
277494,2015-05-13,NIFTYBEES,590103,B ,82.2,83.08,81.75,82.93,821.32,90,524831.0
280473,2015-05-14,NIFTYBEES,590103,B ,82.79,83.4,82.0,82.81,829.26,123,1193633.0
283439,2015-05-15,NIFTYBEES,590103,B ,82.7,83.6,82.7,83.43,828.13,61,202301.0
286440,2015-05-18,NIFTYBEES,590103,B ,83.2,84.24,83.2,84.07,834.33,87,357387.0
289440,2015-05-19,NIFTYBEES,590103,B ,83.7,84.49,83.35,83.99,840.67,41,434520.0
292434,2015-05-20,NIFTYBEES,590103,B ,83.8,84.6,83.8,84.4,839.93,37,215491.0
295430,2015-05-21,NIFTYBEES,590103,B ,84.55,84.6,84.0,84.59,844.0,33,175421.0
298407,2015-05-22,NIFTYBEES,590103,B ,84.7,84.84,84.25,84.46,845.89,47,368031.0
301357,2015-05-25,NIFTYBEES,590103,B ,84.8,84.8,83.77,83.98,844.59,22,91605.0
304311,2015-05-26,NIFTYBEES,590103,B ,83.9,84.0,83.05,83.84,839.83,62,370967.0
307214,2015-05-27,NIFTYBEES,590103,B ,83.5,83.8,83.2,83.5,838.41,14,191907.0
310136,2015-05-28,NIFTYBEES,590103,B ,83.8,83.9,83.15,83.53,835.0,44,166740.0
313083,2015-05-29,NIFTYBEES,590103,B ,83.7,84.8,83.7,84.71,835.3,75,267464.0
316087,2015-06-01,NIFTYBEES,590103,B ,84.5,85.1,84.2,84.68,847.08,104,1486504.0
319033,2015-06-02,NIFTYBEES,590103,B ,85.2,85.45,83.05,83.85,846.8,198,2248413.0
321995,2015-06-03,NIFTYBEES,590103,B ,83.9,83.9,81.8,82.14,838.54,201,1591507.0
324955,2015-06-04,NIFTYBEES,590103,B ,82.2,82.77,81.41,82.1,821.38,180,1340175.0
327900,2015-06-05,NIFTYBEES,590103,B ,82.3,82.82,81.8,81.97,820.96,127,1315953.0
330822,2015-06-08,NIFTYBEES,590103,B ,82.6,82.6,81.1,81.29,819.71,106,1068094.0
333720,2015-06-09,NIFTYBEES,590103,B ,81.3,82.0,80.75,81.08,812.88,119,1906415.0
336639,2015-06-10,NIFTYBEES,590103,B ,81.4,81.99,81.0,81.71,810.77,147,2261338.0
339561,2015-06-11,NIFTYBEES,590103,B ,82.0,82.4,80.3,80.51,817.06,151,1217849.0
342478,2015-06-12,NIFTYBEES,590103,B ,80.3,80.85,80.2,80.74,805.11,91,891536.0
345426,2015-06-15,NIFTYBEES,590103,B ,81.0,81.29,80.25,80.96,807.42,74,433385.0
348332,2015-06-16,NIFTYBEES,590103,B ,80.96,81.49,80.4,81.12,809.59,95,807131.0
351293,2015-06-17,NIFTYBEES,590103,B ,81.0,82.0,81.0,81.67,811.18,60,350169.0
354304,2015-06-18,NIFTYBEES,590103,B ,81.9,82.4,81.84,82.25,816.71,37,167077.0
357278,2015-06-19,NIFTYBEES,590103,B ,82.5,83.0,82.5,82.98,822.5,67,666191.0
360246,2015-06-22,NIFTYBEES,590103,B ,83.0,84.4,82.9,84.02,829.75,108,545727.0
363236,2015-06-23,NIFTYBEES,590103,B ,84.3,84.4,83.8,84.18,840.2,131,2090855.0
366229,2015-06-24,NIFTYBEES,590103,B ,84.1,85.0,84.02,84.22,841.84,88,1205563.0
369158,2015-06-25,NIFTYBEES,590103,B ,84.01,84.74,83.7,84.51,842.22,79,1020352.0
372110,2015-06-26,NIFTYBEES,590103,B ,84.5,85.0,83.9,84.77,845.14,117,853799.0
375068,2015-06-29,NIFTYBEES,590103,B ,83.22,83.7,82.5,83.7,847.66,92,663005.0
378060,2015-06-30,NIFTYBEES,590103,B ,83.8,84.4,83.44,84.1,836.98,94,1286486.0
381106,2015-07-01,NIFTYBEES,590103,B ,84.1,85.4,84.1,85.26,840.96,76,384456.0
384137,2015-07-02,NIFTYBEES,590103,B ,85.1,85.63,84.7,85.14,852.57,76,447650.0
387427,2015-07-03,NIFTYBEES,590103,B ,86.0,86.0,84.9,85.33,851.36,92,771830.0
390522,2015-07-06,NIFTYBEES,590103,B ,85.0,86.29,84.45,86.08,853.33,140,1955390.0
393632,2015-07-07,NIFTYBEES,590103,B ,85.7,86.2,85.51,85.56,860.77,70,363371.0
396655,2015-07-08,NIFTYBEES,590103,B ,85.5,85.5,84.2,84.96,855.55,107,940095.0
399765,2015-07-09,NIFTYBEES,590103,B ,84.8,85.2,84.11,84.56,849.61,50,671424.0
402855,2015-07-10,NIFTYBEES,590103,B ,84.8,84.9,84.01,84.65,845.57,73,481775.0
405915,2015-07-13,NIFTYBEES,590103,B ,84.65,85.5,84.4,85.04,846.48,48,647907.0
409019,2015-07-14,NIFTYBEES,590103,B ,85.2,85.7,84.8,85.22,850.45,70,696563.0
412153,2015-07-15,NIFTYBEES,590103,B ,85.5,86.0,85.5,85.95,852.23,63,777665.0
415255,2015-07-16,NIFTYBEES,590103,B ,86.1,86.95,86.02,86.64,859.48,70,970205.0
418366,2015-07-17,NIFTYBEES,590103,B ,86.7,87.48,86.7,87.18,866.35,101,1319374.0
421450,2015-07-20,NIFTYBEES,590103,B ,87.4,87.5,86.5,86.72,871.82,119,1804181.0
424515,2015-07-21,NIFTYBEES,590103,B ,87.0,87.2,85.91,86.04,867.24,50,696050.0
427612,2015-07-22,NIFTYBEES,590103,B ,86.25,87.1,86.25,87.1,860.41,56,233736.0
430743,2015-07-23,NIFTYBEES,590103,B ,87.15,87.65,86.41,86.52,871.0,82,997565.0
433840,2015-07-24,NIFTYBEES,590103,B ,86.8,86.88,86.2,86.31,865.2,32,207630.0
436928,2015-07-27,NIFTYBEES,590103,B ,86.1,86.1,84.5,84.8,863.11,87,846405.0
439945,2015-07-28,NIFTYBEES,590103,B ,85.2,85.2,84.46,84.66,848.0,67,444299.0
443036,2015-07-29,NIFTYBEES,590103,B ,84.94,85.39,84.26,85.1,846.62,105,875309.0
446152,2015-07-30,NIFTYBEES,590103,B ,85.3,85.5,84.6,85.34,850.95,85,493409.0
449286,2015-07-31,NIFTYBEES,590103,B ,85.5,86.5,85.0,86.24,853.45,71,500021.0
452461,2015-08-03,NIFTYBEES,590103,B ,86.5,86.7,86.06,86.26,862.38,69,435459.0
455624,2015-08-04,NIFTYBEES,590103,B ,86.7,86.87,85.6,86.45,862.61,107,685134.0
458854,2015-08-05,NIFTYBEES,590103,B ,85.24,86.97,84.3,86.43,864.47,58,291660.0
462049,2015-08-06,NIFTYBEES,590103,B ,86.8,87.0,86.5,86.76,864.32,56,524939.0
465244,2015-08-07,NIFTYBEES,590103,B ,87.0,87.29,86.5,86.74,867.57,87,323947.0
468479,2015-08-10,NIFTYBEES,590103,B ,87.0,87.4,85.85,86.39,867.4,57,224776.0
471634,2015-08-11,NIFTYBEES,590103,B ,86.6,86.6,85.61,85.77,863.93,44,132550.0
474768,2015-08-12,NIFTYBEES,590103,B ,85.6,85.6,84.32,84.78,857.71,134,1756894.0
477884,2015-08-13,NIFTYBEES,590103,B ,85.5,85.5,84.6,84.8,847.76,79,477789.0
481004,2015-08-14,NIFTYBEES,590103,B ,85.2,86.47,84.8,86.2,847.96,114,1417645.0
484124,2015-08-17,NIFTYBEES,590103,B ,86.1,86.14,85.1,86.07,862.02,69,351317.0
487277,2015-08-18,NIFTYBEES,590103,B ,86.18,86.18,85.15,85.46,860.68,30,294612.0
490420,2015-08-19,NIFTYBEES,590103,B ,85.5,86.02,84.9,85.36,854.6,87,453467.0
493502,2015-08-20,NIFTYBEES,590103,B ,85.7,85.8,84.06,84.62,853.62,124,651863.0
496543,2015-08-21,NIFTYBEES,590103,B ,84.32,84.7,83.4,84.04,846.22,137,1468637.0
499542,2015-08-24,NIFTYBEES,590103,B ,82.02,83.9,78.8,79.42,840.41,590,8040476.0
502563,2015-08-25,NIFTYBEES,590103,B ,80.8,80.99,77.7,80.03,794.19,345,4230847.0
505522,2015-08-26,NIFTYBEES,590103,B ,80.18,80.65,79.0,79.61,800.32,199,1887116.0
508453,2015-08-27,NIFTYBEES,590103,B ,79.86,80.9,79.71,80.71,796.08,120,782997.0
511403,2015-08-28,NIFTYBEES,590103,B ,80.8,81.79,80.8,81.09,807.11,86,410976.0
514325,2015-08-31,NIFTYBEES,590103,B ,81.0,81.55,80.5,80.7,810.94,102,694615.0
517260,2015-09-01,NIFTYBEES,590103,B ,80.5,80.5,78.71,79.26,806.97,252,1466348.0
520201,2015-09-02,NIFTYBEES,590103,B ,80.0,80.08,78.16,78.35,792.57,216,1381690.0
523163,2015-09-03,NIFTYBEES,590103,B ,78.35,79.7,78.35,79.45,783.52,62,720461.0
526103,2015-09-04,NIFTYBEES,590103,B ,78.7,78.9,77.31,77.87,794.49,257,3730136.0
529036,2015-09-07,NIFTYBEES,590103,B ,78.1,79.5,76.5,76.76,778.68,338,3045091.0
531973,2015-09-08,NIFTYBEES,590103,B ,76.8,78.2,76.71,77.81,767.6,198,1286270.0
534936,2015-09-09,NIFTYBEES,590103,B ,78.7,79.45,78.0,79.24,778.13,164,1629624.0
537825,2015-09-10,NIFTYBEES,590103,B ,78.86,79.18,78.0,78.66,792.44,196,5779837.0
540751,2015-09-11,NIFTYBEES,590103,B ,78.8,79.7,78.8,78.98,786.65,88,527511.0
543655,2015-09-14,NIFTYBEES,590103,B ,78.8,79.7,78.8,79.59,789.81,22,429259.0
546527,2015-09-15,NIFTYBEES,590103,B ,79.05,79.7,79.0,79.18,795.88,70,342290.0
549469,2015-09-16,NIFTYBEES,590103,B ,79.5,79.99,79.3,79.73,791.78,91,1220628.0
552350,2015-09-18,NIFTYBEES,590103,B ,80.2,81.75,80.0,80.7,797.26,194,2521121.0
555272,2015-09-21,NIFTYBEES,590103,B ,80.4,80.6,80.02,80.37,807.02,43,858619.0
558216,2015-09-22,NIFTYBEES,590103,B ,80.75,80.9,78.55,78.74,803.67,145,737426.0
561153,2015-09-23,NIFTYBEES,590103,B ,78.74,79.6,78.5,79.2,787.4,89,1994969.0
564116,2015-09-24,NIFTYBEES,590103,B ,79.5,81.5,79.1,80.35,792.04,148,1283864.0
567133,2015-09-28,NIFTYBEES,590103,B ,79.5,79.7,78.7,79.0,803.5,96,592560.0
570006,2015-09-29,NIFTYBEES,590103,B ,78.5,80.0,77.72,79.16,790.04,299,1814357.0
572943,2015-09-30,NIFTYBEES,590103,B ,79.5,80.25,79.31,80.12,791.62,104,357175.0
575919,2015-10-01,NIFTYBEES,590103,B ,80.5,80.78,80.0,80.4,801.24,122,471656.0
578951,2015-10-05,NIFTYBEES,590103,B ,80.5,81.99,80.5,81.69,804.05,114,717656.0
581957,2015-10-06,NIFTYBEES,590103,B ,82.0,82.5,81.68,82.11,816.9,148,642052.0
584977,2015-10-07,NIFTYBEES,590103,B ,81.6,82.8,81.6,82.49,821.13,160,1748868.0
587986,2015-10-08,NIFTYBEES,590103,B ,82.0,82.5,81.75,82.0,824.91,57,325953.0
591036,2015-10-09,NIFTYBEES,590103,B ,82.3,83.09,82.18,82.65,819.96,113,651212.0
594058,2015-10-12,NIFTYBEES,590103,B ,83.0,83.1,82.0,82.27,826.51,58,540652.0
597086,2015-10-13,NIFTYBEES,590103,B ,82.5,82.52,81.7,81.96,822.68,77,446285.0
600132,2015-10-14,NIFTYBEES,590103,B ,82.16,82.2,81.21,81.83,819.64,180,2347258.0
603170,2015-10-15,NIFTYBEES,590103,B ,82.2,82.72,82.15,82.51,818.29,60,242477.0
606222,2015-10-16,NIFTYBEES,590103,B ,82.4,83.37,82.05,83.17,825.09,109,333477.0
609258,2015-10-19,NIFTYBEES,590103,B ,83.2,83.79,83.2,83.71,831.73,41,181732.0
612349,2015-10-20,NIFTYBEES,590103,B ,83.0,83.78,80.8,83.51,837.08,146,1273193.0
615364,2015-10-21,NIFTYBEES,590103,B ,83.69,83.84,83.0,83.19,835.09,87,765972.0
618392,2015-10-23,NIFTYBEES,590103,B ,83.5,84.0,83.45,83.67,831.94,67,376824.0
621406,2015-10-26,NIFTYBEES,590103,B ,83.56,84.0,83.05,83.22,836.66,97,3047110.0
624404,2015-10-28,NIFTYBEES,590103,B ,83.1,83.1,82.3,82.52,831.91,67,331564.0
627417,2015-10-29,NIFTYBEES,590103,B ,82.7,82.98,82.08,82.44,825.18,49,182373.0
630384,2015-10-30,NIFTYBEES,590103,B ,82.6,83.85,81.05,82.4,824.4,207,4954862.0
633338,2015-11-02,NIFTYBEES,590103,B ,82.3,82.3,81.05,81.47,824.03,129,959598.0
636302,2015-11-03,NIFTYBEES,590103,B ,81.6,82.1,81.5,81.98,814.68,72,291151.0
639316,2015-11-04,NIFTYBEES,590103,B ,82.0,82.5,81.42,81.73,819.77,73,363658.0
642277,2015-11-05,NIFTYBEES,590103,B ,81.7,81.7,80.6,80.95,817.3,133,500332.0
645227,2015-11-06,NIFTYBEES,590103,B ,81.1,81.3,80.5,81.14,809.45,115,694584.0
648111,2015-11-09,NIFTYBEES,590103,B ,79.7,80.59,79.0,80.04,811.43,319,3865446.0
650979,2015-11-10,NIFTYBEES,590103,B ,80.2,80.2,79.0,79.43,800.42,208,1486001.0
653601,2015-11-11,NIFTYBEES,590103,B ,79.8,80.24,79.42,79.69,794.32,93,515192.0
656421,2015-11-13,NIFTYBEES,590103,B ,79.48,79.48,78.51,78.87,796.92,122,761748.0
659380,2015-11-16,NIFTYBEES,590103,B ,78.8,79.49,78.12,79.23,788.69,180,1383459.0
662411,2015-11-17,NIFTYBEES,590103,B ,79.3,79.9,78.8,79.78,792.34,115,1140589.0
665436,2015-11-18,NIFTYBEES,590103,B ,79.5,79.6,78.3,78.54,797.76,198,1977297.0
668488,2015-11-19,NIFTYBEES,590103,B ,78.7,79.7,78.7,79.64,785.44,62,200516.0
671520,2015-11-20,NIFTYBEES,590103,B ,79.5,80.2,79.3,79.7,796.44,70,609477.0
674527,2015-11-23,NIFTYBEES,590103,B ,79.6,79.99,79.41,79.78,796.97,71,325374.0
677532,2015-11-24,NIFTYBEES,590103,B ,79.5,79.99,79.06,79.34,797.81,45,180231.0
680586,2015-11-26,NIFTYBEES,590103,B ,79.1,79.94,79.1,79.57,793.44,42,277772.0
683604,2015-11-27,NIFTYBEES,590103,B ,79.81,80.39,79.36,80.36,795.72,58,321507.0
686660,2015-11-30,NIFTYBEES,590103,B ,80.4,80.5,80.1,80.29,803.56,49,248106.0
689794,2015-12-01,NIFTYBEES,590103,B ,80.4,80.65,80.1,80.3,802.9,40,237179.0
692897,2015-12-02,NIFTYBEES,590103,B ,80.5,80.7,80.0,80.38,802.95,134,1555910.0
695968,2015-12-03,NIFTYBEES,590103,B ,80.2,80.2,79.3,79.58,803.83,89,333249.0
699038,2015-12-04,NIFTYBEES,590103,B ,79.31,79.59,78.6,78.98,795.84,127,991469.0
702120,2015-12-07,NIFTYBEES,590103,B ,79.19,79.4,78.51,79.03,789.85,92,384637.0
705194,2015-12-08,NIFTYBEES,590103,B ,78.8,79.0,78.1,78.33,790.27,151,655667.0
708285,2015-12-09,NIFTYBEES,590103,B ,78.29,78.29,77.16,77.49,783.28,189,872435.0
711289,2015-12-10,NIFTYBEES,590103,B ,77.6,78.0,77.3,77.9,774.86,110,621208.0
714300,2015-12-11,NIFTYBEES,590103,B ,78.0,78.1,76.91,77.1,779.04,142,1003593.0
717315,2015-12-14,NIFTYBEES,590103,B ,77.1,78.59,76.52,77.9,771.02,251,6821941.0
720329,2015-12-15,NIFTYBEES,590103,B ,77.8,77.89,77.01,77.83,779.0,96,415329.0
723420,2015-12-16,NIFTYBEES,590103,B ,78.0,78.65,78.0,78.08,778.27,63,453663.0
726474,2015-12-17,NIFTYBEES,590103,B ,78.9,79.4,78.26,79.23,780.75,82,763321.0
729529,2015-12-18,NIFTYBEES,590103,B ,79.0,79.21,78.7,78.89,792.33,79,379629.0
732576,2015-12-21,NIFTYBEES,590103,B ,78.8,79.35,78.54,79.22,788.9,97,504405.0
735646,2015-12-22,NIFTYBEES,590103,B ,78.8,79.5,78.4,78.88,792.2,118,1652878.0
738716,2015-12-23,NIFTYBEES,590103,B ,79.1,79.5,79.1,79.32,788.81,33,156350.0
741768,2015-12-24,NIFTYBEES,590103,B ,79.4,79.6,79.23,79.41,793.25,41,121549.0
744851,2015-12-28,NIFTYBEES,590103,B ,79.7,79.9,79.5,79.8,794.08,46,451530.0
747912,2015-12-29,NIFTYBEES,590103,B ,79.9,80.2,79.35,80.05,797.99,99,1713466.0
751028,2015-12-30,NIFTYBEES,590103,B ,80.2,80.2,79.9,80.02,800.53,26,123101.0
754106,2015-12-31,NIFTYBEES,590103,B ,80.3,80.5,79.62,80.17,800.2,45,153502.0
757193,2016-01-01,NIFTYBEES,590103,B ,80.3,80.8,80.0,80.53,801.74,77,312776.0
760293,2016-01-04,NIFTYBEES,590103,B ,80.3,80.9,78.82,79.26,805.34,149,639784.0
763471,2016-01-05,NIFTYBEES,590103,B ,79.5,79.5,78.71,78.99,792.63,60,327793.0
766663,2016-01-06,NIFTYBEES,590103,B ,79.1,79.3,78.4,78.56,789.92,87,441338.0
769801,2016-01-07,NIFTYBEES,590103,B ,78.5,78.5,76.7,76.93,785.59,262,2362695.0
772926,2016-01-08,NIFTYBEES,590103,B ,77.2,77.56,76.9,77.07,769.34,164,2056347.0
775998,2016-01-11,NIFTYBEES,590103,B ,76.74,77.15,76.01,76.81,770.74,198,2821730.0
779107,2016-01-12,NIFTYBEES,590103,B ,76.8,76.8,75.95,76.19,768.11,139,1352493.0
782228,2016-01-13,NIFTYBEES,590103,B ,76.3,76.9,75.0,76.59,761.94,233,1874116.0
785232,2016-01-14,NIFTYBEES,590103,B ,76.55,76.89,75.49,76.31,765.91,163,1174288.0
788225,2016-01-15,NIFTYBEES,590103,B ,76.3,76.5,75.4,75.62,763.14,142,1377181.0
791261,2016-01-18,NIFTYBEES,590103,B ,75.7,75.7,74.45,74.66,756.17,302,2991274.0
794273,2016-01-19,NIFTYBEES,590103,B ,74.69,75.4,74.3,75.04,746.57,122,920628.0
797194,2016-01-20,NIFTYBEES,590103,B ,75.0,75.0,73.4,74.07,750.37,270,2619920.0
800122,2016-01-21,NIFTYBEES,590103,B ,74.2,74.97,73.5,73.83,740.72,244,2037548.0
803095,2016-01-22,NIFTYBEES,590103,B ,74.12,75.45,73.83,75.19,738.29,152,1563035.0
806074,2016-01-25,NIFTYBEES,590103,B ,75.82,75.9,75.3,75.47,751.87,52,331760.0
808980,2016-01-27,NIFTYBEES,590103,B ,75.28,75.76,75.06,75.32,754.71,68,302864.0
811885,2016-01-28,NIFTYBEES,590103,B ,75.2,75.59,75.05,75.12,753.2,48,511083.0
814821,2016-01-29,NIFTYBEES,590103,B ,74.4,76.69,74.4,76.53,751.16,221,9378938.0
817796,2016-02-01,NIFTYBEES,590103,B ,77.0,77.0,76.04,76.46,765.27,70,337521.0
820767,2016-02-02,NIFTYBEES,590103,B ,76.3,76.8,75.5,75.9,764.63,108,537728.0
823699,2016-02-03,NIFTYBEES,590103,B ,75.6,75.6,74.35,74.6,759.01,131,1149326.0
826635,2016-02-04,NIFTYBEES,590103,B ,75.1,75.21,74.5,74.85,745.97,89,2678287.0
829572,2016-02-05,NIFTYBEES,590103,B ,75.0,75.62,75.0,75.58,748.47,58,1126241.0
832539,2016-02-08,NIFTYBEES,590103,B ,75.6,75.71,74.5,74.72,755.79,106,1468793.0
835435,2016-02-09,NIFTYBEES,590103,B ,74.98,74.98,73.59,73.71,747.17,230,2224741.0
838362,2016-02-10,NIFTYBEES,590103,B ,73.88,73.88,72.75,73.09,737.09,231,3191011.0
841345,2016-02-11,NIFTYBEES,590103,B ,73.27,73.27,70.2,70.83,730.89,533,5401087.0
844257,2016-02-12,NIFTYBEES,590103,B ,71.0,71.5,69.92,71.04,708.34,385,5013733.0
847215,2016-02-15,NIFTYBEES,590103,B ,71.05,72.7,71.05,72.5,710.35,211,2180603.0
850124,2016-02-16,NIFTYBEES,590103,B ,72.6,72.9,71.3,71.47,725.03,100,872127.0
853009,2016-02-17,NIFTYBEES,590103,B ,71.49,71.97,70.7,71.58,714.66,171,1743948.0
855851,2016-02-18,NIFTYBEES,590103,B ,71.85,73.0,71.85,72.61,715.78,99,828695.0
858667,2016-02-19,NIFTYBEES,590103,B ,72.5,73.01,72.1,72.75,726.11,111,1301121.0
861541,2016-02-22,NIFTYBEES,590103,B ,73.0,73.2,72.46,73.05,727.47,59,497005.0
864442,2016-02-23,NIFTYBEES,590103,B ,73.07,73.07,71.9,72.07,730.53,124,1303502.0
867311,2016-02-24,NIFTYBEES,590103,B ,72.0,72.09,71.1,71.47,720.73,154,727341.0
870093,2016-02-25,NIFTYBEES,590103,B ,71.4,71.55,70.61,70.95,714.66,142,1662691.0
872903,2016-02-26,NIFTYBEES,590103,B ,71.3,71.5,70.9,71.35,709.46,114,1279765.0
875680,2016-02-29,NIFTYBEES,590103,B ,71.01,71.7,69.5,70.78,713.54,362,5081629.0
878552,2016-03-01,NIFTYBEES,590103,B ,71.24,73.3,71.2,72.78,707.85,139,1376642.0
881511,2016-03-02,NIFTYBEES,590103,B ,73.3,74.76,73.3,74.48,727.81,155,1666226.0
884456,2016-03-03,NIFTYBEES,590103,B ,75.0,75.5,74.56,75.36,744.8,123,1285846.0
887378,2016-03-04,NIFTYBEES,590103,B ,75.5,75.89,75.0,75.7,753.57,63,500739.0
890336,2016-03-08,NIFTYBEES,590103,B ,76.0,76.1,75.2,75.37,756.97,189,2518126.0
893258,2016-03-09,NIFTYBEES,590103,B ,75.4,76.26,75.3,76.15,753.67,175,2415230.0
896177,2016-03-10,NIFTYBEES,590103,B ,75.8,76.2,75.3,75.56,761.53,86,905964.0
899064,2016-03-11,NIFTYBEES,590103,B ,75.5,76.1,75.4,75.7,755.56,93,805343.0
902045,2016-03-14,NIFTYBEES,590103,B ,76.0,76.76,75.8,76.35,756.99,127,1556044.0
905027,2016-03-15,NIFTYBEES,590103,B ,76.3,76.3,75.31,75.52,763.53,92,1408495.0
907927,2016-03-16,NIFTYBEES,590103,B ,75.6,76.03,75.33,75.99,755.2,59,373831.0
910901,2016-03-17,NIFTYBEES,590103,B ,76.4,77.0,75.9,76.0,759.86,199,2794796.0
913883,2016-03-18,NIFTYBEES,590103,B ,76.1,76.9,76.05,76.75,760.04,96,715226.0
916918,2016-03-21,NIFTYBEES,590103,B ,76.85,78.07,76.85,77.9,767.48,182,4535283.0
919907,2016-03-22,NIFTYBEES,590103,B ,77.71,78.7,77.6,78.41,778.97,113,562246.0
922880,2016-03-23,NIFTYBEES,590103,B ,78.2,78.4,77.8,78.3,784.12,45,254514.0
925917,2016-03-28,NIFTYBEES,590103,B ,78.2,78.62,77.4,77.93,783.03,104,801226.0
928934,2016-03-29,NIFTYBEES,590103,B ,77.8,77.8,77.2,77.37,779.28,81,985685.0
931898,2016-03-30,NIFTYBEES,590103,B ,77.4,78.59,77.31,78.45,773.68,90,720058.0
934767,2016-03-31,NIFTYBEES,590103,B ,78.5,79.2,78.3,79.07,784.51,119,1106450.0
937574,2016-04-01,NIFTYBEES,590103,B ,78.7,79.1,78.0,78.12,790.73,111,770863.0
940363,2016-04-05,NIFTYBEES,590103,B ,78.4,78.47,77.2,77.27,785.81,165,1659686.0
943237,2016-04-06,NIFTYBEES,590103,B ,77.5,77.9,77.05,77.4,772.74,63,269961.0
946117,2016-04-07,NIFTYBEES,590103,B ,77.11,77.29,76.44,76.49,773.96,119,568029.0
948981,2016-04-08,NIFTYBEES,590103,B ,76.6,76.9,76.52,76.73,764.91,48,412654.0
951861,2016-04-11,NIFTYBEES,590103,B ,76.83,77.83,76.6,77.67,767.3,94,748627.0
954781,2016-04-12,NIFTYBEES,590103,B ,77.7,78.14,77.5,78.05,776.7,60,414635.0
957797,2016-04-13,NIFTYBEES,590103,B ,78.35,79.48,78.18,79.22,780.5,174,1438434.0
960740,2016-04-18,NIFTYBEES,590103,B ,79.5,80.0,79.3,79.97,792.18,69,688011.0
963702,2016-04-20,NIFTYBEES,590103,B ,80.2,80.5,79.5,80.1,799.75,94,752641.0
966646,2016-04-21,NIFTYBEES,590103,B ,80.2,80.68,79.45,79.82,801.02,93,688349.0
969552,2016-04-22,NIFTYBEES,590103,B ,80.0,80.08,79.6,79.78,798.21,71,452592.0
972481,2016-04-25,NIFTYBEES,590103,B ,79.7,79.7,79.2,79.49,797.81,71,839028.0
975389,2016-04-26,NIFTYBEES,590103,B ,79.41,80.7,79.3,80.53,794.93,93,669204.0
978339,2016-04-27,NIFTYBEES,590103,B ,80.55,80.8,80.35,80.74,805.3,54,518796.0
981202,2016-04-28,NIFTYBEES,590103,B ,80.77,81.0,79.4,79.58,807.45,97,561194.0
984016,2016-04-29,NIFTYBEES,590103,B ,79.43,80.0,78.93,79.43,795.76,123,2412042.0
986903,2016-05-02,NIFTYBEES,590103,B ,79.5,79.5,78.6,79.18,794.26,118,677084.0
989867,2016-05-03,NIFTYBEES,590103,B ,79.3,79.95,78.6,78.74,791.85,93,843908.0
992716,2016-05-04,NIFTYBEES,590103,B ,78.8,78.9,78.05,78.11,787.37,77,311890.0
995582,2016-05-05,NIFTYBEES,590103,B ,78.3,78.99,78.23,78.76,781.14,48,241704.0
998465,2016-05-06,NIFTYBEES,590103,B ,78.8,78.8,77.8,78.27,787.62,92,867565.0
1001435,2016-05-09,NIFTYBEES,590103,B ,78.6,79.73,78.5,79.44,782.68,110,778033.0
1004365,2016-05-10,NIFTYBEES,590103,B ,79.6,80.0,79.2,79.95,794.44,98,1044446.0
1007242,2016-05-11,NIFTYBEES,590103,B ,79.3,79.85,79.0,79.24,799.46,105,1155321.0
1010153,2016-05-12,NIFTYBEES,590103,B ,79.5,80.5,79.5,80.09,792.36,65,539817.0
1013028,2016-05-13,NIFTYBEES,590103,B ,80.08,80.08,78.68,79.11,800.88,87,539120.0
1015933,2016-05-16,NIFTYBEES,590103,B ,79.3,79.95,78.64,79.66,791.14,74,674064.0
1018861,2016-05-17,NIFTYBEES,590103,B ,80.0,80.3,79.68,79.72,796.57,62,379411.0
1021768,2016-05-18,NIFTYBEES,590103,B ,79.8,79.8,78.92,79.35,797.17,93,579676.0
1024621,2016-05-19,NIFTYBEES,590103,B ,79.4,79.6,78.8,78.87,793.53,62,686854.0
1027542,2016-05-20,NIFTYBEES,590103,B ,79.1,79.22,78.53,78.7,788.66,35,86758.0
1030456,2016-05-23,NIFTYBEES,590103,B ,79.0,79.05,78.3,78.47,786.98,64,1300386.0
1033311,2016-05-24,NIFTYBEES,590103,B ,78.8,78.8,78.22,78.38,784.68,31,150408.0
1036200,2016-05-25,NIFTYBEES,590103,B ,79.0,80.5,78.77,80.27,783.77,98,1485418.0
1039091,2016-05-26,NIFTYBEES,590103,B ,80.5,81.79,80.3,81.28,802.7,161,1538522.0
1042016,2016-05-27,NIFTYBEES,590103,B ,81.43,82.5,81.4,82.38,812.8,167,2872944.0
1044968,2016-05-30,NIFTYBEES,590103,B ,82.48,82.9,82.0,82.6,823.79,70,923726.0
1047873,2016-05-31,NIFTYBEES,590103,B ,83.0,84.0,82.3,82.44,826.0,99,1286185.0
1050843,2016-06-01,NIFTYBEES,590103,B ,82.6,83.2,82.5,82.92,824.35,97,561863.0
1053781,2016-06-02,NIFTYBEES,590103,B ,83.0,83.64,82.26,83.52,829.25,116,872414.0
1056736,2016-06-03,NIFTYBEES,590103,B ,83.4,83.7,83.12,83.27,835.16,61,814921.0
1059663,2016-06-06,NIFTYBEES,590103,B ,83.21,83.6,83.0,83.02,832.69,50,444110.0
1062626,2016-06-07,NIFTYBEES,590103,B ,99.6,99.6,83.11,83.57,830.2,85,1006406.0
1065594,2016-06-08,NIFTYBEES,590103,B ,83.7,84.0,83.36,84.0,835.7,47,326828.0
1068518,2016-06-09,NIFTYBEES,590103,B ,84.1,84.1,83.35,83.44,840.0,57,579441.0
1071442,2016-06-10,NIFTYBEES,590103,B ,83.31,83.98,82.86,83.09,834.39,66,244090.0
1074354,2016-06-13,NIFTYBEES,590103,B ,83.0,83.0,82.2,82.51,830.86,94,517159.0
1077275,2016-06-14,NIFTYBEES,590103,B ,82.7,83.3,82.1,82.4,825.11,58,329859.0
1080233,2016-06-15,NIFTYBEES,590103,B ,82.5,83.36,82.11,83.2,823.97,74,1144886.0
1083172,2016-06-16,NIFTYBEES,590103,B ,83.5,83.5,82.26,83.04,831.97,74,513783.0
1086090,2016-06-17,NIFTYBEES,590103,B ,82.9,83.3,82.5,82.88,830.43,57,562045.0
1089031,2016-06-20,NIFTYBEES,590103,B ,82.5,83.71,82.5,83.62,828.85,106,843338.0
1092016,2016-06-21,NIFTYBEES,590103,B ,84.0,84.0,83.01,83.35,836.15,48,520675.0
1094968,2016-06-22,NIFTYBEES,590103,B ,83.5,83.66,83.0,83.15,833.54,42,239755.0
1097902,2016-06-23,NIFTYBEES,590103,B ,83.2,84.2,83.1,83.96,831.54,88,675321.0
1100737,2016-06-24,NIFTYBEES,590103,B ,82.2,85.0,80.86,82.39,839.6,369,6400774.0
1103690,2016-06-27,NIFTYBEES,590103,B ,82.38,82.66,82.13,82.35,823.89,59,438264.0
1106635,2016-06-28,NIFTYBEES,590103,B ,82.5,82.8,82.1,82.35,823.54,53,324477.0
1109577,2016-06-29,NIFTYBEES,590103,B ,82.6,83.45,82.51,83.21,823.53,79,800543.0
1112555,2016-06-30,NIFTYBEES,590103,B ,83.4,84.4,83.4,84.15,832.07,99,844855.0
1115548,2016-07-01,NIFTYBEES,590103,B ,84.4,84.8,84.11,84.65,841.54,110,1434502.0
1118580,2016-07-04,NIFTYBEES,590103,B ,84.8,85.19,84.5,84.8,846.52,90,698148.0
1121649,2016-07-05,NIFTYBEES,590103,B ,84.8,84.8,84.02,84.62,848.05,92,2358476.0
1124721,2016-07-07,NIFTYBEES,590103,B ,84.8,84.9,84.2,84.48,846.19,80,1049359.0
1127765,2016-07-08,NIFTYBEES,590103,B ,84.48,84.72,84.02,84.51,844.79,90,1148151.0
1130857,2016-07-11,NIFTYBEES,590103,B ,85.2,86.17,85.2,86.01,845.06,137,1307777.0
1133972,2016-07-12,NIFTYBEES,590103,B ,86.11,86.6,86.09,86.5,860.11,51,392591.0
1137057,2016-07-13,NIFTYBEES,590103,B ,86.33,86.6,86.13,86.47,865.03,73,882253.0
1140100,2016-07-14,NIFTYBEES,590103,B ,86.6,87.0,86.3,86.97,864.73,61,869079.0
1143135,2016-07-15,NIFTYBEES,590103,B ,87.0,87.2,86.5,86.7,869.74,107,1276338.0
1146222,2016-07-18,NIFTYBEES,590103,B ,86.9,87.3,86.6,86.67,866.99,67,715481.0
1149245,2016-07-19,NIFTYBEES,590103,B ,86.67,86.7,86.2,86.62,866.71,75,625089.0
1152280,2016-07-20,NIFTYBEES,590103,B ,86.6,87.2,86.6,86.72,866.16,44,211377.0
1155309,2016-07-21,NIFTYBEES,590103,B ,86.71,87.21,86.5,86.51,867.16,34,246045.0
1158359,2016-07-22,NIFTYBEES,590103,B ,86.68,87.09,86.16,86.64,865.09,87,646894.0
1161433,2016-07-25,NIFTYBEES,590103,B ,86.99,87.74,86.64,87.53,866.41,93,970987.0
1164511,2016-07-26,NIFTYBEES,590103,B ,87.7,88.06,87.0,87.06,875.32,92,2685650.0
1167547,2016-07-27,NIFTYBEES,590103,B ,87.2,88.1,87.2,87.6,870.62,63,463862.0
1170593,2016-07-28,NIFTYBEES,590103,B ,88.01,88.1,87.41,88.07,876.0,104,1094319.0
1173636,2016-07-29,NIFTYBEES,590103,B ,88.0,88.5,87.7,88.02,880.66,68,1540634.0
1176682,2016-08-01,NIFTYBEES,590103,B ,88.2,88.9,87.8,87.85,880.15,104,697473.0
1179750,2016-08-02,NIFTYBEES,590103,B ,88.0,88.6,87.6,87.73,878.54,87,513579.0
1182789,2016-08-03,NIFTYBEES,590103,B ,87.9,87.96,87.05,87.13,877.31,72,450888.0
1185805,2016-08-04,NIFTYBEES,590103,B ,87.21,87.4,86.8,87.24,871.27,54,403337.0
1188875,2016-08-05,NIFTYBEES,590103,B ,87.4,88.67,87.4,88.57,872.37,89,798040.0
1191949,2016-08-08,NIFTYBEES,590103,B ,88.6,88.8,88.5,88.59,885.74,60,738009.0
1194994,2016-08-09,NIFTYBEES,590103,B ,88.7,88.7,87.75,88.13,885.93,65,458656.0
1198024,2016-08-10,NIFTYBEES,590103,B ,88.29,88.29,87.31,87.53,881.29,55,235146.0
1201022,2016-08-11,NIFTYBEES,590103,B ,87.3,87.6,87.1,87.52,875.32,53,245683.0
1204010,2016-08-12,NIFTYBEES,590103,B ,87.01,88.25,87.0,88.2,875.24,40,305561.0
1207035,2016-08-16,NIFTYBEES,590103,B ,88.1,88.4,87.4,88.0,881.97,106,2412010.0
1210058,2016-08-17,NIFTYBEES,590103,B ,88.2,88.4,87.5,87.63,880.05,69,2810290.0
1213090,2016-08-18,NIFTYBEES,590103,B ,87.9,88.8,87.9,88.2,876.3,88,4298827.0
1216126,2016-08-19,NIFTYBEES,590103,B ,88.4,88.4,87.95,88.2,882.0,42,615668.0
1219243,2016-08-22,NIFTYBEES,590103,B ,88.2,88.27,87.7,88.0,882.02,61,2058050.0
1222285,2016-08-23,NIFTYBEES,590103,B ,87.89,88.0,87.58,87.6,880.0,35,299051.0
1225338,2016-08-24,NIFTYBEES,590103,B ,87.8,88.2,87.63,87.82,876.0,30,230121.0
1228367,2016-08-25,NIFTYBEES,590103,B ,88.1,88.29,87.56,87.56,878.18,34,1870574.0
1231352,2016-08-26,NIFTYBEES,590103,B ,87.7,87.7,87.2,87.24,875.6,39,282171.0
1234386,2016-08-29,NIFTYBEES,590103,B ,87.2,88.0,86.66,87.7,872.37,74,883336.0
1237460,2016-08-30,NIFTYBEES,590103,B ,87.99,88.99,87.99,88.9,876.95,77,870612.0
1240515,2016-08-31,NIFTYBEES,590103,B ,89.0,89.8,89.0,89.56,889.0,144,2086977.0
1243576,2016-09-01,NIFTYBEES,590103,B ,89.7,90.2,89.05,89.1,895.63,109,1136501.0
1246624,2016-09-02,NIFTYBEES,590103,B ,89.3,89.7,89.0,89.65,891.04,55,368042.0
1249705,2016-09-06,NIFTYBEES,590103,B ,90.0,91.15,89.3,90.98,896.47,186,5657934.0
1252806,2016-09-07,NIFTYBEES,590103,B ,90.96,91.3,90.7,90.87,909.85,72,685835.0
1255903,2016-09-08,NIFTYBEES,590103,B ,90.8,91.4,90.61,91.07,908.69,106,1274066.0
1258988,2016-09-09,NIFTYBEES,590103,B ,90.9,91.0,90.3,90.5,910.69,66,743780.0
1262019,2016-09-12,NIFTYBEES,590103,B ,90.2,90.2,89.0,89.37,904.97,127,558150.0
1265076,2016-09-14,NIFTYBEES,590103,B ,108.57,108.57,89.0,89.3,893.73,60,731820.0
1268166,2016-09-15,NIFTYBEES,590103,B ,89.16,89.5,88.8,89.14,892.96,52,179238.0
1271275,2016-09-16,NIFTYBEES,590103,B ,89.37,90.5,89.35,89.46,891.36,104,976387.0
1274415,2016-09-19,NIFTYBEES,590103,B ,89.6,89.98,89.52,89.64,894.58,37,1066371.0
1277527,2016-09-20,NIFTYBEES,590103,B ,89.5,89.8,89.3,89.5,896.41,46,246032.0
1280622,2016-09-21,NIFTYBEES,590103,B ,89.7,90.0,89.4,89.79,895.05,38,179714.0
1283759,2016-09-22,NIFTYBEES,590103,B ,90.18,90.6,90.0,90.3,897.9,48,119168.0
1286853,2016-09-23,NIFTYBEES,590103,B ,90.4,90.4,90.0,90.1,902.97,18,42422.0
1289931,2016-09-26,NIFTYBEES,590103,B ,89.95,90.19,89.1,89.35,900.98,87,1203941.0
1293002,2016-09-27,NIFTYBEES,590103,B ,89.3,89.42,88.8,89.35,893.46,50,1018196.0
1296044,2016-09-28,NIFTYBEES,590103,B ,89.0,89.6,88.93,89.4,893.53,62,405095.0
1299159,2016-09-29,NIFTYBEES,590103,B ,89.27,89.7,87.8,88.18,893.95,101,1615007.0
1302207,2016-09-30,NIFTYBEES,590103,B ,88.08,88.3,87.3,87.7,881.79,50,457869.0
1305380,2016-10-03,NIFTYBEES,590103,B ,87.9,89.4,87.9,89.32,877.01,79,580760.0
1308546,2016-10-04,NIFTYBEES,590103,B ,89.2,89.5,88.96,89.3,893.23,25,61631.0
1311730,2016-10-05,NIFTYBEES,590103,B ,89.48,89.5,88.65,89.14,893.0,59,341943.0
1314916,2016-10-06,NIFTYBEES,590103,B ,89.3,89.44,88.52,88.6,891.37,31,251726.0
1318100,2016-10-07,NIFTYBEES,590103,B ,88.8,88.8,88.4,88.63,886.01,38,1094317.0
1321279,2016-10-10,NIFTYBEES,590103,B ,89.0,89.18,88.4,88.5,886.34,49,714303.0
1324421,2016-10-13,NIFTYBEES,590103,B ,88.6,88.6,87.5,87.56,885.01,66,457697.0
1327556,2016-10-14,NIFTYBEES,590103,B ,87.7,88.8,87.0,88.01,875.59,114,1980076.0
1330706,2016-10-17,NIFTYBEES,590103,B ,88.3,88.39,87.0,87.2,880.09,77,376905.0
1333923,2016-10-18,NIFTYBEES,590103,B ,87.5,88.5,87.01,88.32,872.01,54,462321.0
1337128,2016-10-19,NIFTYBEES,590103,B ,88.6,88.6,87.9,88.4,883.25,29,676724.0
1340331,2016-10-20,NIFTYBEES,590103,B ,88.6,88.88,88.36,88.54,884.0,55,495696.0
1343528,2016-10-21,NIFTYBEES,590103,B ,89.0,89.0,88.2,88.74,885.35,26,198925.0
1346778,2016-10-24,NIFTYBEES,590103,B ,89.1,89.1,88.2,88.8,887.35,31,216562.0
1349984,2016-10-25,NIFTYBEES,590103,B ,89.0,89.0,88.05,88.41,888.0,49,193552.0
1353154,2016-10-26,NIFTYBEES,590103,B ,88.8,88.8,87.71,88.23,884.11,36,129507.0
1356234,2016-10-27,NIFTYBEES,590103,B ,88.5,88.5,87.65,88.42,882.27,39,238345.0
1359325,2016-10-28,NIFTYBEES,590103,B ,89.0,89.0,87.85,88.22,884.16,29,121627.0
1362136,2016-10-30,NIFTYBEES,590103,B ,88.6,88.8,88.07,88.09,882.19,32,179075.0
1365214,2016-11-01,NIFTYBEES,590103,B ,88.46,88.8,88.0,88.16,880.9,67,510129.0
1368420,2016-11-02,NIFTYBEES,590103,B ,87.5,88.4,87.1,87.29,881.64,63,396084.0
1371657,2016-11-03,NIFTYBEES,590103,B ,87.19,87.7,86.76,87.0,872.93,32,140517.0
1374840,2016-11-04,NIFTYBEES,590103,B ,87.5,87.6,86.1,86.33,869.99,81,597759.0
1378026,2016-11-07,NIFTYBEES,590103,B ,86.0,87.5,85.8,87.06,863.26,54,497409.0
1381212,2016-11-08,NIFTYBEES,590103,B ,87.5,88.8,86.9,88.22,870.55,96,1686012.0
1384244,2016-11-09,NIFTYBEES,590103,B ,84.2,87.0,83.8,86.18,882.24,368,11033961.0
1387262,2016-11-10,NIFTYBEES,590103,B ,88.8,88.8,86.5,87.3,861.79,124,1736591.0
1390214,2016-11-11,NIFTYBEES,590103,B ,86.48,87.1,84.92,85.05,872.95,191,1495763.0
1393164,2016-11-15,NIFTYBEES,590103,B ,84.8,84.8,82.8,83.11,850.49,242,8523741.0
1396098,2016-11-16,NIFTYBEES,590103,B ,83.0,83.99,82.75,82.97,831.14,111,4763326.0
1399019,2016-11-17,NIFTYBEES,590103,B ,83.41,83.55,82.8,83.07,829.71,56,765700.0
1401928,2016-11-18,NIFTYBEES,590103,B ,83.07,83.39,82.56,83.09,830.66,87,2901370.0
1404867,2016-11-21,NIFTYBEES,590103,B ,82.7,82.8,81.2,81.46,830.91,111,2586803.0
1407785,2016-11-22,NIFTYBEES,590103,B ,81.6,82.1,81.2,81.83,814.57,82,1076448.0
1410705,2016-11-23,NIFTYBEES,590103,B ,82.0,82.2,81.75,82.09,818.33,74,989188.0
1413596,2016-11-24,NIFTYBEES,590103,B ,81.98,82.1,81.4,81.98,820.94,67,468235.0
1416551,2016-11-25,NIFTYBEES,590103,B ,82.0,83.0,81.83,82.83,819.82,66,303569.0
1419484,2016-11-28,NIFTYBEES,590103,B ,82.5,83.49,82.5,83.21,828.32,56,669189.0
1422442,2016-11-29,NIFTYBEES,590103,B ,83.4,83.99,83.1,83.43,832.14,66,638565.0
1425400,2016-11-30,NIFTYBEES,590103,B ,83.6,84.0,83.42,83.87,834.3,55,602600.0
1428372,2016-12-01,NIFTYBEES,590103,B ,86.4,86.4,83.56,83.69,838.72,57,247468.0
1431307,2016-12-02,NIFTYBEES,590103,B ,83.41,83.41,82.38,82.52,836.9,104,2360826.0
1434244,2016-12-05,NIFTYBEES,590103,B ,82.7,83.28,82.4,83.15,825.18,55,443293.0
1437210,2016-12-06,NIFTYBEES,590103,B ,83.31,83.5,83.25,83.3,831.49,35,236975.0
1440162,2016-12-07,NIFTYBEES,590103,B ,83.3,83.6,82.7,83.03,833.03,56,325178.0
1443122,2016-12-08,NIFTYBEES,590103,B ,83.4,84.0,83.4,83.81,830.3,86,1211784.0
1446079,2016-12-09,NIFTYBEES,590103,B ,84.06,84.22,83.76,84.17,838.06,24,173347.0
1449035,2016-12-12,NIFTYBEES,590103,B ,83.9,84.3,83.4,83.7,841.67,43,1530747.0
1451969,2016-12-13,NIFTYBEES,590103,B ,83.51,84.0,83.15,83.86,837.0,41,474067.0
1454900,2016-12-14,NIFTYBEES,590103,B ,83.69,83.8,83.15,83.32,838.62,38,439054.0
1457825,2016-12-15,NIFTYBEES,590103,B ,83.5,83.8,83.2,83.28,833.15,27,174434.0
1460739,2016-12-16,NIFTYBEES,590103,B ,83.3,83.3,82.93,83.15,832.8,24,103114.0
1463716,2016-12-19,NIFTYBEES,590103,B ,83.29,83.3,82.8,83.04,831.48,43,484403.0
1466632,2016-12-20,NIFTYBEES,590103,B ,83.0,83.04,82.4,82.52,830.38,59,879770.0
1469555,2016-12-21,NIFTYBEES,590103,B ,82.7,82.93,82.4,82.44,825.16,45,329214.0
1472526,2016-12-22,NIFTYBEES,590103,B ,82.32,82.38,81.4,81.95,824.38,104,452428.0
1475409,2016-12-23,NIFTYBEES,590103,B ,81.61,82.2,81.3,81.82,819.51,57,668575.0
1478339,2016-12-26,NIFTYBEES,590103,B ,81.5,81.6,80.71,80.85,818.23,96,746709.0
1481246,2016-12-27,NIFTYBEES,590103,B ,80.89,81.98,80.89,81.77,808.5,62,773000.0
1484201,2016-12-28,NIFTYBEES,590103,B ,81.9,82.49,81.7,81.71,817.72,93,4014678.0
1487090,2016-12-29,NIFTYBEES,590103,B ,81.95,82.7,81.5,82.42,817.06,52,350204.0
1490045,2016-12-30,NIFTYBEES,590103,B ,82.7,83.63,82.7,83.54,824.23,69,1303755.0
1493038,2017-01-02,NIFTYBEES,590103,B ,83.66,84.59,82.85,83.51,835.44,146,5394832.0
1496082,2017-01-03,NIFTYBEES,590103,B ,83.72,83.99,83.3,83.69,835.07,60,1015740.0
1499174,2017-01-04,NIFTYBEES,590103,B ,83.75,83.92,83.42,83.6,836.88,43,331516.0
1502330,2017-01-05,NIFTYBEES,590103,B ,84.0,84.5,83.76,84.41,835.99,49,321099.0
1505394,2017-01-06,NIFTYBEES,590103,B ,84.6,84.8,84.05,84.16,844.11,55,290693.0
1508511,2017-01-09,NIFTYBEES,590103,B ,84.3,84.3,84.0,84.15,841.59,43,360088.0
1511613,2017-01-10,NIFTYBEES,590103,B ,84.3,84.5,84.0,84.48,841.48,27,170993.0
1514761,2017-01-11,NIFTYBEES,590103,B ,84.68,85.4,84.5,85.35,844.8,51,759767.0
1517844,2017-01-12,NIFTYBEES,590103,B ,94.99,94.99,85.45,85.6,853.5,56,4448264.0
1520915,2017-01-13,NIFTYBEES,590103,B ,85.8,85.9,85.4,85.59,856.0,37,748978.0
1524044,2017-01-16,NIFTYBEES,590103,B ,85.5,85.95,85.39,85.8,855.86,50,2144892.0
1527139,2017-01-17,NIFTYBEES,590103,B ,85.99,86.0,85.36,85.55,857.95,44,909645.0
1530231,2017-01-18,NIFTYBEES,590103,B ,85.8,86.24,85.6,85.92,855.51,38,192518.0
1533317,2017-01-19,NIFTYBEES,590103,B ,85.75,86.0,85.75,85.96,859.19,17,247159.0
1536366,2017-01-20,NIFTYBEES,590103,B ,85.56,85.9,85.2,85.29,859.64,42,360220.0
1539446,2017-01-23,NIFTYBEES,590103,B ,85.15,85.76,85.0,85.3,852.94,26,315679.0
1542577,2017-01-24,NIFTYBEES,590103,B ,85.58,86.37,85.5,86.27,853.0,62,793439.0
1545696,2017-01-25,NIFTYBEES,590103,B ,86.0,87.59,85.8,87.34,862.7,120,5239618.0
1548846,2017-01-27,NIFTYBEES,590103,B ,87.4,88.38,87.4,87.95,873.4,55,2578547.0
1551986,2017-01-30,NIFTYBEES,590103,B ,88.5,88.7,87.81,87.87,879.49,43,633272.0
1555095,2017-01-31,NIFTYBEES,590103,B ,87.8,87.82,86.9,87.27,878.72,58,747953.0
1558206,2017-02-01,NIFTYBEES,590103,B ,87.4,88.9,87.06,88.76,872.66,93,937205.0
1561294,2017-02-02,NIFTYBEES,590103,B ,88.4,89.2,88.4,88.84,887.64,72,1797897.0
1564438,2017-02-03,NIFTYBEES,590103,B ,88.94,89.1,88.79,89.1,888.42,32,636906.0
1567660,2017-02-06,NIFTYBEES,590103,B ,89.48,89.8,89.48,89.54,891.0,55,1486891.0
1570871,2017-02-07,NIFTYBEES,590103,B ,89.5,89.8,89.09,89.37,895.35,49,288758.0
1574087,2017-02-08,NIFTYBEES,590103,B ,89.35,89.68,89.1,89.34,893.73,28,194043.0
1577305,2017-02-09,NIFTYBEES,590103,B ,89.76,89.8,89.0,89.46,893.43,59,530610.0
1580513,2017-02-10,NIFTYBEES,590103,B ,89.65,89.88,89.48,89.7,894.59,37,1150697.0
1583748,2017-02-13,NIFTYBEES,590103,B ,89.76,89.9,89.36,89.45,897.0,31,1007196.0
1586936,2017-02-14,NIFTYBEES,590103,B ,89.6,89.74,89.5,89.65,894.5,29,2537721.0
1590107,2017-02-15,NIFTYBEES,590103,B ,89.56,89.8,88.95,89.02,896.49,48,282774.0
1593262,2017-02-16,NIFTYBEES,590103,B ,88.95,89.6,88.91,89.51,890.25,25,442613.0
1596448,2017-02-17,NIFTYBEES,590103,B ,90.0,90.4,89.83,89.98,895.1,64,1561991.0
1599656,2017-02-20,NIFTYBEES,590103,B ,89.9,90.68,89.58,90.42,899.81,71,1558191.0
1602848,2017-02-21,NIFTYBEES,590103,B ,90.6,90.9,90.36,90.8,904.23,39,396529.0
1606049,2017-02-22,NIFTYBEES,590103,B ,90.9,91.38,90.77,90.92,908.01,88,10034575.0
1609188,2017-02-23,NIFTYBEES,590103,B ,91.2,91.5,91.03,91.29,909.2,50,869086.0
1612378,2017-02-27,NIFTYBEES,590103,B ,91.06,91.37,90.6,90.8,912.88,44,783232.0
1615591,2017-02-28,NIFTYBEES,590103,B ,90.8,91.0,90.51,90.67,908.05,53,621023.0
1618806,2017-03-01,NIFTYBEES,590103,B ,90.8,91.67,90.8,91.34,906.73,83,703967.0
1622030,2017-03-02,NIFTYBEES,590103,B ,91.7,92.0,90.94,91.1,913.39,89,1837766.0
1625203,2017-03-03,NIFTYBEES,590103,B ,90.82,90.95,90.3,90.8,911.05,48,394518.0
1628482,2017-03-06,NIFTYBEES,590103,B ,91.05,91.66,91.0,91.44,907.98,66,1209902.0
1631709,2017-03-07,NIFTYBEES,590103,B ,91.54,91.55,91.21,91.25,914.45,12,63911.0
1634908,2017-03-08,NIFTYBEES,590103,B ,91.4,91.49,90.81,91.21,912.53,37,507636.0
1638078,2017-03-09,NIFTYBEES,590103,B ,90.7,91.75,90.7,91.61,912.11,47,30122065.0
1641236,2017-03-10,NIFTYBEES,590103,B ,91.4,91.6,91.0,91.48,916.13,42,488832.0
1644467,2017-03-14,NIFTYBEES,590103,B ,93.09,93.9,91.6,92.66,914.79,138,3601179.0
1647662,2017-03-15,NIFTYBEES,590103,B ,92.99,93.06,92.7,92.75,926.6,46,2370081.0
1650877,2017-03-16,NIFTYBEES,590103,B ,93.3,93.42,92.79,93.4,927.46,59,1239689.0
1654093,2017-03-17,NIFTYBEES,590103,B ,93.44,93.9,93.36,93.45,934.05,75,652315.0
1657307,2017-03-20,NIFTYBEES,590103,B ,93.4,93.47,93.05,93.2,934.48,91,2927014.0
1660477,2017-03-21,NIFTYBEES,590103,B ,93.26,93.51,92.7,93.23,932.04,28,221163.0
1663679,2017-03-22,NIFTYBEES,590103,B ,92.74,92.74,92.3,92.4,932.32,36,411428.0
1666889,2017-03-23,NIFTYBEES,590103,B ,91.1,93.1,91.1,93.0,924.02,41,820141.0
1670123,2017-03-24,NIFTYBEES,590103,B ,92.72,93.39,92.63,93.24,929.97,22,231097.0
1673360,2017-03-27,NIFTYBEES,590103,B ,92.9,92.9,92.35,92.61,932.45,44,513142.0
1676615,2017-03-28,NIFTYBEES,590103,B ,92.7,93.27,92.7,92.81,926.12,43,397713.0
1679921,2017-03-29,NIFTYBEES,590103,B ,92.9,93.25,92.9,93.19,928.08,37,348241.0
1683075,2017-03-30,NIFTYBEES,590103,B ,93.2,94.09,93.2,94.0,931.94,41,376415.0
1686209,2017-03-31,NIFTYBEES,590103,B ,94.0,94.0,93.4,93.56,940.0,19,147168.0
1689414,2017-04-03,NIFTYBEES,590103,B ,94.5,94.5,94.0,94.44,935.55,57,432561.0
1692706,2017-04-05,NIFTYBEES,590103,B ,94.18,94.7,94.15,94.44,944.37,61,622882.0
1695960,2017-04-06,NIFTYBEES,590103,B ,94.2,94.6,94.2,94.47,944.42,29,298195.0
1699204,2017-04-07,NIFTYBEES,590103,B ,94.2,94.53,93.51,93.93,944.67,58,666561.0
1702464,2017-04-10,NIFTYBEES,590103,B ,94.0,94.43,93.8,94.0,939.31,30,478895.0
1705691,2017-04-11,NIFTYBEES,590103,B ,93.66,94.5,93.66,94.28,940.0,29,241820.0
1708930,2017-04-12,NIFTYBEES,590103,B ,94.3,94.37,93.6,94.21,942.85,35,175605.0
1712161,2017-04-13,NIFTYBEES,590103,B ,93.8,94.12,93.3,93.52,942.07,49,511773.0
1715443,2017-04-17,NIFTYBEES,590103,B ,93.3,93.5,93.16,93.21,935.25,24,502342.0
1718667,2017-04-18,NIFTYBEES,590103,B ,93.36,94.24,92.84,92.94,932.12,33,100707.0
1721873,2017-04-19,NIFTYBEES,590103,B ,93.3,93.73,91.2,92.81,929.36,108,4461778.0
1725104,2017-04-20,NIFTYBEES,590103,B ,92.9,93.36,92.74,93.29,928.13,33,105211.0
1728308,2017-04-21,NIFTYBEES,590103,B ,93.5,93.65,92.94,93.2,932.92,45,2549367.0
1731576,2017-04-24,NIFTYBEES,590103,B ,93.5,94.38,93.46,94.03,931.98,53,2773468.0
1734858,2017-04-25,NIFTYBEES,590103,B ,94.35,95.01,94.35,94.9,940.29,77,2339785.0
1738087,2017-04-26,NIFTYBEES,590103,B ,94.9,95.8,94.6,95.42,948.95,81,706843.0
1741326,2017-04-27,NIFTYBEES,590103,B ,95.1,95.59,95.07,95.5,954.22,38,1246667.0
1744514,2017-04-28,NIFTYBEES,590103,B ,95.0,95.26,94.72,94.96,955.01,33,483019.0
1747735,2017-05-02,NIFTYBEES,590103,B ,95.18,95.37,94.63,94.99,949.62,72,809930.0
1750939,2017-05-03,NIFTYBEES,590103,B ,95.43,95.43,94.97,94.98,949.89,28,946906.0
1754149,2017-05-04,NIFTYBEES,590103,B ,95.32,95.59,95.18,95.47,949.84,25,747211.0
1757334,2017-05-05,NIFTYBEES,590103,B ,94.5,95.45,94.2,94.75,954.72,65,737142.0
1760513,2017-05-08,NIFTYBEES,590103,B ,94.95,95.54,94.9,94.98,947.53,44,413516.0
1763709,2017-05-09,NIFTYBEES,590103,B ,95.2,95.3,95.0,95.22,949.76,20,1979056.0
1766927,2017-05-10,NIFTYBEES,590103,B ,94.8,96.17,94.6,96.0,952.21,50,298582.0
1770119,2017-05-11,NIFTYBEES,590103,B ,96.2,96.53,96.02,96.09,960.05,42,220453.0
1773287,2017-05-12,NIFTYBEES,590103,B ,96.05,96.3,95.7,95.86,960.91,31,756467.0
1776481,2017-05-15,NIFTYBEES,590103,B ,96.2,96.5,96.2,96.2,958.62,29,405198.0
1779634,2017-05-16,NIFTYBEES,590103,B ,96.3,97.06,95.6,97.01,962.0,40,313725.0
1782806,2017-05-17,NIFTYBEES,590103,B ,96.52,97.48,96.5,97.13,970.14,38,1541552.0
1785917,2017-05-18,NIFTYBEES,590103,B ,96.72,96.8,96.25,96.29,971.29,37,390374.0
1789004,2017-05-19,NIFTYBEES,590103,B ,96.64,96.9,96.06,96.21,962.88,26,210908.0
1792116,2017-05-22,NIFTYBEES,590103,B ,96.6,96.76,96.23,96.3,962.12,62,505344.0
1795196,2017-05-23,NIFTYBEES,590103,B ,96.3,96.3,95.7,95.7,962.98,30,506311.0
1798258,2017-05-24,NIFTYBEES,590103,B ,95.84,96.4,95.38,95.44,957.01,23,325095.0
1801287,2017-05-25,NIFTYBEES,590103,B ,96.17,97.19,96.0,97.0,954.45,29,360712.0
1804317,2017-05-26,NIFTYBEES,590103,B ,97.5,97.9,97.5,97.86,969.96,26,160307.0
1807365,2017-05-29,NIFTYBEES,590103,B ,98.0,98.25,97.79,97.92,978.57,39,376103.0
1810408,2017-05-30,NIFTYBEES,590103,B ,98.12,98.4,98.0,98.24,979.17,37,1337979.0
1813443,2017-05-31,NIFTYBEES,590103,B ,98.33,98.9,98.2,98.44,982.37,19,244829.0
1816503,2017-06-01,NIFTYBEES,590103,B ,98.28,98.66,98.03,98.21,984.4,37,393249.0
1819543,2017-06-02,NIFTYBEES,590103,B ,98.5,98.71,98.45,98.6,982.08,26,338099.0
1822581,2017-06-05,NIFTYBEES,590103,B ,99.9,99.9,98.7,99.09,986.0,33,323480.0
1825650,2017-06-06,NIFTYBEES,590103,B ,99.02,99.07,98.45,98.54,990.92,34,1646028.0
1828639,2017-06-07,NIFTYBEES,590103,B ,98.58,99.05,98.53,98.8,985.35,29,182706.0
1831692,2017-06-08,NIFTYBEES,590103,B ,98.79,99.0,98.58,98.76,988.0,25,320950.0
1834736,2017-06-09,NIFTYBEES,590103,B ,98.5,98.88,98.43,98.84,987.63,22,734581.0
1837795,2017-06-12,NIFTYBEES,590103,B ,98.5,98.7,98.36,98.4,988.36,25,132989.0
1840846,2017-06-13,NIFTYBEES,590103,B ,98.4,98.78,98.35,98.51,984.0,39,469678.0
1843852,2017-06-14,NIFTYBEES,590103,B ,98.3,98.5,98.09,98.43,985.06,23,161149.0
1846857,2017-06-15,NIFTYBEES,590103,B ,98.3,98.68,98.0,98.01,984.3,37,593109.0
1849864,2017-06-16,NIFTYBEES,590103,B ,98.0,98.49,97.94,98.11,980.09,25,253288.0
1852903,2017-06-19,NIFTYBEES,590103,B ,98.28,99.01,98.15,98.78,981.07,42,857704.0
1855929,2017-06-20,NIFTYBEES,590103,B ,99.0,99.3,98.74,98.81,987.81,32,813722.0
1858950,2017-06-21,NIFTYBEES,590103,B ,98.5,98.65,98.39,98.6,988.14,27,580048.0
1861942,2017-06-22,NIFTYBEES,590103,B ,98.93,99.3,98.48,98.68,986.04,26,358092.0
1864896,2017-06-23,NIFTYBEES,590103,B ,98.6,98.6,97.96,98.15,986.83,23,375369.0
1867878,2017-06-27,NIFTYBEES,590103,B ,98.1,98.2,97.0,97.29,981.5,52,624926.0
1870869,2017-06-28,NIFTYBEES,590103,B ,97.3,97.53,97.0,97.31,972.91,55,734455.0
1873780,2017-06-29,NIFTYBEES,590103,B ,97.46,98.0,97.37,97.9,973.08,38,2779039.0
1876699,2017-06-30,NIFTYBEES,590103,B ,97.13,98.08,97.09,97.62,979.0,45,495939.0
1879731,2017-07-03,NIFTYBEES,590103,B ,98.17,98.6,97.69,98.17,976.21,66,2564625.0
1882697,2017-07-04,NIFTYBEES,590103,B ,98.4,98.7,98.13,98.43,981.71,59,9084091.0
1885704,2017-07-05,NIFTYBEES,590103,B ,98.76,98.89,98.49,98.65,984.26,31,331857.0
1888741,2017-07-06,NIFTYBEES,590103,B ,98.2,99.56,98.05,99.34,986.51,44,442532.0
1891721,2017-07-07,NIFTYBEES,590103,B ,99.0,99.19,98.74,99.05,993.38,16,160319.0
1894734,2017-07-10,NIFTYBEES,590103,B ,99.0,100.19,98.6,99.71,990.46,107,2771081.0
1897829,2017-07-11,NIFTYBEES,590103,B ,99.79,100.74,99.79,100.24,997.06,44,371636.0
1900865,2017-07-12,NIFTYBEES,590103,B ,100.1,100.62,100.1,100.46,1002.37,37,950838.0
1903934,2017-07-13,NIFTYBEES,590103,B ,101.0,101.45,100.9,101.4,1004.57,46,1097903.0
1906961,2017-07-14,NIFTYBEES,590103,B ,101.5,101.5,100.5,100.58,1014.0,58,806063.0
1910022,2017-07-17,NIFTYBEES,590103,B ,101.0,101.82,101.0,101.77,1005.8,44,767828.0
1913044,2017-07-18,NIFTYBEES,590103,B ,101.39,101.6,101.0,101.0,1017.68,24,258324.0
1916093,2017-07-19,NIFTYBEES,590103,B ,101.05,101.8,101.05,101.61,1010.0,30,1289814.0
1919158,2017-07-20,NIFTYBEES,590103,B ,101.8,101.9,101.24,101.42,1016.14,44,606368.0
1922146,2017-07-21,NIFTYBEES,590103,B ,101.8,101.84,101.14,101.65,1014.21,33,865567.0
1925250,2017-07-24,NIFTYBEES,590103,B ,101.95,102.5,101.6,101.78,1016.5,46,2655606.0
1928274,2017-07-25,NIFTYBEES,590103,B ,102.0,102.75,102.0,102.16,1017.78,38,2040506.0
1931319,2017-07-26,NIFTYBEES,590103,B ,102.3,103.0,102.3,102.8,1021.65,46,1413804.0
1934367,2017-07-27,NIFTYBEES,590103,B ,103.0,103.8,102.77,103.03,1028.0,43,592003.0
1937339,2017-07-28,NIFTYBEES,590103,B ,102.88,103.1,102.43,103.03,1030.3,37,702062.0
1940377,2017-07-31,NIFTYBEES,590103,B ,103.1,103.5,102.61,103.3,1030.34,54,3149779.0
1943398,2017-08-01,NIFTYBEES,590103,B ,103.3,103.96,103.3,103.91,1032.99,44,650965.0
1946410,2017-08-02,NIFTYBEES,590103,B ,103.93,104.0,103.26,103.43,1039.07,31,694342.0
1949387,2017-08-03,NIFTYBEES,590103,B ,103.37,103.83,103.0,103.01,1034.31,30,434179.0
1952329,2017-08-04,NIFTYBEES,590103,B ,103.0,103.85,102.95,103.65,1030.07,22,757062.0
1955310,2017-08-07,NIFTYBEES,590103,B ,103.8,103.85,103.16,103.27,1036.53,47,269117.0
1958222,2017-08-08,NIFTYBEES,590103,B ,103.0,103.09,102.4,102.9,1032.66,44,479628.0
1961109,2017-08-09,NIFTYBEES,590103,B ,102.4,102.6,102.0,102.03,1028.95,35,453326.0
1963980,2017-08-10,NIFTYBEES,590103,B ,101.8,101.97,100.4,100.6,1020.33,79,3689305.0
1966845,2017-08-11,NIFTYBEES,590103,B ,100.08,100.3,99.6,99.93,1005.97,39,300130.0
1969768,2017-08-14,NIFTYBEES,590103,B ,99.8,100.89,99.8,100.45,999.29,38,856725.0
1972673,2017-08-16,NIFTYBEES,590103,B ,100.7,102.0,100.7,102.0,1004.54,48,1271214.0
1975558,2017-08-17,NIFTYBEES,590103,B ,102.3,102.48,101.46,102.0,1020.0,18,217912.0
1978385,2017-08-18,NIFTYBEES,590103,B ,101.56,101.56,101.02,101.54,1020.0,19,469258.0
1981299,2017-08-21,NIFTYBEES,590103,B ,101.7,101.76,100.05,100.55,1015.36,46,160694.0
1984196,2017-08-22,NIFTYBEES,590103,B ,100.36,100.84,100.2,100.72,1005.5,26,445720.0
1987107,2017-08-23,NIFTYBEES,590103,B ,100.9,101.45,100.7,101.21,1007.18,31,395008.0
1990004,2017-08-24,NIFTYBEES,590103,B ,101.5,101.7,101.25,101.51,1012.08,22,107552.0
1992917,2017-08-28,NIFTYBEES,590103,B ,101.51,102.3,101.51,101.84,1015.1,33,325011.0
1995801,2017-08-29,NIFTYBEES,590103,B ,101.7,101.7,100.9,101.07,1018.4,19,177232.0
1998674,2017-08-30,NIFTYBEES,590103,B ,101.3,102.22,101.3,101.9,1010.69,22,1100838.0
2001544,2017-08-31,NIFTYBEES,590103,B ,101.8,102.16,101.61,101.64,1019.0,16,441664.0
2004467,2017-09-01,NIFTYBEES,590103,B ,102.5,102.78,102.35,102.69,1016.42,28,164165.0
2007482,2017-09-04,NIFTYBEES,590103,B ,102.42,102.59,101.67,102.02,1026.93,53,735031.0
2010365,2017-09-05,NIFTYBEES,590103,B ,102.26,102.64,102.04,102.62,1020.17,31,209789.0
2013268,2017-09-06,NIFTYBEES,590103,B ,102.0,102.45,101.74,102.11,1026.22,39,740109.0
2016175,2017-09-07,NIFTYBEES,590103,B ,102.4,102.48,102.16,102.2,1021.06,12,76762.0
2019117,2017-09-08,NIFTYBEES,590103,B ,102.5,102.5,101.89,102.05,1021.98,28,387117.0
2022122,2017-09-11,NIFTYBEES,590103,B ,102.5,103.1,102.5,102.82,1020.51,45,351868.0
2025067,2017-09-12,NIFTYBEES,590103,B ,103.29,103.89,103.29,103.72,1028.23,33,654141.0
2028040,2017-09-13,NIFTYBEES,590103,B ,103.68,104.18,103.49,103.51,1037.25,34,701679.0
2031011,2017-09-14,NIFTYBEES,590103,B ,103.96,104.19,103.57,103.78,1035.07,29,205587.0
2033937,2017-09-15,NIFTYBEES,590103,B ,103.7,104.7,103.41,103.59,1037.79,37,1211516.0
2036934,2017-09-18,NIFTYBEES,590103,B ,104.0,104.98,104.0,104.41,1035.86,67,833591.0
2039920,2017-09-19,NIFTYBEES,590103,B ,104.5,104.5,104.25,104.29,1044.07,22,305887.0
2042838,2017-09-20,NIFTYBEES,590103,B ,104.67,104.84,104.26,104.27,1042.86,11,101331.0
2045736,2017-09-21,NIFTYBEES,590103,B ,104.2,104.6,103.95,104.35,1042.65,33,1962869.0
2048668,2017-09-22,NIFTYBEES,590103,B ,103.62,103.62,102.51,102.82,1043.46,48,301446.0
2051574,2017-09-25,NIFTYBEES,590103,B ,102.5,102.5,100.8,101.74,1028.2,74,778730.0
2054469,2017-09-26,NIFTYBEES,590103,B ,101.6,101.91,101.2,101.53,1017.44,33,431477.0
2057348,2017-09-27,NIFTYBEES,590103,B ,101.42,101.81,100.0,100.31,1015.29,92,1010973.0
2060205,2017-09-28,NIFTYBEES,590103,B ,101.0,101.1,100.55,100.6,1003.07,49,512113.0
2063051,2017-09-29,NIFTYBEES,590103,B ,100.74,101.48,100.6,101.21,1006.0,28,297490.0
2066028,2017-10-03,NIFTYBEES,590103,B ,101.3,101.74,101.21,101.35,1012.1,38,357841.0
2068982,2017-10-04,NIFTYBEES,590103,B ,101.34,102.18,101.34,102.02,1013.5,33,657341.0
2071932,2017-10-05,NIFTYBEES,590103,B ,102.2,102.99,101.65,101.77,1020.17,45,273498.0
2074888,2017-10-06,NIFTYBEES,590103,B ,101.96,103.1,101.4,103.02,1017.7,52,1294845.0
2077932,2017-10-09,NIFTYBEES,590103,B ,103.1,103.2,102.54,102.7,1030.19,49,730564.0
2080977,2017-10-10,NIFTYBEES,590103,B ,103.2,103.4,103.05,103.05,1027.02,33,283602.0
2084014,2017-10-11,NIFTYBEES,590103,B ,103.5,103.7,102.75,102.84,1030.5,34,345603.0
2086995,2017-10-12,NIFTYBEES,590103,B ,103.2,104.0,102.95,103.78,1028.37,32,273898.0
2090021,2017-10-13,NIFTYBEES,590103,B ,103.8,105.09,103.6,104.88,1037.81,59,1920051.0
2093034,2017-10-16,NIFTYBEES,590103,B ,105.2,105.73,105.0,105.7,1048.77,48,2010111.0
2096005,2017-10-17,NIFTYBEES,590103,B ,105.63,105.7,105.31,105.48,1056.95,10,67497.0
2098997,2017-10-18,NIFTYBEES,590103,B ,105.4,105.47,104.69,105.09,1054.8,19,189746.0
2101753,2017-10-19,NIFTYBEES,590103,B ,105.02,106.0,104.43,104.82,1050.93,48,280907.0
2104682,2017-10-23,NIFTYBEES,590103,B ,105.0,105.04,104.19,104.74,1048.25,31,194784.0
2107765,2017-10-24,NIFTYBEES,590103,B ,105.1,105.38,104.85,105.28,1047.41,51,828554.0
2110782,2017-10-25,NIFTYBEES,590103,B ,105.67,106.25,105.51,106.07,1052.8,53,1345336.0
2113818,2017-10-26,NIFTYBEES,590103,B ,106.02,106.57,105.78,106.44,1060.73,39,372668.0
2116848,2017-10-27,NIFTYBEES,590103,B ,106.47,106.5,106.13,106.24,1064.4,32,1320508.0
2119928,2017-10-30,NIFTYBEES,590103,B ,106.2,106.86,106.19,106.8,1062.41,35,1559841.0
2122995,2017-10-31,NIFTYBEES,590103,B ,106.3,106.97,106.3,106.44,1068.04,28,418977.0
2126126,2017-11-01,NIFTYBEES,590103,B ,108.0,108.0,106.3,107.42,1064.4,39,270595.0
2129212,2017-11-02,NIFTYBEES,590103,B ,107.63,107.7,107.2,107.22,1074.17,35,2548947.0
2132277,2017-11-03,NIFTYBEES,590103,B ,107.3,107.87,107.3,107.72,1072.18,28,465364.0
2135457,2017-11-06,NIFTYBEES,590103,B ,107.7,108.0,107.37,107.65,1077.17,33,1065007.0
2138529,2017-11-07,NIFTYBEES,590103,B ,107.68,107.7,106.98,106.98,1076.47,33,310031.0
2141577,2017-11-08,NIFTYBEES,590103,B ,107.14,107.14,106.35,106.36,1069.8,28,183463.0
2144589,2017-11-09,NIFTYBEES,590103,B ,106.95,107.11,105.8,106.16,1063.59,48,1476100.0
2147617,2017-11-10,NIFTYBEES,590103,B ,107.0,107.0,105.81,106.45,1061.55,34,378059.0
2150685,2017-11-13,NIFTYBEES,590103,B ,106.17,106.27,105.74,105.77,1064.47,52,1773415.0
2153702,2017-11-14,NIFTYBEES,590103,B ,105.2,105.7,105.11,105.19,1057.66,27,127545.0
2156689,2017-11-15,NIFTYBEES,590103,B ,105.01,105.07,104.3,104.49,1051.93,53,418842.0
2159695,2017-11-16,NIFTYBEES,590103,B ,104.9,105.79,104.42,105.49,1044.88,47,1755738.0
2162815,2017-11-17,NIFTYBEES,590103,B ,106.0,107.0,105.72,106.1,1054.86,54,682235.0
2165849,2017-11-20,NIFTYBEES,590103,B ,105.8,106.19,105.61,105.97,1060.99,30,352958.0
2168894,2017-11-21,NIFTYBEES,590103,B ,106.6,106.79,106.21,106.25,1059.73,32,1127726.0
2171939,2017-11-22,NIFTYBEES,590103,B ,106.8,106.8,106.26,106.45,1062.52,28,508052.0
2174992,2017-11-23,NIFTYBEES,590103,B ,106.2,106.93,106.2,106.6,1064.46,23,86413.0
2178058,2017-11-24,NIFTYBEES,590103,B ,106.5,107.0,106.5,107.0,1066.0,14,75888.0
2181128,2017-11-27,NIFTYBEES,590103,B ,106.4,107.0,106.4,106.95,1070.0,23,361337.0
2184171,2017-11-28,NIFTYBEES,590103,B ,106.27,107.43,106.27,106.62,1069.53,30,389862.0
2187196,2017-11-29,NIFTYBEES,590103,B ,106.8,107.21,106.7,106.7,1066.23,26,428373.0
2190207,2017-11-30,NIFTYBEES,590103,B ,106.5,106.5,105.5,105.61,1067.0,48,560361.0
2193210,2017-12-01,NIFTYBEES,590103,B ,105.9,106.01,104.5,104.59,1056.13,44,729514.0
2196291,2017-12-04,NIFTYBEES,590103,B ,104.7,105.1,104.3,104.68,1045.89,42,353851.0
2199301,2017-12-05,NIFTYBEES,590103,B ,104.57,104.7,104.04,104.61,1046.81,48,675537.0
2202271,2017-12-06,NIFTYBEES,590103,B ,104.3,104.37,103.6,103.66,1046.12,46,273925.0
2205279,2017-12-07,NIFTYBEES,590103,B ,103.68,105.17,103.68,105.1,1036.57,36,1290152.0
2208313,2017-12-08,NIFTYBEES,590103,B ,105.4,106.01,105.37,105.83,1050.97,28,504094.0
2211365,2017-12-11,NIFTYBEES,590103,B ,106.1,106.49,105.92,106.4,1058.27,37,324048.0
2214374,2017-12-12,NIFTYBEES,590103,B ,106.4,106.4,105.41,105.43,1064.0,34,349992.0
2217334,2017-12-13,NIFTYBEES,590103,B ,105.23,106.2,104.8,105.0,1054.28,33,105520.0
2220270,2017-12-14,NIFTYBEES,590103,B ,105.3,105.65,104.45,105.65,1050.01,29,433171.0
2223245,2017-12-15,NIFTYBEES,590103,B ,106.36,107.0,106.27,106.56,1056.47,52,837550.0
2226228,2017-12-18,NIFTYBEES,590103,B ,106.2,107.55,104.5,106.89,1065.56,89,1440506.0
2229257,2017-12-19,NIFTYBEES,590103,B ,107.02,107.8,107.02,107.72,1068.86,19,183612.0
2232321,2017-12-20,NIFTYBEES,590103,B ,107.35,108.1,106.8,107.46,1077.17,46,550045.0
2235405,2017-12-21,NIFTYBEES,590103,B ,107.61,107.77,107.32,107.43,1074.64,21,169858.0
2238506,2017-12-22,NIFTYBEES,590103,B ,107.68,108.4,107.68,108.04,1074.31,29,522054.0
2241670,2017-12-26,NIFTYBEES,590103,B ,108.24,108.5,107.96,108.32,1080.42,42,448889.0
2244815,2017-12-27,NIFTYBEES,590103,B ,108.32,109.07,107.83,108.06,1083.24,48,458848.0
2247962,2017-12-28,NIFTYBEES,590103,B ,108.2,108.54,107.8,107.85,1080.59,42,756661.0
2251118,2017-12-29,NIFTYBEES,590103,B ,107.81,108.5,107.81,108.39,1078.51,28,324924.0
2254350,2018-01-01,NIFTYBEES,590103,B ,108.5,110.8,107.66,108.4,1083.91,65,5261363.0
2257482,2018-01-02,NIFTYBEES,590103,B ,107.61,107.96,107.12,107.43,1083.98,44,501209.0
2260681,2018-01-03,NIFTYBEES,590103,B ,107.7,108.28,107.43,107.45,1074.34,40,861914.0
2263875,2018-01-04,NIFTYBEES,590103,B ,107.5,108.26,107.1,108.26,1074.47,33,651095.0
2267148,2018-01-05,NIFTYBEES,590103,B ,108.4,108.96,108.29,108.77,1082.6,38,415985.0
2270464,2018-01-08,NIFTYBEES,590103,B ,109.0,109.5,109.0,109.33,1087.67,70,953388.0
2273758,2018-01-09,NIFTYBEES,590103,B ,109.28,109.7,109.22,109.38,1093.3,25,657375.0
2277023,2018-01-10,NIFTYBEES,590103,B ,109.31,109.88,109.31,109.79,1093.84,27,311622.0
2280281,2018-01-11,NIFTYBEES,590103,B ,109.9,110.16,109.7,110.06,1097.91,34,290129.0
2283532,2018-01-12,NIFTYBEES,590103,B ,110.3,110.3,109.71,110.12,1100.58,26,177191.0
2286838,2018-01-15,NIFTYBEES,590103,B ,110.3,111.1,110.3,110.99,1101.15,26,240424.0
2290110,2018-01-16,NIFTYBEES,590103,B ,111.14,111.15,110.22,110.22,1109.9,25,667378.0
2293338,2018-01-17,NIFTYBEES,590103,B ,110.35,111.28,110.02,111.22,1102.2,36,1453045.0
2296595,2018-01-18,NIFTYBEES,590103,B ,111.7,112.48,111.12,111.33,1112.17,65,3034253.0
2299797,2018-01-19,NIFTYBEES,590103,B ,111.41,112.44,111.32,112.27,1113.28,60,1832359.0
2303037,2018-01-22,NIFTYBEES,590103,B ,112.2,113.08,112.06,112.93,1122.67,48,1785105.0
2306277,2018-01-23,NIFTYBEES,590103,B ,112.91,114.2,112.91,114.12,1129.29,63,1257644.0
2309495,2018-01-24,NIFTYBEES,590103,B ,113.75,114.3,113.75,114.01,1141.17,19,353714.0
2312682,2018-01-25,NIFTYBEES,590103,B ,113.95,114.6,113.37,114.0,1140.1,49,311142.0
2315897,2018-01-29,NIFTYBEES,590103,B ,113.7,114.98,113.27,114.76,1140.05,55,1676218.0
2319057,2018-01-30,NIFTYBEES,590103,B ,114.53,114.53,113.78,114.1,1147.55,40,373171.0
2322225,2018-01-31,NIFTYBEES,590103,B ,113.8,113.87,113.3,113.46,1140.97,63,4945067.0
2325337,2018-02-01,NIFTYBEES,590103,B ,113.8,114.66,111.95,113.76,1134.6,146,3631813.0
2328471,2018-02-02,NIFTYBEES,590103,B ,113.3,113.3,110.53,110.78,1137.63,117,2888845.0
2331615,2018-02-05,NIFTYBEES,590103,B ,110.4,111.5,108.57,110.51,1107.82,90,1377096.0
2334713,2018-02-06,NIFTYBEES,590103,B ,109.8,109.8,106.07,108.22,1105.12,217,7020464.0
2337794,2018-02-07,NIFTYBEES,590103,B ,108.8,109.3,108.0,108.38,1082.17,68,1684039.0
2340891,2018-02-08,NIFTYBEES,590103,B ,108.19,109.9,108.1,109.3,1083.85,70,1826114.0
2343963,2018-02-09,NIFTYBEES,590103,B ,108.2,108.43,107.3,108.21,1092.95,90,2018932.0
2347116,2018-02-12,NIFTYBEES,590103,B ,108.5,109.22,108.3,109.02,1082.1,53,915679.0
2350277,2018-02-14,NIFTYBEES,590103,B ,108.94,109.4,108.17,108.61,1090.18,42,470533.0
2353429,2018-02-15,NIFTYBEES,590103,B ,108.6,109.5,108.6,109.21,1086.09,30,261326.0
2356532,2018-02-16,NIFTYBEES,590103,B ,109.33,109.7,107.8,108.16,1092.13,70,3388087.0
2359635,2018-02-19,NIFTYBEES,590103,B ,108.53,108.53,106.8,107.21,1081.63,67,974022.0
2362715,2018-02-20,NIFTYBEES,590103,B ,107.18,107.98,106.73,106.84,1072.11,38,443443.0
2365773,2018-02-21,NIFTYBEES,590103,B ,107.1,108.34,107.1,108.11,1068.41,85,1887453.0
2368827,2018-02-22,NIFTYBEES,590103,B ,107.8,107.8,107.1,107.45,1081.12,26,262088.0
2371880,2018-02-23,NIFTYBEES,590103,B ,107.38,108.49,107.38,108.21,1074.48,36,646062.0
2374978,2018-02-26,NIFTYBEES,590103,B ,108.5,109.27,108.1,109.2,1082.06,36,357547.0
2378046,2018-02-27,NIFTYBEES,590103,B ,109.4,109.5,108.68,108.92,1092.05,36,379664.0
2381084,2018-02-28,NIFTYBEES,590103,B ,108.6,108.69,108.0,108.6,1089.18,36,824621.0
2384105,2018-03-01,NIFTYBEES,590103,B ,108.66,108.7,107.73,107.86,1086.01,22,358536.0
2387189,2018-03-05,NIFTYBEES,590103,B ,108.1,108.19,106.72,107.16,1078.65,72,2134897.0
2390235,2018-03-06,NIFTYBEES,590103,B ,107.6,107.97,105.6,106.16,1071.64,56,955248.0
2393275,2018-03-07,NIFTYBEES,590103,B ,105.8,106.0,105.0,105.05,1061.55,62,419377.0
2396318,2018-03-08,NIFTYBEES,590103,B ,105.4,106.0,105.09,105.82,1050.46,50,1298914.0
2399369,2018-03-09,NIFTYBEES,590103,B ,106.17,106.5,105.48,105.61,1058.21,34,415373.0
2402437,2018-03-12,NIFTYBEES,590103,B ,106.4,107.5,105.7,107.48,1056.13,72,1119870.0
2405478,2018-03-13,NIFTYBEES,590103,B ,107.2,108.41,107.0,108.0,1074.84,39,506158.0
2408494,2018-03-14,NIFTYBEES,590103,B ,107.7,107.7,107.03,107.59,1080.03,33,336211.0
2411500,2018-03-15,NIFTYBEES,590103,B ,107.58,107.8,106.72,107.35,1075.9,30,397466.0
2414521,2018-03-16,NIFTYBEES,590103,B ,107.0,107.0,105.62,105.69,1073.46,91,4030388.0
2417609,2018-03-19,NIFTYBEES,590103,B ,105.59,106.1,104.24,104.82,1056.89,97,2654810.0
2420675,2018-03-20,NIFTYBEES,590103,B ,104.39,105.2,104.34,104.73,1048.25,30,428528.0
2423720,2018-03-21,NIFTYBEES,590103,B ,104.98,105.8,104.7,105.25,1047.31,39,804554.0
2426771,2018-03-22,NIFTYBEES,590103,B ,104.9,105.6,104.4,104.47,1052.47,46,489431.0
2429818,2018-03-23,NIFTYBEES,590103,B ,104.0,104.0,103.08,103.49,1044.68,105,3167669.0
2432961,2018-03-26,NIFTYBEES,590103,B ,103.49,105.07,103.0,104.71,1034.91,95,4121245.0
2435970,2018-03-27,NIFTYBEES,590103,B ,105.0,105.66,104.66,105.48,1047.1,52,1466748.0
2438949,2018-03-28,NIFTYBEES,590103,B ,105.2,106.0,104.47,105.01,1054.8,33,532236.0
2441915,2018-04-02,NIFTYBEES,590103,B ,104.8,105.5,104.3,105.5,1050.1,58,1135356.0
2444863,2018-04-03,NIFTYBEES,590103,B ,105.7,105.8,105.16,105.8,1055.0,14,261714.0
2447826,2018-04-04,NIFTYBEES,590103,B ,106.2,106.5,104.9,105.15,1057.98,50,747760.0
2450838,2018-04-05,NIFTYBEES,590103,B ,105.6,106.8,105.6,106.57,1051.49,49,1590963.0
2453815,2018-04-06,NIFTYBEES,590103,B ,106.42,107.39,106.42,107.22,1065.67,40,698788.0
2456905,2018-04-09,NIFTYBEES,590103,B ,106.9,107.5,106.9,107.29,1072.21,38,974239.0
2459913,2018-04-10,NIFTYBEES,590103,B ,107.6,108.0,107.0,107.54,1072.86,54,525593.0
2462911,2018-04-11,NIFTYBEES,590103,B ,107.2,107.8,106.87,107.63,1075.45,30,389787.0
2465883,2018-04-12,NIFTYBEES,590103,B ,107.3,108.2,107.3,108.2,1076.29,27,432016.0
2468902,2018-04-13,NIFTYBEES,590103,B ,108.5,109.0,108.1,108.41,1082.0,22,179935.0
2471949,2018-04-16,NIFTYBEES,590103,B ,108.2,109.1,108.19,109.09,1084.09,41,1199311.0
2474932,2018-04-17,NIFTYBEES,590103,B ,108.8,109.3,108.5,109.02,1090.89,16,292141.0
2477910,2018-04-18,NIFTYBEES,590103,B ,108.8,109.5,108.7,109.28,1090.15,30,154087.0
2480899,2018-04-19,NIFTYBEES,590103,B ,109.0,109.5,109.0,109.13,1092.83,27,1527675.0
2483857,2018-04-20,NIFTYBEES,590103,B ,109.0,109.35,108.07,109.35,1091.29,37,1266646.0
2486888,2018-04-23,NIFTYBEES,590103,B ,109.1,109.98,108.67,109.75,1093.46,42,914022.0
2489906,2018-04-24,NIFTYBEES,590103,B ,109.7,110.0,109.43,110.0,1097.54,19,288161.0
2492878,2018-04-25,NIFTYBEES,590103,B ,109.7,109.78,108.87,109.35,1100.0,32,452042.0
2495805,2018-04-26,NIFTYBEES,590103,B ,109.3,109.8,109.25,109.76,1093.55,13,465571.0
2498714,2018-04-27,NIFTYBEES,590103,B ,110.1,110.7,110.1,110.39,1097.64,26,579594.0
2501673,2018-04-30,NIFTYBEES,590103,B ,110.65,111.5,110.65,111.05,1103.94,48,1448028.0
2504642,2018-05-02,NIFTYBEES,590103,B ,110.8,111.5,110.8,111.24,1110.46,31,202425.0
2507638,2018-05-03,NIFTYBEES,590103,B ,110.9,110.96,110.21,110.32,1112.4,24,93934.0
2510630,2018-05-04,NIFTYBEES,590103,B ,110.4,110.4,109.8,110.2,1103.16,13,78186.0
2513611,2018-05-07,NIFTYBEES,590103,B ,110.5,110.9,110.0,110.7,1102.03,27,274062.0
2516586,2018-05-08,NIFTYBEES,590103,B ,110.94,111.2,110.54,110.76,1106.98,24,644006.0
2519556,2018-05-09,NIFTYBEES,590103,B ,110.98,111.35,110.7,111.27,1107.62,16,142072.0
2522514,2018-05-10,NIFTYBEES,590103,B ,111.0,111.6,110.6,111.22,1112.74,38,711488.0
2525489,2018-05-11,NIFTYBEES,590103,B ,111.0,111.8,110.8,111.6,1112.22,27,495603.0
2528476,2018-05-14,NIFTYBEES,590103,B ,111.9,112.19,111.45,112.0,1116.04,27,1208894.0
2531417,2018-05-15,NIFTYBEES,590103,B ,111.7,113.0,111.52,111.94,1119.98,48,587134.0
2534327,2018-05-16,NIFTYBEES,590103,B ,111.7,111.8,110.7,111.21,1119.36,38,439737.0
2537233,2018-05-17,NIFTYBEES,590103,B ,111.0,111.0,110.2,110.28,1112.06,33,910719.0
2540148,2018-05-18,NIFTYBEES,590103,B ,110.4,110.4,109.46,109.57,1102.82,34,1536144.0
2543120,2018-05-21,NIFTYBEES,590103,B ,109.9,109.9,108.65,108.72,1095.74,51,719633.0
2546064,2018-05-22,NIFTYBEES,590103,B ,108.53,109.39,108.4,109.37,1087.18,19,371464.0
2549007,2018-05-23,NIFTYBEES,590103,B ,109.1,109.15,107.72,108.05,1093.67,50,245049.0
2551948,2018-05-24,NIFTYBEES,590103,B ,108.0,109.05,108.0,108.9,1080.46,26,825890.0
2554894,2018-05-25,NIFTYBEES,590103,B ,109.1,109.9,109.1,109.9,1089.03,28,654707.0
2557920,2018-05-28,NIFTYBEES,590103,B ,109.6,111.29,109.4,110.7,1099.0,61,720857.0
2560926,2018-05-29,NIFTYBEES,590103,B ,110.95,111.0,109.86,109.99,1107.05,19,79468.0
2563924,2018-05-30,NIFTYBEES,590103,B ,110.16,110.39,109.62,110.26,1099.92,20,99027.0
2566868,2018-05-31,NIFTYBEES,590103,B ,110.71,111.7,110.2,111.56,1102.57,23,403718.0
2569844,2018-06-01,NIFTYBEES,590103,B ,111.3,111.7,110.63,110.63,1115.62,20,118990.0
2572866,2018-06-04,NIFTYBEES,590103,B ,111.0,111.45,110.41,110.51,1106.33,26,130662.0
2575843,2018-06-05,NIFTYBEES,590103,B ,110.8,111.0,109.5,110.21,1105.1,45,355169.0
2578773,2018-06-06,NIFTYBEES,590103,B ,109.9,110.99,109.5,110.92,1102.06,36,781305.0
2581755,2018-06-07,NIFTYBEES,590103,B ,111.5,112.2,111.35,111.71,1109.25,31,502935.0
2584687,2018-06-08,NIFTYBEES,590103,B ,111.5,111.99,111.03,111.76,1117.08,31,248924.0
2587653,2018-06-11,NIFTYBEES,590103,B ,112.1,112.69,111.9,112.08,1117.58,48,873234.0
2590615,2018-06-12,NIFTYBEES,590103,B ,112.4,112.95,112.0,112.6,1120.82,36,175459.0
2593632,2018-06-13,NIFTYBEES,590103,B ,112.3,113.15,112.0,112.48,1126.0,26,114888.0
2596552,2018-06-14,NIFTYBEES,590103,B ,112.3,112.58,111.83,112.43,1124.78,28,97622.0
2599495,2018-06-15,NIFTYBEES,590103,B ,112.1,112.52,111.98,112.24,1124.26,39,660065.0
2602439,2018-06-18,NIFTYBEES,590103,B ,112.5,112.9,111.57,112.17,1122.37,38,538557.0
2605372,2018-06-19,NIFTYBEES,590103,B ,112.17,112.17,111.12,111.58,1121.7,37,586629.0
2608304,2018-06-20,NIFTYBEES,590103,B ,111.3,111.95,110.97,111.65,1115.78,65,1886345.0
2611203,2018-06-21,NIFTYBEES,590103,B ,111.9,112.28,111.35,111.35,1116.48,14,26858.0
2614067,2018-06-22,NIFTYBEES,590103,B ,111.6,112.75,111.26,112.57,1113.51,16,71527.0
2616979,2018-06-25,NIFTYBEES,590103,B ,112.3,112.8,111.97,112.02,1125.67,23,424821.0
2619895,2018-06-26,NIFTYBEES,590103,B ,112.0,112.2,111.53,112.09,1120.21,25,1334939.0
2622860,2018-06-27,NIFTYBEES,590103,B ,111.8,111.8,110.47,110.68,1120.86,57,1618991.0
2625800,2018-06-28,NIFTYBEES,590103,B ,110.95,111.19,110.0,110.43,1106.77,45,1150452.0
2628698,2018-06-29,NIFTYBEES,590103,B ,110.1,111.49,109.77,111.0,1104.33,31,574374.0
2631648,2018-07-02,NIFTYBEES,590103,B ,111.2,111.23,110.15,110.82,1109.95,50,2151202.0
2634546,2018-07-03,NIFTYBEES,590103,B ,111.1,111.8,110.25,111.6,1108.17,41,205633.0
2637456,2018-07-04,NIFTYBEES,590103,B ,111.3,112.1,111.3,112.1,1116.0,21,864549.0
2640392,2018-07-05,NIFTYBEES,590103,B ,112.3,112.31,111.8,111.92,1121.0,17,553200.0
2643337,2018-07-06,NIFTYBEES,590103,B ,111.7,112.7,111.57,111.8,1119.21,46,611601.0
2646270,2018-07-09,NIFTYBEES,590103,B ,112.0,113.67,111.8,113.34,1117.96,80,1310587.0
2649206,2018-07-10,NIFTYBEES,590103,B ,113.0,114.25,113.0,113.73,1133.37,33,1906704.0
2652132,2018-07-11,NIFTYBEES,590103,B ,113.5,114.2,112.97,113.8,1137.27,40,754702.0
2655090,2018-07-12,NIFTYBEES,590103,B ,113.5,115.35,113.5,114.82,1138.03,54,642036.0
2658017,2018-07-13,NIFTYBEES,590103,B ,114.7,115.3,114.33,114.4,1148.16,21,211899.0
2660951,2018-07-16,NIFTYBEES,590103,B ,114.7,114.7,113.02,113.49,1144.0,29,160032.0
2663856,2018-07-17,NIFTYBEES,590103,B ,113.8,114.7,113.65,114.57,1134.9,18,351957.0
2666745,2018-07-18,NIFTYBEES,590103,B ,114.3,115.1,114.08,114.08,1145.65,15,169451.0
2669644,2018-07-19,NIFTYBEES,590103,B ,114.0,114.62,113.8,114.18,1140.79,30,297639.0
2672496,2018-07-20,NIFTYBEES,590103,B ,113.8,115.08,113.6,114.92,1141.8,34,463535.0
2675450,2018-07-23,NIFTYBEES,590103,B ,115.0,115.4,114.6,115.2,1149.2,36,363047.0
2678399,2018-07-24,NIFTYBEES,590103,B ,114.9,116.25,114.9,115.85,1152.04,16,374752.0
2681333,2018-07-25,NIFTYBEES,590103,B ,115.7,116.32,115.53,115.71,1158.46,26,556663.0
2684193,2018-07-26,NIFTYBEES,590103,B ,119.0,119.0,115.4,116.06,1157.09,44,1114147.0
2687150,2018-07-27,NIFTYBEES,590103,B ,116.3,117.83,116.3,117.41,1160.63,59,1204708.0
2690159,2018-07-30,NIFTYBEES,590103,B ,117.0,118.16,117.0,118.15,1174.11,33,282115.0
2693133,2018-07-31,NIFTYBEES,590103,B ,118.16,118.4,117.3,118.26,1181.53,20,68414.0
2696132,2018-08-01,NIFTYBEES,590103,B ,118.1,118.66,117.9,118.2,1182.59,25,482884.0
2699128,2018-08-02,NIFTYBEES,590103,B ,118.2,118.2,116.96,117.15,1182.0,48,819346.0
2702151,2018-08-03,NIFTYBEES,590103,B ,117.0,118.57,117.0,118.43,1171.52,40,463575.0
2705251,2018-08-06,NIFTYBEES,590103,B ,118.7,119.0,118.0,118.4,1184.3,41,658659.0
2708312,2018-08-07,NIFTYBEES,590103,B ,118.3,119.0,118.2,118.95,1184.0,25,303804.0
2711350,2018-08-08,NIFTYBEES,590103,B ,118.98,119.36,118.5,119.18,1189.54,39,2396238.0
2714346,2018-08-09,NIFTYBEES,590103,B ,119.25,119.68,119.24,119.33,1191.76,26,193416.0
2717388,2018-08-10,NIFTYBEES,590103,B ,119.3,119.37,118.76,118.89,1193.31,34,384629.0
2720417,2018-08-13,NIFTYBEES,590103,B ,118.5,118.72,118.0,118.39,1188.86,38,493419.0
2723423,2018-08-14,NIFTYBEES,590103,B ,118.7,119.49,118.7,119.48,1183.92,14,34477.0
2726462,2018-08-16,NIFTYBEES,590103,B ,119.2,119.4,118.57,118.99,1194.83,33,336762.0
2729490,2018-08-17,NIFTYBEES,590103,B ,118.6,119.84,118.6,119.57,1189.9,32,209383.0
2732610,2018-08-20,NIFTYBEES,590103,B ,119.5,120.5,118.97,120.22,1195.7,63,1404572.0
2735678,2018-08-21,NIFTYBEES,590103,B ,120.1,120.6,120.0,120.5,1202.23,35,2960650.0
2738752,2018-08-23,NIFTYBEES,590103,B ,120.4,121.1,120.4,120.88,1204.99,43,513336.0
2741819,2018-08-24,NIFTYBEES,590103,B ,120.5,121.0,120.17,120.33,1208.85,32,290268.0
2744926,2018-08-27,NIFTYBEES,590103,B ,120.5,122.0,120.5,121.66,1203.29,40,1377073.0
2747978,2018-08-28,NIFTYBEES,590103,B ,122.0,122.7,121.85,122.48,1216.55,48,865102.0
2751044,2018-08-29,NIFTYBEES,590103,B ,122.2,122.8,121.64,121.92,1224.78,43,455859.0
2754103,2018-08-30,NIFTYBEES,590103,B ,121.8,122.17,121.31,121.79,1219.25,38,562888.0
2757148,2018-08-31,NIFTYBEES,590103,B ,122.0,122.4,121.26,122.16,1217.94,19,303685.0
2760257,2018-09-03,NIFTYBEES,590103,B ,122.2,122.35,120.48,120.96,1221.6,48,1579245.0
2763357,2018-09-04,NIFTYBEES,590103,B ,120.84,120.92,120.0,120.43,1209.61,16,256946.0
2766442,2018-09-05,NIFTYBEES,590103,B ,120.1,120.46,118.85,119.92,1204.3,87,1562114.0
2769525,2018-09-06,NIFTYBEES,590103,B ,119.7,120.3,119.34,120.15,1199.2,41,490907.0
2772588,2018-09-07,NIFTYBEES,590103,B ,120.0,121.23,119.7,121.17,1201.45,29,474415.0
2775675,2018-09-10,NIFTYBEES,590103,B ,121.4,121.7,119.5,119.66,1211.69,57,309055.0
2778729,2018-09-11,NIFTYBEES,590103,B ,119.7,119.73,118.0,118.13,1196.55,61,759746.0
2781740,2018-09-12,NIFTYBEES,590103,B ,117.8,119.02,117.36,118.49,1181.27,89,1473986.0
2784739,2018-09-14,NIFTYBEES,590103,B ,120.99,120.99,118.6,119.94,1184.87,51,2094886.0
2787796,2018-09-17,NIFTYBEES,590103,B ,119.7,119.7,118.68,118.68,1199.45,68,6201015.0
2790798,2018-09-18,NIFTYBEES,590103,B ,119.0,119.0,117.46,117.99,1186.85,36,255355.0
2793810,2018-09-19,NIFTYBEES,590103,B ,118.3,118.58,116.97,117.0,1179.87,55,1714448.0
2796822,2018-09-21,NIFTYBEES,590103,B ,116.9,118.68,113.5,116.67,1169.95,100,3912857.0
2799866,2018-09-24,NIFTYBEES,590103,B ,116.78,116.9,114.62,114.88,1166.71,86,1652885.0
2802923,2018-09-25,NIFTYBEES,590103,B ,115.2,115.7,113.58,115.55,1148.77,219,7376216.0
2805956,2018-09-26,NIFTYBEES,590103,B ,115.95,115.95,115.09,115.75,1155.47,65,1325898.0
2808864,2018-09-27,NIFTYBEES,590103,B ,115.5,115.6,114.7,114.88,1157.52,170,5744445.0
2811847,2018-09-28,NIFTYBEES,590103,B ,115.4,115.42,113.35,114.54,1148.77,328,17937378.0
2814889,2018-10-01,NIFTYBEES,590103,B ,114.8,115.3,113.1,115.06,1145.36,81,2318861.0
2817901,2018-10-03,NIFTYBEES,590103,B ,114.5,114.89,113.3,113.47,1150.61,89,1176869.0
2820914,2018-10-04,NIFTYBEES,590103,B ,113.0,113.0,110.5,111.06,1134.72,235,3640411.0
2823903,2018-10-05,NIFTYBEES,590103,B ,111.0,111.0,107.51,108.01,1110.6,282,5064583.0
2826945,2018-10-08,NIFTYBEES,590103,B ,107.6,108.74,106.33,108.03,1080.06,174,4982641.0
2829917,2018-10-09,NIFTYBEES,590103,B ,108.44,108.69,107.5,107.85,1080.3,48,571293.0
2832930,2018-10-10,NIFTYBEES,590103,B ,108.3,109.5,107.7,109.19,1078.47,64,651191.0
2835842,2018-10-11,NIFTYBEES,590103,B ,107.11,108.0,106.37,107.02,1091.94,112,2283550.0
2838842,2018-10-12,NIFTYBEES,590103,B ,106.5,109.64,106.5,109.42,1070.2,74,589358.0
2841838,2018-10-15,NIFTYBEES,590103,B ,109.12,110.12,109.0,110.08,1094.18,52,845842.0
2844823,2018-10-16,NIFTYBEES,590103,B ,109.5,110.5,109.08,110.41,1100.75,45,438552.0
2847728,2018-10-17,NIFTYBEES,590103,B ,111.1,111.4,108.99,109.38,1104.09,54,275503.0
2850645,2018-10-19,NIFTYBEES,590103,B ,109.0,109.0,107.27,107.49,1093.75,80,1014478.0
2853602,2018-10-22,NIFTYBEES,590103,B ,107.52,108.08,106.7,107.16,1074.91,41,773439.0
2856526,2018-10-23,NIFTYBEES,590103,B ,107.0,107.0,105.84,106.19,1071.64,107,1366208.0
2859447,2018-10-24,NIFTYBEES,590103,B ,106.6,107.5,106.01,107.2,1061.86,67,1133395.0
2862251,2018-10-25,NIFTYBEES,590103,B ,106.7,106.7,105.61,106.08,1071.98,94,1421631.0
2865140,2018-10-26,NIFTYBEES,590103,B ,106.3,106.6,104.59,104.9,1060.84,130,2140816.0
2868073,2018-10-29,NIFTYBEES,590103,B ,105.1,107.4,105.1,106.97,1048.95,98,1611164.0
2870966,2018-10-30,NIFTYBEES,590103,B ,106.97,107.4,106.62,106.8,1069.68,52,1088267.0
2873829,2018-10-31,NIFTYBEES,590103,B ,106.75,108.5,106.0,108.4,1067.99,89,2834030.0
2876720,2018-11-01,NIFTYBEES,590103,B ,107.9,109.0,107.5,108.59,1083.97,81,3652529.0
2879687,2018-11-02,NIFTYBEES,590103,B ,109.0,110.62,109.0,110.42,1085.89,85,1785539.0
2882659,2018-11-05,NIFTYBEES,590103,B ,110.5,110.5,109.79,110.09,1104.25,51,536991.0
2885544,2018-11-06,NIFTYBEES,590103,B ,111.1,111.1,109.5,110.13,1100.9,37,216337.0
2888211,2018-11-07,NIFTYBEES,590103,B ,114.99,114.99,110.47,110.82,1101.31,55,248652.0
2890965,2018-11-09,NIFTYBEES,590103,B ,111.3,111.3,109.78,110.88,1108.25,46,302430.0
2893882,2018-11-12,NIFTYBEES,590103,B ,111.3,112.1,109.3,109.93,1108.83,90,685482.0
2896823,2018-11-13,NIFTYBEES,590103,B ,110.0,110.8,109.1,110.65,1099.28,41,493424.0
2899730,2018-11-14,NIFTYBEES,590103,B ,111.1,111.5,110.2,110.71,1106.51,61,1469582.0
2902627,2018-11-15,NIFTYBEES,590103,B ,111.1,111.2,110.0,111.02,1107.14,50,332971.0
2905594,2018-11-16,NIFTYBEES,590103,B ,111.5,111.7,111.14,111.46,1110.24,41,1115077.0
2908551,2018-11-19,NIFTYBEES,590103,B ,112.0,112.4,111.7,112.18,1114.56,43,775891.0
2911474,2018-11-20,NIFTYBEES,590103,B ,112.0,112.46,111.06,111.17,1121.81,62,503330.0
2914359,2018-11-21,NIFTYBEES,590103,B ,111.0,111.6,110.64,110.93,1111.66,28,245235.0
2917274,2018-11-22,NIFTYBEES,590103,B ,112.0,112.0,110.2,110.39,1109.34,86,5250958.0
2920212,2018-11-26,NIFTYBEES,590103,B ,111.0,111.45,109.7,111.31,1103.94,82,1690172.0
2923127,2018-11-27,NIFTYBEES,590103,B ,111.4,111.7,110.7,111.49,1113.13,26,111173.0
2926070,2018-11-28,NIFTYBEES,590103,B ,112.0,112.19,111.0,111.7,1114.87,33,770976.0
2928995,2018-11-29,NIFTYBEES,590103,B ,113.0,113.6,111.75,113.42,1116.98,41,477807.0
2931913,2018-11-30,NIFTYBEES,590103,B ,114.0,114.0,112.81,113.8,1134.2,77,3299427.0
2934865,2018-12-03,NIFTYBEES,590103,B ,114.5,114.5,113.2,114.04,1138.0,143,4103988.0
2937763,2018-12-04,NIFTYBEES,590103,B ,114.1,114.1,113.25,113.57,1140.42,26,146542.0
2940644,2018-12-05,NIFTYBEES,590103,B ,113.5,113.5,112.5,112.55,1135.71,49,965761.0
2943525,2018-12-06,NIFTYBEES,590103,B ,112.5,112.5,110.8,110.98,1125.47,97,1005736.0
2946421,2018-12-07,NIFTYBEES,590103,B ,112.5,112.5,111.1,111.78,1109.77,32,365759.0
2949286,2018-12-10,NIFTYBEES,590103,B ,111.7,111.7,109.5,109.89,1117.75,82,1228659.0
2952003,2018-12-11,NIFTYBEES,590103,B ,109.5,110.73,108.3,110.59,1098.87,115,1847652.0
2954876,2018-12-12,NIFTYBEES,590103,B ,111.0,112.37,110.6,111.97,1105.94,60,247665.0
2957729,2018-12-13,NIFTYBEES,590103,B ,112.4,113.3,112.3,112.54,1119.73,70,2780295.0
2960606,2018-12-14,NIFTYBEES,590103,B ,112.5,113.3,112.34,113.12,1125.43,45,755219.0
2963534,2018-12-17,NIFTYBEES,590103,B ,113.5,113.92,112.18,113.78,1131.16,52,2338070.0
2966439,2018-12-18,NIFTYBEES,590103,B ,113.59,113.98,113.1,113.74,1137.77,29,391714.0
2969404,2018-12-19,NIFTYBEES,590103,B ,114.2,114.85,113.23,114.4,1137.36,34,495911.0
2972319,2018-12-20,NIFTYBEES,590103,B ,114.99,114.99,113.78,114.26,1143.99,65,1383774.0
2975224,2018-12-21,NIFTYBEES,590103,B ,113.0,114.49,112.53,112.62,1142.57,80,1357641.0
2978103,2018-12-24,NIFTYBEES,590103,B ,112.62,112.62,111.5,111.74,1126.2,50,304051.0
2980967,2018-12-26,NIFTYBEES,590103,B ,111.6,112.45,110.36,112.36,1117.37,68,477289.0
2983904,2018-12-27,NIFTYBEES,590103,B ,111.8,113.3,111.7,112.98,1123.65,33,250685.0
2986876,2018-12-28,NIFTYBEES,590103,B ,113.2,114.04,113.2,113.52,1129.77,35,439111.0
2989845,2018-12-31,NIFTYBEES,590103,B ,113.5,114.67,113.0,113.43,1135.19,73,1578102.0
2992717,2019-01-01,NIFTYBEES,590103,B ,114.0,114.1,113.03,113.98,1134.31,33,703692.0
2995595,2019-01-02,NIFTYBEES,590103,B ,114.8,114.8,112.55,112.66,1139.85,61,483740.0
2998497,2019-01-03,NIFTYBEES,590103,B ,113.5,113.5,111.41,111.98,1126.59,66,650518.0
3001442,2019-01-04,NIFTYBEES,590103,B ,113.0,113.0,111.69,112.61,1119.82,67,5415015.0
3004429,2019-01-07,NIFTYBEES,590103,B ,114.5,114.5,112.4,112.45,1126.13,52,434704.0
3007376,2019-01-08,NIFTYBEES,590103,B ,113.5,113.5,112.0,112.9,1124.49,45,731547.0
3010316,2019-01-09,NIFTYBEES,590103,B ,113.5,113.7,112.26,113.24,1129.05,65,626776.0
3013264,2019-01-10,NIFTYBEES,590103,B ,114.0,114.0,112.29,113.37,1132.43,44,781363.0
3016215,2019-01-11,NIFTYBEES,590103,B ,114.0,114.0,112.29,113.05,1133.66,113,1647894.0
3019110,2019-01-14,NIFTYBEES,590103,B ,114.0,114.0,111.98,112.0,1130.49,75,540054.0
3022032,2019-01-15,NIFTYBEES,590103,B ,113.0,113.71,112.8,113.6,1120.03,85,3462433.0
3024933,2019-01-16,NIFTYBEES,590103,B ,114.0,114.37,113.3,114.06,1136.0,52,867840.0
3027864,2019-01-17,NIFTYBEES,590103,B ,115.0,115.0,113.67,114.12,1140.63,35,1799230.0
3030736,2019-01-18,NIFTYBEES,590103,B ,115.0,115.0,113.5,114.0,1141.18,28,504938.0
3033679,2019-01-21,NIFTYBEES,590103,B ,114.8,114.9,113.3,114.8,1140.0,67,725629.0
3036598,2019-01-22,NIFTYBEES,590103,B ,115.1,115.1,113.67,114.01,1148.01,33,107379.0
3039462,2019-01-23,NIFTYBEES,590103,B ,114.6,114.6,113.1,113.62,1140.06,64,1641112.0
3042287,2019-01-24,NIFTYBEES,590103,B ,114.2,115.0,113.05,113.32,1136.18,43,892384.0
3045153,2019-01-25,NIFTYBEES,590103,B ,114.0,114.47,112.38,112.83,1133.22,77,791600.0
3048056,2019-01-28,NIFTYBEES,590103,B ,113.5,113.5,111.4,111.78,1128.28,90,5451987.0
3050906,2019-01-29,NIFTYBEES,590103,B ,112.5,112.7,111.0,111.57,1117.8,77,1463644.0
3053752,2019-01-30,NIFTYBEES,590103,B ,112.5,112.5,111.28,111.41,1115.69,215,17954356.0
3056670,2019-01-31,NIFTYBEES,590103,B ,112.5,113.69,111.8,113.6,1114.08,70,640331.0
3059554,2019-02-01,NIFTYBEES,590103,B ,114.5,115.03,112.9,113.74,1136.0,259,19552400.0
3062509,2019-02-04,NIFTYBEES,590103,B ,114.0,114.3,112.78,113.91,1137.36,61,2018332.0
3065463,2019-02-05,NIFTYBEES,590103,B ,114.5,114.72,113.4,114.58,1139.06,70,3387634.0
3068419,2019-02-06,NIFTYBEES,590103,B ,115.5,116.07,114.2,115.9,1145.75,96,17295637.0
3071333,2019-02-07,NIFTYBEES,590103,B ,116.5,116.5,115.4,116.03,1158.96,179,12902818.0
3074197,2019-02-08,NIFTYBEES,590103,B ,116.72,116.72,114.13,114.52,1160.26,152,16077213.0
3077102,2019-02-11,NIFTYBEES,590103,B ,115.0,115.68,113.82,114.32,1145.25,76,870475.0
3079965,2019-02-12,NIFTYBEES,590103,B ,114.7,114.7,113.6,113.62,1143.23,58,9181002.0
3082834,2019-02-13,NIFTYBEES,590103,B ,114.2,114.2,113.0,113.3,1136.24,139,18719579.0
3085655,2019-02-14,NIFTYBEES,590103,B ,114.0,114.0,112.47,112.67,1133.04,167,17388148.0
3088497,2019-02-15,NIFTYBEES,590103,B ,113.3,113.3,111.5,112.7,1126.73,134,5013250.0
3091415,2019-02-18,NIFTYBEES,590103,B ,113.5,113.5,111.4,111.6,1127.0,79,1093123.0
3094288,2019-02-19,NIFTYBEES,590103,B ,112.4,112.4,111.1,111.24,1116.0,103,11281197.0
3097225,2019-02-20,NIFTYBEES,590103,B ,112.0,112.82,111.1,112.45,1112.43,185,13277057.0
3100122,2019-02-21,NIFTYBEES,590103,B ,113.1,113.34,112.09,112.75,1124.54,122,8864451.0
3103008,2019-02-22,NIFTYBEES,590103,B ,113.3,113.49,112.1,113.1,1127.47,148,14098693.0
3105942,2019-02-25,NIFTYBEES,590103,B ,113.6,114.0,112.0,113.67,1130.95,186,16662736.0
3108788,2019-02-26,NIFTYBEES,590103,B ,113.5,114.2,112.78,113.81,1136.7,106,13847878.0
3111668,2019-02-27,NIFTYBEES,590103,B ,114.5,114.66,112.91,113.57,1138.11,195,9540037.0
3114508,2019-02-28,NIFTYBEES,590103,B ,114.0,114.0,112.76,113.38,1135.68,202,1679315.0
3117392,2019-03-01,NIFTYBEES,590103,B ,113.7,114.2,113.33,114.13,1133.78,133,17899273.0
3120465,2019-03-05,NIFTYBEES,590103,B ,114.4,115.43,112.88,115.09,1141.3,276,18633339.0
3123546,2019-03-06,NIFTYBEES,590103,B ,115.5,115.6,114.5,115.46,1150.89,281,7183908.0
3126578,2019-03-07,NIFTYBEES,590103,B ,115.0,116.14,115.0,115.97,1154.55,148,8646541.0
3129537,2019-03-08,NIFTYBEES,590103,B ,115.5,115.95,115.08,115.51,1159.72,61,2411257.0
3132578,2019-03-11,NIFTYBEES,590103,B ,115.3,117.2,115.3,116.94,1155.08,112,25747082.0
3135648,2019-03-12,NIFTYBEES,590103,B ,117.4,118.71,116.51,118.46,1169.38,531,9819304.0
3138743,2019-03-13,NIFTYBEES,590103,B ,118.4,118.98,118.22,118.84,1184.57,354,14029350.0
3141800,2019-03-14,NIFTYBEES,590103,B ,118.3,119.3,118.11,118.68,1188.43,67,3394215.0
3144870,2019-03-15,NIFTYBEES,590103,B ,119.2,120.2,119.2,119.75,1186.8,108,5519245.0
3147956,2019-03-18,NIFTYBEES,590103,B ,120.0,120.86,119.48,120.1,1197.51,128,7025695.0
3151056,2019-03-19,NIFTYBEES,590103,B ,120.0,120.69,120.0,120.67,1201.05,59,11901988.0
3154134,2019-03-20,NIFTYBEES,590103,B ,120.6,121.29,120.55,121.08,1206.71,63,3453030.0
3157211,2019-03-22,NIFTYBEES,590103,B ,120.6,121.2,119.65,119.79,1210.75,87,8672053.0
3160297,2019-03-25,NIFTYBEES,590103,B ,119.3,120.5,118.5,119.08,1197.92,137,9930952.0
3163390,2019-03-26,NIFTYBEES,590103,B ,118.6,120.82,118.6,120.6,1190.8,81,8536111.0
3166514,2019-03-27,NIFTYBEES,590103,B ,120.8,120.98,119.58,119.76,1206.04,70,10477806.0
3169548,2019-03-28,NIFTYBEES,590103,B ,120.0,121.02,120.0,120.97,1197.62,271,16622311.0
3172539,2019-03-29,NIFTYBEES,590103,B ,120.5,121.96,120.5,121.71,1209.67,93,6564892.0
3175500,2019-04-01,NIFTYBEES,590103,B ,122.0,122.7,122.0,122.41,1217.11,60,968076.0
3178424,2019-04-02,NIFTYBEES,590103,B ,122.8,122.8,122.1,122.51,1224.11,48,926292.0
3181421,2019-04-03,NIFTYBEES,590103,B ,122.9,123.21,122.2,122.31,1225.08,92,1136024.0
3184338,2019-04-04,NIFTYBEES,590103,B ,122.13,122.29,121.4,121.86,1223.13,118,1209506.0
3187264,2019-04-05,NIFTYBEES,590103,B ,121.5,122.5,121.3,122.28,1218.59,49,565997.0
3190241,2019-04-08,NIFTYBEES,590103,B ,121.8,122.8,121.3,121.57,1222.85,124,891030.0
3193147,2019-04-09,NIFTYBEES,590103,B ,121.84,122.76,121.5,122.68,1215.66,65,767798.0
3196051,2019-04-10,NIFTYBEES,590103,B ,123.0,123.0,121.25,121.46,1226.79,109,781646.0
3198936,2019-04-11,NIFTYBEES,590103,B ,121.88,121.88,121.31,121.42,1214.62,103,1432399.0
3201829,2019-04-12,NIFTYBEES,590103,B ,120.9,122.47,120.38,122.39,1214.25,119,1356505.0
3204842,2019-04-15,NIFTYBEES,590103,B ,121.9,122.71,121.5,122.37,1223.87,96,993607.0
3207750,2019-04-16,NIFTYBEES,590103,B ,122.8,123.93,122.38,123.47,1223.69,80,429431.0
3210669,2019-04-18,NIFTYBEES,590103,B ,123.1,124.0,123.1,123.44,1234.74,59,761405.0
3213549,2019-04-22,NIFTYBEES,590103,B ,123.3,123.6,121.5,121.83,1234.42,146,1604484.0
3216434,2019-04-23,NIFTYBEES,590103,B ,122.08,122.98,121.6,121.73,1218.32,105,1272066.0
3219280,2019-04-24,NIFTYBEES,590103,B ,121.89,123.3,121.38,122.74,1217.26,67,713840.0
3222107,2019-04-25,NIFTYBEES,590103,B ,122.9,123.76,122.01,122.63,1227.36,68,1011453.0
3224974,2019-04-26,NIFTYBEES,590103,B ,122.89,124.5,122.5,123.78,1226.26,71,826570.0
3227864,2019-04-30,NIFTYBEES,590103,B ,123.46,123.46,122.2,123.03,1237.84,94,933664.0
3230785,2019-05-02,NIFTYBEES,590103,B ,123.2,123.9,122.6,123.12,1230.3,137,753390.0
3233715,2019-05-03,NIFTYBEES,590103,B ,123.3,123.5,121.78,121.94,1231.25,201,3882465.0
3236591,2019-05-06,NIFTYBEES,590103,B ,121.89,122.17,121.65,121.85,1219.39,119,991157.0
3239484,2019-05-07,NIFTYBEES,590103,B ,121.83,122.16,120.6,120.88,1218.51,129,2227037.0
3242332,2019-05-08,NIFTYBEES,590103,B ,120.88,121.1,119.13,119.47,1208.76,141,1744599.0
3245172,2019-05-09,NIFTYBEES,590103,B ,119.52,119.52,118.24,118.54,1194.72,122,1659006.0
3248030,2019-05-10,NIFTYBEES,590103,B ,118.8,119.22,118.31,118.59,1185.44,122,876840.0
3250896,2019-05-13,NIFTYBEES,590103,B ,118.2,118.7,116.69,117.19,1185.91,119,1259833.0
3253765,2019-05-14,NIFTYBEES,590103,B ,117.48,118.99,116.9,117.88,1171.88,153,1538327.0
3256726,2019-05-15,NIFTYBEES,590103,B ,118.26,118.65,117.1,117.26,1178.83,118,2242217.0
3259569,2019-05-16,NIFTYBEES,590103,B ,117.18,118.61,117.18,118.52,1172.59,64,377882.0
3262436,2019-05-17,NIFTYBEES,590103,B ,118.5,120.1,118.37,119.79,1185.18,172,989241.0
3265440,2019-05-20,NIFTYBEES,590103,B ,120.9,124.0,120.5,123.76,1197.88,314,5958725.0
3268332,2019-05-21,NIFTYBEES,590103,B ,127.5,127.5,122.81,123.08,1237.64,214,2367797.0
3271259,2019-05-22,NIFTYBEES,590103,B ,123.0,123.9,122.9,123.43,1230.81,202,2576650.0
3274137,2019-05-23,NIFTYBEES,590103,B ,124.2,126.27,121.65,122.32,1234.3,460,8019324.0
3276978,2019-05-24,NIFTYBEES,590103,B ,122.63,124.85,122.58,124.47,1223.21,219,5191533.0
3279927,2019-05-27,NIFTYBEES,590103,B ,124.0,125.48,124.0,125.11,1244.67,118,790072.0
3282896,2019-05-28,NIFTYBEES,590103,B ,125.59,125.6,124.52,125.02,1251.12,110,700188.0
3285841,2019-05-29,NIFTYBEES,590103,B ,126.5,126.5,124.23,124.77,1250.18,86,432729.0
3288771,2019-05-30,NIFTYBEES,590103,B ,125.0,125.5,125.0,125.18,1247.66,74,1194338.0
3291721,2019-05-31,NIFTYBEES,590103,B ,125.5,126.3,124.55,125.22,1251.78,157,1974803.0
3294694,2019-06-03,NIFTYBEES,590103,B ,125.28,126.8,125.0,126.61,1252.24,158,1437430.0
3297648,2019-06-04,NIFTYBEES,590103,B ,126.61,126.97,126.1,126.56,1266.12,46,344232.0
3300581,2019-06-06,NIFTYBEES,590103,B ,126.33,126.34,124.5,124.68,1265.58,168,1232113.0
3303421,2019-06-07,NIFTYBEES,590103,B ,124.65,125.0,123.8,124.66,1246.81,131,1224390.0
3306454,2019-06-10,NIFTYBEES,590103,B ,125.0,125.69,124.8,125.45,1246.55,150,2670724.0
3309420,2019-06-11,NIFTYBEES,590103,B ,125.0,126.0,125.0,125.94,1254.54,73,468933.0
3312343,2019-06-12,NIFTYBEES,590103,B ,125.8,125.8,124.9,125.46,1259.36,70,281857.0
3315252,2019-06-13,NIFTYBEES,590103,B ,125.1,125.35,124.6,125.02,1254.57,48,433176.0
3318147,2019-06-14,NIFTYBEES,590103,B ,124.99,125.16,124.3,124.56,1250.15,52,480552.0
3321077,2019-06-17,NIFTYBEES,590103,B ,125.0,125.0,122.88,123.06,1245.58,92,1830899.0
3323942,2019-06-18,NIFTYBEES,590103,B ,123.3,124.1,122.5,123.04,1230.6,168,1711060.0
3326835,2019-06-19,NIFTYBEES,590103,B ,123.34,124.17,122.55,122.95,1230.42,94,771068.0
3329756,2019-06-20,NIFTYBEES,590103,B ,123.1,124.5,122.85,124.35,1229.54,178,23217446.0
3332644,2019-06-21,NIFTYBEES,590103,B ,124.41,124.41,123.5,123.71,1243.52,40,213163.0
3335564,2019-06-24,NIFTYBEES,590103,B ,123.3,123.9,122.75,123.47,1237.07,75,607480.0
3338469,2019-06-25,NIFTYBEES,590103,B ,123.3,124.28,122.48,124.0,1234.73,77,961267.0
3341338,2019-06-26,NIFTYBEES,590103,B ,124.0,124.95,123.08,124.81,1239.96,67,1232328.0
3344271,2019-06-27,NIFTYBEES,590103,B ,124.63,125.26,123.9,124.77,1248.13,51,680739.0
3347185,2019-06-28,NIFTYBEES,590103,B ,124.8,124.8,124.09,124.19,1247.69,39,242778.0
3350154,2019-07-01,NIFTYBEES,590103,B ,124.7,125.16,123.28,124.68,1241.93,142,1788190.0
3353026,2019-07-02,NIFTYBEES,590103,B ,124.95,125.46,123.78,125.02,1246.76,106,1233809.0
3355888,2019-07-03,NIFTYBEES,590103,B ,124.95,126.0,124.95,125.74,1250.15,41,586000.0
3358727,2019-07-04,NIFTYBEES,590103,B ,125.67,126.02,125.4,125.94,1257.44,36,870541.0
3361558,2019-07-05,NIFTYBEES,590103,B ,126.1,126.3,124.38,124.64,1259.36,72,588949.0
3364418,2019-07-08,NIFTYBEES,590103,B ,124.2,124.2,121.7,122.09,1246.36,147,3548339.0
3367240,2019-07-09,NIFTYBEES,590103,B ,121.7,122.08,120.4,121.92,1220.88,148,1632884.0
3370024,2019-07-10,NIFTYBEES,590103,B ,121.85,122.95,121.11,121.25,1219.24,540,6167745.0
3372824,2019-07-11,NIFTYBEES,590103,B ,121.7,122.33,121.68,122.19,1212.5,48,509359.0
3375621,2019-07-12,NIFTYBEES,590103,B ,122.53,122.69,121.65,121.85,1221.87,65,405603.0
3378468,2019-07-15,NIFTYBEES,590103,B ,122.05,122.35,121.81,122.04,1218.47,68,1405712.0
3381318,2019-07-16,NIFTYBEES,590103,B ,122.0,123.18,122.0,123.08,1220.35,67,717663.0
3384202,2019-07-17,NIFTYBEES,590103,B ,123.24,123.5,122.99,123.32,1230.85,73,2366238.0
3387064,2019-07-18,NIFTYBEES,590103,B ,123.0,123.21,122.2,122.47,1233.22,54,317058.0
3389959,2019-07-19,NIFTYBEES,590103,B ,123.0,123.0,120.58,120.72,1224.71,120,1884151.0
3392866,2019-07-22,NIFTYBEES,590103,B ,120.8,120.8,119.5,119.89,1207.19,128,5438896.0
3395727,2019-07-23,NIFTYBEES,590103,B ,120.4,120.6,119.5,119.56,1198.92,119,2574854.0
3398532,2019-07-24,NIFTYBEES,590103,B ,119.45,119.8,118.8,119.28,1195.58,79,477297.0
3401354,2019-07-25,NIFTYBEES,590103,B ,119.48,120.08,118.95,119.22,1192.81,86,830633.0
3404221,2019-07-26,NIFTYBEES,590103,B ,118.9,119.5,118.58,119.35,1192.25,85,899873.0
3407015,2019-07-29,NIFTYBEES,590103,B ,119.1,119.33,118.0,118.22,1193.51,96,1265507.0
3409840,2019-07-30,NIFTYBEES,590103,B ,118.7,119.07,117.08,117.21,1182.21,98,726522.0
3412711,2019-07-31,NIFTYBEES,590103,B ,116.9,117.78,116.48,117.7,1172.07,120,1955038.0
3415529,2019-08-01,NIFTYBEES,590103,B ,117.3,117.3,115.0,116.13,1176.99,270,8053527.0
3418353,2019-08-02,NIFTYBEES,590103,B ,116.0,117.12,115.0,116.4,1161.27,220,6594060.0
3421121,2019-08-05,NIFTYBEES,590103,B ,116.1,116.1,114.29,115.1,1164.0,206,4098935.0
3423910,2019-08-06,NIFTYBEES,590103,B ,115.3,116.44,115.11,116.02,1151.04,103,1302933.0
3426769,2019-08-07,NIFTYBEES,590103,B ,116.0,116.09,114.8,114.87,1160.17,81,1374678.0
3429536,2019-08-08,NIFTYBEES,590103,B ,114.9,117.04,114.89,116.77,1148.74,140,4902312.0
3432409,2019-08-09,NIFTYBEES,590103,B ,117.2,118.3,117.08,117.7,1167.72,269,10331529.0
3435288,2019-08-13,NIFTYBEES,590103,B ,117.6,117.7,115.5,115.74,1177.01,130,1445402.0
3438124,2019-08-14,NIFTYBEES,590103,B ,116.3,117.2,115.84,116.74,1157.39,110,1637320.0
3440985,2019-08-16,NIFTYBEES,590103,B ,116.51,117.2,115.78,117.07,1167.39,101,1637707.0
3443842,2019-08-19,NIFTYBEES,590103,B ,117.4,118.0,117.01,117.16,1170.65,80,1012205.0
3446664,2019-08-20,NIFTYBEES,590103,B ,116.97,117.05,116.26,116.79,1171.63,68,1170137.0
3449508,2019-08-21,NIFTYBEES,590103,B ,116.51,116.81,115.49,115.68,1167.87,71,674466.0
3452329,2019-08-22,NIFTYBEES,590103,B ,115.5,115.5,113.52,113.74,1156.8,231,5045871.0
3455159,2019-08-23,NIFTYBEES,590103,B ,114.0,115.06,112.88,114.77,1137.37,169,3105326.0
3458025,2019-08-26,NIFTYBEES,590103,B ,116.0,117.34,114.1,117.28,1147.65,223,4385373.0
3460954,2019-08-27,NIFTYBEES,590103,B ,117.35,117.82,116.8,117.55,1172.76,107,993529.0
3463850,2019-08-28,NIFTYBEES,590103,B ,117.55,117.55,116.45,116.95,1175.53,159,3705025.0
3466704,2019-08-29,NIFTYBEES,590103,B ,116.6,116.73,115.89,116.08,1169.5,70,502037.0
3469624,2019-08-30,NIFTYBEES,590103,B ,116.5,116.75,115.07,116.65,1160.83,135,2041525.0
3472465,2019-09-03,NIFTYBEES,590103,B ,116.2,116.2,114.2,114.46,1166.54,280,4316130.0
3475247,2019-09-04,NIFTYBEES,590103,B ,114.61,115.07,113.96,114.87,1144.59,265,6019578.0
3478052,2019-09-05,NIFTYBEES,590103,B ,115.0,115.71,114.69,115.0,1148.68,167,6211776.0
3480916,2019-09-06,NIFTYBEES,590103,B ,115.35,116.06,115.2,115.93,1149.97,73,1246613.0
3483874,2019-09-09,NIFTYBEES,590103,B ,116.1,116.67,115.09,116.43,1159.33,199,2124461.0
3486883,2019-09-11,NIFTYBEES,590103,B ,115.0,117.09,114.25,116.79,1164.27,460,11747492.0
3489744,2019-09-12,NIFTYBEES,590103,B ,117.04,117.3,116.09,116.35,1167.92,84,1281521.0
3492581,2019-09-13,NIFTYBEES,590103,B ,116.14,117.51,116.1,117.45,1163.48,77,1277934.0
3495498,2019-09-16,NIFTYBEES,590103,B ,117.05,117.14,116.24,116.35,1174.48,138,997766.0
3498379,2019-09-17,NIFTYBEES,590103,B ,116.03,116.34,114.49,114.65,1163.47,125,2399019.0
3501250,2019-09-18,NIFTYBEES,590103,B ,114.9,115.3,114.6,114.89,1146.46,155,852407.0
3504089,2019-09-19,NIFTYBEES,590103,B ,114.95,114.95,113.2,113.55,1148.93,164,1537120.0
3507052,2019-09-20,NIFTYBEES,590103,B ,113.55,120.59,113.4,119.33,1135.52,589,23496628.0
3510086,2019-09-23,NIFTYBEES,590103,B ,120.55,123.97,120.55,122.3,1193.28,447,6975832.0
3513011,2019-09-24,NIFTYBEES,590103,B ,122.4,123.53,122.3,122.69,1222.96,189,13169578.0
3515873,2019-09-25,NIFTYBEES,590103,B ,122.4,122.4,121.1,121.3,1226.93,88,628844.0
3518813,2019-09-26,NIFTYBEES,590103,B ,121.8,122.81,121.62,122.57,1212.97,121,1638155.0
3521687,2019-09-27,NIFTYBEES,590103,B ,122.2,122.74,121.8,121.93,1225.71,165,5404885.0
3524576,2019-09-30,NIFTYBEES,590103,B ,121.7,122.0,120.83,121.58,1219.29,147,1291964.0
3527437,2019-10-01,NIFTYBEES,590103,B ,122.08,122.26,119.46,120.61,1215.85,198,2535899.0
3530325,2019-10-03,NIFTYBEES,590103,B ,120.2,120.34,119.43,119.93,1206.12,95,839289.0
3533450,2019-10-04,NIFTYBEES,590103,B ,120.23,120.54,118.01,118.32,1199.33,270,9437095.0
3536441,2019-10-07,NIFTYBEES,590103,B ,122.0,125.22,117.28,117.42,1183.2,443,18226330.0
3539366,2019-10-09,NIFTYBEES,590103,B ,117.72,119.5,117.4,119.44,1174.23,119,1281613.0
3542221,2019-10-10,NIFTYBEES,590103,B ,119.1,119.24,118.35,118.76,1194.37,84,1299932.0
3545105,2019-10-11,NIFTYBEES,590103,B ,119.07,119.86,118.51,119.58,1187.58,150,1267148.0
3548073,2019-10-14,NIFTYBEES,590103,B ,119.7,120.6,119.56,119.77,1195.79,142,9036863.0
3550943,2019-10-15,NIFTYBEES,590103,B ,120.16,121.29,120.1,120.91,1197.67,279,9218013.0
3553848,2019-10-16,NIFTYBEES,590103,B ,121.17,121.4,120.67,121.12,1209.09,111,1176891.0
3556752,2019-10-17,NIFTYBEES,590103,B ,120.8,122.7,120.69,122.44,1211.2,349,1168791.0
3559681,2019-10-18,NIFTYBEES,590103,B ,122.52,123.65,122.52,123.54,1224.4,249,2111507.0
3562676,2019-10-22,NIFTYBEES,590103,B ,123.2,123.96,122.4,122.6,1235.4,466,30747905.0
3565592,2019-10-23,NIFTYBEES,590103,B ,122.8,123.32,122.2,122.97,1226.02,89,597789.0
3568413,2019-10-24,NIFTYBEES,590103,B ,123.6,123.6,122.3,122.76,1229.68,57,344574.0
3571223,2019-10-25,NIFTYBEES,590103,B ,122.76,122.86,121.78,122.63,1227.57,67,457832.0
3573738,2019-10-27,NIFTYBEES,590103,B ,123.1,123.5,123.02,123.46,1226.26,53,631689.0
3576520,2019-10-29,NIFTYBEES,590103,B ,123.1,124.84,123.07,124.71,1234.64,237,2175790.0
3579422,2019-10-30,NIFTYBEES,590103,B ,124.9,125.5,124.7,125.29,1247.14,179,6333618.0
3582359,2019-10-31,NIFTYBEES,590103,B ,125.6,126.28,125.25,125.37,1252.94,121,1399905.0
3585343,2019-11-01,NIFTYBEES,590103,B ,125.56,126.1,125.56,126.0,1253.72,203,878809.0
3588327,2019-11-04,NIFTYBEES,590103,B ,126.3,126.78,125.85,126.28,1260.05,76,3368734.0
3591229,2019-11-05,NIFTYBEES,590103,B ,126.2,126.6,125.74,126.06,1262.79,96,716509.0
3594168,2019-11-06,NIFTYBEES,590103,B ,125.85,126.88,125.53,126.7,1260.59,160,11172598.0
3597114,2019-11-07,NIFTYBEES,590103,B ,126.9,127.13,126.38,127.05,1266.98,165,3551510.0
3600049,2019-11-08,NIFTYBEES,590103,B ,126.7,127.56,125.81,126.09,1270.46,169,2459026.0
3602979,2019-11-11,NIFTYBEES,590103,B ,125.9,126.6,125.6,126.32,1260.93,59,355087.0
3605965,2019-11-13,NIFTYBEES,590103,B ,126.4,126.41,125.48,125.71,1263.19,77,326236.0
3608916,2019-11-14,NIFTYBEES,590103,B ,125.6,125.81,125.0,125.58,1257.11,40,467644.0
3611915,2019-11-15,NIFTYBEES,590103,B ,125.92,126.51,125.78,125.88,1255.8,80,586750.0
3614943,2019-11-18,NIFTYBEES,590103,B ,125.88,126.4,125.75,125.76,1258.83,127,10135391.0
3617913,2019-11-19,NIFTYBEES,590103,B ,125.71,126.52,125.71,126.51,1257.56,75,638648.0
3620906,2019-11-20,NIFTYBEES,590103,B ,126.6,127.45,126.6,126.86,1265.09,187,14538194.0
3623933,2019-11-21,NIFTYBEES,590103,B ,126.86,126.88,126.51,126.6,1268.64,78,14069660.0
3626931,2019-11-22,NIFTYBEES,590103,B ,126.3,126.52,125.96,126.34,1266.0,61,660079.0
3629865,2019-11-25,NIFTYBEES,590103,B ,126.54,127.91,126.54,127.71,1263.35,137,1797346.0
3632817,2019-11-26,NIFTYBEES,590103,B ,127.7,128.25,127.32,127.55,1277.07,252,8725256.0
3635770,2019-11-27,NIFTYBEES,590103,B ,128.0,128.2,127.77,127.82,1275.49,61,12145673.0
3638667,2019-11-28,NIFTYBEES,590103,B ,128.0,128.58,127.92,128.49,1278.21,65,566452.0
3641622,2019-11-29,NIFTYBEES,590103,B ,128.13,128.58,127.13,127.56,1284.94,110,2214914.0
3644589,2019-12-02,NIFTYBEES,590103,B ,127.5,128.23,127.23,127.68,1275.55,92,845657.0
3647500,2019-12-03,NIFTYBEES,590103,B ,127.4,127.51,126.88,127.19,1276.84,131,3027096.0
3650443,2019-12-04,NIFTYBEES,590103,B ,127.03,127.56,126.57,127.41,1271.88,122,9759046.0
3653354,2019-12-05,NIFTYBEES,590103,B ,127.13,127.95,126.96,127.24,1274.11,126,11928900.0
3656293,2019-12-06,NIFTYBEES,590103,B ,127.46,127.48,126.2,126.33,1272.39,88,515336.0
3659215,2019-12-09,NIFTYBEES,590103,B ,126.3,126.8,126.04,126.28,1263.29,110,1858199.0
3662181,2019-12-10,NIFTYBEES,590103,B ,126.19,126.41,125.6,125.93,1262.84,108,2679417.0
3665105,2019-12-11,NIFTYBEES,590103,B ,125.77,126.4,125.6,126.23,1259.32,45,357993.0
3667938,2019-12-12,NIFTYBEES,590103,B ,126.22,127.3,126.22,126.96,1262.28,144,7620551.0
3670884,2019-12-13,NIFTYBEES,590103,B ,127.2,128.02,127.2,127.94,1269.55,94,1079713.0
3673815,2019-12-16,NIFTYBEES,590103,B ,127.95,128.05,127.44,127.72,1279.42,303,2052961.0
3676789,2019-12-17,NIFTYBEES,590103,B ,128.0,128.8,128.0,128.5,1277.21,42,550762.0
3679744,2019-12-18,NIFTYBEES,590103,B ,128.8,129.38,128.76,129.3,1285.01,42,428646.0
3682619,2019-12-19,NIFTYBEES,590103,B ,129.53,130.26,128.95,129.9,1292.95,273,4595721.0
3685533,2019-12-20,NIFTYBEES,590103,B ,129.81,130.55,129.8,130.07,129.9,1310,2389263.0
3688506,2019-12-23,NIFTYBEES,590103,B ,130.28,130.46,129.36,129.94,130.07,386,693428.0
3691412,2019-12-24,NIFTYBEES,590103,B ,129.0,130.55,127.3,129.45,129.94,685,7304501.0
3694343,2019-12-26,NIFTYBEES,590103,B ,129.5,129.5,128.7,128.8,129.45,283,10879629.0
3697299,2019-12-27,NIFTYBEES,590103,B ,128.5,129.92,128.25,129.79,128.8,137,4401039.0
3700302,2019-12-30,NIFTYBEES,590103,B ,129.79,130.48,129.17,130.27,129.79,1277,3764222.0
3703301,2019-12-31,NIFTYBEES,590103,B ,130.5,130.5,129.05,129.19,130.27,159,349906.0
3218747,2020-01-01,NIFTYBEES,590103,B,129.79,129.79,128.71,129.02,129.19,8037,1038234.0
3218748,2020-01-02,NIFTYBEES,590103,B,129.5,130.49,129.27,130.24,129.02,12994,1691124.0
3218749,2020-01-03,NIFTYBEES,590103,B,130.1,130.1,129.25,129.59,130.24,7120,921901.0
3218750,2020-01-06,NIFTYBEES,590103,B,129.8,130.32,127.0,127.35,129.59,19327,2482072.0
3218751,2020-01-07,NIFTYBEES,590103,B,128.0,129.79,127.49,127.88,127.35,6831,874635.0
3218752,2020-01-08,NIFTYBEES,590103,B,127.0,127.75,126.31,127.56,127.88,10358,1315777.0
3218753,2020-01-09,NIFTYBEES,590103,B,129.9,129.9,127.76,129.37,127.56,4335,560760.0
3218754,2020-01-10,NIFTYBEES,590103,B,130.0,130.25,129.24,129.69,129.37,7355,955227.0
3218755,2020-01-13,NIFTYBEES,590103,B,130.4,130.79,130.1,130.43,129.69,9492,1236703.0
3218756,2020-01-14,NIFTYBEES,590103,B,130.5,131.28,130.32,130.93,130.43,4850,633830.0
3218757,2020-01-15,NIFTYBEES,590103,B,130.5,131.06,130.2,130.93,130.93,157088,20484208.0
3218758,2020-01-16,NIFTYBEES,590103,B,131.04,131.23,130.65,130.98,130.93,3246,425088.0
3218759,2020-01-17,NIFTYBEES,590103,B,131.12,131.3,130.53,131.0,130.98,80272,10511724.0
3218760,2020-01-20,NIFTYBEES,590103,B,131.5,132.8,129.72,129.79,131.0,7175,935430.0
3218761,2020-01-21,NIFTYBEES,590103,B,129.5,129.78,129.0,129.15,129.79,27233,3523889.0
3218762,2020-01-22,NIFTYBEES,590103,B,129.5,130.0,128.31,128.55,129.15,96933,12468833.0
3218763,2020-01-23,NIFTYBEES,590103,B,128.51,129.38,128.35,129.3,128.55,3480,448637.0
3218764,2020-01-24,NIFTYBEES,590103,B,129.15,130.3,129.15,130.11,129.3,4178,542424.0
3218765,2020-01-27,NIFTYBEES,590103,B,129.42,129.59,128.4,128.68,130.11,94693,12239818.0
3218766,2020-01-28,NIFTYBEES,590103,B,128.65,129.0,127.69,128.12,128.68,11829,1521815.0
3218767,2020-01-29,NIFTYBEES,590103,B,128.7,129.06,128.15,128.82,128.12,54811,7057530.0
3218768,2020-01-30,NIFTYBEES,590103,B,128.5,128.5,127.6,127.82,128.82,12281,1570454.0
3218769,2020-01-31,NIFTYBEES,590103,B,127.72,128.23,126.92,127.09,127.82,21829,2776663.0
3218770,2020-02-01,NIFTYBEES,590103,B,127.0,127.77,123.8,125.17,127.09,29997,3803762.0
3218771,2020-02-03,NIFTYBEES,590103,B,124.5,124.86,123.69,124.3,125.17,171855,21342110.0
3218772,2020-02-04,NIFTYBEES,590103,B,125.0,126.88,125.0,126.8,124.3,12641,1596896.0
3218773,2020-02-05,NIFTYBEES,590103,B,126.88,128.09,126.88,127.86,126.8,4212,536511.0
3218774,2020-02-06,NIFTYBEES,590103,B,128.24,129.06,128.04,128.92,127.86,6595,847788.0
3218775,2020-02-07,NIFTYBEES,590103,B,128.5,128.68,127.8,128.18,128.92,3208,411372.0
3218776,2020-02-10,NIFTYBEES,590103,B,128.0,128.0,127.33,127.78,128.18,20267,2586145.0
3218777,2020-02-11,NIFTYBEES,590103,B,128.5,128.99,128.29,128.32,127.78,3389,435938.0
3218778,2020-02-12,NIFTYBEES,590103,B,128.96,129.77,128.6,129.27,128.32,21196,2745301.0
3218779,2020-02-13,NIFTYBEES,590103,B,128.7,129.38,128.53,129.24,129.27,1098,141419.0
3218780,2020-02-14,NIFTYBEES,590103,B,128.75,129.6,128.13,128.28,129.24,4528,582099.0
3218781,2020-02-17,NIFTYBEES,590103,B,129.08,129.08,127.8,127.94,128.28,4934,632423.0
3218782,2020-02-18,NIFTYBEES,590103,B,127.5,127.5,126.5,127.23,127.94,59925,7615823.0
3218783,2020-02-19,NIFTYBEES,590103,B,128.0,128.63,127.82,128.52,127.23,6202,795129.0
3218784,2020-02-20,NIFTYBEES,590103,B,128.36,128.81,128.15,128.39,128.52,5928,762763.0
3218785,2020-02-24,NIFTYBEES,590103,B,128.0,128.0,125.5,125.83,128.39,50720,6419094.0
3218786,2020-02-25,NIFTYBEES,590103,B,125.98,126.25,125.35,125.39,125.83,14780,1859124.0
3218787,2020-02-26,NIFTYBEES,590103,B,125.0,125.09,123.81,124.11,125.39,22496,2794751.0
3218788,2020-02-27,NIFTYBEES,590103,B,124.0,124.01,122.54,123.49,124.11,22059,2718823.0
3218789,2020-02-28,NIFTYBEES,590103,B,122.5,123.3,119.21,119.44,123.49,74280,8924438.0
3218790,2020-03-02,NIFTYBEES,590103,B,120.5,123.8,117.45,118.65,119.44,31426,3776182.0
3218791,2020-03-03,NIFTYBEES,590103,B,120.0,120.56,118.6,120.49,118.65,32616,3907314.0
3218792,2020-03-04,NIFTYBEES,590103,B,120.98,120.98,117.89,119.52,120.49,138343,16454958.0
3218793,2020-03-05,NIFTYBEES,590103,B,120.0,121.0,119.43,119.87,119.52,16617,1993610.0
3218794,2020-03-06,NIFTYBEES,590103,B,117.92,117.92,116.0,117.26,119.87,77309,9040240.0
3218795,2020-03-09,NIFTYBEES,590103,B,115.71,115.72,109.5,111.68,117.26,124763,13941868.0
3218796,2020-03-11,NIFTYBEES,590103,B,111.57,112.11,110.5,111.39,111.68,75424,8424638.0
3218797,2020-03-12,NIFTYBEES,590103,B,107.64,107.71,101.17,103.06,111.39,287722,29928050.0
3218798,2020-03-13,NIFTYBEES,590103,B,100.0,108.24,96.5,106.02,103.06,178587,18646735.0
3218799,2020-03-16,NIFTYBEES,590103,B,105.09,107.07,100.15,102.18,106.02,131669,13445562.0
3218800,2020-03-17,NIFTYBEES,590103,B,102.9,103.09,95.5,98.48,102.18,136386,13549039.0
3218801,2020-03-18,NIFTYBEES,590103,B,101.09,102.0,92.16,96.27,98.48,332188,31329477.0
3218802,2020-03-19,NIFTYBEES,590103,B,94.75,94.99,87.1,89.46,96.27,197938,17700552.0
3218803,2020-03-20,NIFTYBEES,590103,B,90.11,94.7,88.1,93.08,89.46,204441,18955158.0
3218804,2020-03-23,NIFTYBEES,590103,B,87.99,91.0,82.5,84.04,93.08,761626,65136079.0
3218805,2020-03-24,NIFTYBEES,590103,B,86.0,87.38,83.04,85.1,84.04,119850,10253091.0
3218806,2020-03-25,NIFTYBEES,590103,B,85.2,89.9,84.08,89.47,85.1,116408,10144163.0
3218807,2020-03-26,NIFTYBEES,590103,B,90.0,96.58,86.13,93.59,89.47,163214,14983020.0
3218808,2020-03-27,NIFTYBEES,590103,B,94.13,95.95,90.4,91.25,93.59,125311,11700514.0
3218809,2020-03-30,NIFTYBEES,590103,B,91.0,92.5,88.48,89.14,91.25,286391,25938005.0
3218810,2020-03-31,NIFTYBEES,590103,B,90.1,92.62,89.8,91.73,89.14,115266,10510839.0
3218811,2020-04-01,NIFTYBEES,590103,B,91.55,91.55,89.0,89.32,91.73,101487,9101708.0
3218812,2020-04-03,NIFTYBEES,590103,B,90.0,90.33,86.4,86.65,89.32,252909,22080153.0
3218813,2020-04-07,NIFTYBEES,590103,B,89.84,92.82,88.65,92.4,86.65,181888,16530682.0
3218814,2020-04-08,NIFTYBEES,590103,B,92.11,96.55,91.0,92.72,92.4,76207,7131641.0
3218815,2020-04-09,NIFTYBEES,590103,B,94.0,96.5,93.3,96.19,92.72,80085,7633379.0
3218816,2020-04-13,NIFTYBEES,590103,B,95.31,96.24,94.25,95.68,96.19,90798,8670760.0
3218817,2020-04-15,NIFTYBEES,590103,B,97.25,97.9,94.72,95.23,95.68,61810,5975132.0
3218818,2020-04-16,NIFTYBEES,590103,B,95.0,95.91,93.9,95.61,95.23,23346,2219447.0
3218819,2020-04-17,NIFTYBEES,590103,B,98.05,98.54,96.57,98.17,95.61,60633,5916349.0
3218820,2020-04-20,NIFTYBEES,590103,B,98.32,99.13,95.5,97.99,98.17,145662,14270595.0
3218821,2020-04-21,NIFTYBEES,590103,B,96.8,96.8,94.81,95.57,97.99,45509,4346323.0
3218822,2020-04-22,NIFTYBEES,590103,B,96.72,97.64,94.85,97.47,95.57,33948,3271430.0
3218823,2020-04-23,NIFTYBEES,590103,B,97.5,98.98,97.11,98.71,97.47,35238,3465707.0
3218824,2020-04-24,NIFTYBEES,590103,B,97.69,98.19,96.92,97.14,98.71,50621,4927090.0
3218825,2020-04-27,NIFTYBEES,590103,B,98.55,99.04,98.2,98.46,97.14,34514,3402765.0
3218826,2020-04-28,NIFTYBEES,590103,B,99.38,99.52,98.37,99.37,98.46,22115,2185428.0
3218827,2020-04-29,NIFTYBEES,590103,B,99.68,101.47,99.55,101.14,99.37,38442,3875818.0
3218828,2020-04-30,NIFTYBEES,590103,B,102.56,104.73,102.0,104.19,101.14,80120,8322640.0
3218829,2020-05-04,NIFTYBEES,590103,B,102.0,102.0,98.4,98.79,104.19,73600,7337630.0
3218830,2020-05-05,NIFTYBEES,590103,B,99.98,100.3,97.5,97.72,98.79,41525,4101181.0
3218831,2020-05-06,NIFTYBEES,590103,B,97.53,99.04,96.8,98.49,97.72,28768,2823161.0
3218832,2020-05-07,NIFTYBEES,590103,B,98.5,98.77,96.3,97.5,98.49,20911,2044110.0
3218833,2020-05-08,NIFTYBEES,590103,B,98.63,99.17,98.0,98.12,97.5,18356,1809487.0
3218834,2020-05-11,NIFTYBEES,590103,B,99.0,99.9,98.0,98.26,98.12,22496,2228849.0
3218835,2020-05-12,NIFTYBEES,590103,B,98.19,101.4,96.3,97.81,98.26,84852,8267615.0
3218836,2020-05-13,NIFTYBEES,590103,B,99.98,103.0,99.34,99.72,97.81,129309,13025013.0
3218837,2020-05-14,NIFTYBEES,590103,B,98.52,98.74,97.2,97.39,99.72,54839,5375840.0
3218838,2020-05-15,NIFTYBEES,590103,B,98.33,98.34,96.4,97.07,97.39,78791,7635930.0
3218839,2020-05-18,NIFTYBEES,590103,B,97.18,97.18,93.62,93.93,97.07,143572,13596625.0
3218840,2020-05-19,NIFTYBEES,590103,B,95.55,97.4,93.5,94.04,93.93,116817,11056570.0
3218841,2020-05-20,NIFTYBEES,590103,B,94.5,96.65,94.22,96.34,94.04,49232,4699293.0
3218842,2020-05-21,NIFTYBEES,590103,B,97.37,97.37,96.3,96.68,96.34,33678,3258881.0
3218843,2020-05-22,NIFTYBEES,590103,B,96.65,96.83,95.5,96.06,96.68,43145,4143790.0
3218844,2020-05-26,NIFTYBEES,590103,B,98.0,98.0,95.85,96.23,96.06,50635,4884065.0
3218845,2020-05-27,NIFTYBEES,590103,B,96.3,98.8,95.78,98.5,96.23,63501,6201636.0
3218846,2020-05-28,NIFTYBEES,590103,B,98.96,100.53,98.78,100.4,98.5,76077,7603402.0
3218847,2020-05-29,NIFTYBEES,590103,B,99.7,101.7,99.51,101.4,100.4,74628,7506523.0
3218848,2020-06-01,NIFTYBEES,590103,B,102.5,105.2,102.5,104.44,101.4,84237,8786849.0
3218849,2020-06-02,NIFTYBEES,590103,B,104.44,106.08,104.11,105.92,104.44,83467,8772373.0
3218850,2020-06-03,NIFTYBEES,590103,B,106.5,107.8,101.1,105.71,105.92,78451,8360898.0
3218851,2020-06-04,NIFTYBEES,590103,B,106.68,107.0,105.33,106.21,105.71,52763,5602030.0
3218852,2020-06-05,NIFTYBEES,590103,B,106.5,108.0,106.5,107.71,106.21,28699,3080985.0
3218853,2020-06-08,NIFTYBEES,590103,B,110.95,110.95,107.71,108.0,107.71,47351,5138389.0
3218854,2020-06-09,NIFTYBEES,590103,B,108.1,109.08,106.59,106.8,108.0,47268,5099568.0
3218855,2020-06-10,NIFTYBEES,590103,B,109.95,109.95,105.3,107.8,106.8,38985,4184847.0
3218856,2020-06-11,NIFTYBEES,590103,B,107.5,107.5,105.15,105.33,107.8,24601,2613673.0
3218857,2020-06-12,NIFTYBEES,590103,B,103.0,105.95,102.16,105.73,105.33,83980,8726629.0
3218858,2020-06-15,NIFTYBEES,590103,B,106.5,106.5,103.4,104.61,105.73,146422,15303644.0
3218859,2020-06-16,NIFTYBEES,590103,B,106.82,106.82,103.48,105.16,104.61,281402,29645521.0
3218860,2020-06-17,NIFTYBEES,590103,B,104.5,105.94,104.23,104.87,105.16,31330,3294163.0
3218861,2020-06-18,NIFTYBEES,590103,B,104.9,107.12,104.7,106.91,104.87,25050,2650121.0
3218862,2020-06-19,NIFTYBEES,590103,B,107.35,109.05,106.87,108.88,106.91,44204,4776007.0
3218863,2020-06-20,NIFTYBEES,590103,B,107.35,109.05,106.87,108.88,108.88,44204,4776007.0
3218864,2020-06-22,NIFTYBEES,590103,B,108.79,110.23,108.6,109.54,108.88,211109,23141571.0
3218865,2020-06-23,NIFTYBEES,590103,B,109.11,111.26,109.1,111.01,109.54,60357,6651150.0
3218866,2020-06-24,NIFTYBEES,590103,B,111.0,111.94,106.2,109.01,111.01,256628,28362986.0
3218867,2020-06-25,NIFTYBEES,590103,B,108.51,109.89,108.3,109.08,109.01,52829,5764178.0
3218868,2020-06-26,NIFTYBEES,590103,B,109.5,110.5,109.14,110.23,109.08,123187,13536432.0
3218869,2020-06-29,NIFTYBEES,590103,B,110.0,110.0,108.72,109.78,110.23,45831,5012574.0
3218870,2020-06-30,NIFTYBEES,590103,B,110.4,110.97,109.18,109.48,109.78,126237,13874868.0
3218871,2020-07-01,NIFTYBEES,590103,B,109.67,114.0,109.61,111.03,109.48,81015,9042901.0
3218872,2020-07-02,NIFTYBEES,590103,B,111.5,112.5,111.38,112.08,111.03,53395,5981643.0
3218873,2020-07-03,NIFTYBEES,590103,B,112.5,112.97,112.17,112.56,112.08,28517,3207801.0
3218874,2020-07-06,NIFTYBEES,590103,B,113.0,114.6,113.0,114.25,112.56,236107,26880757.0
3218875,2020-07-07,NIFTYBEES,590103,B,114.47,114.8,113.37,114.61,114.25,31978,3649250.0
3218876,2020-07-08,NIFTYBEES,590103,B,115.08,115.2,113.57,113.98,114.61,19614,2246447.0
3218877,2020-07-09,NIFTYBEES,590103,B,114.22,115.22,114.04,115.04,113.98,118163,13552923.0
3218878,2020-07-10,NIFTYBEES,590103,B,114.52,114.89,113.94,114.51,115.04,37732,4314975.0
3218879,2020-07-13,NIFTYBEES,590103,B,115.0,115.74,114.26,114.79,114.51,213094,24503613.0
3218880,2020-07-14,NIFTYBEES,590103,B,114.75,114.95,112.49,112.92,114.79,101559,11463618.0
3218881,2020-07-15,NIFTYBEES,590103,B,113.85,114.9,112.64,113.51,112.92,76429,8705648.0
3218882,2020-07-16,NIFTYBEES,590103,B,113.75,114.22,111.3,114.0,113.51,166701,18886282.0
3218883,2020-07-17,NIFTYBEES,590103,B,114.35,116.23,114.3,115.72,114.0,18544,2133706.0
3218884,2020-07-20,NIFTYBEES,590103,B,116.19,117.2,116.15,116.96,115.72,72568,8475815.0
3218885,2020-07-21,NIFTYBEES,590103,B,117.05,118.75,117.05,118.57,116.96,42565,5039186.0
3218886,2020-07-22,NIFTYBEES,590103,B,118.8,119.6,115.01,118.13,118.57,395580,46730460.0
3218887,2020-07-23,NIFTYBEES,590103,B,118.14,119.15,117.97,119.04,118.13,93477,11095914.0
3218888,2020-07-24,NIFTYBEES,590103,B,118.5,119.25,117.8,118.97,119.04,33244,3936598.0
3218889,2020-07-27,NIFTYBEES,590103,B,119.0,119.12,118.0,118.38,118.97,29894,3540005.0
3218890,2020-07-28,NIFTYBEES,590103,B,118.83,120.12,118.68,119.97,118.38,86465,10344583.0
3218891,2020-07-29,NIFTYBEES,590103,B,120.22,120.44,118.75,119.38,119.97,25700,3075269.0
3218892,2020-07-30,NIFTYBEES,590103,B,119.69,119.89,117.72,118.09,119.38,138445,16435695.0
3218893,2020-07-31,NIFTYBEES,590103,B,118.24,118.56,117.4,118.05,118.09,124343,14671539.0
3218894,2020-08-03,NIFTYBEES,590103,B,118.25,118.5,114.2,116.14,118.05,272098,31703390.0
3218895,2020-08-04,NIFTYBEES,590103,B,116.89,118.13,116.24,117.91,116.14,14415,1692498.0
3218896,2020-08-05,NIFTYBEES,590103,B,118.11,119.18,117.6,118.0,117.91,29814,3532082.0
3218897,2020-08-06,NIFTYBEES,590103,B,118.21,119.55,118.2,119.14,118.0,25252,2999567.0
3218898,2020-08-07,NIFTYBEES,590103,B,118.4,119.5,118.15,119.33,119.14,90730,10802818.0
3218899,2020-08-10,NIFTYBEES,590103,B,120.71,120.71,119.6,120.08,119.33,16504,1982364.0
3218900,2020-08-11,NIFTYBEES,590103,B,120.5,120.9,119.4,120.33,120.08,129620,15609148.0
3218901,2020-08-12,NIFTYBEES,590103,B,120.3,120.44,119.5,120.25,120.33,43136,5180332.0
3218902,2020-08-13,NIFTYBEES,590103,B,121.8,121.8,119.85,120.47,120.25,19702,2371196.0
3218903,2020-08-14,NIFTYBEES,590103,B,121.24,121.24,118.38,119.4,120.47,32975,3968609.0
3218904,2020-08-17,NIFTYBEES,590103,B,120.45,120.45,118.95,119.9,119.4,137302,16416070.0
3218905,2020-08-18,NIFTYBEES,590103,B,120.0,121.1,119.7,120.89,119.9,132813,16003862.0
3218906,2020-08-19,NIFTYBEES,590103,B,121.72,121.79,121.0,121.23,120.89,29351,3565181.0
3218907,2020-08-20,NIFTYBEES,590103,B,120.32,120.81,119.86,120.38,121.23,95952,11542397.0
3218908,2020-08-21,NIFTYBEES,590103,B,121.14,121.45,121.0,121.14,120.38,21597,2617889.0
3218909,2020-08-24,NIFTYBEES,590103,B,122.1,122.29,121.14,121.93,121.14,216764,26406585.0
3218910,2020-08-25,NIFTYBEES,590103,B,122.2,122.49,121.37,122.07,121.93,14876,1814415.0
3218911,2020-08-26,NIFTYBEES,590103,B,122.28,122.83,121.79,122.69,122.07,100256,12253217.0
3218912,2020-08-27,NIFTYBEES,590103,B,123.7,123.7,122.8,122.9,122.69,67493,8302630.0
3218913,2020-08-28,NIFTYBEES,590103,B,123.12,124.17,123.12,123.96,122.9,47813,5919782.0
3218914,2020-08-31,NIFTYBEES,590103,B,124.8,125.2,120.51,121.25,123.96,101402,12443197.0
3218915,2020-09-01,NIFTYBEES,590103,B,121.5,122.95,119.16,122.07,121.25,229628,27948425.0
3218916,2020-09-02,NIFTYBEES,590103,B,122.11,122.95,121.5,122.9,122.07,21838,2667371.0
3218917,2020-09-03,NIFTYBEES,590103,B,122.95,123.25,122.01,122.66,122.9,68944,8463443.0
3218918,2020-09-04,NIFTYBEES,590103,B,120.55,122.04,120.55,121.09,122.66,261124,31632345.0
3218919,2020-09-07,NIFTYBEES,590103,B,121.09,121.65,120.24,121.51,121.09,46989,5686872.0
3218920,2020-09-08,NIFTYBEES,590103,B,121.65,121.95,120.3,120.82,121.51,170719,20734137.0
3218921,2020-09-09,NIFTYBEES,590103,B,120.82,120.82,119.41,120.42,120.82,115016,13832528.0
3218922,2020-09-10,NIFTYBEES,590103,B,120.52,122.0,120.4,121.9,120.42,186541,22673319.0
3218923,2020-09-11,NIFTYBEES,590103,B,121.84,122.25,121.61,122.12,121.9,9647,1176216.0
3218924,2020-09-14,NIFTYBEES,590103,B,122.4,123.06,121.55,122.17,122.12,29139,3566133.0
3218925,2020-09-15,NIFTYBEES,590103,B,122.43,123.0,121.9,122.89,122.17,133406,16345736.0
3218926,2020-09-16,NIFTYBEES,590103,B,123.07,123.76,122.65,123.59,122.89,10071,1242323.0
3218927,2020-09-17,NIFTYBEES,590103,B,123.44,123.45,122.3,122.71,123.59,41807,5140589.0
3218928,2020-09-18,NIFTYBEES,590103,B,123.84,123.84,122.05,122.72,122.71,14569,1789399.0
3218929,2020-09-21,NIFTYBEES,590103,B,122.7,122.85,117.26,119.94,122.72,170769,20624448.0
3218930,2020-09-22,NIFTYBEES,590103,B,119.73,120.26,118.25,119.01,119.94,182824,21756747.0
3218931,2020-09-23,NIFTYBEES,590103,B,119.13,119.81,117.75,118.99,119.01,114028,13549920.0
3218932,2020-09-24,NIFTYBEES,590103,B,117.88,117.88,115.05,115.83,118.99,239414,27928827.0
3218933,2020-09-25,NIFTYBEES,590103,B,116.55,118.0,115.7,117.79,115.83,165811,19400171.0
3218934,2020-09-28,NIFTYBEES,590103,B,118.51,120.0,118.12,119.9,117.79,15037,1793790.0
3218935,2020-09-29,NIFTYBEES,590103,B,119.93,120.44,119.43,119.8,119.9,135637,16269997.0
3218936,2020-09-30,NIFTYBEES,590103,B,119.93,120.13,119.06,119.91,119.8,12784,1530407.0
3218937,2020-10-01,NIFTYBEES,590103,B,119.8,121.77,119.8,121.68,119.91,46119,5599019.0
3218938,2020-10-05,NIFTYBEES,590103,B,122.05,123.0,121.71,122.36,121.68,124418,15242105.0
3218939,2020-10-06,NIFTYBEES,590103,B,123.31,124.2,122.97,124.03,122.36,28752,3548728.0
3218940,2020-10-07,NIFTYBEES,590103,B,124.57,125.1,121.56,124.78,124.03,168934,21007289.0
3218941,2020-10-08,NIFTYBEES,590103,B,125.44,126.49,125.37,125.99,124.78,81936,10323989.0
3218942,2020-10-09,NIFTYBEES,590103,B,125.84,127.25,125.68,126.86,125.99,183925,23253396.0
3218943,2020-10-12,NIFTYBEES,590103,B,127.14,127.82,126.32,127.01,126.86,35635,4529609.0
3218944,2020-10-13,NIFTYBEES,590103,B,126.79,127.5,126.2,126.96,127.01,151578,19250503.0
3218945,2020-10-14,NIFTYBEES,590103,B,126.84,127.67,125.82,127.43,126.96,15741,1991629.0
3218946,2020-10-15,NIFTYBEES,590103,B,127.45,127.5,123.8,124.73,127.43,141232,17785769.0
3218947,2020-10-16,NIFTYBEES,590103,B,125.08,125.89,124.68,125.62,124.73,21423,2687355.0
3218948,2020-10-17,NIFTYBEES,590103,B,125.08,125.89,124.68,125.62,125.62,21423,2687355.0
3218949,2020-10-19,NIFTYBEES,590103,B,126.5,126.9,126.0,126.76,125.62,219085,27732760.0
3218950,2020-10-20,NIFTYBEES,590103,B,126.55,127.08,126.39,126.68,126.76,4278,542289.0
3218951,2020-10-21,NIFTYBEES,590103,B,126.84,127.8,125.42,126.99,126.68,113780,14316420.0
3218952,2020-10-22,NIFTYBEES,590103,B,127.03,127.03,126.0,126.67,126.99,65934,8345082.0
3218953,2020-10-23,NIFTYBEES,590103,B,127.0,127.45,126.84,127.04,126.67,6405,813895.0
3218954,2020-10-26,NIFTYBEES,590103,B,127.04,127.04,125.28,125.92,127.04,13028,1641930.0
3218955,2020-10-27,NIFTYBEES,590103,B,125.9,126.93,125.0,126.7,125.92,135312,17099907.0
3218956,2020-10-28,NIFTYBEES,590103,B,126.54,127.11,125.02,125.43,126.7,24986,3144141.0
3218957,2020-10-29,NIFTYBEES,590103,B,124.19,125.4,123.57,124.74,125.43,129471,16141088.0
3218958,2020-10-30,NIFTYBEES,590103,B,124.86,125.5,123.4,124.56,124.74,101928,12675855.0
3218959,2020-11-02,NIFTYBEES,590103,B,124.57,125.0,123.6,124.42,124.56,37284,4631757.0
3218960,2020-11-03,NIFTYBEES,590103,B,124.93,126.2,124.72,125.97,124.42,191338,24039951.0
3218961,2020-11-04,NIFTYBEES,590103,B,126.42,127.16,125.5,126.89,125.97,41362,5230857.0
3218962,2020-11-05,NIFTYBEES,590103,B,128.1,129.2,128.0,129.02,126.89,51755,6660817.0
3218963,2020-11-06,NIFTYBEES,590103,B,129.35,130.65,129.29,130.57,129.02,43709,5687485.0
3218964,2020-11-09,NIFTYBEES,590103,B,132.12,132.9,131.35,132.73,130.57,106099,14017918.0
3218965,2020-11-10,NIFTYBEES,590103,B,133.41,134.97,131.0,134.61,132.73,264770,35398987.0
3218966,2020-11-11,NIFTYBEES,590103,B,135.74,136.0,134.2,135.81,134.61,26487,3586092.0
3218967,2020-11-12,NIFTYBEES,590103,B,135.78,135.78,134.71,135.34,135.81,111518,15069803.0
3218968,2020-11-13,NIFTYBEES,590103,B,135.37,135.88,134.24,135.75,135.34,140466,18984459.0
3218969,2020-11-14,NIFTYBEES,590103,B,137.11,137.11,135.43,136.39,135.75,25438,3462896.0
3218970,2020-11-17,NIFTYBEES,590103,B,138.11,138.11,136.92,137.43,136.39,76129,10455268.0
3218971,2020-11-18,NIFTYBEES,590103,B,137.8,137.88,136.77,137.8,137.43,157397,21602840.0
3218972,2020-11-19,NIFTYBEES,590103,B,137.6,138.03,135.95,136.24,137.8,101432,13882066.0
3218973,2020-11-20,NIFTYBEES,590103,B,136.24,137.22,135.7,137.07,136.24,15577,2129390.0
3218974,2020-11-23,NIFTYBEES,590103,B,137.4,138.0,136.65,137.78,137.07,175756,24197397.0
3218975,2020-11-24,NIFTYBEES,590103,B,137.99,139.75,137.99,139.32,137.78,143439,19902257.0
3218976,2020-11-25,NIFTYBEES,590103,B,139.7,140.13,137.13,137.38,139.32,139418,19375279.0
3218977,2020-11-26,NIFTYBEES,590103,B,138.44,138.79,136.55,138.42,137.38,20095,2764878.0
3218978,2020-11-27,NIFTYBEES,590103,B,138.41,138.97,137.83,138.32,138.42,122273,16925096.0
3218979,2020-12-01,NIFTYBEES,590103,B,138.87,139.93,138.14,139.8,138.32,24355,3393921.0
3218980,2020-12-02,NIFTYBEES,590103,B,139.74,140.1,138.6,139.89,139.8,90178,12570486.0
3218981,2020-12-03,NIFTYBEES,590103,B,140.97,140.99,139.91,140.13,139.89,14432,2023924.0
3218982,2020-12-04,NIFTYBEES,590103,B,140.29,141.69,140.25,141.29,140.13,127812,18004828.0
3218983,2020-12-07,NIFTYBEES,590103,B,141.29,142.4,140.91,142.22,141.29,127249,18049097.0
3218984,2020-12-08,NIFTYBEES,590103,B,142.0,143.1,141.97,142.91,142.22,32353,4619884.0
3218985,2020-12-09,NIFTYBEES,590103,B,142.98,144.55,142.96,144.41,142.91,115143,16559507.0
3218986,2020-12-10,NIFTYBEES,590103,B,144.65,144.65,142.96,143.76,144.41,95983,13758321.0
3218987,2020-12-11,NIFTYBEES,590103,B,144.12,144.7,142.86,144.01,143.76,17818,2567673.0
3218988,2020-12-14,NIFTYBEES,590103,B,144.99,145.0,143.5,144.33,144.01,139204,20070394.0
3218989,2020-12-15,NIFTYBEES,590103,B,144.17,144.85,143.33,144.5,144.33,104884,15110649.0
3218990,2020-12-16,NIFTYBEES,590103,B,144.91,146.0,144.91,145.93,144.5,50207,7307713.0
3218991,2020-12-17,NIFTYBEES,590103,B,145.78,146.85,145.51,146.51,145.93,102025,14936964.0
3218992,2020-12-18,NIFTYBEES,590103,B,146.51,147.17,145.8,147.0,146.51,16623,2432213.0
3218993,2020-12-21,NIFTYBEES,590103,B,147.0,147.0,140.39,142.39,147.0,299194,43127309.0
3218994,2020-12-22,NIFTYBEES,590103,B,143.0,144.02,141.13,143.88,142.39,80658,11495726.0
3218995,2020-12-23,NIFTYBEES,590103,B,144.17,145.25,141.05,145.04,143.88,183579,26515074.0
3218996,2020-12-24,NIFTYBEES,590103,B,145.35,146.68,145.35,146.51,145.04,42571,6220467.0
3218997,2020-12-28,NIFTYBEES,590103,B,146.51,148.0,146.0,147.87,146.51,89752,13259750.0
3218998,2020-12-29,NIFTYBEES,590103,B,148.18,148.9,148.05,148.75,147.87,214107,31810355.0
3218999,2020-12-30,NIFTYBEES,590103,B,149.0,149.44,148.2,149.27,148.75,70094,10430217.0
3219000,2020-12-31,NIFTYBEES,590103,B,148.85,150.0,148.61,149.33,149.27,223070,33271674.0
3219001,2021-01-01,NIFTYBEES,590103,B,149.07,149.84,148.9,149.54,149.33,142982,21384549.0
3219002,2021-01-04,NIFTYBEES,590103,B,150.31,152.0,148.87,150.71,149.54,89596,13482264.0
3219003,2021-01-05,NIFTYBEES,590103,B,150.48,151.47,149.7,151.28,150.71,143239,21551694.0
3219004,2021-01-06,NIFTYBEES,590103,B,151.22,151.75,150.26,151.3,151.28,105620,15941549.0
3219005,2021-01-07,NIFTYBEES,590103,B,152.58,152.8,150.98,151.24,151.3,130428,19782052.0
3219006,2021-01-08,NIFTYBEES,590103,B,152.0,153.71,151.2,153.0,151.24,241426,36767342.0
3219007,2021-01-11,NIFTYBEES,590103,B,153.4,154.9,152.99,154.34,153.0,188820,29069453.0
3219008,2021-01-12,NIFTYBEES,590103,B,154.3,155.5,153.96,155.22,154.34,43473,6728857.0
3219009,2021-01-13,NIFTYBEES,590103,B,155.7,156.09,154.27,155.63,155.22,47227,7343611.0
3219010,2021-01-14,NIFTYBEES,590103,B,155.4,155.88,152.8,155.66,155.63,150411,23325829.0
3219011,2021-01-15,NIFTYBEES,590103,B,155.35,155.71,153.43,154.06,155.66,48214,7450388.0
3219012,2021-01-18,NIFTYBEES,590103,B,155.53,155.53,152.13,152.5,154.06,94307,14436408.0
3219013,2021-01-19,NIFTYBEES,590103,B,153.6,155.6,153.34,155.49,152.5,53282,8242531.0
3219014,2021-01-20,NIFTYBEES,590103,B,155.5,156.85,154.3,156.66,155.49,198468,30991876.0
3219015,2021-01-21,NIFTYBEES,590103,B,157.0,159.0,155.4,156.11,156.66,97860,15386283.0
3219016,2021-01-22,NIFTYBEES,590103,B,156.01,156.4,153.7,153.99,156.11,262379,40603944.0
3219017,2021-01-25,NIFTYBEES,590103,B,154.43,155.01,152.2,152.52,153.99,335136,51443312.0
3219018,2021-01-27,NIFTYBEES,590103,B,151.75,152.12,149.1,149.49,152.52,406507,61127412.0
3219019,2021-01-28,NIFTYBEES,590103,B,148.34,148.72,144.0,147.98,149.49,584363,86421159.0
3219020,2021-01-29,NIFTYBEES,590103,B,150.5,150.5,145.6,146.21,147.98,146323,21615651.0
3219021,2021-02-01,NIFTYBEES,590103,B,147.88,153.0,145.52,152.57,146.21,722000,107972972.0
3219022,2021-02-02,NIFTYBEES,590103,B,154.99,157.5,151.36,156.06,152.57,621334,96727427.0
3219023,2021-02-03,NIFTYBEES,590103,B,156.0,158.44,152.1,157.73,156.06,106420,16769628.0
3219024,2021-02-04,NIFTYBEES,590103,B,157.6,159.25,153.0,158.72,157.73,424702,66940221.0
3219025,2021-02-05,NIFTYBEES,590103,B,159.73,159.85,158.41,159.0,158.72,281682,44865531.0
3219026,2021-02-08,NIFTYBEES,590103,B,160.0,161.5,159.5,161.15,159.0,130258,20975911.0
3219027,2021-02-09,NIFTYBEES,590103,B,161.72,163.3,160.81,161.24,161.15,432880,70081819.0
3219028,2021-02-10,NIFTYBEES,590103,B,161.6,161.93,160.2,161.5,161.24,410872,66228350.0
3219029,2021-02-11,NIFTYBEES,590103,B,161.46,162.18,160.87,161.93,161.5,179266,28969060.0
3219030,2021-02-12,NIFTYBEES,590103,B,162.29,162.74,161.43,162.09,161.93,158621,25760999.0
3219031,2021-02-15,NIFTYBEES,590103,B,164.66,164.7,162.59,163.93,162.09,44700,7308322.0
3219032,2021-02-16,NIFTYBEES,590103,B,164.22,164.84,162.8,163.5,163.93,110397,18074994.0
3219033,2021-02-17,NIFTYBEES,590103,B,163.2,163.53,162.14,162.63,163.5,38341,6240223.0
3219034,2021-02-18,NIFTYBEES,590103,B,162.62,163.1,161.52,161.93,162.63,226668,36785954.0
3219035,2021-02-19,NIFTYBEES,590103,B,161.33,162.2,159.56,160.42,161.93,271334,43619499.0
3219036,2021-02-22,NIFTYBEES,590103,B,162.07,162.07,156.05,156.89,160.42,123321,19512162.0
3219037,2021-02-23,NIFTYBEES,590103,B,158.75,159.31,157.02,157.45,156.89,99829,15773302.0
3219038,2021-02-24,NIFTYBEES,590103,B,158.62,188.32,157.45,160.04,157.45,377043,62463801.0
3219039,2021-02-25,NIFTYBEES,590103,B,161.04,162.29,161.04,161.8,160.04,180942,29276087.0
3219040,2021-02-26,NIFTYBEES,590103,B,159.99,159.99,146.6,153.82,161.8,397187,62282306.0
3219041,2021-03-01,NIFTYBEES,590103,B,157.8,158.72,156.89,158.09,153.82,74583,11774437.0
3219042,2021-03-02,NIFTYBEES,590103,B,158.7,160.27,158.02,159.46,158.09,318551,50614770.0
3219043,2021-03-03,NIFTYBEES,590103,B,160.55,163.27,160.36,163.05,159.46,57009,9224990.0
3219044,2021-03-04,NIFTYBEES,590103,B,161.05,162.46,159.41,161.19,163.05,267824,43151757.0
3219045,2021-03-05,NIFTYBEES,590103,B,160.5,161.19,159.16,159.86,161.19,57791,9254918.0
3219046,2021-03-08,NIFTYBEES,590103,B,160.41,161.6,159.78,159.97,159.86,249398,40072325.0
3219047,2021-03-09,NIFTYBEES,590103,B,160.69,161.75,159.82,161.54,159.97,54020,8696367.0
3219048,2021-03-10,NIFTYBEES,590103,B,162.3,162.83,161.51,162.13,161.54,217135,35204945.0
3219049,2021-03-12,NIFTYBEES,590103,B,163.67,163.8,159.92,160.71,162.13,75507,12223244.0
3219050,2021-03-15,NIFTYBEES,590103,B,160.59,160.59,158.04,159.85,160.71,307149,48900148.0
3219051,2021-03-16,NIFTYBEES,590103,B,160.5,161.11,159.56,159.79,159.85,110560,17756470.0
3219052,2021-03-17,NIFTYBEES,590103,B,160.46,160.54,157.61,157.96,159.79,171868,27277746.0
3219053,2021-03-18,NIFTYBEES,590103,B,158.93,159.28,155.34,156.19,157.96,386097,60683039.0
3219054,2021-03-19,NIFTYBEES,590103,B,155.5,158.2,153.79,157.92,156.19,503996,78455392.0
3219055,2021-03-22,NIFTYBEES,590103,B,159.13,159.13,156.05,157.36,157.92,510134,80181003.0
3219056,2021-03-23,NIFTYBEES,590103,B,158.05,158.88,157.12,158.34,157.36,225736,35714852.0
3219057,2021-03-24,NIFTYBEES,590103,B,157.5,157.83,155.92,156.14,158.34,79359,12439708.0
3219058,2021-03-25,NIFTYBEES,590103,B,156.0,156.0,153.0,153.99,156.14,450803,69587684.0
3219059,2021-03-26,NIFTYBEES,590103,B,154.31,156.8,154.31,155.2,153.99,261663,40609416.0
3219060,2021-03-30,NIFTYBEES,590103,B,156.75,158.68,155.69,158.54,155.2,88586,13998761.0
3219061,2021-03-31,NIFTYBEES,590103,B,158.0,158.29,156.74,157.27,158.54,267641,42102953.0
3219062,2021-04-01,NIFTYBEES,590103,B,157.85,158.8,157.06,158.64,157.27,266856,42201229.0
3219063,2021-04-05,NIFTYBEES,590103,B,157.26,158.64,155.05,157.01,158.64,209597,32783531.0
3219064,2021-04-06,NIFTYBEES,590103,B,157.5,158.36,155.92,157.37,157.01,239018,37616887.0
3219065,2021-04-07,NIFTYBEES,590103,B,156.05,159.1,156.05,158.85,157.37,45490,7203966.0
3219066,2021-04-08,NIFTYBEES,590103,B,158.71,159.95,157.7,158.89,158.85,335324,53492431.0
3219067,2021-04-09,NIFTYBEES,590103,B,159.91,159.91,158.0,158.82,158.89,163228,25903360.0
3219068,2021-04-12,NIFTYBEES,590103,B,158.94,158.94,151.1,154.22,158.82,735811,113718852.0
3219069,2021-04-13,NIFTYBEES,590103,B,154.91,155.69,153.0,155.48,154.22,283763,43828666.0
3219070,2021-04-15,NIFTYBEES,590103,B,155.91,156.16,153.95,155.95,155.48,97470,15112793.0
3219071,2021-04-16,NIFTYBEES,590103,B,156.21,157.1,155.7,156.29,155.95,254580,39863750.0
3219072,2021-04-19,NIFTYBEES,590103,B,155.93,155.93,152.24,153.98,156.29,276409,42313917.0
3219073,2021-04-20,NIFTYBEES,590103,B,155.91,155.91,152.5,153.41,153.98,60436,9318257.0
3219074,2021-04-22,NIFTYBEES,590103,B,154.95,155.05,151.86,154.32,153.41,352623,54102996.0
3219075,2021-04-23,NIFTYBEES,590103,B,153.89,155.0,152.61,153.8,154.32,235033,36211136.0
3219076,2021-04-26,NIFTYBEES,590103,B,155.56,155.78,154.19,155.35,153.8,78181,12133616.0
3219077,2021-04-27,NIFTYBEES,590103,B,155.27,156.99,155.27,156.76,155.35,324961,50768314.0
3219078,2021-04-28,NIFTYBEES,590103,B,157.39,159.1,157.16,158.88,156.76,81587,12915964.0
3219079,2021-04-29,NIFTYBEES,590103,B,159.56,160.69,158.38,159.13,158.88,96865,15449240.0
3219080,2021-04-30,NIFTYBEES,590103,B,157.98,158.61,156.75,156.99,159.13,277529,43815180.0
3219081,2021-05-03,NIFTYBEES,590103,B,156.78,157.42,154.96,156.92,156.99,67325,10486342.0
3219082,2021-05-04,NIFTYBEES,590103,B,157.5,157.73,155.21,155.65,156.92,60749,9513275.0
3219083,2021-05-05,NIFTYBEES,590103,B,156.0,157.0,155.53,156.73,155.65,179657,28080854.0
3219084,2021-05-06,NIFTYBEES,590103,B,156.99,157.89,156.78,157.55,156.73,77417,12181143.0
3219085,2021-05-07,NIFTYBEES,590103,B,157.79,158.9,157.53,158.48,157.55,268902,42622977.0
3219086,2021-05-10,NIFTYBEES,590103,B,159.0,160.39,158.98,159.62,158.48,53619,8556622.0
3219087,2021-05-11,NIFTYBEES,590103,B,159.4,159.4,157.99,158.99,159.62,46027,7311709.0
3219088,2021-05-12,NIFTYBEES,590103,B,158.99,158.99,157.29,157.72,158.99,269158,42476270.0
3219089,2021-05-14,NIFTYBEES,590103,B,157.75,157.89,156.44,157.48,157.72,194433,30571721.0
3219090,2021-05-17,NIFTYBEES,590103,B,158.0,159.6,157.55,159.45,157.48,322835,51267110.0
3219091,2021-05-18,NIFTYBEES,590103,B,160.0,161.6,160.0,161.34,159.45,50039,8068459.0
3219092,2021-05-19,NIFTYBEES,590103,B,162.0,162.0,160.46,160.73,161.34,48616,7825463.0
3219093,2021-05-20,NIFTYBEES,590103,B,160.0,161.05,159.4,159.63,160.73,167628,26829852.0
3219094,2021-05-21,NIFTYBEES,590103,B,160.0,162.35,160.0,162.06,159.63,62843,10146787.0
3219095,2021-05-24,NIFTYBEES,590103,B,162.38,162.95,161.92,162.25,162.06,117315,19057920.0
3219096,2021-05-25,NIFTYBEES,590103,B,163.5,163.95,161.65,162.54,162.25,138093,22467236.0
3219097,2021-05-26,NIFTYBEES,590103,B,162.48,163.63,162.4,163.39,162.54,192535,31420255.0
3219098,2021-05-27,NIFTYBEES,590103,B,163.65,164.5,163.25,164.11,163.39,93187,15278032.0
3219099,2021-05-28,NIFTYBEES,590103,B,164.11,165.29,164.11,164.96,164.11,53837,8877721.0
3219100,2021-05-31,NIFTYBEES,590103,B,165.29,166.9,164.5,166.78,164.96,66258,10994328.0
3219101,2021-06-01,NIFTYBEES,590103,B,166.89,167.57,166.36,166.93,166.78,158461,26467531.0
3219102,2021-06-02,NIFTYBEES,590103,B,166.0,167.49,165.88,167.18,166.93,205111,34132945.0
3219103,2021-06-03,NIFTYBEES,590103,B,167.51,168.9,167.5,168.15,167.18,33250,5586182.0
3219104,2021-06-04,NIFTYBEES,590103,B,168.5,169.0,167.7,168.58,168.15,125260,21049110.0
3219105,2021-06-07,NIFTYBEES,590103,B,168.58,169.03,168.0,168.54,168.58,224715,37873378.0
3219106,2021-06-08,NIFTYBEES,590103,B,168.93,168.98,167.84,168.63,168.54,23414,3942370.0
3219107,2021-06-09,NIFTYBEES,590103,B,169.0,169.38,166.8,167.5,168.63,279807,47033657.0
3219108,2021-06-10,NIFTYBEES,590103,B,167.61,168.74,167.61,168.54,167.5,27480,4624982.0
3219109,2021-06-11,NIFTYBEES,590103,B,169.77,169.77,168.7,169.34,168.54,40247,6814668.0
3219110,2021-06-14,NIFTYBEES,590103,B,169.21,169.66,166.67,169.51,169.34,276834,46704694.0
3219111,2021-06-15,NIFTYBEES,590103,B,170.0,170.47,169.47,170.23,169.51,30028,5112416.0
3219112,2021-06-16,NIFTYBEES,590103,B,170.18,170.4,169.3,169.51,170.23,128356,21766936.0
3219113,2021-06-17,NIFTYBEES,590103,B,169.57,169.66,168.08,168.79,169.51,63770,10775322.0
3219114,2021-06-18,NIFTYBEES,590103,B,169.0,169.48,166.32,168.7,168.79,281015,47143202.0
3219115,2021-06-21,NIFTYBEES,590103,B,168.02,169.3,166.77,169.03,168.7,264313,44363917.0
3219116,2021-06-22,NIFTYBEES,590103,B,170.17,170.43,169.16,169.4,169.03,64731,11000417.0
3219117,2021-06-23,NIFTYBEES,590103,B,170.86,170.86,168.57,168.69,169.4,38902,6587058.0
3219118,2021-06-24,NIFTYBEES,590103,B,168.55,169.9,168.35,169.55,168.69,201505,34129720.0
3219119,2021-06-25,NIFTYBEES,590103,B,170.0,170.5,169.5,170.38,169.55,37273,6339317.0
3219120,2021-06-28,NIFTYBEES,590103,B,171.26,171.6,169.7,169.94,170.38,63156,10745189.0
3219121,2021-06-29,NIFTYBEES,590103,B,169.88,170.15,169.01,169.31,169.94,264635,44829179.0
3219122,2021-06-30,NIFTYBEES,590103,B,170.01,170.16,168.98,169.06,169.31,29308,4971690.0
3219123,2021-07-01,NIFTYBEES,590103,B,169.91,173.99,168.77,168.88,169.06,63813,10786466.0
3219124,2021-07-02,NIFTYBEES,590103,B,169.9,169.9,168.43,169.29,168.88,34923,5898229.0
3219125,2021-07-05,NIFTYBEES,590103,B,170.0,170.79,169.75,170.17,169.29,34993,5953659.0
3219126,2021-07-06,NIFTYBEES,590103,B,170.34,170.99,169.61,170.12,170.17,163600,27900991.0
3219127,2021-07-07,NIFTYBEES,590103,B,170.16,170.64,169.7,170.59,170.12,25369,4317410.0
3219128,2021-07-08,NIFTYBEES,590103,B,170.59,170.95,169.0,169.34,170.59,221910,37643490.0
3219129,2021-07-09,NIFTYBEES,590103,B,168.89,169.68,168.5,169.1,169.34,69227,11699540.0
3219130,2021-07-12,NIFTYBEES,590103,B,170.31,170.49,168.6,169.02,169.1,174488,29595969.0
3219131,2021-07-13,NIFTYBEES,590103,B,169.49,170.6,169.49,170.14,169.02,17405,2956429.0
3219132,2021-07-14,NIFTYBEES,590103,B,170.0,170.72,169.68,170.59,170.14,92400,15756963.0
3219133,2021-07-15,NIFTYBEES,590103,B,171.31,171.55,170.62,171.28,170.59,19305,3305221.0
3219134,2021-07-16,NIFTYBEES,590103,B,171.77,171.83,170.9,171.35,171.28,23936,4100044.0
3219135,2021-07-19,NIFTYBEES,590103,B,170.14,170.63,169.4,169.73,171.35,128309,21834180.0
3219136,2021-07-20,NIFTYBEES,590103,B,170.0,170.0,168.01,168.58,169.73,49467,8342215.0
3219137,2021-07-22,NIFTYBEES,590103,B,169.0,170.38,169.0,170.23,168.58,430783,73281150.0
3219138,2021-07-23,NIFTYBEES,590103,B,170.23,170.92,169.8,170.55,170.23,37841,6450943.0
3219139,2021-07-26,NIFTYBEES,590103,B,170.55,171.03,169.79,170.22,170.55,74098,12623870.0
3219140,2021-07-27,NIFTYBEES,590103,B,171.36,171.36,169.25,169.63,170.22,78128,13253616.0
3219141,2021-07-28,NIFTYBEES,590103,B,170.0,170.51,167.4,169.5,169.63,43843,7391100.0
3219142,2021-07-29,NIFTYBEES,590103,B,170.0,170.1,169.31,169.9,169.5,154804,26283100.0
3219143,2021-07-30,NIFTYBEES,590103,B,170.0,170.89,169.5,169.74,169.9,32794,5581814.0
3219144,2021-08-02,NIFTYBEES,590103,B,171.06,171.06,170.12,170.95,169.74,203445,34730766.0
3219145,2021-08-03,NIFTYBEES,590103,B,171.09,173.42,171.04,173.26,170.95,61277,10543124.0
3219146,2021-08-04,NIFTYBEES,590103,B,173.5,174.95,173.3,174.67,173.26,39722,6933542.0
3219147,2021-08-05,NIFTYBEES,590103,B,174.79,175.9,173.17,174.7,174.67,168360,29433598.0
3219148,2021-08-06,NIFTYBEES,590103,B,175.65,175.65,174.62,174.8,174.7,37698,6601203.0
3219149,2021-08-09,NIFTYBEES,590103,B,175.4,175.95,174.44,175.3,174.8,51724,9055570.0
3219150,2021-08-10,NIFTYBEES,590103,B,175.76,176.26,174.9,175.62,175.3,50147,8815876.0
3219151,2021-08-11,NIFTYBEES,590103,B,175.8,176.38,174.4,175.39,175.62,24847,4348309.0
3219152,2021-08-12,NIFTYBEES,590103,B,175.49,176.28,175.34,176.12,175.39,153997,27085236.0
3219153,2021-08-13,NIFTYBEES,590103,B,176.71,178.2,176.12,177.9,176.12,84810,15049218.0
3219154,2021-08-16,NIFTYBEES,590103,B,177.84,178.64,177.37,178.53,177.9,50241,8952697.0
3219155,2021-08-17,NIFTYBEES,590103,B,180.38,180.39,177.83,178.86,178.53,32677,5828972.0
3219156,2021-08-18,NIFTYBEES,590103,B,179.5,179.99,178.24,178.69,178.86,38688,6924012.0
3219157,2021-08-20,NIFTYBEES,590103,B,177.61,178.49,176.52,177.28,178.69,113948,20223346.0
3219158,2021-08-23,NIFTYBEES,590103,B,178.27,178.99,177.0,178.11,177.28,25456,4529952.0
3219159,2021-08-24,NIFTYBEES,590103,B,174.5,180.0,174.5,179.5,178.11,165822,29647936.0
3219160,2021-08-25,NIFTYBEES,590103,B,179.53,180.1,179.05,179.44,179.5,129354,23236474.0
3219161,2021-08-26,NIFTYBEES,590103,B,179.0,179.97,179.0,179.55,179.44,18238,3275628.0
3219162,2021-08-27,NIFTYBEES,590103,B,179.0,180.34,178.2,180.17,179.55,193831,34847812.0
3219163,2021-08-30,NIFTYBEES,590103,B,180.5,182.83,180.17,182.59,180.17,42195,7673320.0
3219164,2021-08-31,NIFTYBEES,590103,B,182.59,184.8,182.29,184.47,182.59,318283,58378569.0
3219165,2021-09-01,NIFTYBEES,590103,B,189.5,189.5,184.1,184.36,184.47,63931,11836710.0
3219166,2021-09-02,NIFTYBEES,590103,B,184.99,186.1,184.26,185.9,184.36,133075,24662065.0
3219167,2021-09-03,NIFTYBEES,590103,B,186.49,187.4,185.73,186.72,185.9,90445,16855633.0
3219168,2021-09-06,NIFTYBEES,590103,B,188.4,188.75,187.0,187.59,186.72,76945,14421270.0
3219169,2021-09-07,NIFTYBEES,590103,B,187.43,188.04,186.42,187.01,187.59,178593,33410455.0
3219170,2021-09-08,NIFTYBEES,590103,B,186.1,187.63,186.0,187.19,187.01,51253,9584985.0
3219171,2021-09-09,NIFTYBEES,590103,B,187.9,188.4,186.5,187.38,187.19,147585,27592498.0
3219172,2021-09-13,NIFTYBEES,590103,B,187.52,188.27,186.4,187.19,187.38,64684,12091481.0
3219173,2021-09-14,NIFTYBEES,590103,B,187.5,188.08,187.16,187.49,187.19,133257,25004374.0
3219174,2021-09-15,NIFTYBEES,590103,B,188.9,189.4,187.51,189.07,187.49,19147,3607366.0
3219175,2021-09-16,NIFTYBEES,590103,B,188.8,190.4,188.01,190.13,189.07,125917,23876790.0
3219176,2021-09-17,NIFTYBEES,590103,B,190.13,191.96,189.45,189.99,190.13,45658,8717629.0
3219177,2021-09-20,NIFTYBEES,590103,B,189.99,191.35,187.0,187.48,189.99,333407,62875287.0
3219178,2021-09-21,NIFTYBEES,590103,B,188.0,190.0,187.12,189.79,187.48,88133,16633569.0
3219179,2021-09-22,NIFTYBEES,590103,B,189.79,190.33,189.31,189.57,189.79,207826,39435660.0
3219180,2021-09-23,NIFTYBEES,590103,B,189.6,192.51,189.6,192.33,189.57,75377,14429382.0
3219181,2021-09-24,NIFTYBEES,590103,B,194.0,194.0,192.19,192.53,192.33,306201,59030367.0
3219182,2021-09-27,NIFTYBEES,590103,B,192.53,193.9,192.28,192.7,192.53,160954,31035259.0
3219183,2021-09-28,NIFTYBEES,590103,B,192.73,193.38,189.85,191.46,192.7,92511,17732900.0
3219184,2021-09-29,NIFTYBEES,590103,B,192.0,192.0,190.0,191.25,191.46,177802,33897188.0
3219185,2021-09-30,NIFTYBEES,590103,B,191.68,191.68,189.8,190.24,191.25,130016,24784241.0
3219186,2021-10-01,NIFTYBEES,590103,B,190.04,190.04,188.41,189.26,190.24,276026,52147544.0
3219187,2021-10-04,NIFTYBEES,590103,B,189.26,191.4,189.26,190.91,189.26,206353,39378758.0
3219188,2021-10-05,NIFTYBEES,590103,B,190.25,192.3,190.25,192.24,190.91,49291,9431996.0
3219189,2021-10-06,NIFTYBEES,590103,B,192.39,193.1,189.9,190.19,192.24,229596,43976207.0
3219190,2021-10-07,NIFTYBEES,590103,B,191.89,192.5,191.0,191.69,190.19,226920,43540061.0
3219191,2021-10-08,NIFTYBEES,590103,B,192.95,193.4,192.0,192.54,191.69,43387,8354399.0
3219192,2021-10-11,NIFTYBEES,590103,B,193.05,193.99,192.15,192.97,192.54,61741,11947586.0
3219193,2021-10-12,NIFTYBEES,590103,B,193.5,193.92,192.25,193.7,192.97,46492,8976274.0
3219194,2021-10-13,NIFTYBEES,590103,B,194.85,195.95,193.7,195.54,193.7,225444,43960671.0
3219195,2021-10-14,NIFTYBEES,590103,B,195.65,197.5,195.65,197.3,195.54,55425,10912873.0
3219196,2021-10-18,NIFTYBEES,590103,B,198.54,199.4,196.61,198.87,197.3,259040,51499539.0
3219197,2021-10-19,NIFTYBEES,590103,B,200.45,200.45,198.03,198.52,198.87,120169,23936269.0
3219198,2021-10-20,NIFTYBEES,590103,B,198.52,199.08,196.55,197.46,198.52,320468,63319970.0
3219199,2021-10-21,NIFTYBEES,590103,B,201.0,201.0,195.0,195.93,197.46,289640,56826370.0
3219200,2021-10-22,NIFTYBEES,590103,B,196.5,197.52,194.9,195.74,195.93,66649,13092532.0
3219201,2021-10-25,NIFTYBEES,590103,B,195.56,197.4,194.01,195.78,195.74,308467,60241508.0
3219202,2021-10-26,NIFTYBEES,590103,B,197.4,197.9,195.5,197.33,195.78,170133,33457265.0
3219203,2021-10-27,NIFTYBEES,590103,B,197.28,197.8,196.21,196.5,197.33,189260,37315824.0
3219204,2021-10-28,NIFTYBEES,590103,B,196.5,196.5,193.01,193.51,196.5,144062,27957622.0
3219205,2021-10-29,NIFTYBEES,590103,B,194.15,194.43,190.5,191.27,193.51,102021,19586399.0
3219206,2021-11-01,NIFTYBEES,590103,B,192.7,195.9,191.41,193.83,191.27,315258,60721179.0
3219207,2021-11-02,NIFTYBEES,590103,B,194.55,194.59,192.66,193.22,193.83,61490,11914143.0
3219208,2021-11-03,NIFTYBEES,590103,B,193.69,194.17,191.89,192.68,193.22,197820,38193485.0
3219209,2021-11-04,NIFTYBEES,590103,B,194.9,195.4,192.68,193.55,192.68,118310,22929637.0
3219210,2021-11-08,NIFTYBEES,590103,B,195.0,195.5,192.9,195.35,193.55,38608,7493424.0
3219211,2021-11-09,NIFTYBEES,590103,B,195.37,195.57,194.45,194.81,195.35,49866,9717899.0
3219212,2021-11-10,NIFTYBEES,590103,B,194.81,195.0,192.5,194.7,194.81,45207,8791381.0
3219213,2021-11-11,NIFTYBEES,590103,B,194.27,194.6,192.55,193.27,194.7,242646,46873414.0
3219214,2021-11-12,NIFTYBEES,590103,B,193.5,195.6,193.24,195.39,193.27,222428,43305501.0
3219215,2021-11-15,NIFTYBEES,590103,B,195.4,196.69,195.0,195.44,195.39,44869,8786382.0
3219216,2021-11-16,NIFTYBEES,590103,B,196.0,196.39,194.21,194.48,195.44,59846,11667776.0
3219217,2021-11-17,NIFTYBEES,590103,B,194.38,194.73,193.3,193.56,194.48,139888,27141854.0
3219218,2021-11-18,NIFTYBEES,590103,B,193.56,193.98,191.34,192.14,193.56,231280,44445379.0
3219219,2021-11-22,NIFTYBEES,590103,B,192.94,194.4,187.0,188.55,192.14,751198,142222131.0
3219220,2021-11-23,NIFTYBEES,590103,B,188.48,189.95,186.1,189.22,188.55,418594,78707441.0
3219221,2021-11-24,NIFTYBEES,590103,B,190.54,190.59,187.74,188.32,189.22,44353,8411280.0
3219222,2021-11-25,NIFTYBEES,590103,B,188.73,189.79,187.62,189.46,188.32,245288,46281800.0
3219223,2021-11-26,NIFTYBEES,590103,B,188.47,188.47,183.82,184.57,189.46,258778,48008488.0
3219224,2021-11-29,NIFTYBEES,590103,B,185.73,185.73,181.95,184.59,184.57,622352,114611887.0
3219225,2021-11-30,NIFTYBEES,590103,B,184.37,186.9,183.1,183.74,184.59,540338,100058140.0
3219226,2021-12-01,NIFTYBEES,590103,B,183.83,185.94,182.0,185.64,183.74,298949,55375908.0
3219227,2021-12-02,NIFTYBEES,590103,B,186.93,188.17,185.25,187.97,185.64,73717,13802630.0
3219228,2021-12-03,NIFTYBEES,590103,B,186.79,188.86,185.72,185.97,187.97,122545,22911034.0
3219229,2021-12-06,NIFTYBEES,590103,B,186.5,186.99,182.81,183.05,185.97,169796,31365328.0
3219230,2021-12-07,NIFTYBEES,590103,B,183.5,186.5,183.5,185.74,183.05,234559,43476588.0
3219231,2021-12-08,NIFTYBEES,590103,B,186.19,188.63,186.19,188.39,185.74,291124,54728504.0
3219232,2021-12-09,NIFTYBEES,590103,B,188.7,189.46,187.67,189.16,188.39,98768,18610214.0
3219233,2021-12-10,NIFTYBEES,590103,B,189.0,189.3,187.94,189.05,189.16,187822,35423642.0
3219234,2021-12-13,NIFTYBEES,590103,B,191.0,191.0,187.64,187.86,189.05,73428,13847499.0
3219235,2021-12-14,NIFTYBEES,590103,B,187.6,187.81,186.31,187.27,187.86,44746,8368854.0
3219236,2021-12-15,NIFTYBEES,590103,B,187.1,187.49,185.93,186.18,187.27,82921,15453316.0
3219237,2021-12-16,NIFTYBEES,590103,B,187.6,187.9,185.95,186.52,186.18,85313,15920331.0
3219238,2021-12-17,NIFTYBEES,590103,B,187.0,187.0,183.52,183.82,186.52,164040,30216196.0
3219239,2021-12-20,NIFTYBEES,590103,B,183.09,183.39,177.78,180.02,183.82,1443442,259719672.0
3219240,2021-12-21,NIFTYBEES,590103,B,181.8,182.84,177.41,180.26,180.02,435969,79070400.0
3219241,2021-12-22,NIFTYBEES,590103,B,182.0,183.49,181.98,183.35,180.26,57219,10453086.0
3219242,2021-12-23,NIFTYBEES,590103,B,183.85,184.85,181.91,183.99,183.35,356515,65635094.0
3219243,2021-12-24,NIFTYBEES,590103,B,185.25,185.25,182.57,183.39,183.99,193355,35405207.0
3219244,2021-12-27,NIFTYBEES,590103,B,183.4,184.66,181.7,184.5,183.39,61212,11225990.0
3219245,2021-12-28,NIFTYBEES,590103,B,184.0,186.34,184.0,186.1,184.5,42458,7883047.0
3219246,2021-12-30,NIFTYBEES,590103,B,186.0,187.03,185.41,186.21,185.94,35368,6590232.0
3219247,2021-12-31,NIFTYBEES,590103,B,186.0,188.2,185.84,187.67,186.21,286421,53713009.0
3219248,2022-01-03,NIFTYBEES,590103,B,188.0,190.85,187.85,190.66,187.67,85674,16238292.0
3219249,2022-01-04,NIFTYBEES,590103,B,191.6,192.78,190.1,192.39,190.66,84402,16171814.0
3219250,2022-01-05,NIFTYBEES,590103,B,192.75,193.64,191.8,193.13,192.39,98935,19076073.0
3219251,2022-01-06,NIFTYBEES,590103,B,192.46,192.46,190.75,191.83,193.13,95975,18365811.0
3219252,2022-01-07,NIFTYBEES,590103,B,192.01,193.4,191.37,192.36,191.83,101777,19566677.0
3219253,2022-01-10,NIFTYBEES,590103,B,193.8,194.62,192.5,194.38,192.36,72538,14064165.0
3219254,2022-01-11,NIFTYBEES,590103,B,194.21,194.99,193.73,194.65,194.38,238811,46432524.0
3219255,2022-01-12,NIFTYBEES,590103,B,195.56,196.39,195.5,196.2,194.65,50326,9861561.0
3219256,2022-01-13,NIFTYBEES,590103,B,196.9,197.29,195.8,197.01,196.2,397246,78086908.0
3219257,2022-01-14,NIFTYBEES,590103,B,196.8,197.65,195.47,197.28,197.01,298770,58725234.0
3219258,2022-01-17,NIFTYBEES,590103,B,197.36,198.2,196.5,198.01,197.28,231816,45818083.0
3219259,2022-01-18,NIFTYBEES,590103,B,197.95,198.39,195.64,195.98,198.01,80743,15907556.0
3219260,2022-01-19,NIFTYBEES,590103,B,195.35,196.44,193.43,194.14,195.98,340753,66218013.0
3219261,2022-01-20,NIFTYBEES,590103,B,193.1,194.82,191.05,192.19,194.14,142584,27426934.0
3219262,2022-01-21,NIFTYBEES,590103,B,191.5,191.6,189.25,190.5,192.19,503648,95943644.0
3219263,2022-01-24,NIFTYBEES,590103,B,190.64,190.7,184.1,185.8,190.5,441910,82862584.0
3219264,2022-01-25,NIFTYBEES,590103,B,184.99,187.39,183.0,187.11,185.8,727501,134575594.0
3219265,2022-01-27,NIFTYBEES,590103,B,186.0,186.0,179.8,185.34,187.11,956486,175831003.0
3219266,2022-01-28,NIFTYBEES,590103,B,186.75,187.92,184.85,185.1,185.34,695591,129916038.0
3219267,2022-01-31,NIFTYBEES,590103,B,186.03,188.22,186.03,187.48,185.1,449481,84269407.0
3219268,2022-02-01,NIFTYBEES,590103,B,189.25,190.14,186.6,189.7,187.48,165550,31328469.0
3219269,2022-02-02,NIFTYBEES,590103,B,191.0,192.32,190.5,192.25,189.7,90230,17276964.0
3219270,2022-02-03,NIFTYBEES,590103,B,192.7,192.7,189.47,189.98,192.25,430060,82066933.0
3219271,2022-02-04,NIFTYBEES,590103,B,190.8,190.8,189.0,189.46,189.98,114589,21726947.0
3219272,2022-02-07,NIFTYBEES,590103,B,189.44,189.79,185.4,186.29,189.46,195056,36514446.0
3219273,2022-02-08,NIFTYBEES,590103,B,186.6,187.24,184.44,186.86,186.29,116239,21616560.0
3219274,2022-02-09,NIFTYBEES,590103,B,187.78,189.1,187.25,188.94,186.86,320561,60404403.0
3219275,2022-02-10,NIFTYBEES,590103,B,190.0,190.44,188.53,190.31,188.94,85469,16213513.0
3219276,2022-02-11,NIFTYBEES,590103,B,189.13,189.13,186.92,187.95,190.31,431456,80934319.0
3219277,2022-02-14,NIFTYBEES,590103,B,186.5,186.9,182.31,182.64,187.95,568170,104360092.0
3219278,2022-02-15,NIFTYBEES,590103,B,183.9,187.8,182.51,187.55,182.64,842547,156081245.0
3219279,2022-02-16,NIFTYBEES,590103,B,188.3,188.98,186.5,187.24,187.55,134841,25307469.0
3219280,2022-02-17,NIFTYBEES,590103,B,187.58,188.45,186.2,186.78,187.24,295185,55324068.0
3219281,2022-02-18,NIFTYBEES,590103,B,186.5,187.7,186.1,186.61,186.78,45026,8419324.0
3219282,2022-02-21,NIFTYBEES,590103,B,186.44,187.52,184.71,186.26,186.61,96608,17977974.0
3219283,2022-02-22,NIFTYBEES,590103,B,185.0,185.76,182.91,185.16,186.26,204962,37665717.0
3219284,2022-02-23,NIFTYBEES,590103,B,186.02,186.49,184.61,184.99,185.16,152173,28234066.0
3219285,2022-02-24,NIFTYBEES,590103,B,182.59,182.63,177.05,178.15,184.99,1887580,338634696.0
3219286,2022-02-25,NIFTYBEES,590103,B,181.84,181.9,179.3,180.92,178.15,279712,50558182.0
3219287,2022-02-28,NIFTYBEES,590103,B,180.0,182.1,177.5,181.81,180.92,896424,160903805.0
3219288,2022-03-02,NIFTYBEES,590103,B,180.0,181.0,178.7,179.87,181.81,252653,45393819.0
3219289,2022-03-03,NIFTYBEES,590103,B,180.99,181.62,178.4,178.83,179.87,185714,33418297.0
3219290,2022-03-04,NIFTYBEES,590103,B,177.5,178.97,175.1,176.36,178.83,393456,69393413.0
3219291,2022-03-07,NIFTYBEES,590103,B,173.59,175.0,171.27,172.37,176.36,2212652,380961188.0
3219292,2022-03-08,NIFTYBEES,590103,B,172.0,176.21,170.25,173.38,172.37,2120300,365850677.0
3219293,2022-03-09,NIFTYBEES,590103,B,173.8,177.54,173.3,176.99,173.38,212383,37235900.0
3219294,2022-03-10,NIFTYBEES,590103,B,180.9,181.8,178.0,179.62,176.99,970275,174735811.0
3219295,2022-03-11,NIFTYBEES,590103,B,179.49,180.5,178.41,180.03,179.62,153430,27584173.0
3219296,2022-03-14,NIFTYBEES,590103,B,180.33,182.85,179.0,182.5,180.03,710945,128864152.0
3219297,2022-03-15,NIFTYBEES,590103,B,183.6,183.6,179.5,180.62,182.5,168915,30634367.0
3219298,2022-03-16,NIFTYBEES,590103,B,182.15,183.8,182.15,183.62,180.62,742315,135843626.0
3219299,2022-03-17,NIFTYBEES,590103,B,186.0,187.27,185.4,186.76,183.62,100214,18677752.0
3219300,2022-03-21,NIFTYBEES,590103,B,186.88,187.69,185.05,185.35,186.76,632373,117689844.0
3219301,2022-03-22,NIFTYBEES,590103,B,185.03,187.55,184.18,187.28,185.35,148115,27489073.0
3219302,2022-03-23,NIFTYBEES,590103,B,188.0,188.54,185.93,186.32,187.28,139672,26121535.0
3219303,2022-03-24,NIFTYBEES,590103,B,185.5,186.87,184.72,186.12,186.32,66674,12413058.0
3219304,2022-03-25,NIFTYBEES,590103,B,186.57,186.89,185.0,185.82,186.12,676703,125502529.0
3219305,2022-03-28,NIFTYBEES,590103,B,186.59,186.59,184.32,186.38,185.82,529545,98144817.0
3219306,2022-03-29,NIFTYBEES,590103,B,187.0,187.4,186.25,187.11,186.38,519433,97068255.0
3219307,2022-03-30,NIFTYBEES,590103,B,188.0,189.1,187.6,188.84,187.11,199383,37576112.0
3219308,2022-03-31,NIFTYBEES,590103,B,188.81,189.47,188.41,188.86,188.84,65085,12298742.0
3219309,2022-04-01,NIFTYBEES,590103,B,188.86,191.0,188.01,190.45,188.86,183901,34785334.0
3219310,2022-04-04,NIFTYBEES,590103,B,191.5,195.29,191.17,195.15,190.45,297140,57634297.0
3219311,2022-04-05,NIFTYBEES,590103,B,196.19,196.19,194.21,194.48,195.15,165500,32267804.0
3219312,2022-04-06,NIFTYBEES,590103,B,194.06,194.25,192.66,193.02,194.48,87102,16826025.0
3219313,2022-04-07,NIFTYBEES,590103,B,192.5,192.91,191.05,191.28,193.02,461649,88538931.0
3219314,2022-04-08,NIFTYBEES,590103,B,192.04,193.38,190.72,192.71,191.28,471179,90487001.0
3219315,2022-04-11,NIFTYBEES,590103,B,192.5,192.65,190.98,191.61,192.71,351239,67361696.0
3219316,2022-04-12,NIFTYBEES,590103,B,191.0,191.0,189.18,190.33,191.61,284964,54188957.0
3219317,2022-04-13,NIFTYBEES,590103,B,191.59,191.59,189.33,189.49,190.33,92181,17523061.0
3219318,2022-04-18,NIFTYBEES,590103,B,188.5,188.89,185.16,186.22,189.49,395926,73796813.0
3219319,2022-04-19,NIFTYBEES,590103,B,187.46,187.55,182.5,183.84,186.22,202436,37567604.0
3219320,2022-04-20,NIFTYBEES,590103,B,185.0,186.2,184.03,185.72,183.84,703832,130457320.0
3219321,2022-04-21,NIFTYBEES,590103,B,186.51,188.34,186.45,188.1,185.72,57175,10722236.0
3219322,2022-04-22,NIFTYBEES,590103,B,187.15,187.22,185.8,186.07,188.1,81590,15206516.0
3219323,2022-04-25,NIFTYBEES,590103,B,185.09,185.18,183.21,183.88,186.07,191874,35305451.0
3219324,2022-04-26,NIFTYBEES,590103,B,185.54,186.44,184.89,186.03,183.88,397136,73758318.0
3219325,2022-04-27,NIFTYBEES,590103,B,185.43,185.5,183.93,184.7,186.03,105331,19461649.0
3219326,2022-04-28,NIFTYBEES,590103,B,185.15,187.19,185.14,186.43,184.7,50302,9366664.0
3219327,2022-04-29,NIFTYBEES,590103,B,187.15,187.84,184.8,185.28,186.43,546979,102132325.0
3219328,2022-05-02,NIFTYBEES,590103,B,184.16,185.23,183.4,185.12,185.28,129322,23817095.0
3219329,2022-05-04,NIFTYBEES,590103,B,185.35,186.08,180.5,181.04,185.12,417852,76283658.0
3219330,2022-05-05,NIFTYBEES,590103,B,183.0,183.7,180.61,181.01,181.04,157336,28661442.0
3219331,2022-05-06,NIFTYBEES,590103,B,179.67,179.7,177.37,178.0,181.01,1515244,269779620.0
3219332,2022-05-09,NIFTYBEES,590103,B,176.88,177.96,175.2,176.94,178.0,911060,160696033.0
3219333,2022-05-10,NIFTYBEES,590103,B,176.8,177.9,175.8,176.16,176.94,170128,30126036.0
3219334,2022-05-11,NIFTYBEES,590103,B,176.56,177.05,173.57,175.25,176.16,864786,151356778.0
3219335,2022-05-12,NIFTYBEES,590103,B,174.54,174.65,171.01,171.63,175.25,522362,90066339.0
3219336,2022-05-13,NIFTYBEES,590103,B,173.0,174.55,171.0,171.41,171.63,179043,30976007.0
3219337,2022-05-16,NIFTYBEES,590103,B,172.2,173.5,171.29,172.11,171.41,715749,123349639.0
3219338,2022-05-17,NIFTYBEES,590103,B,173.45,176.86,172.5,176.52,172.11,136990,23993817.0
3219339,2022-05-18,NIFTYBEES,590103,B,177.0,177.54,175.76,176.05,176.52,560355,98973726.0
3219340,2022-05-19,NIFTYBEES,590103,B,174.0,174.0,171.51,171.87,176.05,1117437,192727167.0
3219341,2022-05-20,NIFTYBEES,590103,B,172.64,176.1,172.64,175.9,171.87,676731,118486330.0
3219342,2022-05-23,NIFTYBEES,590103,B,176.65,177.49,175.14,175.59,175.9,141683,24996099.0
3219343,2022-05-24,NIFTYBEES,590103,B,176.08,176.2,174.4,175.03,175.59,342620,60041970.0
3219344,2022-05-25,NIFTYBEES,590103,B,176.35,176.35,173.85,174.12,175.03,91836,16062812.0
3219345,2022-05-26,NIFTYBEES,590103,B,174.13,175.82,173.0,175.64,174.12,139979,24432507.0
3219346,2022-05-27,NIFTYBEES,590103,B,176.1,177.23,175.85,177.07,175.64,588433,103994595.0
3219347,2022-05-30,NIFTYBEES,590103,B,178.71,180.7,178.71,180.43,177.07,137440,24751221.0
3219348,2022-05-31,NIFTYBEES,590103,B,180.33,180.95,179.2,179.8,180.43,538259,96925964.0
3219349,2022-06-01,NIFTYBEES,590103,B,179.8,180.72,178.62,179.39,179.8,136036,24432638.0
3219350,2022-06-02,NIFTYBEES,590103,B,179.44,180.91,178.65,180.72,179.39,77000,13855469.0
3219351,2022-06-03,NIFTYBEES,590103,B,182.0,182.5,179.95,180.19,180.72,619291,112284329.0
3219352,2022-06-06,NIFTYBEES,590103,B,180.28,180.5,178.81,180.15,180.19,90138,16205201.0
3219353,2022-06-07,NIFTYBEES,590103,B,179.68,184.95,178.02,178.57,180.15,515724,92094977.0
3219354,2022-06-08,NIFTYBEES,590103,B,178.98,179.81,177.5,178.09,178.57,397722,70992019.0
3219355,2022-06-09,NIFTYBEES,590103,B,177.7,179.48,176.9,179.26,178.09,321973,57339552.0
3219356,2022-06-10,NIFTYBEES,590103,B,178.16,178.16,176.13,176.46,179.26,150272,26594934.0
3219357,2022-06-13,NIFTYBEES,590103,B,175.0,175.5,171.0,171.91,176.46,1858923,319944146.0
3219358,2022-06-14,NIFTYBEES,590103,B,171.5,172.74,170.61,171.36,171.91,684522,117429734.0
3219359,2022-06-15,NIFTYBEES,590103,B,171.36,172.0,170.94,171.08,171.36,402200,68932748.0
3219360,2022-06-16,NIFTYBEES,590103,B,171.81,173.0,167.4,167.65,171.08,489950,82933540.0
3219361,2022-06-17,NIFTYBEES,590103,B,168.0,168.0,165.9,166.85,167.65,1203622,200628742.0
3219362,2022-06-20,NIFTYBEES,590103,B,167.6,167.64,165.68,167.44,166.85,119077,19841016.0
3219363,2022-06-21,NIFTYBEES,590103,B,167.9,170.83,167.82,170.27,167.44,627288,106493228.0
3219364,2022-06-22,NIFTYBEES,590103,B,169.82,169.84,167.76,168.06,170.27,460351,77551158.0
3219365,2022-06-23,NIFTYBEES,590103,B,168.29,170.3,167.65,169.66,168.06,179223,30334959.0
3219366,2022-06-24,NIFTYBEES,590103,B,170.89,171.5,170.12,171.2,169.66,79066,13515535.0
3219367,2022-06-27,NIFTYBEES,590103,B,172.06,173.4,171.9,172.57,171.2,784214,135539769.0
3219368,2022-06-28,NIFTYBEES,590103,B,172.6,172.85,171.21,172.62,172.57,76612,13158032.0
3219369,2022-06-29,NIFTYBEES,590103,B,171.84,172.46,170.97,171.9,172.62,45054,7729459.0
3219370,2022-06-30,NIFTYBEES,590103,B,171.89,172.6,171.1,171.59,171.9,284389,48865799.0
3219371,2022-07-01,NIFTYBEES,590103,B,170.52,171.99,169.1,171.69,171.59,215167,36676653.0
3219372,2022-07-04,NIFTYBEES,590103,B,171.57,172.75,170.95,172.59,171.69,119805,20564740.0
3219373,2022-07-05,NIFTYBEES,590103,B,172.96,174.23,171.9,172.06,172.59,101604,17617777.0
3219374,2022-07-06,NIFTYBEES,590103,B,172.06,174.35,171.96,173.99,172.06,68242,11823253.0
3219375,2022-07-07,NIFTYBEES,590103,B,175.0,175.69,174.62,175.58,173.99,90627,15875024.0
3219376,2022-07-08,NIFTYBEES,590103,B,176.0,176.9,175.58,176.27,175.58,54490,9597105.0
3219377,2022-07-11,NIFTYBEES,590103,B,176.0,176.55,175.2,176.29,176.27,92280,16245177.0
3219378,2022-07-12,NIFTYBEES,590103,B,175.93,175.98,174.8,175.11,176.29,95613,16778850.0
3219379,2022-07-13,NIFTYBEES,590103,B,175.39,175.92,174.0,174.1,175.11,89077,15544166.0
3219380,2022-07-14,NIFTYBEES,590103,B,174.72,175.0,173.04,173.86,174.1,95058,16529551.0
3219381,2022-07-15,NIFTYBEES,590103,B,174.3,175.18,173.8,174.97,173.86,60330,10529381.0
3219382,2022-07-18,NIFTYBEES,590103,B,175.9,178.04,175.76,177.38,174.97,72653,12842686.0
3219383,2022-07-19,NIFTYBEES,590103,B,176.99,177.94,176.55,177.77,177.38,47039,8340863.0
3219384,2022-07-20,NIFTYBEES,590103,B,179.0,180.26,179.0,179.61,177.77,485892,87384184.0
3219385,2022-07-21,NIFTYBEES,590103,B,180.17,181.25,179.09,180.57,179.61,82353,14834134.0
3219386,2022-07-22,NIFTYBEES,590103,B,180.57,182.18,180.57,181.93,180.57,128621,23350054.0
3219387,2022-07-25,NIFTYBEES,590103,B,181.89,181.89,180.41,181.38,181.93,120909,21916312.0
3219388,2022-07-26,NIFTYBEES,590103,B,182.2,182.2,179.7,179.95,181.38,166396,29986764.0
3219389,2022-07-27,NIFTYBEES,590103,B,179.61,181.78,179.35,181.56,179.95,67488,12177650.0
3219390,2022-07-28,NIFTYBEES,590103,B,182.31,184.4,182.31,184.29,181.56,127359,23393847.0
3219391,2022-07-29,NIFTYBEES,590103,B,185.01,186.8,184.86,186.6,184.29,235003,43704803.0
3219392,2022-08-01,NIFTYBEES,590103,B,187.0,188.87,186.69,188.67,186.6,197372,37068631.0
3219393,2022-08-02,NIFTYBEES,590103,B,188.53,189.26,187.3,188.69,188.67,240291,45196845.0
3219394,2022-08-03,NIFTYBEES,590103,B,188.0,189.38,187.54,189.15,188.69,229683,43298469.0
3219395,2022-08-04,NIFTYBEES,590103,B,190.0,190.32,187.1,189.14,189.15,413267,78272625.0
3219396,2022-08-05,NIFTYBEES,590103,B,189.7,190.28,188.93,189.33,189.14,61581,11680392.0
3219397,2022-08-08,NIFTYBEES,590103,B,189.44,191.02,188.93,190.82,189.33,103901,19760233.0
3219398,2022-08-10,NIFTYBEES,590103,B,190.82,195.5,190.0,191.06,190.82,79419,15171604.0
3219399,2022-08-11,NIFTYBEES,590103,B,192.0,192.85,192.0,192.42,191.06,231656,44591835.0
3219400,2022-08-12,NIFTYBEES,590103,B,192.5,193.19,191.7,192.94,192.42,74698,14387358.0
3219401,2022-08-16,NIFTYBEES,590103,B,193.99,194.6,193.26,194.3,192.94,112733,21885491.0
3219402,2022-08-17,NIFTYBEES,590103,B,195.01,195.76,194.1,195.6,194.3,69044,13474662.0
3219403,2022-08-18,NIFTYBEES,590103,B,195.62,195.92,194.7,195.77,195.6,130621,25503081.0
3219404,2022-08-19,NIFTYBEES,590103,B,196.15,196.15,193.15,193.72,195.77,240951,46804238.0
3219405,2022-08-22,NIFTYBEES,590103,B,193.0,193.5,190.75,190.94,193.72,159580,30573904.0
3219406,2022-08-23,NIFTYBEES,590103,B,190.45,192.74,189.0,192.35,190.94,70377,13461420.0
3219407,2022-08-24,NIFTYBEES,590103,B,192.0,192.8,191.17,192.67,192.35,162793,31310967.0
3219408,2022-08-25,NIFTYBEES,590103,B,193.8,193.8,191.21,191.67,192.67,167005,32085064.0
3219409,2022-08-26,NIFTYBEES,590103,B,192.08,193.39,191.42,191.95,191.67,53495,10299125.0
3219410,2022-08-29,NIFTYBEES,590103,B,189.99,190.0,187.65,189.39,191.95,344910,65075714.0
3219411,2022-08-30,NIFTYBEES,590103,B,190.8,194.2,190.08,193.86,189.39,225541,43430504.0
3219412,2022-09-01,NIFTYBEES,590103,B,191.59,193.4,190.9,191.82,193.86,384799,73863756.0
3219413,2022-09-02,NIFTYBEES,590103,B,192.7,192.93,191.0,191.63,191.82,116484,22360615.0
3219414,2022-09-05,NIFTYBEES,590103,B,191.6,193.14,191.16,193.03,191.63,91640,17664807.0
3219415,2022-09-06,NIFTYBEES,590103,B,193.47,193.87,191.94,192.42,193.03,78388,15120278.0
3219416,2022-09-07,NIFTYBEES,590103,B,191.7,192.66,191.0,192.38,192.42,71153,13653355.0
3219417,2022-09-08,NIFTYBEES,590103,B,193.0,194.1,192.92,193.99,192.38,79723,15436619.0
3219418,2022-09-09,NIFTYBEES,590103,B,195.0,195.46,194.19,194.49,193.99,250424,48835542.0
3219419,2022-09-12,NIFTYBEES,590103,B,195.0,196.1,194.96,195.67,194.49,175620,34358619.0
3219420,2022-09-13,NIFTYBEES,590103,B,197.05,197.24,196.2,196.99,195.67,120389,23693767.0
3219421,2022-09-14,NIFTYBEES,590103,B,195.0,197.27,193.5,196.4,196.99,128378,25147704.0
3219422,2022-09-15,NIFTYBEES,590103,B,196.94,197.25,194.95,195.59,196.4,513659,100554178.0
3219423,2022-09-16,NIFTYBEES,590103,B,195.2,195.2,191.5,191.82,195.59,1093865,210883150.0
3219424,2022-09-19,NIFTYBEES,590103,B,192.0,193.17,190.79,192.72,191.82,113951,21872399.0
3219425,2022-09-20,NIFTYBEES,590103,B,193.83,195.51,193.83,194.51,192.72,68220,13296984.0
3219426,2022-09-21,NIFTYBEES,590103,B,194.01,194.74,192.79,193.52,194.51,39964,7741311.0
3219427,2022-09-22,NIFTYBEES,590103,B,192.71,193.83,191.85,192.87,193.52,233492,44954781.0
3219428,2022-09-23,NIFTYBEES,590103,B,192.75,192.75,189.45,189.67,192.87,419516,79920153.0
3219429,2022-09-26,NIFTYBEES,590103,B,189.0,189.48,185.8,186.24,189.67,227973,42626499.0
3219430,2022-09-27,NIFTYBEES,590103,B,187.75,187.85,185.25,186.15,186.24,160054,29836258.0
3219431,2022-09-28,NIFTYBEES,590103,B,185.5,186.25,184.1,184.39,186.15,334323,61820302.0
3219432,2022-09-29,NIFTYBEES,590103,B,185.25,186.27,183.7,184.14,184.39,309860,57297109.0
3219433,2022-09-30,NIFTYBEES,590103,B,184.14,187.7,183.43,186.97,184.14,212306,39340426.0
3219434,2022-10-03,NIFTYBEES,590103,B,186.97,187.58,183.93,184.2,186.97,351271,65102295.0
3219435,2022-10-04,NIFTYBEES,590103,B,187.0,188.49,186.66,188.3,184.2,136241,25577857.0
3219436,2022-10-06,NIFTYBEES,590103,B,189.0,189.86,188.79,189.01,188.3,181340,34352249.0
3219437,2022-10-07,NIFTYBEES,590103,B,188.92,189.3,187.88,189.18,189.01,138563,26135915.0
3219438,2022-10-10,NIFTYBEES,590103,B,189.18,189.18,185.0,188.74,189.18,247372,46485458.0
3219439,2022-10-11,NIFTYBEES,590103,B,188.99,188.99,185.46,185.81,188.74,540646,100699206.0
3219440,2022-10-12,NIFTYBEES,590103,B,186.11,187.39,185.57,187.2,185.81,100493,18736439.0
3219441,2022-10-13,NIFTYBEES,590103,B,187.2,187.2,185.55,186.21,187.2,233782,43515817.0
3219442,2022-10-14,NIFTYBEES,590103,B,188.31,189.62,187.7,188.01,186.21,94367,17808410.0
3219443,2022-10-17,NIFTYBEES,590103,B,188.0,188.96,187.02,188.72,188.01,70928,13354534.0
3219444,2022-10-18,NIFTYBEES,590103,B,189.3,190.98,189.3,190.67,188.72,134505,25643043.0
3219445,2022-10-19,NIFTYBEES,590103,B,191.0,191.9,190.55,190.84,190.67,133868,25610890.0
3219446,2022-10-20,NIFTYBEES,590103,B,190.3,191.7,188.0,191.55,190.84,80133,15287300.0
3219447,2022-10-21,NIFTYBEES,590103,B,191.75,192.55,191.01,191.59,191.55,72563,13932026.0
3219448,2022-10-24,NIFTYBEES,590103,B,192.0,194.08,192.0,193.2,191.59,85098,16454726.0
3219449,2022-10-25,NIFTYBEES,590103,B,193.9,193.9,192.3,192.61,193.2,65981,12733685.0
3219450,2022-10-27,NIFTYBEES,590103,B,193.68,194.06,192.65,193.33,192.61,79777,15428262.0
3219451,2022-10-28,NIFTYBEES,590103,B,194.74,194.74,193.33,193.92,193.33,111296,21598131.0
3219452,2022-10-31,NIFTYBEES,590103,B,194.99,196.55,194.52,196.29,193.92,558389,109486166.0
3219453,2022-11-01,NIFTYBEES,590103,B,196.97,198.26,196.9,197.99,196.29,330820,65429427.0
3219454,2022-11-02,NIFTYBEES,590103,B,197.91,198.63,197.04,197.5,197.99,91686,18105240.0
3219455,2022-11-03,NIFTYBEES,590103,B,196.93,197.8,195.85,197.33,197.5,118871,23445975.0
3219456,2022-11-04,NIFTYBEES,590103,B,197.53,198.0,196.75,197.85,197.33,97567,19241785.0
3219457,2022-11-07,NIFTYBEES,590103,B,195.45,199.06,195.45,198.57,197.85,136542,27060301.0
3219458,2022-11-09,NIFTYBEES,590103,B,199.01,199.67,198.1,198.48,198.57,70878,14094316.0
3219459,2022-11-10,NIFTYBEES,590103,B,198.0,198.34,196.31,196.85,198.48,60015,11815331.0
3219460,2022-11-11,NIFTYBEES,590103,B,199.15,200.3,198.6,200.17,196.85,119180,23825067.0
3219461,2022-11-14,NIFTYBEES,590103,B,200.08,200.88,200.0,200.2,200.17,70830,14189671.0
3219462,2022-11-15,NIFTYBEES,590103,B,200.24,201.11,199.76,200.92,200.2,61125,12240626.0
3219463,2022-11-16,NIFTYBEES,590103,B,200.92,201.34,200.27,200.94,200.92,59038,11857220.0
3219464,2022-11-17,NIFTYBEES,590103,B,200.76,201.0,199.95,200.22,200.94,55884,11210103.0
3219465,2022-11-18,NIFTYBEES,590103,B,200.47,200.78,199.07,199.93,200.22,262873,52456729.0
3219466,2022-11-21,NIFTYBEES,590103,B,199.57,199.57,198.41,198.65,199.93,121892,24214444.0
3219467,2022-11-22,NIFTYBEES,590103,B,198.48,199.44,198.21,199.26,198.65,30178,6005154.0
3219468,2022-11-23,NIFTYBEES,590103,B,199.59,200.0,199.45,199.66,199.26,27562,5503254.0
3219469,2022-11-24,NIFTYBEES,590103,B,199.88,202.24,199.73,201.67,199.66,114186,22978038.0
3219470,2022-11-25,NIFTYBEES,590103,B,201.67,202.68,201.5,202.35,201.67,109094,22054209.0
3219471,2022-11-28,NIFTYBEES,590103,B,202.25,203.5,201.77,203.01,202.35,81517,16549835.0
3219472,2022-11-29,NIFTYBEES,590103,B,203.01,204.23,202.98,203.45,203.01,72095,14683003.0
3219473,2022-11-30,NIFTYBEES,590103,B,203.0,205.21,203.0,204.77,203.45,50501,10306392.0
3219474,2022-12-01,NIFTYBEES,590103,B,205.9,206.16,205.11,205.47,204.77,98628,20292196.0
3219475,2022-12-02,NIFTYBEES,590103,B,205.95,205.95,203.86,204.83,205.47,146010,29874643.0
3219476,2022-12-05,NIFTYBEES,590103,B,205.9,205.9,203.68,204.47,204.83,88849,18144511.0
3219477,2022-12-06,NIFTYBEES,590103,B,204.35,204.38,203.44,204.12,204.47,47695,9725057.0
3219478,2022-12-07,NIFTYBEES,590103,B,204.07,204.39,202.52,202.83,204.12,42272,8604397.0
3219479,2022-12-08,NIFTYBEES,590103,B,203.56,203.78,202.61,203.64,202.83,38085,7737489.0
3219480,2022-12-09,NIFTYBEES,590103,B,204.0,204.19,201.58,202.42,203.64,82611,16746822.0
3219481,2022-12-12,NIFTYBEES,590103,B,202.53,202.84,200.93,202.38,202.42,51592,10430475.0
3219482,2022-12-13,NIFTYBEES,590103,B,202.97,203.97,202.36,203.86,202.38,29306,5954891.0
3219483,2022-12-14,NIFTYBEES,590103,B,204.21,204.76,204.06,204.29,203.86,34598,7070757.0
3219484,2022-12-15,NIFTYBEES,590103,B,203.72,204.14,200.05,201.4,204.29,213003,42971925.0
3219485,2022-12-16,NIFTYBEES,590103,B,201.15,201.66,199.81,200.12,201.4,104242,20915199.0
3219486,2022-12-19,NIFTYBEES,590103,B,200.5,201.83,199.86,201.71,200.12,45167,9068869.0
3219487,2022-12-20,NIFTYBEES,590103,B,201.36,201.5,199.25,201.21,201.71,100390,20066351.0
3219488,2022-12-21,NIFTYBEES,590103,B,202.41,202.41,199.0,199.39,201.21,102886,20608055.0
3219489,2022-12-22,NIFTYBEES,590103,B,200.49,200.55,197.92,198.54,199.39,126322,25095533.0
3219490,2022-12-23,NIFTYBEES,590103,B,197.66,197.9,194.9,195.22,198.54,197678,38786186.0
3219491,2022-12-26,NIFTYBEES,590103,B,195.22,197.8,194.93,197.27,195.22,137407,27008301.0
3219492,2022-12-27,NIFTYBEES,590103,B,198.16,198.69,196.7,198.13,197.27,120231,23779065.0
3219493,2022-12-28,NIFTYBEES,590103,B,197.81,198.49,197.35,198.04,198.13,58873,11652692.0
3219494,2022-12-29,NIFTYBEES,590103,B,197.4,199.0,196.66,198.74,198.04,131656,26006806.0
3219495,2022-12-30,NIFTYBEES,590103,B,199.92,200.16,197.7,197.99,198.74,84149,16732346.0
3219496,2023-01-02,NIFTYBEES,590103,B,197.88,199.47,197.75,199.22,197.99,86702,17238238.0
3219497,2023-01-03,NIFTYBEES,590103,B,198.7,199.87,198.32,199.56,199.22,97801,19515776.0
3219498,2023-01-04,NIFTYBEES,590103,B,199.29,199.88,195.05,197.65,199.56,84971,16851246.0
3219499,2023-01-05,NIFTYBEES,590103,B,198.0,198.48,196.01,197.03,197.65,88716,17481007.0
3219500,2023-01-06,NIFTYBEES,590103,B,197.31,197.66,194.96,195.7,197.03,112081,21957997.0
3219501,2023-01-09,NIFTYBEES,590103,B,196.69,198.69,196.38,198.17,195.7,61510,12155089.0
3219502,2023-01-10,NIFTYBEES,590103,B,198.3,198.3,195.61,196.15,198.17,73332,14406807.0
3219503,2023-01-11,NIFTYBEES,590103,B,196.5,196.98,195.25,195.98,196.15,45594,8938979.0
3219504,2023-01-12,NIFTYBEES,590103,B,196.26,196.55,194.55,195.64,195.98,109989,21470002.0
3219505,2023-01-13,NIFTYBEES,590103,B,195.81,197.19,194.72,196.55,195.64,91648,17950675.0
3219506,2023-01-16,NIFTYBEES,590103,B,197.5,197.5,195.54,195.99,196.55,109787,21558556.0
3219507,2023-01-17,NIFTYBEES,590103,B,196.12,197.8,195.85,197.51,195.99,471924,93088377.0
3219508,2023-01-18,NIFTYBEES,590103,B,197.51,198.97,197.15,198.65,197.51,233222,46220814.0
3219509,2023-01-19,NIFTYBEES,590103,B,198.45,198.79,197.67,198.34,198.65,106650,21112620.0
3219510,2023-01-20,NIFTYBEES,590103,B,198.34,198.45,197.26,197.46,198.34,113757,22519361.0
3219511,2023-01-23,NIFTYBEES,590103,B,197.61,199.03,197.61,198.45,197.46,67411,13375982.0
3219512,2023-01-24,NIFTYBEES,590103,B,198.92,199.36,198.04,198.18,198.45,71051,14098232.0
3219513,2023-01-25,NIFTYBEES,590103,B,197.7,198.59,195.62,196.16,198.18,158617,31202959.0
3219514,2023-01-27,NIFTYBEES,590103,B,196.78,196.78,191.64,192.84,196.16,394617,76385846.0
3219515,2023-01-30,NIFTYBEES,590103,B,191.85,194.2,187.21,193.26,192.84,299992,57666685.0
3219516,2023-01-31,NIFTYBEES,590103,B,193.5,194.08,192.14,193.68,193.26,112444,21705798.0
3219517,2023-02-01,NIFTYBEES,590103,B,194.91,196.62,190.58,193.13,193.68,502812,97311673.0
3219518,2023-02-02,NIFTYBEES,590103,B,193.28,193.35,191.42,192.92,193.13,205483,39552908.0
3219519,2023-02-03,NIFTYBEES,590103,B,193.15,195.34,192.62,195.2,192.92,130033,25219420.0
3219520,2023-02-06,NIFTYBEES,590103,B,195.2,195.41,193.91,194.47,195.2,147857,28751299.0
3219521,2023-02-07,NIFTYBEES,590103,B,194.47,195.0,193.3,194.17,194.47,101493,19723541.0
3219522,2023-02-08,NIFTYBEES,590103,B,194.31,195.78,194.26,195.44,194.17,112579,21979246.0
3219523,2023-02-09,NIFTYBEES,590103,B,194.57,196.07,194.57,195.9,195.44,68985,13493264.0
3219524,2023-02-10,NIFTYBEES,590103,B,195.51,195.86,194.72,195.45,195.9,101100,19743972.0
3219525,2023-02-13,NIFTYBEES,590103,B,195.45,195.62,194.0,194.56,195.45,94322,18359065.0
3219526,2023-02-14,NIFTYBEES,590103,B,195.38,196.23,194.8,196.0,194.56,74252,14535729.0
3219527,2023-02-15,NIFTYBEES,590103,B,195.53,197.3,195.46,197.09,196.0,69144,13581224.0
3219528,2023-02-16,NIFTYBEES,590103,B,197.4,198.39,197.05,197.34,197.09,143835,28446475.0
3219529,2023-02-17,NIFTYBEES,590103,B,197.2,197.2,195.75,196.3,197.34,96702,18983017.0
3219530,2023-02-20,NIFTYBEES,590103,B,196.27,197.1,192.9,195.58,196.3,97900,19202751.0
3219531,2023-02-21,NIFTYBEES,590103,B,196.03,196.31,195.04,195.23,195.58,47708,9329160.0
3219532,2023-02-22,NIFTYBEES,590103,B,195.1,195.1,192.2,192.43,195.23,271607,52467380.0
3219533,2023-02-23,NIFTYBEES,590103,B,193.13,193.13,190.63,192.08,192.43,150477,28935800.0
3219534,2023-02-24,NIFTYBEES,590103,B,192.9,193.04,191.07,191.45,192.08,237421,45550285.0
3219535,2023-02-27,NIFTYBEES,590103,B,191.64,192.45,189.7,190.61,191.45,191246,36373847.0
3219536,2023-02-28,NIFTYBEES,590103,B,190.5,191.2,189.2,189.71,190.61,112247,21333443.0
3219537,2023-03-01,NIFTYBEES,590103,B,190.75,191.52,190.2,191.28,189.71,66994,12793942.0
3219538,2023-03-02,NIFTYBEES,590103,B,191.49,191.49,189.8,189.93,191.28,99671,18961520.0
3219539,2023-03-03,NIFTYBEES,590103,B,191.0,192.97,190.75,192.57,189.93,114489,21988606.0
3219540,2023-03-06,NIFTYBEES,590103,B,193.47,194.4,193.27,193.63,192.57,110258,21389716.0
3219541,2023-03-08,NIFTYBEES,590103,B,193.6,194.17,192.26,193.95,193.63,66140,12767799.0
3219542,2023-03-09,NIFTYBEES,590103,B,194.64,194.64,192.37,192.64,193.95,53577,10353211.0
3219543,2023-03-10,NIFTYBEES,590103,B,191.5,191.5,189.96,190.64,192.64,172554,32900710.0
3219544,2023-03-13,NIFTYBEES,590103,B,192.0,192.0,187.66,188.13,190.64,254097,48072531.0
3219545,2023-03-14,NIFTYBEES,590103,B,189.0,189.0,186.3,186.94,188.13,215117,40295470.0
3219546,2023-03-15,NIFTYBEES,590103,B,188.0,188.61,185.72,186.26,186.94,149583,27990708.0
3219547,2023-03-16,NIFTYBEES,590103,B,186.49,186.93,184.8,186.24,186.26,213891,39764318.0
3219548,2023-03-17,NIFTYBEES,590103,B,187.31,187.84,186.0,187.44,186.24,167687,31325713.0
3219549,2023-03-20,NIFTYBEES,590103,B,187.69,187.75,184.55,185.98,187.44,270670,50208276.0
3219550,2023-03-21,NIFTYBEES,590103,B,186.5,187.7,186.3,187.48,185.98,111075,20770923.0
3219551,2023-03-22,NIFTYBEES,590103,B,188.34,188.58,187.44,187.91,187.48,139782,26247457.0
3219552,2023-03-23,NIFTYBEES,590103,B,187.77,188.2,186.24,186.84,187.91,198043,37033401.0
3219553,2023-03-24,NIFTYBEES,590103,B,187.45,187.5,185.35,185.73,186.84,111251,20737732.0
3219554,2023-03-27,NIFTYBEES,590103,B,186.3,187.19,185.52,186.01,185.73,83673,15586722.0
3219555,2023-03-28,NIFTYBEES,590103,B,186.8,187.08,185.3,185.73,186.01,94677,17598231.0
3219556,2023-03-29,NIFTYBEES,590103,B,185.8,187.49,185.63,187.17,185.73,114520,21351367.0
3219557,2023-03-31,NIFTYBEES,590103,B,188.0,190.0,188.0,189.86,187.17,192213,36335553.0
3219558,2023-04-03,NIFTYBEES,590103,B,190.95,191.1,189.56,190.62,189.86,164476,31266218.0
3219559,2023-04-05,NIFTYBEES,590103,B,191.09,192.43,190.48,192.24,190.62,171519,32833260.0
3219560,2023-04-06,NIFTYBEES,590103,B,192.72,193.28,191.64,192.89,192.24,174680,33662338.0
3219561,2023-04-10,NIFTYBEES,590103,B,193.05,193.6,192.5,192.66,192.89,147652,28510657.0
3219562,2023-04-11,NIFTYBEES,590103,B,193.2,193.89,193.07,193.73,192.66,42592,8244953.0
3219563,2023-04-12,NIFTYBEES,590103,B,194.03,194.82,193.58,194.65,193.73,78179,15185935.0
3219564,2023-04-13,NIFTYBEES,590103,B,195.0,195.1,193.81,194.78,194.65,110978,21576496.0
3219565,2023-04-17,NIFTYBEES,590103,B,195.1,196.37,192.42,193.9,194.78,153102,29618173.0
3219566,2023-04-18,NIFTYBEES,590103,B,194.16,194.28,192.91,193.29,193.9,75086,14522630.0
3219567,2023-04-19,NIFTYBEES,590103,B,193.5,193.5,192.65,192.9,193.29,71847,13859936.0
3219568,2023-04-20,NIFTYBEES,590103,B,192.9,193.59,192.54,193.0,192.9,38042,7340933.0
3219569,2023-04-21,NIFTYBEES,590103,B,193.47,193.47,192.41,192.84,193.0,94355,18188525.0
3219570,2023-04-24,NIFTYBEES,590103,B,193.67,194.09,192.8,193.95,192.84,70911,13708081.0
3219571,2023-04-25,NIFTYBEES,590103,B,193.99,194.55,193.64,194.06,193.95,42854,8318829.0
3219572,2023-04-26,NIFTYBEES,590103,B,194.0,194.83,193.46,194.63,194.06,109022,21183395.0
3219573,2023-04-27,NIFTYBEES,590103,B,194.75,196.0,194.51,195.87,194.63,111906,21836780.0
3219574,2023-04-28,NIFTYBEES,590103,B,195.87,197.75,195.74,197.31,195.87,131961,25942838.0
3219575,2023-05-02,NIFTYBEES,590103,B,197.31,198.69,197.31,198.35,197.31,281209,55789809.0
3219576,2023-05-03,NIFTYBEES,590103,B,198.14,198.35,197.25,197.71,198.35,66112,13067743.0
3219577,2023-05-04,NIFTYBEES,590103,B,197.71,199.65,197.39,199.48,197.71,75559,15019331.0
3219578,2023-05-05,NIFTYBEES,590103,B,198.24,199.21,197.55,197.78,199.48,96958,19236713.0
3219579,2023-05-08,NIFTYBEES,590103,B,197.82,199.98,197.82,199.74,197.78,327611,65404447.0
3219580,2023-05-09,NIFTYBEES,590103,B,199.9,200.5,199.21,199.69,199.74,116731,23357569.0
3219581,2023-05-10,NIFTYBEES,590103,B,199.97,200.34,199.05,199.9,199.69,77976,15580596.0
3219582,2023-05-11,NIFTYBEES,590103,B,200.34,200.65,200.0,200.33,199.9,81197,16264667.0
3219583,2023-05-12,NIFTYBEES,590103,B,200.49,200.5,199.07,200.24,200.33,176017,35172225.0
3219584,2023-05-15,NIFTYBEES,590103,B,200.16,201.8,199.94,201.31,200.24,125003,25142905.0
3219585,2023-05-16,NIFTYBEES,590103,B,202.0,202.0,200.3,200.55,201.31,116195,23376691.0
3219586,2023-05-17,NIFTYBEES,590103,B,200.59,200.59,198.96,199.79,200.55,124166,24778879.0
3219587,2023-05-18,NIFTYBEES,590103,B,200.01,200.5,198.75,199.08,199.79,152391,30426637.0
3219588,2023-05-19,NIFTYBEES,590103,B,199.91,199.99,198.17,199.82,199.08,161384,32146302.0
3219589,2023-05-22,NIFTYBEES,590103,B,200.33,200.85,199.28,200.58,199.82,150438,30159465.0
3219590,2023-05-23,NIFTYBEES,590103,B,200.89,201.71,200.77,201.11,200.58,124720,25123170.0
3219591,2023-05-24,NIFTYBEES,590103,B,200.95,201.41,200.0,200.32,201.11,69280,13905689.0
3219592,2023-05-25,NIFTYBEES,590103,B,200.45,200.99,199.5,200.74,200.32,79385,15893665.0
3219593,2023-05-26,NIFTYBEES,590103,B,200.9,203.24,200.75,202.8,200.74,193690,39146969.0
3219594,2023-05-29,NIFTYBEES,590103,B,204.45,205.39,203.61,204.12,202.8,180492,36878894.0
3219595,2023-05-30,NIFTYBEES,590103,B,204.17,204.71,203.78,204.38,204.12,108896,22241507.0
3219596,2023-05-31,NIFTYBEES,590103,B,204.35,204.35,203.0,203.67,204.38,125360,25526898.0
3219597,2023-06-01,NIFTYBEES,590103,B,204.45,204.45,202.6,203.07,203.67,142301,28938806.0
3219598,2023-06-02,NIFTYBEES,590103,B,203.59,204.09,203.29,203.75,203.07,58384,11893972.0
3219599,2023-06-05,NIFTYBEES,590103,B,205.13,205.13,204.17,204.34,203.75,101177,20697695.0
3219600,2023-06-06,NIFTYBEES,590103,B,204.34,204.45,203.5,204.09,204.34,73323,14951832.0
3219601,2023-06-07,NIFTYBEES,590103,B,202.47,205.54,202.47,205.41,204.09,123253,25264847.0
3219602,2023-06-08,NIFTYBEES,590103,B,205.24,205.98,204.24,204.5,205.41,150423,30867920.0
3219603,2023-06-09,NIFTYBEES,590103,B,205.03,205.03,203.76,203.92,204.5,62359,12731551.0
3219604,2023-06-12,NIFTYBEES,590103,B,204.23,205.0,203.81,204.46,203.92,74741,15267303.0
3219605,2023-06-13,NIFTYBEES,590103,B,204.6,205.59,204.6,205.52,204.46,95133,19532649.0
3219606,2023-06-14,NIFTYBEES,590103,B,205.52,206.0,205.2,205.83,205.52,103319,21259061.0
3219607,2023-06-15,NIFTYBEES,590103,B,205.83,206.3,205.05,205.26,205.83,159295,32745623.0
3219608,2023-06-16,NIFTYBEES,590103,B,206.2,207.1,205.4,206.65,205.26,141609,29230268.0
3219609,2023-06-19,NIFTYBEES,590103,B,206.81,207.22,205.52,205.96,206.65,77773,16041026.0
3219610,2023-06-20,NIFTYBEES,590103,B,205.67,206.81,204.9,206.63,205.96,81395,16726289.0
3219611,2023-06-21,NIFTYBEES,590103,B,206.53,207.19,206.31,206.95,206.63,129057,26698402.0
3219612,2023-06-22,NIFTYBEES,590103,B,206.94,207.26,206.1,206.27,206.95,80994,16733390.0
3219613,2023-06-23,NIFTYBEES,590103,B,206.27,206.27,204.75,205.05,206.27,129015,26481725.0
3219614,2023-06-26,NIFTYBEES,590103,B,205.45,205.65,204.77,205.17,205.05,50349,10323278.0
3219615,2023-06-27,NIFTYBEES,590103,B,205.76,206.66,205.26,206.55,205.17,59363,12228128.0
3219616,2023-06-28,NIFTYBEES,590103,B,207.05,208.68,206.55,208.12,206.55,235050,48881221.0
3219617,2023-06-30,NIFTYBEES,590103,B,208.9,210.86,208.41,210.66,208.12,224857,47190454.0
3219618,2023-07-03,NIFTYBEES,590103,B,211.67,212.59,210.77,212.29,210.66,387220,82034262.0
3219619,2023-07-04,NIFTYBEES,590103,B,212.79,213.25,211.96,213.13,212.29,238024,50565630.0
3219620,2023-07-05,NIFTYBEES,590103,B,212.82,213.24,212.26,212.98,213.13,49723,10584356.0
3219621,2023-07-06,NIFTYBEES,590103,B,212.53,214.15,212.53,213.85,212.98,196737,42034833.0
3219622,2023-07-07,NIFTYBEES,590103,B,213.85,214.27,212.41,212.7,213.85,185161,39437281.0
3219623,2023-07-10,NIFTYBEES,590103,B,213.66,214.0,212.08,212.26,212.7,115179,24507432.0
3219624,2023-07-11,NIFTYBEES,590103,B,212.86,214.2,212.86,213.34,212.26,89843,19201081.0
3219625,2023-07-12,NIFTYBEES,590103,B,214.18,214.34,213.02,213.27,213.34,83194,17753789.0
3219626,2023-07-13,NIFTYBEES,590103,B,214.24,214.85,213.25,213.43,213.27,139469,29847734.0
3219627,2023-07-14,NIFTYBEES,590103,B,214.5,215.25,213.72,214.9,213.43,46418,9945611.0
3219628,2023-07-17,NIFTYBEES,590103,B,215.66,216.79,214.75,216.51,214.9,79030,17051048.0
3219629,2023-07-18,NIFTYBEES,590103,B,216.85,217.7,216.41,216.97,216.51,107447,23322568.0
3219630,2023-07-19,NIFTYBEES,590103,B,216.99,218.1,216.69,217.82,216.97,100304,21802787.0
3219631,2023-07-20,NIFTYBEES,590103,B,218.35,219.74,217.24,219.48,217.82,64639,14125979.0
3219632,2023-07-21,NIFTYBEES,590103,B,217.45,219.25,217.0,217.61,219.48,184295,40143668.0
3219633,2023-07-24,NIFTYBEES,590103,B,217.81,218.11,216.59,216.78,217.61,125371,27246952.0
3219634,2023-07-25,NIFTYBEES,590103,B,217.39,217.48,216.02,216.69,216.78,50088,10852570.0
3219635,2023-07-26,NIFTYBEES,590103,B,216.94,218.35,216.6,217.85,216.69,80104,17447634.0
3219636,2023-07-27,NIFTYBEES,590103,B,218.7,218.7,216.01,216.68,217.85,93156,20232517.0
3219637,2023-07-28,NIFTYBEES,590103,B,216.95,216.95,215.47,216.33,216.68,76006,16422437.0
3219638,2023-07-31,NIFTYBEES,590103,B,216.24,217.87,216.0,217.52,216.33,55150,11972373.0
3219639,2023-08-01,NIFTYBEES,590103,B,218.1,218.5,217.0,217.3,217.52,87368,18989997.0
3219640,2023-08-02,NIFTYBEES,590103,B,216.39,217.35,214.09,215.11,217.3,646798,139206314.0
3219641,2023-08-03,NIFTYBEES,590103,B,215.16,215.24,212.72,213.59,215.11,590549,126245793.0
3219642,2023-08-04,NIFTYBEES,590103,B,214.71,215.19,213.98,214.91,213.59,306941,65887359.0
3219643,2023-08-07,NIFTYBEES,590103,B,215.9,216.23,215.02,216.02,214.91,100439,21656686.0
3219644,2023-08-08,NIFTYBEES,590103,B,216.25,216.47,215.27,215.72,216.02,207947,44868347.0
3219645,2023-08-09,NIFTYBEES,590103,B,216.26,216.67,214.77,216.52,215.72,102500,22097820.0
3219646,2023-08-10,NIFTYBEES,590103,B,216.84,216.84,215.01,215.3,216.52,567833,122385612.0
3219647,2023-08-11,NIFTYBEES,590103,B,215.31,215.6,214.19,214.44,215.3,101177,21715027.0
3219648,2023-08-14,NIFTYBEES,590103,B,214.58,214.84,212.6,214.41,214.44,463679,98981746.0
3219649,2023-08-16,NIFTYBEES,590103,B,214.3,214.75,213.22,214.6,214.41,71041,15212805.0
3219650,2023-08-17,NIFTYBEES,590103,B,214.95,214.95,212.0,213.65,214.6,348126,74422676.0
3219651,2023-08-18,NIFTYBEES,590103,B,213.58,213.71,212.55,212.91,213.65,92141,19614518.0
3219652,2023-08-21,NIFTYBEES,590103,B,212.62,214.07,211.39,213.59,212.91,88699,18932231.0
3219653,2023-08-22,NIFTYBEES,590103,B,213.0,214.08,212.93,213.31,213.59,241712,51608551.0
3219654,2023-08-23,NIFTYBEES,590103,B,213.27,214.61,213.02,214.28,213.31,66864,14294862.0
3219655,2023-08-24,NIFTYBEES,590103,B,214.94,215.84,213.31,213.89,214.28,123063,26383875.0
3219656,2023-08-25,NIFTYBEES,590103,B,213.1,213.5,212.05,212.73,213.89,401034,85313737.0
3219657,2023-08-28,NIFTYBEES,590103,B,200.0,213.67,200.0,212.95,212.73,80762,17204736.0
3219658,2023-08-29,NIFTYBEES,590103,B,213.8,213.8,212.79,213.07,212.95,196650,41903160.0
3219659,2023-08-30,NIFTYBEES,590103,B,213.63,214.25,213.19,213.48,213.07,53218,11376656.0
3219660,2023-08-31,NIFTYBEES,590103,B,213.68,214.0,212.5,212.7,213.48,63723,13576833.0
3219661,2023-09-01,NIFTYBEES,590103,B,212.95,214.47,212.12,214.18,212.7,54225,11580409.0
3219662,2023-09-04,NIFTYBEES,590103,B,214.81,215.73,214.52,215.56,214.18,55062,11843795.0
3219663,2023-09-05,NIFTYBEES,590103,B,215.63,216.18,215.5,215.96,215.56,76274,16462424.0
3219664,2023-09-06,NIFTYBEES,590103,B,216.4,216.4,215.04,216.23,215.96,398246,85938124.0
3219665,2023-09-07,NIFTYBEES,590103,B,216.38,217.47,215.5,217.31,216.23,483040,104662655.0
3219666,2023-09-08,NIFTYBEES,590103,B,217.31,218.75,217.3,218.38,217.31,528791,115306692.0
3219667,2023-09-11,NIFTYBEES,590103,B,218.55,220.45,218.38,220.33,218.38,96099,21108863.0
3219668,2023-09-12,NIFTYBEES,590103,B,230.0,230.0,219.38,220.31,220.33,100782,22221744.0
3219669,2023-09-13,NIFTYBEES,590103,B,219.89,221.69,219.45,221.37,220.31,507110,111982297.0
3219670,2023-09-14,NIFTYBEES,590103,B,221.4,222.39,220.9,221.51,221.37,286678,63510620.0
3219671,2023-09-15,NIFTYBEES,590103,B,215.0,222.8,215.0,222.43,221.51,85887,19101011.0
3219672,2023-09-18,NIFTYBEES,590103,B,222.4,222.56,221.59,221.87,222.43,132997,29552776.0
3219673,2023-09-20,NIFTYBEES,590103,B,221.59,221.59,219.23,219.6,221.87,167258,36777161.0
3219674,2023-09-21,NIFTYBEES,590103,B,218.0,219.6,217.22,217.51,219.6,588214,128098635.0
3219675,2023-09-22,NIFTYBEES,590103,B,219.78,219.78,216.7,216.84,217.51,117574,25549408.0
3219676,2023-09-25,NIFTYBEES,590103,B,216.84,217.45,216.0,216.87,216.84,388647,84198816.0
3219677,2023-09-26,NIFTYBEES,590103,B,216.87,217.2,216.45,216.63,216.87,201358,43650571.0
3219678,2023-09-27,NIFTYBEES,590103,B,216.63,217.7,215.49,217.6,216.63,340628,73724929.0
3219679,2023-09-28,NIFTYBEES,590103,B,218.17,218.25,215.4,215.71,217.6,544391,117716714.0
3219680,2023-09-29,NIFTYBEES,590103,B,216.0,217.46,215.97,216.76,215.71,66277,14364088.0
3219681,2023-10-03,NIFTYBEES,590103,B,216.85,217.1,215.05,215.56,216.76,438980,94620721.0
3219682,2023-10-04,NIFTYBEES,590103,B,214.94,214.94,213.49,214.36,215.56,245309,52508827.0
3219683,2023-10-05,NIFTYBEES,590103,B,215.4,215.95,215.05,215.44,214.36,86822,18709064.0
3219684,2023-10-06,NIFTYBEES,590103,B,216.37,217.14,215.7,216.64,215.44,97029,21002492.0
3219685,2023-10-09,NIFTYBEES,590103,B,216.4,216.4,213.65,215.41,216.64,415650,89583642.0
3219686,2023-10-10,NIFTYBEES,590103,B,216.99,217.45,215.6,217.06,215.41,69179,14995935.0
3219687,2023-10-11,NIFTYBEES,590103,B,217.06,218.95,217.06,218.78,217.06,83076,18155419.0
3219688,2023-10-12,NIFTYBEES,590103,B,219.0,219.11,218.2,218.51,218.78,391113,85486373.0
3219689,2023-10-13,NIFTYBEES,590103,B,217.42,218.7,216.87,218.01,218.51,87390,19033844.0
3219690,2023-10-16,NIFTYBEES,590103,B,217.66,218.42,217.15,217.89,218.01,60021,13085884.0
3219691,2023-10-17,NIFTYBEES,590103,B,219.0,219.09,218.28,218.61,217.89,39798,8702307.0
3219692,2023-10-18,NIFTYBEES,590103,B,218.7,219.0,217.02,217.19,218.61,247796,53972112.0
3219693,2023-10-19,NIFTYBEES,590103,B,256.3,256.3,215.55,216.71,217.19,106342,23012811.0
3219694,2023-10-20,NIFTYBEES,590103,B,216.0,216.43,215.04,215.25,216.71,298067,64327840.0
3219695,2023-10-23,NIFTYBEES,590103,B,221.57,221.57,212.0,213.06,215.25,222141,47557524.0
3219696,2023-10-25,NIFTYBEES,590103,B,214.1,214.67,210.83,211.45,213.06,283092,60156492.0
3219697,2023-10-26,NIFTYBEES,590103,B,211.82,211.99,208.37,208.75,211.45,406605,84994903.0
3219698,2023-10-27,NIFTYBEES,590103,B,212.31,212.31,209.43,210.58,208.75,758013,159392749.0
3219699,2023-10-30,NIFTYBEES,590103,B,210.58,211.95,209.4,211.54,210.58,556534,117249149.0
3219700,2023-10-31,NIFTYBEES,590103,B,210.96,212.4,209.89,210.89,211.54,414386,87511501.0
3219701,2023-11-01,NIFTYBEES,590103,B,211.4,211.55,209.8,209.98,210.89,97580,20524453.0
3219702,2023-11-02,NIFTYBEES,590103,B,210.2,211.98,210.2,211.69,209.98,43611,9226315.0
3219703,2023-11-03,NIFTYBEES,590103,B,212.12,213.07,212.0,212.65,211.69,282111,60037347.0
3219704,2023-11-06,NIFTYBEES,590103,B,213.7,214.73,213.27,214.58,212.65,51095,10936325.0
3219705,2023-11-07,NIFTYBEES,590103,B,215.0,215.0,213.78,214.39,214.58,309597,66331504.0
3219706,2023-11-08,NIFTYBEES,590103,B,215.27,215.27,214.5,214.94,214.39,133077,28588853.0
3219707,2023-11-09,NIFTYBEES,590103,B,216.14,216.14,214.1,214.29,214.94,210830,45227523.0
3219708,2023-11-10,NIFTYBEES,590103,B,214.29,214.61,213.3,214.24,214.29,27318,5842631.0
3219709,2023-11-12,NIFTYBEES,590103,B,215.82,216.75,214.65,215.12,214.24,379741,81706469.0
3219710,2023-11-13,NIFTYBEES,590103,B,215.47,215.48,214.32,214.57,215.12,53678,11515906.0
3219711,2023-11-15,NIFTYBEES,590103,B,214.65,217.11,214.65,217.0,214.57,777034,168287863.0
3219712,2023-11-16,NIFTYBEES,590103,B,217.0,219.2,216.48,218.22,217.0,838661,182901811.0
3219713,2023-11-17,NIFTYBEES,590103,B,217.95,218.6,217.05,217.91,218.22,332847,72585784.0
3219714,2023-11-20,NIFTYBEES,590103,B,218.0,218.27,217.06,217.3,217.91,65018,14149308.0
3219715,2023-11-21,NIFTYBEES,590103,B,217.85,218.85,217.82,218.38,217.3,131833,28804442.0
3219716,2023-11-22,NIFTYBEES,590103,B,218.26,218.79,217.47,218.58,218.38,55009,12006016.0
3219717,2023-11-23,NIFTYBEES,590103,B,218.75,219.16,218.0,218.55,218.58,274056,59946024.0
3219718,2023-11-24,NIFTYBEES,590103,B,218.6,218.88,218.3,218.5,218.55,125476,27398994.0
3219719,2023-11-28,NIFTYBEES,590103,B,218.5,219.83,218.5,219.55,218.5,523898,114743066.0
3219720,2023-11-29,NIFTYBEES,590103,B,220.5,221.89,219.86,221.7,219.55,80750,17834094.0
3219721,2023-11-30,NIFTYBEES,590103,B,222.0,222.35,221.0,221.99,221.7,828622,183658610.0
3219722,2023-12-01,NIFTYBEES,590103,B,222.46,223.93,222.2,223.67,221.99,88189,19698898.0
3219723,2023-12-04,NIFTYBEES,590103,B,223.79,228.5,223.79,228.4,223.67,324468,73909478.0
3219724,2023-12-05,NIFTYBEES,590103,B,228.65,230.2,228.4,230.0,228.4,990748,227278942.0
3219725,2023-12-06,NIFTYBEES,590103,B,231.3,231.3,230.43,230.94,230.0,128835,29743059.0
3219726,2023-12-07,NIFTYBEES,590103,B,230.94,231.47,229.84,230.76,230.94,565790,130486090.0
3219727,2023-12-08,NIFTYBEES,590103,B,230.76,231.89,230.31,231.18,230.76,129066,29837476.0
3219728,2023-12-11,NIFTYBEES,590103,B,231.3,232.05,231.18,231.65,231.18,131685,30509098.0
3219729,2023-12-12,NIFTYBEES,590103,B,232.03,232.2,230.43,230.94,231.65,85300,19736908.0
3219730,2023-12-13,NIFTYBEES,590103,B,230.69,231.51,229.55,231.16,230.94,104239,24007817.0
3219731,2023-12-14,NIFTYBEES,590103,B,231.16,234.4,231.16,233.87,231.16,618388,144418007.0
3219732,2023-12-15,NIFTYBEES,590103,B,234.31,237.04,234.31,236.78,233.87,151716,35674594.0
3219733,2023-12-18,NIFTYBEES,590103,B,236.77,236.9,235.62,236.42,236.78,726772,171814075.0
3219734,2023-12-19,NIFTYBEES,590103,B,236.7,237.45,235.35,236.76,236.42,100605,23803147.0
3219735,2023-12-20,NIFTYBEES,590103,B,238.1,238.18,232.97,233.25,236.76,995288,234658185.0
3219736,2023-12-21,NIFTYBEES,590103,B,232.63,234.89,231.58,234.58,233.25,635822,148309809.0
3219737,2023-12-22,NIFTYBEES,590103,B,234.83,236.35,234.32,235.55,234.58,432664,102100987.0
3219738,2023-12-26,NIFTYBEES,590103,B,235.55,237.2,235.37,236.83,235.55,434668,102781037.0
3219739,2023-12-27,NIFTYBEES,590103,B,236.93,239.55,236.93,239.03,236.83,149956,35707201.0
3219740,2023-12-28,NIFTYBEES,590103,B,239.03,240.35,239.03,240.17,239.03,714458,171375745.0
3219741,2023-12-29,NIFTYBEES,590103,B,238.72,240.25,238.72,239.86,240.17,530862,127309442.0
3219742,2024-01-01,NIFTYBEES,590103,B,239.86,241.1,235.0,240.06,239.86,614460,146988409.0
3219743,2024-01-02,NIFTYBEES,590103,B,240.25,240.95,237.91,239.17,240.06,154869,37021550.0
3219744,2024-01-03,NIFTYBEES,590103,B,239.17,239.6,237.5,237.73,239.17,153292,36508217.0
3219745,2024-01-04,NIFTYBEES,590103,B,237.69,239.5,237.69,239.27,237.73,99163,23699675.0
3219746,2024-01-05,NIFTYBEES,590103,B,239.88,239.99,238.6,239.76,239.27,166483,39835778.0
3219747,2024-01-08,NIFTYBEES,590103,B,239.76,240.15,237.35,237.65,239.76,554604,132319762.0
3219748,2024-01-09,NIFTYBEES,590103,B,239.5,239.7,237.34,237.71,237.65,83078,19840672.0
3219749,2024-01-10,NIFTYBEES,590103,B,237.98,239.0,236.8,238.46,237.71,143125,34038732.0
3219750,2024-01-11,NIFTYBEES,590103,B,239.4,239.59,238.38,238.85,238.46,64536,15419712.0
3219751,2024-01-12,NIFTYBEES,590103,B,239.3,242.2,239.3,241.7,238.85,124451,29999577.0
3219752,2024-01-15,NIFTYBEES,590103,B,243.0,244.34,242.33,243.94,241.7,86431,21033800.0
3219753,2024-01-16,NIFTYBEES,590103,B,245.0,245.0,242.5,243.25,243.94,102644,25008003.0
3219754,2024-01-17,NIFTYBEES,590103,B,243.36,243.36,238.0,238.4,243.25,1014166,243077930.0
3219755,2024-01-18,NIFTYBEES,590103,B,237.18,238.24,235.33,237.54,238.4,848677,201036362.0
3219756,2024-01-19,NIFTYBEES,590103,B,237.54,240.97,237.54,239.11,237.54,364767,87155133.0
3219757,2024-01-20,NIFTYBEES,590103,B,239.34,240.19,238.37,238.58,239.11,82885,19803052.0
3219758,2024-01-23,NIFTYBEES,590103,B,241.46,241.46,234.44,234.78,238.58,226634,53593279.0
3219759,2024-01-24,NIFTYBEES,590103,B,235.28,237.73,234.0,237.34,234.78,126599,29833684.0
3219760,2024-01-25,NIFTYBEES,590103,B,238.5,238.5,235.13,236.25,237.34,334365,78877541.0
3219761,2024-01-29,NIFTYBEES,590103,B,238.2,240.3,236.3,239.98,236.25,528453,126333365.0
3219762,2024-01-30,NIFTYBEES,590103,B,238.16,241.05,237.91,238.14,239.98,67720,16207837.0
3219763,2024-01-31,NIFTYBEES,590103,B,238.14,240.4,237.25,240.14,238.14,403575,96682075.0
3219764,2024-02-01,NIFTYBEES,590103,B,240.14,241.05,239.56,240.02,240.14,94120,22616592.0
3219765,2024-02-02,NIFTYBEES,590103,B,241.9,244.11,240.94,241.31,240.02,149898,36292197.0
3219766,2024-02-05,NIFTYBEES,590103,B,241.37,242.67,240.0,240.31,241.31,465763,112407014.0
3219767,2024-02-06,NIFTYBEES,590103,B,240.31,242.18,239.86,241.97,240.31,481493,116246029.0
3219768,2024-02-07,NIFTYBEES,590103,B,241.97,243.42,241.69,242.38,241.97,52219,12672299.0
3219769,2024-02-08,NIFTYBEES,590103,B,248.0,248.0,239.85,240.41,242.38,356018,85947184.0
3219770,2024-02-09,NIFTYBEES,590103,B,243.0,243.0,239.22,240.76,240.41,219254,52674786.0
3219771,2024-02-12,NIFTYBEES,590103,B,240.76,241.51,239.0,239.29,240.76,98364,23606454.0
3219772,2024-02-13,NIFTYBEES,590103,B,240.2,240.86,238.67,240.68,239.29,70481,16921047.0
3219773,2024-02-14,NIFTYBEES,590103,B,240.0,241.95,238.4,241.57,240.68,391495,94017636.0
3219774,2024-02-15,NIFTYBEES,590103,B,241.73,243.0,241.15,242.54,241.57,434053,105109161.0
3219775,2024-02-16,NIFTYBEES,590103,B,243.0,244.18,242.84,243.99,242.54,257074,62690593.0
3219776,2024-02-19,NIFTYBEES,590103,B,243.75,245.76,243.75,244.97,243.99,577992,141452495.0
3219777,2024-02-20,NIFTYBEES,590103,B,244.97,245.76,244.0,245.33,244.97,85025,20825991.0
3219778,2024-02-21,NIFTYBEES,590103,B,245.35,246.19,243.5,243.89,245.33,122312,30015677.0
3219779,2024-02-22,NIFTYBEES,590103,B,243.89,246.2,242.39,245.83,243.89,371992,90805576.0
3219780,2024-02-23,NIFTYBEES,590103,B,245.83,247.0,245.28,245.56,245.83,405884,99852779.0
3219781,2024-02-26,NIFTYBEES,590103,B,245.56,246.76,244.25,244.84,245.56,61208,14997619.0
3219782,2024-02-27,NIFTYBEES,590103,B,244.0,245.84,244.0,245.51,244.84,73402,17986175.0
3219783,2024-02-28,NIFTYBEES,590103,B,246.19,246.2,242.84,243.11,245.51,516673,126082918.0
3219784,2024-02-29,NIFTYBEES,590103,B,243.11,249.5,242.13,243.53,243.11,398440,96824396.0
3219785,2024-03-01,NIFTYBEES,590103,B,243.77,246.95,243.77,246.82,243.53,886409,218131834.0
3219786,2024-03-02,NIFTYBEES,590103,B,246.85,247.75,246.85,247.36,246.82,9331,2307240.0
3219787,2024-03-04,NIFTYBEES,590103,B,246.44,248.15,246.44,247.87,247.36,419951,104034437.0
3219788,2024-03-05,NIFTYBEES,590103,B,247.87,248.19,246.59,247.26,247.87,379013,93672577.0
3219789,2024-03-06,NIFTYBEES,590103,B,247.26,248.72,246.16,248.56,247.26,56208,13890016.0
3219790,2024-03-07,NIFTYBEES,590103,B,248.58,249.06,248.21,248.67,248.56,55848,13889435.0
3219791,2024-03-11,NIFTYBEES,590103,B,249.71,249.71,246.1,247.29,248.67,342488,84976780.0
3219792,2024-03-12,NIFTYBEES,590103,B,246.82,248.64,246.76,247.43,247.29,72159,17868421.0
3219793,2024-03-13,NIFTYBEES,590103,B,247.43,248.6,242.69,243.71,247.43,754822,184800147.0
3219794,2024-03-14,NIFTYBEES,590103,B,245.75,245.94,242.45,245.33,243.71,341947,83571988.0
3219795,2024-03-15,NIFTYBEES,590103,B,245.33,245.33,242.72,243.81,245.33,71655,17458625.0
3219796,2024-03-18,NIFTYBEES,590103,B,244.0,244.76,242.89,243.93,243.81,340760,83051345.0
3219797,2024-03-19,NIFTYBEES,590103,B,243.9,243.9,241.5,241.68,243.93,173430,42002353.0
3219798,2024-03-20,NIFTYBEES,590103,B,241.68,242.75,240.51,241.69,241.68,328199,79335144.0
3219799,2024-03-21,NIFTYBEES,590103,B,243.09,244.23,243.04,243.8,241.69,262521,63983562.0
3219800,2024-03-22,NIFTYBEES,590103,B,243.8,245.44,242.45,244.92,243.8,112939,27586205.0
3219801,2024-03-26,NIFTYBEES,590103,B,243.54,244.94,243.5,243.74,244.92,285869,69743762.0
3219802,2024-03-27,NIFTYBEES,590103,B,243.74,246.55,242.83,244.86,243.74,105232,25779442.0
3219803,2024-03-28,NIFTYBEES,590103,B,245.0,248.51,245.0,247.13,244.86,155640,38484377.0
3219804,2024-04-01,NIFTYBEES,590103,B,246.73,249.0,246.73,248.17,247.13,532625,132323960.0
3219805,2024-04-02,NIFTYBEES,590103,B,248.17,249.0,247.75,248.8,248.17,29906,7428896.0
3219806,2024-04-03,NIFTYBEES,590103,B,248.26,249.47,247.46,248.58,248.8,301722,74979688.0
3219807,2024-04-04,NIFTYBEES,590103,B,249.09,250.5,247.36,249.41,248.58,100049,24915233.0
3219808,2024-04-05,NIFTYBEES,590103,B,249.3,249.5,248.39,249.12,249.41,258460,64345722.0
3219809,2024-04-08,NIFTYBEES,590103,B,249.12,250.9,249.06,250.64,249.12,460375,115141829.0
3219810,2024-04-09,NIFTYBEES,590103,B,250.7,251.74,250.44,250.83,250.64,47147,11843356.0
3219811,2024-04-10,NIFTYBEES,590103,B,251.07,251.84,250.66,251.47,250.83,576633,144873365.0
3219812,2024-04-12,NIFTYBEES,590103,B,251.47,251.47,249.36,249.52,251.47,245472,61363525.0
3219813,2024-04-15,NIFTYBEES,590103,B,249.93,249.93,246.7,246.9,249.52,212757,52688812.0
3219814,2024-04-16,NIFTYBEES,590103,B,246.7,246.7,244.75,245.53,246.9,413021,101424845.0
3219815,2024-04-18,NIFTYBEES,590103,B,245.53,247.49,243.21,243.94,245.53,629750,154499894.0
3219816,2024-04-19,NIFTYBEES,590103,B,243.94,245.73,241.2,245.47,243.94,928195,226090352.0
3219817,2024-04-22,NIFTYBEES,590103,B,245.47,247.9,245.47,247.39,245.47,93479,23068461.0
3219818,2024-04-23,NIFTYBEES,590103,B,247.5,249.45,247.4,247.76,247.39,328829,81493621.0
3219819,2024-04-24,NIFTYBEES,590103,B,247.95,248.84,247.52,247.94,247.76,48598,12067829.0
3219820,2024-04-25,NIFTYBEES,590103,B,247.47,249.9,247.0,249.22,247.94,633204,157370047.0
3219821,2024-04-26,NIFTYBEES,590103,B,249.35,250.0,248.11,248.51,249.22,61954,15429415.0
3219822,2024-04-29,NIFTYBEES,590103,B,248.8,250.76,248.4,250.48,248.51,603278,150684241.0
3219823,2024-04-30,NIFTYBEES,590103,B,251.08,251.63,249.73,250.15,250.48,73512,18443724.0
3219824,2024-05-02,NIFTYBEES,590103,B,250.06,251.8,249.56,250.78,250.15,368845,92475337.0
3219825,2024-05-03,NIFTYBEES,590103,B,251.5,252.1,247.57,248.79,250.78,202266,50477135.0
3219826,2024-05-06,NIFTYBEES,590103,B,249.82,250.12,248.0,248.39,248.79,431017,107258940.0
3219827,2024-05-07,NIFTYBEES,590103,B,248.39,249.35,246.3,247.11,248.39,460351,113810811.0
3219828,2024-05-08,NIFTYBEES,590103,B,247.11,247.93,245.95,247.22,247.11,327117,80796661.0
3219829,2024-05-09,NIFTYBEES,590103,B,247.22,247.22,243.08,243.47,247.22,253386,61929121.0
3219830,2024-05-10,NIFTYBEES,590103,B,244.23,245.68,243.5,244.97,243.47,194848,47702792.0
3219831,2024-05-13,NIFTYBEES,590103,B,246.26,246.26,242.27,245.28,244.97,738953,180009978.0
3219832,2024-05-14,NIFTYBEES,590103,B,245.61,247.0,245.05,246.64,245.28,446600,109903377.0
3219833,2024-05-15,NIFTYBEES,590103,B,246.64,247.3,245.9,246.33,246.64,312373,77004228.0
3219834,2024-05-16,NIFTYBEES,590103,B,247.29,248.53,244.81,248.19,246.33,150764,37136183.0
3219835,2024-05-17,NIFTYBEES,590103,B,248.2,249.0,247.55,248.72,248.19,481323,119601427.0
3219836,2024-05-18,NIFTYBEES,590103,B,248.72,249.34,248.17,249.17,248.72,21654,5394527.0
3219837,2024-05-21,NIFTYBEES,590103,B,248.98,250.2,244.0,249.62,249.17,535713,133667210.0
3219838,2024-05-22,NIFTYBEES,590103,B,249.62,250.69,249.26,250.43,249.62,74641,18662307.0
3219839,2024-05-23,NIFTYBEES,590103,B,250.43,254.5,250.11,254.18,250.43,1149302,290446852.0
3219840,2024-05-24,NIFTYBEES,590103,B,250.63,255.71,250.63,255.01,254.18,134767,34339011.0
3219841,2024-05-27,NIFTYBEES,590103,B,254.72,256.75,254.0,254.72,255.01,725641,185470311.0
3219842,2024-05-28,NIFTYBEES,590103,B,254.8,255.69,253.85,254.07,254.72,525126,133702551.0
3219843,2024-05-29,NIFTYBEES,590103,B,254.0,254.0,252.1,252.41,254.07,346540,87704043.0
3219844,2024-05-30,NIFTYBEES,590103,B,252.41,252.41,249.53,250.25,252.41,838371,210128408.0
3219845,2024-05-31,NIFTYBEES,590103,B,251.24,252.0,250.01,251.17,250.25,186258,46740902.0
3219846,2024-06-03,NIFTYBEES,590103,B,255.0,263.0,255.0,258.25,251.17,1999063,515542094.0
3219847,2024-06-04,NIFTYBEES,590103,B,258.0,260.0,246.5,250.5,258.25,5585613,1398581456.0
3219848,2024-06-05,NIFTYBEES,590103,B,251.4,253.5,242.12,251.19,250.5,2507122,618477980.0
3219849,2024-06-06,NIFTYBEES,590103,B,252.5,254.1,251.6,253.08,251.19,193841,49001822.0
3219850,2024-06-07,NIFTYBEES,590103,B,253.4,258.65,252.49,258.27,253.08,2237463,573732140.0
3219851,2024-06-10,NIFTYBEES,590103,B,258.27,259.52,257.57,258.08,258.27,170063,43996373.0
3219852,2024-06-11,NIFTYBEES,590103,B,253.53,259.64,253.53,258.33,258.08,805532,208310097.0
3219853,2024-06-12,NIFTYBEES,590103,B,258.38,260.0,258.38,259.34,258.33,118700,30796692.0
3219854,2024-06-13,NIFTYBEES,590103,B,260.23,260.5,259.5,260.06,259.34,85503,22227920.0
3219855,2024-06-14,NIFTYBEES,590103,B,261.08,261.08,259.49,260.6,260.06,169160,44023420.0
3219856,2024-06-18,NIFTYBEES,590103,B,259.98,262.0,259.98,261.61,260.6,84642,22135729.0
3219857,2024-06-19,NIFTYBEES,590103,B,261.8,262.7,260.05,261.58,261.61,742900,194302512.0
3219858,2024-06-20,NIFTYBEES,590103,B,261.29,262.34,260.7,261.66,261.58,579872,151609539.0
3219859,2024-06-21,NIFTYBEES,590103,B,261.7,262.5,260.2,261.06,261.66,90443,23645504.0
3219860,2024-06-24,NIFTYBEES,590103,B,260.36,261.84,259.34,261.55,261.06,496959,129582688.0
3219861,2024-06-25,NIFTYBEES,590103,B,261.55,263.88,261.55,263.57,261.55,116263,30534374.0
3219862,2024-06-26,NIFTYBEES,590103,B,263.34,265.2,261.65,265.0,263.57,92171,24337896.0
3219863,2024-06-27,NIFTYBEES,590103,B,265.0,267.55,264.32,267.2,265.0,120493,32050325.0
3219864,2024-06-28,NIFTYBEES,590103,B,267.2,268.37,266.65,267.48,267.2,705436,188920359.0
3219865,2024-07-01,NIFTYBEES,590103,B,268.0,268.76,267.08,268.29,267.48,463852,124381472.0
3219866,2024-07-02,NIFTYBEES,590103,B,268.87,269.45,268.0,269.03,268.29,70896,19060212.0
3219867,2024-07-03,NIFTYBEES,590103,B,269.28,270.5,268.6,270.14,269.03,487535,131618691.0
3219868,2024-07-04,NIFTYBEES,590103,B,270.4,271.47,270.25,270.51,270.14,83360,22582436.0
3219869,2024-07-05,NIFTYBEES,590103,B,270.5,271.23,269.26,270.48,270.51,162197,43821787.0
3219870,2024-07-08,NIFTYBEES,590103,B,270.48,271.63,269.75,270.08,270.48,73439,19844071.0
3219871,2024-07-09,NIFTYBEES,590103,B,270.08,271.55,269.0,271.38,270.08,351299,95163563.0
3219872,2024-07-10,NIFTYBEES,590103,B,271.38,271.71,268.47,270.89,271.38,741232,199973777.0
3219873,2024-07-11,NIFTYBEES,590103,B,271.19,271.9,269.6,270.7,270.89,68838,18623021.0
3219874,2024-07-12,NIFTYBEES,590103,B,271.0,273.0,270.52,272.14,270.7,78576,21368340.0
3219875,2024-07-15,NIFTYBEES,590103,B,272.14,273.7,271.93,273.1,272.14,387168,105735420.0
3219876,2024-07-16,NIFTYBEES,590103,B,273.5,274.06,272.25,273.53,273.1,365277,99963902.0
3219877,2024-07-18,NIFTYBEES,590103,B,273.53,275.85,272.25,275.56,273.53,156295,42921949.0
3219878,2024-07-19,NIFTYBEES,590103,B,275.5,276.25,273.0,273.22,275.56,607262,166390278.0
3219879,2024-07-22,NIFTYBEES,590103,B,273.22,273.97,271.35,272.42,273.22,125739,34278809.0
3219880,2024-07-23,NIFTYBEES,590103,B,272.42,273.47,268.25,272.58,272.42,157521,42743292.0
3219881,2024-07-24,NIFTYBEES,590103,B,271.79,273.06,270.79,271.99,272.58,71113,19332963.0
3219882,2024-07-25,NIFTYBEES,590103,B,271.99,272.05,269.03,270.99,271.99,481129,130334453.0
3219883,2024-07-26,NIFTYBEES,590103,B,271.75,276.27,271.75,276.02,270.99,93782,25753357.0
3219884,2024-07-29,NIFTYBEES,590103,B,276.02,278.24,276.02,276.64,276.02,148282,41080440.0
3219885,2024-07-30,NIFTYBEES,590103,B,276.64,277.99,275.88,277.07,276.64,61171,16957874.0
3219886,2024-07-31,NIFTYBEES,590103,B,277.19,278.0,276.82,277.72,277.07,72383,20093549.0
3219887,2024-08-01,NIFTYBEES,590103,B,277.72,279.17,277.72,278.46,277.72,40217,11203521.0
3219888,2024-08-02,NIFTYBEES,590103,B,276.71,277.37,275.5,275.76,278.46,525104,145075896.0
3219889,2024-08-05,NIFTYBEES,590103,B,274.49,274.49,266.5,269.53,275.76,2215925,597320764.0
3219890,2024-08-06,NIFTYBEES,590103,B,269.61,272.09,267.2,267.66,269.53,785925,211931076.0
3219891,2024-08-07,NIFTYBEES,590103,B,267.66,271.4,267.66,271.07,267.66,444334,120190590.0
3219892,2024-08-08,NIFTYBEES,590103,B,271.07,271.07,268.75,269.17,271.07,71791,19367241.0
3219893,2024-08-09,NIFTYBEES,590103,B,272.0,272.6,271.0,271.58,269.17,82810,22490327.0
3219894,2024-08-12,NIFTYBEES,590103,B,271.58,272.84,270.21,271.46,271.58,65765,17862712.0
3219895,2024-08-13,NIFTYBEES,590103,B,271.46,272.16,269.09,269.55,271.46,329580,89105699.0
3219896,2024-08-14,NIFTYBEES,590103,B,269.55,270.58,268.71,269.36,269.55,242928,65468823.0
3219897,2024-08-16,NIFTYBEES,590103,B,269.83,274.0,269.83,273.61,269.36,613090,166975638.0
3219898,2024-08-19,NIFTYBEES,590103,B,273.7,275.4,273.7,274.52,273.61,60529,16609401.0
3219899,2024-08-20,NIFTYBEES,590103,B,275.27,276.12,274.33,275.72,274.52,421166,116084122.0
3219900,2024-08-21,NIFTYBEES,590103,B,276.03,276.59,274.75,276.12,275.72,52483,14475692.0
3219901,2024-08-22,NIFTYBEES,590103,B,276.12,277.3,276.07,276.41,276.12,245824,67962244.0
3219902,2024-08-23,NIFTYBEES,590103,B,277.08,277.08,276.0,276.48,276.41,64214,17756324.0
3219903,2024-08-26,NIFTYBEES,590103,B,276.48,279.0,276.48,278.83,276.48,81487,22683131.0
3219904,2024-08-27,NIFTYBEES,590103,B,278.86,279.31,278.17,278.75,278.83,57983,16166396.0
3219905,2024-08-28,NIFTYBEES,590103,B,279.16,279.97,278.2,278.92,278.75,440402,122941624.0
3219906,2024-08-29,NIFTYBEES,590103,B,278.92,281.18,278.41,280.0,278.92,94179,26332589.0
3219907,2024-08-30,NIFTYBEES,590103,B,280.1,281.58,280.1,281.23,280.0,69644,19568627.0
3219908,2024-09-02,NIFTYBEES,590103,B,281.23,282.5,280.86,281.4,281.23,423446,119227416.0
3219909,2024-09-03,NIFTYBEES,590103,B,281.98,282.3,281.24,281.69,281.4,44356,12491711.0
3219910,2024-09-04,NIFTYBEES,590103,B,280.7,281.56,279.4,281.35,281.69,79504,22300477.0
3219911,2024-09-05,NIFTYBEES,590103,B,281.4,282.07,280.21,280.48,281.35,268927,75547315.0
3219912,2024-09-06,NIFTYBEES,590103,B,280.48,280.64,277.3,277.87,280.48,690063,192054610.0
3219913,2024-09-09,NIFTYBEES,590103,B,277.64,278.1,276.31,277.73,277.87,530950,147246308.0
3219914,2024-09-10,NIFTYBEES,590103,B,277.73,279.9,277.29,279.04,277.73,290466,80960983.0
3219915,2024-09-11,NIFTYBEES,590103,B,279.04,279.98,277.2,277.65,279.04,66612,18545688.0
3219916,2024-09-12,NIFTYBEES,590103,B,278.35,283.11,278.35,282.61,277.65,653795,183816421.0
3219917,2024-09-13,NIFTYBEES,590103,B,283.0,283.66,281.8,283.21,282.61,226021,63944350.0
3219918,2024-09-16,NIFTYBEES,590103,B,283.21,284.24,281.65,282.86,283.21,589747,166990808.0
3219919,2024-09-17,NIFTYBEES,590103,B,282.86,283.99,282.23,283.74,282.86,118183,33499609.0
3219920,2024-09-18,NIFTYBEES,590103,B,283.18,284.36,282.36,283.41,283.74,138517,39284831.0
3219921,2024-09-19,NIFTYBEES,590103,B,283.41,285.67,283.41,283.85,283.41,561270,159688444.0
3219922,2024-09-20,NIFTYBEES,590103,B,284.37,287.7,283.77,287.06,283.85,226438,64722017.0
3219923,2024-09-23,NIFTYBEES,590103,B,287.27,290.0,287.27,289.37,287.06,160266,46290677.0
3219924,2024-09-24,NIFTYBEES,590103,B,289.4,289.91,288.4,289.2,289.37,320606,92751518.0
3219925,2024-09-25,NIFTYBEES,590103,B,289.16,290.2,288.72,290.03,289.2,149068,43110459.0
3219926,2024-09-26,NIFTYBEES,590103,B,290.2,291.97,289.99,291.56,290.03,126153,36678782.0
3219927,2024-09-27,NIFTYBEES,590103,B,291.41,292.58,291.41,291.86,291.56,377258,110169700.0
3219928,2024-09-30,NIFTYBEES,590103,B,291.86,292.5,288.24,288.49,291.86,187757,54359582.0
3219929,2024-10-01,NIFTYBEES,590103,B,288.49,289.4,286.72,288.28,288.49,359416,103620143.0
3219930,2024-10-03,NIFTYBEES,590103,B,286.62,286.72,282.2,282.8,288.28,1553199,441183150.0
3219931,2024-10-04,NIFTYBEES,590103,B,282.67,284.5,279.35,280.28,282.8,1299042,365290889.0
3219932,2024-10-07,NIFTYBEES,590103,B,280.28,282.4,276.0,278.08,280.28,1610658,448310984.0
3219933,2024-10-08,NIFTYBEES,590103,B,278.08,279.94,276.59,279.44,278.08,861252,239688822.0
3219934,2024-10-09,NIFTYBEES,590103,B,279.56,281.79,278.33,278.92,279.44,661258,185429653.0
3219935,2024-10-10,NIFTYBEES,590103,B,279.22,280.76,279.01,279.24,278.92,365557,102225898.0
3219936,2024-10-11,NIFTYBEES,590103,B,279.24,279.84,278.25,278.77,279.24,91478,25504721.0
3219937,2024-10-14,NIFTYBEES,590103,B,278.82,280.86,278.82,280.67,278.77,441863,123841793.0
3219938,2024-10-15,NIFTYBEES,590103,B,280.91,281.81,279.32,279.88,280.67,96419,27011318.0
3219939,2024-10-16,NIFTYBEES,590103,B,279.64,280.14,278.32,278.58,279.88,334523,93367274.0
3219940,2024-10-17,NIFTYBEES,590103,B,278.58,279.23,276.4,276.81,278.58,635213,175980951.0
3219941,2024-10-18,NIFTYBEES,590103,B,276.81,278.14,274.43,277.6,276.81,597219,165001289.0
3219942,2024-10-21,NIFTYBEES,590103,B,277.81,279.1,275.5,276.46,277.6,451740,125027448.0
3219943,2024-10-22,NIFTYBEES,590103,B,277.0,277.8,273.29,273.66,276.46,146952,40398358.0
3219944,2024-10-23,NIFTYBEES,590103,B,273.66,274.93,272.65,273.11,273.66,665146,182039895.0
3219945,2024-10-24,NIFTYBEES,590103,B,273.08,273.65,272.05,272.26,273.11,480996,131154249.0
3219946,2024-10-25,NIFTYBEES,590103,B,272.86,275.0,269.0,270.86,272.26,1318898,356274011.0
3219947,2024-10-28,NIFTYBEES,590103,B,270.86,273.68,268.11,272.02,270.86,622620,169387865.0
3219948,2024-10-29,NIFTYBEES,590103,B,272.09,273.78,270.0,273.55,272.02,585273,159015287.0
3219949,2024-10-30,NIFTYBEES,590103,B,273.55,273.94,271.71,272.24,273.55,227514,62041575.0
3219950,2024-10-31,NIFTYBEES,590103,B,272.56,276.0,270.45,270.73,272.24,489601,132693387.0
3219951,2024-11-01,NIFTYBEES,590103,B,270.73,274.52,270.2,272.33,270.73,381956,103905425.0
3219952,2024-11-04,NIFTYBEES,590103,B,272.5,272.55,266.4,268.52,272.33,405957,108987377.0
3219953,2024-11-05,NIFTYBEES,590103,B,268.28,271.0,266.75,270.82,268.52,766246,205688087.0
3219954,2024-11-06,NIFTYBEES,590103,B,271.0,274.4,270.82,273.97,270.82,823305,224662469.0
3219955,2024-11-07,NIFTYBEES,590103,B,273.97,274.27,270.35,270.73,273.97,704117,191063722.0
3219956,2024-11-08,NIFTYBEES,590103,B,271.35,271.41,269.2,270.13,270.73,460576,124437430.0
3219957,2024-11-11,NIFTYBEES,590103,B,269.77,272.0,268.2,270.07,270.13,643642,173965245.0
3219958,2024-11-12,NIFTYBEES,590103,B,270.45,271.02,267.0,267.3,270.07,812938,218361106.0
3219959,2024-11-13,NIFTYBEES,590103,B,267.3,267.42,263.0,263.67,267.3,1792958,474972801.0
3219960,2024-11-14,NIFTYBEES,590103,B,264.37,264.98,263.0,263.73,263.67,836743,220731335.0
3219961,2024-11-18,NIFTYBEES,590103,B,263.73,264.99,260.0,262.75,263.73,1398272,367196897.0
3219962,2024-11-19,NIFTYBEES,590103,B,263.98,266.04,262.47,263.1,262.75,1057103,279711373.0
3219963,2024-11-21,NIFTYBEES,590103,B,262.68,264.25,260.75,261.46,263.1,1341429,350699246.0
3219964,2024-11-22,NIFTYBEES,590103,B,261.46,267.26,261.18,266.85,261.46,930686,246258352.0
3219965,2024-11-25,NIFTYBEES,590103,B,269.82,271.87,269.53,270.97,266.85,194511,52721951.0
3219966,2024-11-26,NIFTYBEES,590103,B,271.08,271.95,269.88,270.48,270.97,555635,150357785.0
3219967,2024-11-27,NIFTYBEES,590103,B,270.76,273.1,269.95,271.92,270.48,158889,43167782.0
3219968,2024-11-28,NIFTYBEES,590103,B,271.75,272.34,267.25,267.81,271.92,1076254,289546892.0
3219969,2024-11-29,NIFTYBEES,590103,B,268.2,270.5,267.45,269.81,267.81,686049,184739183.0
3219970,2024-12-02,NIFTYBEES,590103,B,269.8,271.59,268.29,270.68,269.81,195433,52814216.0
3219971,2024-12-03,NIFTYBEES,590103,B,271.45,273.23,271.31,272.85,270.68,195669,53306655.0
3219972,2024-12-04,NIFTYBEES,590103,B,273.0,274.09,272.2,273.59,272.85,115867,31690493.0
3219973,2024-12-05,NIFTYBEES,590103,B,274.16,277.35,271.76,275.8,273.59,1140298,313654689.0
3219974,2024-12-06,NIFTYBEES,590103,B,275.85,276.72,275.2,275.87,275.8,208725,57633915.0
3219975,2024-12-09,NIFTYBEES,590103,B,275.68,276.0,274.75,275.23,275.87,87572,24115050.0
3219976,2024-12-10,NIFTYBEES,590103,B,275.81,275.81,274.15,274.93,275.23,422589,116191041.0
3219977,2024-12-11,NIFTYBEES,590103,B,274.93,275.83,274.49,274.99,274.93,483124,132957948.0
3219978,2024-12-12,NIFTYBEES,590103,B,275.28,275.47,273.91,274.17,274.99,374728,102861896.0
3219979,2024-12-13,NIFTYBEES,590103,B,274.0,276.45,270.0,276.09,274.17,1231615,336730181.0
3219980,2024-12-16,NIFTYBEES,590103,B,276.5,276.5,274.76,275.44,276.09,444520,122457019.0
3219981,2024-12-17,NIFTYBEES,590103,B,275.34,275.34,271.99,272.26,275.44,111737,30516721.0
3219982,2024-12-18,NIFTYBEES,590103,B,272.1,272.87,270.2,270.79,272.26,681014,184634449.0
3219983,2024-12-19,NIFTYBEES,590103,B,269.0,270.0,267.0,268.25,270.79,924986,247902637.0
3219984,2024-12-20,NIFTYBEES,590103,B,268.31,269.42,263.7,264.2,268.25,297291,79056609.0
3219985,2024-12-23,NIFTYBEES,590103,B,265.28,267.27,264.5,265.81,264.2,640241,170155545.0
3219986,2024-12-24,NIFTYBEES,590103,B,265.81,266.85,265.04,265.55,265.81,391987,104216333.0
3219987,2024-12-26,NIFTYBEES,590103,B,265.55,268.2,264.72,265.72,265.55,439071,116664483.0
3219988,2024-12-27,NIFTYBEES,590103,B,265.86,267.51,265.63,266.49,265.72,429173,114463765.0
3219989,2024-12-30,NIFTYBEES,590103,B,266.79,267.2,264.1,264.65,266.49,673363,178663747.0
3219990,2024-12-31,NIFTYBEES,590103,B,264.13,265.06,262.5,264.57,264.65,638903,168508525.0
3219991,2025-01-01,NIFTYBEES,590103,B,264.6,266.25,263.5,265.56,264.57,356582,94550539.0
3219992,2025-01-02,NIFTYBEES,590103,B,266.0,270.2,265.41,269.98,265.56,183553,49229904.0
3219993,2025-01-03,NIFTYBEES,590103,B,270.0,270.1,268.0,268.5,269.98,664702,178753817.0
3219994,2025-01-06,NIFTYBEES,590103,B,269.0,269.87,263.51,264.6,268.5,1672298,444071085.0
3219995,2025-01-07,NIFTYBEES,590103,B,265.29,266.2,264.12,265.24,264.6,641784,170287467.0
3219996,2025-01-08,NIFTYBEES,590103,B,265.64,266.08,262.84,265.02,265.24,689177,182000181.0
3219997,2025-01-09,NIFTYBEES,590103,B,265.02,265.63,262.81,263.2,265.02,591060,155793362.0
3219998,2025-01-10,NIFTYBEES,590103,B,263.4,264.07,261.1,262.32,263.2,868941,228137926.0
3219999,2025-01-13,NIFTYBEES,590103,B,261.99,261.99,258.0,258.4,262.32,2087510,541592339.0
3220000,2025-01-14,NIFTYBEES,590103,B,259.0,260.24,258.4,259.35,258.4,714918,185453344.0
3220001,2025-01-15,NIFTYBEES,590103,B,260.43,260.66,258.72,259.63,259.35,730218,189534865.0
3220002,2025-01-16,NIFTYBEES,590103,B,261.2,261.55,260.24,260.74,259.63,542800,141543540.0
3220003,2025-01-17,NIFTYBEES,590103,B,260.75,261.13,258.6,259.88,260.74,743109,192921837.0
3220004,2025-01-20,NIFTYBEES,590103,B,260.7,261.85,259.33,261.3,259.88,382087,99655603.0
3220005,2025-01-21,NIFTYBEES,590103,B,261.56,262.5,257.4,258.05,261.3,1330547,345297004.0
3220006,2025-01-22,NIFTYBEES,590103,B,258.05,259.7,257.11,258.88,258.05,754266,194670614.0
3220007,2025-01-23,NIFTYBEES,590103,B,258.99,260.35,258.08,259.5,258.88,396570,102964050.0
3220008,2025-01-24,NIFTYBEES,590103,B,260.0,260.99,257.42,258.23,259.5,188184,48731498.0
3220009,2025-01-27,NIFTYBEES,590103,B,258.0,258.0,255.11,255.79,258.23,2100784,537962477.0
3220010,2025-01-28,NIFTYBEES,590103,B,257.0,259.08,255.99,257.49,255.79,1168746,300593413.0
3220011,2025-01-29,NIFTYBEES,590103,B,257.68,259.67,257.4,259.36,257.49,745091,192724195.0
3220012,2025-01-30,NIFTYBEES,590103,B,259.36,261.0,259.01,260.24,259.36,154135,40090116.0
3220013,2025-01-31,NIFTYBEES,590103,B,261.0,263.35,260.41,263.08,260.24,1028582,269630382.0
3220014,2025-02-01,NIFTYBEES,590103,B,263.58,264.79,260.98,262.21,263.08,1160579,305019603.0
3220015,2025-02-03,NIFTYBEES,590103,B,260.61,262.05,259.6,261.46,262.21,788168,205517472.0
3220016,2025-02-04,NIFTYBEES,590103,B,262.28,265.31,261.51,265.04,261.46,198114,52231478.0
3220017,2025-02-05,NIFTYBEES,590103,B,266.0,266.14,264.97,265.27,265.04,166355,44150412.0
3220018,2025-02-06,NIFTYBEES,590103,B,265.27,266.12,263.8,264.38,265.27,385792,101996499.0
3220019,2025-02-07,NIFTYBEES,590103,B,264.86,265.4,262.59,263.82,264.38,527522,139255503.0
3220020,2025-02-10,NIFTYBEES,590103,B,263.82,264.49,261.28,261.91,263.82,700079,183443841.0
3220021,2025-02-11,NIFTYBEES,590103,B,261.91,262.44,257.5,258.63,261.91,1435792,372431854.0
3220022,2025-02-12,NIFTYBEES,590103,B,258.62,259.5,255.65,258.28,258.63,934254,240386521.0
3220023,2025-02-13,NIFTYBEES,590103,B,258.46,260.42,257.64,258.2,258.28,525297,136119858.0
3220024,2025-02-14,NIFTYBEES,590103,B,259.19,259.35,255.4,256.74,258.2,1091049,279974461.0
3220025,2025-02-17,NIFTYBEES,590103,B,257.0,257.45,254.9,257.3,256.74,325106,83339331.0
3220026,2025-02-18,NIFTYBEES,590103,B,257.3,257.74,255.3,256.82,257.3,646563,165694769.0
3220027,2025-02-19,NIFTYBEES,590103,B,256.49,258.34,255.58,256.92,256.82,137473,35364273.0
3220028,2025-02-20,NIFTYBEES,590103,B,256.92,257.05,255.1,256.7,256.92,586849,150560060.0
3220029,2025-02-21,NIFTYBEES,590103,B,256.7,257.03,254.8,255.49,256.7,135073,34512901.0
3220030,2025-02-24,NIFTYBEES,590103,B,255.1,255.1,252.5,252.9,255.49,230790,58488327.0
3220031,2025-02-25,NIFTYBEES,590103,B,252.9,253.63,252.39,252.83,252.9,565826,143165836.0
3220032,2025-02-27,NIFTYBEES,590103,B,252.83,253.64,252.15,252.6,252.83,597751,150969091.0
3220033,2025-02-28,NIFTYBEES,590103,B,252.6,252.6,248.05,248.59,252.6,2349250,585768729.0
3220034,2025-03-03,NIFTYBEES,590103,B,248.59,250.14,246.2,248.09,248.59,1687892,418260982.0
3220035,2025-03-04,NIFTYBEES,590103,B,247.39,247.85,246.0,247.44,248.09,930427,230091187.0
3220036,2025-03-05,NIFTYBEES,590103,B,247.44,251.09,246.92,250.52,247.44,175981,43989397.0
3220037,2025-03-06,NIFTYBEES,590103,B,251.0,253.0,249.41,252.76,250.52,852277,214338473.0
3220038,2025-03-07,NIFTYBEES,590103,B,252.63,253.71,251.43,252.82,252.76,675628,170851221.0
3220039,2025-03-10,NIFTYBEES,590103,B,252.84,254.2,251.46,251.83,252.82,211212,53431791.0
3220040,2025-03-11,NIFTYBEES,590103,B,251.23,252.3,250.01,251.97,251.83,554802,139407250.0
3220041,2025-03-12,NIFTYBEES,590103,B,251.97,253.15,250.4,251.78,251.97,102588,25800643.0
3220042,2025-03-13,NIFTYBEES,590103,B,252.69,252.95,250.76,251.08,251.78,635640,159925903.0
3220043,2025-03-17,NIFTYBEES,590103,B,253.59,253.59,250.0,252.15,251.08,613764,154714587.0
3220044,2025-03-18,NIFTYBEES,590103,B,253.66,256.1,252.5,255.95,252.15,150554,38364687.0
3220045,2025-03-19,NIFTYBEES,590103,B,256.56,256.98,255.62,256.66,255.95,664998,170556492.0
3220046,2025-03-20,NIFTYBEES,590103,B,257.17,259.7,257.17,259.3,256.66,211899,54745406.0
3220047,2025-03-21,NIFTYBEES,590103,B,259.59,261.69,258.8,261.18,259.3,126166,32885222.0
3220048,2025-03-24,NIFTYBEES,590103,B,261.88,265.4,259.04,264.79,261.18,1470721,388071978.0
3220049,2025-03-25,NIFTYBEES,590103,B,257.14,266.83,257.14,264.78,264.79,281973,74858953.0
3220050,2025-03-26,NIFTYBEES,590103,B,265.39,265.48,262.55,262.85,264.78,670542,177040855.0
3220051,2025-03-27,NIFTYBEES,590103,B,262.85,264.21,262.01,263.81,262.85,120384,31713414.0
3220052,2025-03-28,NIFTYBEES,590103,B,264.5,264.63,262.5,263.2,263.81,951258,250561243.0
3220053,2025-04-01,NIFTYBEES,590103,B,261.36,263.74,259.28,259.66,263.2,528819,138514185.0
3220054,2025-04-02,NIFTYBEES,590103,B,260.6,261.8,259.26,261.65,259.66,705987,184045993.0
3220055,2025-04-03,NIFTYBEES,590103,B,260.25,260.93,258.87,260.47,261.65,611312,159219715.0
3220056,2025-04-04,NIFTYBEES,590103,B,260.09,260.39,256.5,257.19,260.47,1256937,323710687.0
3220057,2025-04-07,NIFTYBEES,590103,B,244.04,253.79,243.89,249.26,257.19,5575671,1380863959.0
3220058,2025-04-08,NIFTYBEES,590103,B,251.5,254.25,249.75,252.69,249.26,1196172,301758073.0
3220059,2025-04-09,NIFTYBEES,590103,B,252.69,252.69,250.6,251.05,252.69,180527,45350017.0
3220060,2025-04-11,NIFTYBEES,590103,B,255.0,257.59,252.9,256.1,251.05,1470461,376271448.0
3220061,2025-04-15,NIFTYBEES,590103,B,258.98,261.4,258.11,260.91,256.1,1411303,367840183.0
3220062,2025-04-16,NIFTYBEES,590103,B,260.91,262.28,260.04,261.94,260.91,765278,199738997.0
3220063,2025-04-17,NIFTYBEES,590103,B,261.25,266.74,258.93,266.5,261.94,2812114,742888079.0
3220064,2025-04-21,NIFTYBEES,590103,B,266.5,270.46,266.5,269.82,266.5,350085,94320183.0
3220065,2025-04-22,NIFTYBEES,590103,B,269.95,270.95,268.91,270.02,269.82,1383693,373806336.0
3220066,2025-04-23,NIFTYBEES,590103,B,271.41,272.24,269.6,271.8,270.02,203569,55219287.0
3220067,2025-04-24,NIFTYBEES,590103,B,271.8,272.1,270.61,270.96,271.8,158333,42943088.0
3220068,2025-04-25,NIFTYBEES,590103,B,270.8,272.23,266.61,268.51,270.96,2187741,588032127.0
3220069,2025-04-28,NIFTYBEES,590103,B,269.34,272.21,267.98,271.95,268.51,184801,50099916.0
3220070,2025-04-29,NIFTYBEES,590103,B,271.95,273.25,271.46,271.87,271.95,904560,246264415.0
3220071,2025-04-30,NIFTYBEES,590103,B,272.05,272.6,271.0,271.83,271.87,190876,51907018.0
3220072,2025-05-02,NIFTYBEES,590103,B,273.0,275.2,269.43,272.01,271.83,329042,89829946.0
3220073,2025-05-05,NIFTYBEES,590103,B,273.19,274.58,271.76,274.32,272.01,600621,164540873.0
3220074,2025-05-06,NIFTYBEES,590103,B,274.21,274.99,272.17,272.49,274.32,126489,34540308.0
3220075,2025-05-07,NIFTYBEES,590103,B,270.57,273.67,268.05,272.82,272.49,181619,49447612.0
3220076,2025-05-08,NIFTYBEES,590103,B,273.0,273.6,267.61,270.87,272.82,741555,201547313.0
3220077,2025-05-09,NIFTYBEES,590103,B,269.07,270.1,265.04,268.54,270.87,350963,94281394.0
3220078,2025-05-12,NIFTYBEES,590103,B,271.45,279.5,271.01,278.95,268.54,2770981,767033527.0
3220079,2025-05-13,NIFTYBEES,590103,B,279.49,279.49,275.3,275.62,278.95,1185261,327751785.0
3220080,2025-05-14,NIFTYBEES,590103,B,276.47,277.3,274.73,276.29,275.62,217459,60083599.0
3220081,2025-05-15,NIFTYBEES,590103,B,276.89,280.77,274.62,280.14,276.29,229281,63851807.0
3220082,2025-05-16,NIFTYBEES,590103,B,280.5,281.05,279.36,280.08,280.14,157592,44128487.0
3220083,2025-05-19,NIFTYBEES,590103,B,280.2,280.64,279.0,279.16,280.08,171723,48067663.0
3220084,2025-05-20,NIFTYBEES,590103,B,280.24,280.36,276.53,277.18,279.16,169370,47131667.0
3220085,2025-05-21,NIFTYBEES,590103,B,277.18,279.2,276.2,277.5,277.18,605585,168169705.0
3220086,2025-05-22,NIFTYBEES,590103,B,277.13,277.28,274.5,275.95,277.5,259513,71448602.0
3220087,2025-05-23,NIFTYBEES,590103,B,275.95,279.25,275.5,278.37,275.95,849807,236369045.0
3220088,2025-05-26,NIFTYBEES,590103,B,279.57,280.94,277.0,279.82,278.37,1053397,295009418.0
3220089,2025-05-27,NIFTYBEES,590103,B,282.61,282.61,276.9,278.22,279.82,278624,77491165.0
3220090,2025-05-28,NIFTYBEES,590103,B,278.64,278.89,277.05,277.59,278.22,180390,50099285.0
3220091,2025-05-29,NIFTYBEES,590103,B,278.73,278.95,277.0,278.51,277.59,153201,42590883.0
3220092,2025-05-30,NIFTYBEES,590103,B,279.03,279.48,277.62,277.99,278.51,136447,37948735.0
3220093,2025-06-02,NIFTYBEES,590103,B,277.99,278.08,275.03,277.55,277.99,716502,198216254.0
3220094,2025-06-03,NIFTYBEES,590103,B,277.76,278.74,275.41,275.78,277.55,422878,117016735.0
3220095,2025-06-04,NIFTYBEES,590103,B,275.87,276.74,275.11,276.49,275.78,369391,102035090.0
3220096,2025-06-05,NIFTYBEES,590103,B,277.24,279.3,276.26,277.93,276.49,1419830,394462562.0
3220097,2025-06-06,NIFTYBEES,590103,B,277.93,280.95,277.0,280.44,277.93,319464,89272015.0
3220098,2025-06-09,NIFTYBEES,590103,B,281.0,282.07,280.66,281.36,280.44,140637,39592802.0
3220099,2025-06-10,NIFTYBEES,590103,B,281.44,282.41,280.95,281.33,281.36,605975,170674417.0
3220100,2025-06-11,NIFTYBEES,590103,B,282.9,282.9,278.92,281.85,281.33,152849,43121796.0
3220101,2025-06-12,NIFTYBEES,590103,B,282.09,282.51,278.37,278.87,281.85,224771,62944135.0
3220102,2025-06-13,NIFTYBEES,590103,B,276.2,277.59,275.11,277.08,278.87,306663,84848767.0
3220103,2025-06-16,NIFTYBEES,590103,B,275.2,279.99,275.2,279.68,277.08,205433,57215433.0
3220104,2025-06-17,NIFTYBEES,590103,B,280.29,280.39,278.11,278.62,279.68,193495,53913260.0
3220105,2025-06-18,NIFTYBEES,590103,B,277.45,279.85,277.27,278.22,278.62,394401,109854543.0
3220106,2025-06-19,NIFTYBEES,590103,B,278.22,281.0,277.36,277.86,278.22,92056,25608776.0
3220107,2025-06-20,NIFTYBEES,590103,B,280.63,281.7,277.21,281.47,277.86,432486,121500314.0
3220108,2025-06-23,NIFTYBEES,590103,B,280.11,281.57,278.46,280.67,281.47,312451,87494472.0
3220109,2025-06-24,NIFTYBEES,590103,B,283.47,284.34,281.1,281.46,280.67,343562,97218833.0
3220110,2025-06-25,NIFTYBEES,590103,B,278.64,283.75,278.0,283.32,281.46,712356,201684118.0
3220111,2025-06-26,NIFTYBEES,590103,B,281.5,286.67,281.46,286.35,283.32,260402,74281841.0
3220112,2025-06-27,NIFTYBEES,590103,B,286.39,288.2,286.2,287.93,286.35,150931,43397436.0
3220113,2025-06-30,NIFTYBEES,590103,B,287.93,289.09,286.12,286.59,287.93,142080,40811002.0
3220114,2025-07-01,NIFTYBEES,590103,B,287.2,287.5,286.42,286.86,286.59,508242,145804733.0
3220115,2025-07-02,NIFTYBEES,590103,B,286.0,287.6,283.99,285.84,286.86,452306,129432325.0
3220116,2025-07-03,NIFTYBEES,590103,B,284.9,287.3,281.0,285.5,285.84,495454,141918666.0
3220117,2025-07-04,NIFTYBEES,590103,B,285.5,286.35,284.5,286.09,285.5,444700,126892886.0
3220118,2025-07-07,NIFTYBEES,590103,B,286.09,290.0,285.31,286.05,286.09,118807,33975692.0
3220119,2025-07-08,NIFTYBEES,590103,B,288.91,288.91,285.56,286.82,286.05,100375,28743637.0
3220120,2025-07-09,NIFTYBEES,590103,B,284.5,287.48,284.5,286.46,286.82,84240,24161847.0
3220121,2025-07-10,NIFTYBEES,590103,B,289.17,289.17,285.01,285.25,286.46,64524,18427047.0
3220122,2025-07-11,NIFTYBEES,590103,B,282.56,285.08,282.56,283.18,285.25,610108,173116418.0
3220123,2025-07-14,NIFTYBEES,590103,B,283.18,283.7,280.34,282.68,283.18,605835,171029636.0
3220124,2025-07-15,NIFTYBEES,590103,B,285.5,285.5,282.35,283.69,282.68,181431,51408318.0
3220125,2025-07-16,NIFTYBEES,590103,B,283.7,283.99,282.7,283.68,283.69,311404,88244638.0
3220126,2025-07-17,NIFTYBEES,590103,B,283.64,284.5,282.41,282.72,283.68,440193,124659879.0
3220127,2025-07-18,NIFTYBEES,590103,B,285.54,285.54,280.91,281.47,282.72,193517,54488526.0
3220128,2025-07-21,NIFTYBEES,590103,B,282.37,282.54,280.16,282.25,281.47,685099,192959590.0
3220129,2025-07-22,NIFTYBEES,590103,B,283.85,283.85,281.72,282.1,282.25,95155,26870231.0
3220130,2025-07-23,NIFTYBEES,590103,B,282.28,283.7,282.2,283.54,282.1,454165,128481422.0
3220131,2025-07-24,NIFTYBEES,590103,B,283.44,284.37,281.5,282.07,283.54,490579,138583804.0
3220132,2025-07-25,NIFTYBEES,590103,B,282.34,282.34,279.82,280.08,282.07,220456,61804454.0
3220133,2025-07-28,NIFTYBEES,590103,B,279.51,280.7,278.15,278.47,280.08,737911,205983510.0
3220134,2025-07-29,NIFTYBEES,590103,B,279.15,280.37,276.88,280.09,278.47,131504,36647682.0
3220135,2025-07-30,NIFTYBEES,590103,B,280.09,280.74,279.26,280.12,280.09,356500,99867751.0
3220136,2025-07-31,NIFTYBEES,590103,B,279.02,281.38,277.77,279.49,280.12,290426,81269471.0
3220137,2025-08-01,NIFTYBEES,590103,B,277.5,281.0,274.56,277.42,279.49,703847,195835309.0
3220138,2025-08-04,NIFTYBEES,590103,B,278.68,279.0,276.78,278.78,277.42,528169,146873526.0
3220139,2025-08-05,NIFTYBEES,590103,B,279.7,279.7,274.88,278.18,278.78,196157,54535942.0
3220140,2025-08-06,NIFTYBEES,590103,B,278.53,278.53,276.91,277.27,278.18,492846,136753697.0
3220141,2025-08-07,NIFTYBEES,590103,B,277.2,278.0,274.71,277.28,277.27,343191,94784694.0
3220142,2025-08-08,NIFTYBEES,590103,B,277.32,277.43,274.86,275.15,277.28,213387,58839645.0
3220143,2025-08-11,NIFTYBEES,590103,B,274.9,277.5,274.4,277.29,275.15,540454,149163340.0
3220144,2025-08-12,NIFTYBEES,590103,B,277.79,278.7,276.35,276.57,277.29,420201,116620880.0
3220145,2025-08-13,NIFTYBEES,590103,B,276.94,278.44,276.94,277.99,276.57,371293,103129628.0
3220146,2025-08-14,NIFTYBEES,590103,B,278.79,278.79,277.44,278.42,277.99,110305,30694022.0
3220147,2025-08-18,NIFTYBEES,590103,B,280.0,282.41,280.0,281.05,278.42,1120893,315637056.0
3220148,2025-08-19,NIFTYBEES,590103,B,281.85,282.24,280.76,281.93,281.05,128084,36058423.0
3220149,2025-08-20,NIFTYBEES,590103,B,282.07,282.89,281.12,282.51,281.93,93026,26245286.0
3220150,2025-08-21,NIFTYBEES,590103,B,283.73,283.73,282.6,282.99,282.51,131006,37100235.0
3220151,2025-08-22,NIFTYBEES,590103,B,283.06,283.21,280.59,280.96,282.99,164833,46359014.0
3220152,2025-08-25,NIFTYBEES,590103,B,280.96,282.19,280.0,281.62,280.96,519100,146165195.0
3220153,2025-08-26,NIFTYBEES,590103,B,281.57,281.57,278.71,279.04,281.62,180007,50352185.0
3220154,2025-08-28,NIFTYBEES,590103,B,277.0,279.7,276.67,276.95,279.04,211628,58689389.0
3220155,2025-08-29,NIFTYBEES,590103,B,277.23,277.7,275.65,276.08,276.95,797388,220706816.0
3220156,2025-09-01,NIFTYBEES,590103,B,278.84,278.84,275.86,278.09,276.08,664567,184370580.0
3220157,2025-09-02,NIFTYBEES,590103,B,280.87,280.87,277.0,277.65,278.09,131507,36639430.0
3220158,2025-09-03,NIFTYBEES,590103,B,279.75,279.75,277.03,279.05,277.65,108444,30160663.0
3220159,2025-09-04,NIFTYBEES,590103,B,281.48,281.51,279.0,279.33,279.05,956169,267809830.0
3220160,2025-09-05,NIFTYBEES,590103,B,280.83,280.89,278.06,279.54,279.33,630492,176133830.0
3220161,2025-09-08,NIFTYBEES,590103,B,281.96,281.96,279.54,279.98,279.54,173832,48734478.0
3220162,2025-09-09,NIFTYBEES,590103,B,280.19,281.21,279.98,280.64,279.98,132254,37095294.0
3220163,2025-09-10,NIFTYBEES,590103,B,282.0,282.88,280.89,282.0,280.64,811845,228856431.0
3220164,2025-09-11,NIFTYBEES,590103,B,279.18,282.69,279.18,282.49,282.0,498896,140781732.0
3220165,2025-09-12,NIFTYBEES,590103,B,283.0,283.74,282.6,283.45,282.49,197646,55976892.0
3220166,2025-09-15,NIFTYBEES,590103,B,283.28,284.98,282.81,283.2,283.45,302043,85553314.0
3220167,2025-09-16,NIFTYBEES,590103,B,282.78,285.1,282.57,284.88,283.2,868350,246911572.0
3220168,2025-09-17,NIFTYBEES,590103,B,285.31,286.14,285.02,285.99,284.88,223288,63814241.0
3220169,2025-09-18,NIFTYBEES,590103,B,286.37,287.04,285.9,286.69,285.99,889794,254909838.0
3220170,2025-09-19,NIFTYBEES,590103,B,286.69,286.88,283.82,285.91,286.69,161622,46185483.0
3220171,2025-09-22,NIFTYBEES,590103,B,285.83,285.91,283.96,284.47,285.91,774225,220717618.0
3220172,2025-09-23,NIFTYBEES,590103,B,284.54,285.1,283.11,284.3,284.47,112229,31886276.0
3220173,2025-09-24,NIFTYBEES,590103,B,284.35,284.35,282.6,282.9,284.3,97699,27671156.0
3220174,2025-09-25,NIFTYBEES,590103,B,283.14,283.33,281.0,281.28,282.9,477160,134576084.0
3220175,2025-09-26,NIFTYBEES,590103,B,281.28,281.94,278.4,278.77,281.28,1146099,320252302.0
3220176,2025-09-29,NIFTYBEES,590103,B,280.0,280.2,278.09,278.53,278.77,643195,179556210.0
3220177,2025-09-30,NIFTYBEES,590103,B,279.39,279.63,277.31,277.51,278.53,320659,89059733.0
3220178,2025-10-01,NIFTYBEES,590103,B,275.35,280.95,275.35,280.53,277.51,176349,49281140.0
3220179,2025-10-03,NIFTYBEES,590103,B,280.19,281.45,279.48,281.19,280.53,581978,163207727.0
3220180,2025-10-06,NIFTYBEES,590103,B,281.5,283.27,280.53,282.99,281.19,1245148,351245874.0
3220181,2025-10-07,NIFTYBEES,590103,B,283.07,284.44,282.76,283.39,282.99,251426,71338830.0
3220182,2025-10-08,NIFTYBEES,590103,B,283.07,284.25,282.0,282.29,283.39,143255,40535134.0
3220183,2025-10-09,NIFTYBEES,590103,B,282.29,284.27,282.29,283.99,282.29,112945,32014954.0
3220184,2025-10-10,NIFTYBEES,590103,B,284.03,285.91,283.67,285.51,283.99,153165,43698698.0
3220185,2025-10-13,NIFTYBEES,590103,B,285.09,285.09,283.81,284.66,285.51,153415,43617821.0
3220186,2025-10-14,NIFTYBEES,590103,B,284.6,285.72,282.85,283.69,284.66,880294,250201006.0
3220187,2025-10-15,NIFTYBEES,590103,B,284.38,286.39,283.37,285.96,283.69,1054710,301163867.0
3220188,2025-10-16,NIFTYBEES,590103,B,285.96,289.0,285.46,288.63,285.96,330318,95007111.0
3220189,2025-10-17,NIFTYBEES,590103,B,288.63,291.0,287.78,290.14,288.63,653092,189367915.0
3220190,2025-10-20,NIFTYBEES,590103,B,295.0,295.0,290.86,291.96,290.14,219632,64075996.0
3220191,2025-10-21,NIFTYBEES,590103,B,292.2,292.75,291.35,291.84,291.96,699153,204176946.0
3220192,2025-10-23,NIFTYBEES,590103,B,293.66,294.87,291.89,292.45,291.84,282535,83109298.0
3220193,2025-10-24,NIFTYBEES,590103,B,292.17,293.0,290.09,290.99,292.45,895547,260997576.0
3220194,2025-10-27,NIFTYBEES,590103,B,293.96,293.96,291.36,293.41,290.99,249031,73034202.0
3220195,2025-10-28,NIFTYBEES,590103,B,290.6,294.19,290.6,292.85,293.41,995874,291568055.0
3220196,2025-10-29,NIFTYBEES,590103,B,292.95,294.97,292.95,294.52,292.85,198599,58455281.0
3220197,2025-10-30,NIFTYBEES,590103,B,294.29,294.48,292.18,292.59,294.52,624365,182817653.0
3220198,2025-10-31,NIFTYBEES,590103,B,292.0,293.6,290.83,291.1,292.59,672281,196255798.0
3220199,2025-11-03,NIFTYBEES,590103,B,291.14,291.64,290.0,291.31,291.1,680363,197937611.0
3220200,2025-11-04,NIFTYBEES,590103,B,291.52,292.44,289.3,289.54,291.31,169926,49292290.0
3220201,2025-11-06,NIFTYBEES,590103,B,286.64,292.0,286.64,288.43,289.54,201717,58300354.0
3220202,2025-11-07,NIFTYBEES,590103,B,286.64,289.27,286.35,288.4,288.43,770226,221388730.0
3220203,2025-11-10,NIFTYBEES,590103,B,288.4,290.35,286.91,289.56,288.4,115732,33524703.0
3220204,2025-11-11,NIFTYBEES,590103,B,289.72,291.05,288.06,290.85,289.56,623249,180444994.0
3220205,2025-11-12,NIFTYBEES,590103,B,291.5,293.05,291.37,292.38,290.85,1119218,327310125.0
3220206,2025-11-13,NIFTYBEES,590103,B,292.38,293.84,291.69,292.41,292.38,265369,77776470.0
3220207,2025-11-14,NIFTYBEES,590103,B,292.1,293.17,291.1,292.85,292.41,625028,182564506.0
3220208,2025-11-17,NIFTYBEES,590103,B,292.85,294.5,290.8,293.91,292.85,805966,236674801.0
3220209,2025-11-18,NIFTYBEES,590103,B,293.91,294.43,292.51,293.07,293.91,258976,75922909.0
3220210,2025-11-19,NIFTYBEES,590103,B,293.01,294.55,292.32,294.25,293.07,783237,230020926.0
3220211,2025-11-20,NIFTYBEES,590103,B,297.19,297.19,293.55,295.64,294.25,227852,67338948.0
3220212,2025-11-21,NIFTYBEES,590103,B,294.84,295.64,294.0,294.29,295.64,742425,218843744.0
3220213,2025-11-24,NIFTYBEES,590103,B,294.29,295.36,293.0,293.12,294.29,200381,58988734.0
3220214,2025-11-25,NIFTYBEES,590103,B,293.87,293.99,292.33,292.7,293.12,136629,40071576.0
3220215,2025-11-26,NIFTYBEES,590103,B,293.28,296.15,292.63,295.95,292.7,919202,271390013.0
3220216,2025-11-27,NIFTYBEES,590103,B,296.12,297.49,295.5,296.43,295.95,272960,81012367.0
3220217,2025-11-28,NIFTYBEES,590103,B,296.43,297.19,295.92,296.46,296.43,438622,130098445.0
3220218,2025-12-01,NIFTYBEES,590103,B,297.94,298.02,295.6,296.22,296.46,232237,68896531.0
3220219,2025-12-02,NIFTYBEES,590103,B,296.22,296.25,293.66,294.69,296.22,444022,130974913.0
3220220,2025-12-03,NIFTYBEES,590103,B,291.74,295.19,291.74,293.96,294.69,854432,250519159.0
3220221,2025-12-04,NIFTYBEES,590103,B,294.19,294.95,291.14,294.4,293.96,534252,157090084.0
3220222,2025-12-05,NIFTYBEES,590103,B,294.4,296.4,293.8,295.82,294.4,860224,254315484.0
3220223,2025-12-08,NIFTYBEES,590103,B,295.82,298.77,293.0,293.4,295.82,190350,56042344.0
3220224,2025-12-09,NIFTYBEES,590103,B,293.33,293.33,291.22,292.39,293.4,224078,65467748.0
3220225,2025-12-10,NIFTYBEES,590103,B,292.39,293.67,291.35,291.61,292.39,496039,145049259.0
3220226,2025-12-11,NIFTYBEES,590103,B,288.69,293.29,288.69,292.87,291.61,448844,131123961.0
3220227,2025-12-12,NIFTYBEES,590103,B,292.87,294.93,292.19,294.63,292.87,242356,71312199.0
3220228,2025-12-15,NIFTYBEES,590103,B,294.69,296.0,293.07,294.56,294.63,116769,34330017.0
3220229,2025-12-16,NIFTYBEES,590103,B,294.4,294.53,292.36,292.66,294.56,444708,130165299.0
3220230,2025-12-17,NIFTYBEES,590103,B,292.67,293.33,291.0,291.8,292.66,273594,79825067.0
3220231,2025-12-18,NIFTYBEES,590103,B,291.65,292.87,290.7,291.81,291.8,121689,35492106.0
3220232,2025-12-19,NIFTYBEES,590103,B,292.51,293.63,292.21,293.48,291.81,107361,31486184.0
3220233,2025-12-22,NIFTYBEES,590103,B,293.0,295.75,292.55,295.63,293.48,174141,51396418.0
3220234,2025-12-23,NIFTYBEES,590103,B,295.63,296.25,295.14,295.66,295.63,136187,40279184.0
3220235,2025-12-24,NIFTYBEES,590103,B,295.65,296.45,295.21,295.51,295.66,131567,38921730.0
3220236,2025-12-26,NIFTYBEES,590103,B,294.49,295.72,294.2,294.4,295.51,308882,91042828.0
3220237,2025-12-29,NIFTYBEES,590103,B,294.46,295.23,291.45,293.11,294.4,316412,92892357.0
3220238,2025-12-30,NIFTYBEES,590103,B,293.11,293.64,292.0,293.34,293.11,112752,33031825.0
3220239,2025-12-31,NIFTYBEES,590103,B,293.34,295.75,292.98,295.33,293.34,141758,41771136.0
3220240,2026-01-02,NIFTYBEES,590103,B,295.17,297.91,295.17,297.59,295.36,312843,92899484.0
3220241,2026-01-05,NIFTYBEES,590103,B,297.6,298.09,296.02,296.3,297.59,256475,76233429.0
3220242,2026-01-06,NIFTYBEES,590103,B,296.5,297.15,295.7,296.0,296.3,153750,45565531.0
3220243,2026-01-08,NIFTYBEES,590103,B,295.72,296.14,292.72,292.99,295.69,226070,66484258.0
3220244,2026-01-13,NIFTYBEES,590103,B,290.22,293.0,289.9,291.07,291.91,191056,55621717.0
3220245,2026-01-16,NIFTYBEES,590103,B,291.67,292.89,290.51,291.07,292.8,135332,39457135.0
3220246,2026-01-20,NIFTYBEES,590103,B,290.0,290.0,285.75,286.29,289.62,332691,95725350.0
3220247,2026-01-28,NIFTYBEES,590103,B,285.25,286.9,285.16,286.66,285.18,316493,90519845.0
3220248,2026-01-30,NIFTYBEES,590103,B,286.46,289.55,284.96,287.27,287.38,282802,81013686.0
342119,2026-02-01,NIFTYBEES,590103,B,287.27,288.48,280.0,282.36,287.27,665653,189307322.0
342120,2026-02-02,NIFTYBEES,590103,B,282.36,284.45,279.73,283.93,282.36,449873,126729061.0
342121,2026-02-03,NIFTYBEES,590103,B,294.5,298.31,290.03,291.25,283.93,859832,250983023.0
342122,2026-02-04,NIFTYBEES,590103,B,288.33,292.17,288.33,291.71,291.25,405191,118193547.0
342123,2026-02-05,NIFTYBEES,590103,B,291.72,292.14,289.39,290.34,291.71,176489,51266473.0
342124,2026-02-06,NIFTYBEES,590103,B,290.3,290.9,288.5,290.74,290.34,131097,37983508.0
342125,2026-02-09,NIFTYBEES,590103,B,291.96,292.83,291.66,292.63,290.74,158561,46354460.0
342126,2026-02-10,NIFTYBEES,590103,B,292.72,293.8,292.57,293.43,292.63,145293,42624906.0
342127,2026-02-11,NIFTYBEES,590103,B,294.85,294.85,293.17,293.88,293.43,98635,28979717.0
342128,2026-02-12,NIFTYBEES,590103,B,293.76,293.82,291.8,292.33,293.88,164426,48108762.0
342129,2026-02-13,NIFTYBEES,590103,B,290.82,290.94,288.54,288.96,292.33,173477,50227394.0
342130,2026-02-16,NIFTYBEES,590103,B,288.96,291.0,287.51,290.77,288.96,159547,46131832.0
342131,2026-02-17,NIFTYBEES,590103,B,289.0,291.79,287.31,291.46,290.77,120654,35072907.0
342132,2026-02-18,NIFTYBEES,590103,B,291.46,292.45,288.54,292.31,291.46,102077,29753167.0
342133,2026-02-19,NIFTYBEES,590103,B,291.0,292.68,287.59,288.41,292.31,176861,51298573.0
342134,2026-02-20,NIFTYBEES,590103,B,288.68,290.39,287.38,289.24,288.41,115533,33400490.0
342135,2026-02-23,NIFTYBEES,590103,B,291.56,291.57,289.5,290.46,289.24,88843,25792181.0
342136,2026-02-24,NIFTYBEES,590103,B,290.0,290.0,287.01,287.88,290.46,215064,61988599.0
342137,2026-02-25,NIFTYBEES,590103,B,288.27,290.25,287.68,288.66,287.88,95842,27707417.0
342138,2026-02-26,NIFTYBEES,590103,B,289.97,290.35,287.91,288.53,288.66,86088,24851142.0
342139,2026-02-27,NIFTYBEES,590103,B,287.25,288.94,285.04,285.34,288.53,209626,60029228.0
342140,2026-03-02,NIFTYBEES,590103,B,280.86,283.25,278.2,282.04,285.34,822066,231466577.0
342141,2026-03-04,NIFTYBEES,590103,B,280.0,280.0,275.6,277.29,282.04,1473629,407791887.0
342142,2026-03-05,NIFTYBEES,590103,B,279.27,281.34,277.82,280.82,277.29,320807,89601440.0
342143,2026-03-06,NIFTYBEES,590103,B,273.79,279.77,273.79,277.29,280.82,387740,108004468.0
342144,2026-03-09,NIFTYBEES,590103,B,270.35,275.0,268.81,272.44,277.29,1768395,478378863.0
342145,2026-03-10,NIFTYBEES,590103,B,265.62,277.07,265.62,275.07,272.44,440467,120778704.0
342146,2026-03-11,NIFTYBEES,590103,B,273.6,275.47,268.19,270.6,275.07,522977,142324151.0
342147,2026-03-12,NIFTYBEES,590103,B,265.0,270.0,265.0,268.2,270.6,846584,227159090.0
342148,2026-03-13,NIFTYBEES,590103,B,265.85,266.89,262.25,262.69,268.2,1157587,305543574.0
342149,2026-03-16,NIFTYBEES,590103,B,262.7,265.99,260.14,265.13,262.69,600614,157848233.0
342150,2026-03-17,NIFTYBEES,590103,B,266.6,267.7,264.72,267.15,265.13,288080,76718625.0
342151,2026-03-18,NIFTYBEES,590103,B,268.18,270.0,267.15,269.28,267.15,276246,74316220.0
342152,2026-03-19,NIFTYBEES,590103,B,264.42,265.98,261.51,262.05,269.28,827478,217824170.0
342153,2026-03-20,NIFTYBEES,590103,B,263.31,264.61,261.6,262.2,262.05,360409,94917720.0
342154,2026-03-23,NIFTYBEES,590103,B,261.2,261.2,254.84,255.23,262.2,1669418,427868230.0
342155,2026-03-24,NIFTYBEES,590103,B,257.96,261.94,256.5,259.84,255.23,1741960,450537329.0
342156,2026-03-25,NIFTYBEES,590103,B,253.34,265.88,253.34,263.88,259.84,892527,235673407.0
342157,2026-03-27,NIFTYBEES,590103,B,264.03,265.38,258.67,258.95,263.88,540032,140623990.0
342158,2026-03-30,NIFTYBEES,590103,B,256.0,257.71,252.7,253.51,258.95,1471577,375209654.0
342159,2026-04-01,NIFTYBEES,590103,B,258.94,260.09,257.06,257.6,253.51,649186,167999203.0
342160,2026-04-02,NIFTYBEES,590103,B,251.16,259.58,251.16,257.68,257.6,1163223,295045884.0
342161,2026-04-06,NIFTYBEES,590103,B,251.23,260.67,251.23,260.25,257.68,1376220,354375494.0
342162,2026-04-07,NIFTYBEES,590103,B,260.25,261.74,257.5,261.52,260.25,393266,102234002.0
342163,2026-04-08,NIFTYBEES,590103,B,254.98,272.0,254.98,271.66,261.52,1309274,354128109.0
342164,2026-04-09,NIFTYBEES,590103,B,271.7,271.99,268.47,269.48,271.66,468808,126571426.0
342165,2026-04-10,NIFTYBEES,590103,B,269.55,272.27,269.48,272.01,269.48,431850,117172337.0
342166,2026-04-13,NIFTYBEES,590103,B,267.5,270.4,266.96,268.96,272.01,669355,179731968.0
342167,2026-04-15,NIFTYBEES,590103,B,275.68,275.68,272.24,273.86,268.96,371981,101867439.0
342168,2026-04-16,NIFTYBEES,590103,B,275.06,275.7,272.92,274.04,273.86,668507,183412891.0
342169,2026-04-17,NIFTYBEES,590103,B,272.5,276.0,272.5,275.82,274.04,617327,169626580.0
342170,2026-04-20,NIFTYBEES,590103,B,276.15,282.71,270.0,275.39,275.82,450362,124066058.0
342171,2026-04-21,NIFTYBEES,590103,B,273.08,277.84,273.08,277.62,275.39,522437,144757076.0
342172,2026-04-22,NIFTYBEES,590103,B,277.62,277.71,275.41,275.57,277.62,282671,78024771.0
342173,2026-04-23,NIFTYBEES,590103,B,268.68,275.0,268.68,273.7,275.57,232409,63655866.0
342174,2026-04-24,NIFTYBEES,590103,B,274.76,274.76,270.12,271.1,273.7,370849,100681955.0
342175,2026-04-27,NIFTYBEES,590103,B,277.87,277.87,271.08,272.57,271.1,413376,112585365.0
342176,2026-04-28,NIFTYBEES,590103,B,270.0,273.5,265.75,271.55,272.57,336779,91616011.0
342177,2026-04-29,NIFTYBEES,590103,B,270.0,275.0,264.76,273.15,271.55,362144,99134213.0
342178,2026-04-30,NIFTYBEES,590103,B,268.91,273.6,268.91,272.09,273.15,430456,116476935.0
342179,2026-05-04,NIFTYBEES,590103,B,265.28,274.7,265.28,273.18,272.09,423056,115850530.0
342180,2026-05-05,NIFTYBEES,590103,B,271.77,272.91,270.58,272.33,273.18,234560,63699291.0
342181,2026-05-06,NIFTYBEES,590103,B,272.3,275.96,265.52,275.56,272.33,798465,218943941.0
342182,2026-05-07,NIFTYBEES,590103,B,282.44,282.44,274.62,275.2,275.56,356937,98440519.0
342183,2026-05-08,NIFTYBEES,590103,B,273.8,274.74,268.32,274.07,275.2,323968,88767984.0
342184,2026-05-11,NIFTYBEES,590103,B,267.21,272.18,262.57,270.08,274.07,474723,128623145.0
342185,2026-05-12,NIFTYBEES,590103,B,273.0,277.85,264.74,265.02,270.08,470308,125484528.0
342186,2026-05-13,NIFTYBEES,590103,B,271.64,271.64,262.36,265.59,265.02,330266,87721744.0
342187,2026-05-14,NIFTYBEES,590103,B,258.95,269.5,258.95,268.21,265.59,510236,136412265.0
342188,2026-05-15,NIFTYBEES,590103,B,268.26,269.66,266.98,267.29,268.21,354375,95065544.0
342189,2026-05-18,NIFTYBEES,590103,B,267.18,268.0,264.01,267.76,267.29,305628,81196901.0
342190,2026-05-19,NIFTYBEES,590103,B,267.36,269.24,267.0,267.57,267.76,305329,81968155.0
342191,2026-05-20,NIFTYBEES,590103,B,266.4,268.38,264.89,268.1,267.57,122381,32665222.0
342192,2026-05-21,NIFTYBEES,590103,B,268.75,270.5,267.25,268.05,268.1,436026,117064806.0
342193,2026-05-22,NIFTYBEES,590103,B,274.75,274.75,265.36,269.03,268.05,237790,64047479.0
342194,2026-05-25,NIFTYBEES,590103,B,270.41,272.4,269.76,271.97,269.03,196283,53274250.0
342195,2026-05-26,NIFTYBEES,590103,B,273.63,273.63,270.51,270.95,271.97,174428,47355755.0
342196,2026-05-27,NIFTYBEES,590103,B,270.18,271.47,270.18,270.9,270.95,203543,55128259.0
342197,2026-05-29,NIFTYBEES,590103,B,277.67,277.67,267.23,267.73,270.9,396922,106856259.0
