,date,symbol,sc_code,sc_group,open,high,low,close,prev_close,volume,turnover
893,2015-01-01,WELSPUNLIV,514162,B ,33.2,33.9,32.52,32.97,330.3,637,2469330.0
3998,2015-01-02,WELSPUNLIV,514162,B ,33.15,34.5,32.2,33.56,329.7,1332,6328876.0
7218,2015-01-05,WELSPUNLIV,514162,B ,33.59,33.75,32.0,32.49,335.6,609,2959920.0
10446,2015-01-06,WELSPUNLIV,514162,B ,32.5,32.8,30.99,31.19,324.95,850,3723287.0
13591,2015-01-07,WELSPUNLIV,514162,B ,31.35,32.3,30.51,31.97,311.9,1248,4697546.0
16723,2015-01-08,WELSPUNLIV,514162,B ,32.2,33.4,32.2,32.9,319.7,405,2432345.0
19873,2015-01-09,WELSPUNLIV,514162,B ,33.1,33.49,32.81,33.04,329.05,485,3011117.0
23074,2015-01-12,WELSPUNLIV,514162,B ,33.2,33.5,32.8,33.0,330.45,536,2805026.0
26272,2015-01-13,WELSPUNLIV,514162,B ,33.15,33.5,32.8,32.96,330.0,788,2923368.0
29426,2015-01-14,WELSPUNLIV,514162,B ,33.15,34.2,33.1,33.77,329.55,506,2486825.0
32579,2015-01-15,WELSPUNLIV,514162,B ,33.95,34.39,33.56,33.87,337.7,266,1136680.0
35763,2015-01-16,WELSPUNLIV,514162,B ,34.05,34.79,33.85,34.26,338.7,825,4196691.0
38962,2015-01-19,WELSPUNLIV,514162,B ,34.45,34.62,33.95,34.25,342.55,635,4676428.0
42202,2015-01-20,WELSPUNLIV,514162,B ,34.45,35.7,34.45,34.86,342.5,540,2625056.0
45466,2015-01-21,WELSPUNLIV,514162,B ,35.05,35.55,33.6,34.16,348.6,481,3312093.0
48673,2015-01-22,WELSPUNLIV,514162,B ,34.4,34.84,33.7,33.92,341.6,671,2375079.0
51872,2015-01-23,WELSPUNLIV,514162,B ,34.1,34.7,33.9,34.06,339.2,308,1445513.0
55110,2015-01-27,WELSPUNLIV,514162,B ,34.1,34.6,34.1,34.26,340.55,378,1740883.0
58312,2015-01-28,WELSPUNLIV,514162,B ,34.44,35.4,33.8,34.98,342.6,686,4307790.0
61458,2015-01-29,WELSPUNLIV,514162,B ,35.14,36.51,35.14,35.84,349.75,872,6517852.0
64622,2015-01-30,WELSPUNLIV,514162,B ,37.0,38.49,36.61,38.39,358.45,3465,33335854.0
67781,2015-02-02,WELSPUNLIV,514162,B ,38.2,40.0,38.1,38.95,383.95,2018,11083607.0
70974,2015-02-03,WELSPUNLIV,514162,B ,39.0,39.34,37.0,37.22,389.5,593,2682907.0
74169,2015-02-04,WELSPUNLIV,514162,B ,37.25,37.86,36.2,36.51,372.25,586,3974131.0
77365,2015-02-05,WELSPUNLIV,514162,B ,36.7,38.2,36.7,37.76,365.1,559,2177376.0
80534,2015-02-06,WELSPUNLIV,514162,B ,37.95,39.25,37.5,37.61,377.6,647,3224818.0
83697,2015-02-09,WELSPUNLIV,514162,B ,37.65,37.95,36.87,37.06,376.1,420,1879920.0
86787,2015-02-10,WELSPUNLIV,514162,B ,37.24,37.9,36.7,36.93,370.6,359,1217845.0
89836,2015-02-11,WELSPUNLIV,514162,B ,37.2,37.6,36.9,36.96,369.3,228,1239057.0
92918,2015-02-12,WELSPUNLIV,514162,B ,37.0,37.2,36.71,36.78,369.55,197,868905.0
96059,2015-02-13,WELSPUNLIV,514162,B ,36.8,37.34,35.8,36.08,367.75,516,2073564.0
99235,2015-02-16,WELSPUNLIV,514162,B ,36.0,36.11,35.41,35.69,360.75,213,850155.0
102437,2015-02-18,WELSPUNLIV,514162,B ,35.7,36.5,35.0,35.88,356.9,1099,3901461.0
105615,2015-02-19,WELSPUNLIV,514162,B ,35.88,36.0,35.0,35.44,358.8,630,2672597.0
108768,2015-02-20,WELSPUNLIV,514162,B ,35.45,35.65,35.2,35.34,354.35,276,1041698.0
111958,2015-02-23,WELSPUNLIV,514162,B ,35.5,36.1,35.5,35.52,353.35,582,5919122.0
115162,2015-02-24,WELSPUNLIV,514162,B ,35.7,36.04,34.5,34.8,355.15,592,12624304.0
118320,2015-02-25,WELSPUNLIV,514162,B ,35.0,35.88,35.0,35.51,348.0,401,9429748.0
121472,2015-02-26,WELSPUNLIV,514162,B ,35.7,35.75,35.0,35.14,355.05,178,603173.0
124592,2015-02-27,WELSPUNLIV,514162,B ,35.1,35.9,35.1,35.84,351.35,318,4238396.0
127736,2015-02-28,WELSPUNLIV,514162,B ,35.85,36.0,35.0,35.01,358.35,318,2736313.0
130744,2015-03-02,WELSPUNLIV,514162,B ,35.0,35.4,34.5,34.84,350.1,419,1849247.0
133902,2015-03-03,WELSPUNLIV,514162,B ,34.97,35.45,34.1,34.24,348.4,575,6456576.0
137073,2015-03-04,WELSPUNLIV,514162,B ,34.3,35.1,33.5,34.16,342.35,543,1757809.0
140244,2015-03-05,WELSPUNLIV,514162,B ,34.2,34.9,33.0,34.4,341.65,607,6556904.0
143422,2015-03-09,WELSPUNLIV,514162,B ,34.67,34.7,33.9,34.1,344.0,267,5786695.0
146574,2015-03-10,WELSPUNLIV,514162,B ,34.1,34.3,33.75,33.9,341.0,309,9519166.0
149752,2015-03-11,WELSPUNLIV,514162,B ,33.9,34.6,33.05,33.5,339.0,693,9538937.0
152902,2015-03-12,WELSPUNLIV,514162,B ,33.5,34.0,33.35,33.68,335.0,442,3952334.0
156078,2015-03-13,WELSPUNLIV,514162,B ,33.85,34.0,32.5,32.89,336.8,867,5619497.0
159223,2015-03-16,WELSPUNLIV,514162,B ,32.64,34.26,31.95,33.12,328.85,3155,84047464.0
162402,2015-03-17,WELSPUNLIV,514162,B ,33.4,33.51,32.35,32.74,331.25,190,561527.0
165541,2015-03-18,WELSPUNLIV,514162,B ,32.9,34.2,32.64,33.77,327.45,612,3658462.0
168671,2015-03-19,WELSPUNLIV,514162,B ,34.42,34.59,33.5,33.75,337.7,597,2709988.0
171809,2015-03-20,WELSPUNLIV,514162,B ,34.09,34.09,32.7,33.39,337.5,396,1595991.0
174973,2015-03-23,WELSPUNLIV,514162,B ,33.39,33.48,32.64,33.16,333.85,305,1084205.0
178144,2015-03-24,WELSPUNLIV,514162,B ,33.32,33.54,32.45,32.62,331.6,530,1845717.0
181263,2015-03-25,WELSPUNLIV,514162,B ,33.0,33.21,32.3,32.88,326.2,1012,3019106.0
184405,2015-03-26,WELSPUNLIV,514162,B ,32.68,32.68,32.1,32.33,328.75,355,8057200.0
187504,2015-03-27,WELSPUNLIV,514162,B ,32.8,33.07,32.34,32.56,323.25,189,2209790.0
190622,2015-03-30,WELSPUNLIV,514162,B ,33.06,34.1,32.78,34.08,325.65,468,2214173.0
193642,2015-03-31,WELSPUNLIV,514162,B ,34.05,35.6,34.04,35.35,340.85,571,4191964.0
196631,2015-04-01,WELSPUNLIV,514162,B ,35.58,38.69,35.58,37.71,353.5,771,3941862.0
199592,2015-04-06,WELSPUNLIV,514162,B ,37.42,39.1,37.33,37.42,377.15,699,5048580.0
202626,2015-04-07,WELSPUNLIV,514162,B ,37.2,37.6,35.9,36.5,374.25,864,18591300.0
205685,2015-04-08,WELSPUNLIV,514162,B ,36.74,38.9,36.46,38.32,365.0,660,5987662.0
208746,2015-04-09,WELSPUNLIV,514162,B ,38.97,39.1,37.61,37.96,383.2,619,3883775.0
211831,2015-04-10,WELSPUNLIV,514162,B ,38.34,40.58,38.3,39.85,379.55,1551,19407989.0
214967,2015-04-13,WELSPUNLIV,514162,B ,39.7,43.5,39.7,42.7,398.5,3782,37341879.0
218092,2015-04-15,WELSPUNLIV,514162,B ,43.4,45.1,42.72,43.29,427.0,2640,24464538.0
221175,2015-04-16,WELSPUNLIV,514162,B ,43.3,43.45,41.5,42.1,432.9,746,7770414.0
224272,2015-04-17,WELSPUNLIV,514162,B ,42.4,42.41,40.89,41.08,421.05,287,4183059.0
227368,2015-04-20,WELSPUNLIV,514162,B ,41.0,41.97,39.5,40.93,410.85,2098,21772421.0
230459,2015-04-21,WELSPUNLIV,514162,B ,40.7,42.47,40.7,42.36,409.3,1347,18057623.0
233491,2015-04-22,WELSPUNLIV,514162,B ,42.08,43.28,41.95,42.4,423.55,2074,16220336.0
236548,2015-04-23,WELSPUNLIV,514162,B ,42.74,44.1,42.74,43.43,424.05,1260,20046582.0
239591,2015-04-24,WELSPUNLIV,514162,B ,43.4,43.4,36.9,38.89,434.3,2302,24994316.0
242626,2015-04-27,WELSPUNLIV,514162,B ,40.45,41.3,35.8,37.99,388.95,2630,20531930.0
245642,2015-04-28,WELSPUNLIV,514162,B ,38.21,41.72,38.2,41.36,379.95,2413,13962133.0
248633,2015-04-29,WELSPUNLIV,514162,B ,41.89,46.1,41.4,44.82,413.55,18188,160143123.0
251612,2015-04-30,WELSPUNLIV,514162,B ,45.7,49.2,43.88,47.53,448.25,16373,155895923.0
254583,2015-05-04,WELSPUNLIV,514162,B ,48.25,50.45,48.05,49.62,475.3,6228,46053803.0
257647,2015-05-05,WELSPUNLIV,514162,B ,49.62,49.9,48.2,48.6,496.2,3312,31699523.0
260665,2015-05-06,WELSPUNLIV,514162,B ,48.24,48.42,46.01,46.92,485.95,2911,16585352.0
263659,2015-05-07,WELSPUNLIV,514162,B ,47.11,52.4,47.0,49.67,469.15,12600,128531395.0
266628,2015-05-08,WELSPUNLIV,514162,B ,49.9,52.05,48.68,49.88,496.7,4453,41552640.0
269621,2015-05-11,WELSPUNLIV,514162,B ,50.8,51.5,50.2,50.62,498.75,1329,25890855.0
272585,2015-05-12,WELSPUNLIV,514162,B ,50.42,50.9,49.27,50.78,506.2,985,14571721.0
275547,2015-05-13,WELSPUNLIV,514162,B ,50.82,53.7,50.38,52.97,507.85,2855,60493939.0
278523,2015-05-14,WELSPUNLIV,514162,B ,52.94,55.18,52.2,54.94,529.7,3984,66756304.0
281505,2015-05-15,WELSPUNLIV,514162,B ,52.52,55.46,52.52,53.53,549.35,1082,13863849.0
284471,2015-05-18,WELSPUNLIV,514162,B ,53.79,55.19,52.68,53.86,535.3,1608,22243862.0
287461,2015-05-19,WELSPUNLIV,514162,B ,53.73,56.67,53.7,56.31,538.65,1965,38186301.0
290469,2015-05-20,WELSPUNLIV,514162,B ,56.5,56.8,54.0,54.8,563.1,1130,15886358.0
293482,2015-05-21,WELSPUNLIV,514162,B ,54.4,55.5,53.5,53.94,547.95,1309,17654231.0
296464,2015-05-22,WELSPUNLIV,514162,B ,54.3,55.95,54.3,55.58,539.35,1024,25953980.0
299420,2015-05-25,WELSPUNLIV,514162,B ,55.1,56.35,53.74,55.7,555.8,923,68075125.0
302385,2015-05-26,WELSPUNLIV,514162,B ,55.9,57.5,55.9,56.76,557.05,1098,12210799.0
305324,2015-05-27,WELSPUNLIV,514162,B ,55.98,57.19,55.98,56.42,567.65,537,34173044.0
308220,2015-05-28,WELSPUNLIV,514162,B ,56.44,56.7,54.73,55.0,564.15,741,13364904.0
311141,2015-05-29,WELSPUNLIV,514162,B ,54.7,57.0,54.7,56.35,550.05,1596,40771079.0
314108,2015-06-01,WELSPUNLIV,514162,B ,56.87,57.75,56.5,57.02,563.45,686,10959810.0
317104,2015-06-02,WELSPUNLIV,514162,B ,57.2,57.25,55.1,55.5,570.25,685,16504769.0
320054,2015-06-03,WELSPUNLIV,514162,B ,55.5,56.5,51.4,54.14,554.95,1269,16862686.0
323030,2015-06-04,WELSPUNLIV,514162,B ,53.8,55.78,53.3,54.51,541.45,285,3280524.0
325956,2015-06-05,WELSPUNLIV,514162,B ,53.9,55.1,53.6,54.08,545.1,278,13143634.0
328899,2015-06-08,WELSPUNLIV,514162,B ,54.68,54.99,52.7,53.44,540.8,426,3887348.0
331822,2015-06-09,WELSPUNLIV,514162,B ,52.7,53.58,51.61,52.22,534.35,350,6528752.0
334724,2015-06-10,WELSPUNLIV,514162,B ,52.5,54.4,52.5,52.9,522.25,317,4620638.0
337656,2015-06-11,WELSPUNLIV,514162,B ,53.5,53.88,51.5,51.53,528.95,595,7870868.0
340572,2015-06-12,WELSPUNLIV,514162,B ,51.0,53.04,49.5,51.65,515.3,858,10222525.0
343501,2015-06-15,WELSPUNLIV,514162,B ,51.8,53.45,51.54,51.96,516.5,629,8875467.0
346425,2015-06-16,WELSPUNLIV,514162,B ,52.36,54.0,52.26,53.73,519.55,686,10462370.0
349364,2015-06-17,WELSPUNLIV,514162,B ,54.7,55.4,54.15,54.64,537.3,954,13309630.0
352319,2015-06-18,WELSPUNLIV,514162,B ,55.0,56.28,55.0,55.64,546.35,493,8087400.0
355324,2015-06-19,WELSPUNLIV,514162,B ,55.99,59.0,55.99,57.39,556.35,1610,29094240.0
358291,2015-06-22,WELSPUNLIV,514162,B ,58.5,63.0,58.5,62.3,573.85,3245,55069627.0
361269,2015-06-23,WELSPUNLIV,514162,B ,62.75,62.75,59.7,61.17,623.05,1599,34472133.0
364242,2015-06-24,WELSPUNLIV,514162,B ,61.36,61.45,59.32,59.82,611.7,719,11924500.0
367225,2015-06-25,WELSPUNLIV,514162,B ,62.0,62.0,60.0,60.47,598.25,691,11398539.0
370164,2015-06-26,WELSPUNLIV,514162,B ,61.45,63.82,61.2,63.34,604.7,1946,34640169.0
373109,2015-06-29,WELSPUNLIV,514162,B ,63.4,63.86,60.45,62.52,633.4,1384,22637002.0
376084,2015-06-30,WELSPUNLIV,514162,B ,63.12,65.0,62.92,64.24,625.25,1056,21960778.0
379107,2015-07-01,WELSPUNLIV,514162,B ,65.0,65.4,63.2,63.6,642.35,871,13832425.0
382117,2015-07-02,WELSPUNLIV,514162,B ,64.2,66.67,63.78,66.14,635.95,1013,21550181.0
385240,2015-07-03,WELSPUNLIV,514162,B ,66.9,67.04,64.2,64.62,661.4,842,11447192.0
388469,2015-07-06,WELSPUNLIV,514162,B ,64.0,71.82,64.0,70.74,646.2,3898,74135168.0
391585,2015-07-07,WELSPUNLIV,514162,B ,70.6,71.85,69.0,69.84,707.35,1563,27261702.0
394657,2015-07-08,WELSPUNLIV,514162,B ,68.56,72.4,68.45,69.61,698.35,1711,30619501.0
397720,2015-07-09,WELSPUNLIV,514162,B ,70.0,71.53,69.2,69.78,696.1,1105,20987965.0
400810,2015-07-10,WELSPUNLIV,514162,B ,70.8,71.5,70.03,71.13,697.75,658,11302860.0
403866,2015-07-13,WELSPUNLIV,514162,B ,71.9,74.44,70.7,73.55,711.3,2174,37774525.0
406970,2015-07-14,WELSPUNLIV,514162,B ,74.5,75.4,73.0,73.46,735.55,1961,36520431.0
410092,2015-07-15,WELSPUNLIV,514162,B ,73.8,74.9,73.5,73.74,734.6,886,17403763.0
413200,2015-07-16,WELSPUNLIV,514162,B ,74.6,78.5,74.35,75.45,737.35,3463,82378050.0
416284,2015-07-17,WELSPUNLIV,514162,B ,76.97,78.09,76.3,77.45,754.5,1597,94672364.0
419404,2015-07-20,WELSPUNLIV,514162,B ,77.59,79.96,76.25,77.34,774.45,5195,120052883.0
422482,2015-07-21,WELSPUNLIV,514162,B ,76.1,77.95,72.51,73.02,773.4,2560,55846832.0
425558,2015-07-22,WELSPUNLIV,514162,B ,72.2,78.8,72.2,78.02,730.2,3354,166358351.0
428679,2015-07-23,WELSPUNLIV,514162,B ,78.37,82.35,77.82,79.06,780.2,3486,91356095.0
431777,2015-07-24,WELSPUNLIV,514162,B ,78.5,81.47,78.5,80.16,790.65,1386,28855136.0
434889,2015-07-27,WELSPUNLIV,514162,B ,80.73,81.5,79.2,79.71,801.6,1289,27644914.0
437938,2015-07-28,WELSPUNLIV,514162,B ,80.0,84.9,80.0,84.15,797.1,3277,158533675.0
440972,2015-07-29,WELSPUNLIV,514162,B ,84.9,88.9,84.8,86.52,841.5,4821,89232735.0
444075,2015-07-30,WELSPUNLIV,514162,B ,87.08,90.0,87.08,89.66,865.25,1737,40477038.0
447194,2015-07-31,WELSPUNLIV,514162,B ,90.22,91.08,87.8,89.62,896.6,2166,48224548.0
450343,2015-08-03,WELSPUNLIV,514162,B ,89.7,95.0,89.7,94.16,896.25,2570,57409700.0
453515,2015-08-04,WELSPUNLIV,514162,B ,94.74,96.31,89.0,92.1,941.6,3225,79079629.0
456715,2015-08-05,WELSPUNLIV,514162,B ,92.2,93.84,90.66,93.31,920.95,1848,56462376.0
459936,2015-08-06,WELSPUNLIV,514162,B ,93.6,93.6,87.5,87.9,933.1,2314,89691455.0
463134,2015-08-07,WELSPUNLIV,514162,B ,88.6,90.2,87.74,88.06,879.0,1570,52137075.0
466331,2015-08-10,WELSPUNLIV,514162,B ,88.8,91.86,86.0,87.01,880.65,1554,34694937.0
469535,2015-08-11,WELSPUNLIV,514162,B ,87.8,88.68,84.5,84.72,870.1,2021,44853363.0
472693,2015-08-12,WELSPUNLIV,514162,B ,84.16,85.9,80.81,81.24,847.15,1272,33874794.0
475818,2015-08-13,WELSPUNLIV,514162,B ,82.13,84.7,76.78,78.64,812.4,1646,31738876.0
478938,2015-08-14,WELSPUNLIV,514162,B ,77.7,82.48,71.6,80.58,786.4,2611,52705310.0
482033,2015-08-17,WELSPUNLIV,514162,B ,81.35,81.7,79.08,80.71,805.8,1342,21523253.0
485197,2015-08-18,WELSPUNLIV,514162,B ,81.4,84.8,80.18,83.69,807.1,2188,44400679.0
488322,2015-08-19,WELSPUNLIV,514162,B ,85.17,87.9,84.07,87.56,836.9,2143,40234850.0
491449,2015-08-20,WELSPUNLIV,514162,B ,87.77,89.0,81.24,84.78,875.65,2246,46588326.0
494512,2015-08-21,WELSPUNLIV,514162,B ,83.5,85.78,82.73,84.58,847.85,1977,43073533.0
497553,2015-08-24,WELSPUNLIV,514162,B ,83.5,83.5,68.02,73.38,845.75,4464,93166893.0
500583,2015-08-25,WELSPUNLIV,514162,B ,73.02,75.91,67.5,73.7,733.75,2984,66844810.0
503597,2015-08-26,WELSPUNLIV,514162,B ,73.0,76.5,69.5,72.76,737.05,2998,59418429.0
506520,2015-08-27,WELSPUNLIV,514162,B ,75.09,76.7,73.09,76.03,727.6,1915,38958048.0
509438,2015-08-28,WELSPUNLIV,514162,B ,76.5,80.8,75.8,77.11,760.25,1867,37368194.0
512375,2015-08-31,WELSPUNLIV,514162,B ,76.7,77.7,74.5,77.19,771.15,1704,31794976.0
515304,2015-09-01,WELSPUNLIV,514162,B ,75.37,78.0,74.0,75.71,771.9,1543,31969289.0
518271,2015-09-02,WELSPUNLIV,514162,B ,76.41,79.18,75.1,76.05,757.1,2266,44400102.0
521187,2015-09-03,WELSPUNLIV,514162,B ,77.5,78.0,75.7,76.52,760.5,2211,150483248.0
524157,2015-09-04,WELSPUNLIV,514162,B ,75.8,76.19,70.8,71.32,765.15,1764,32578326.0
527092,2015-09-07,WELSPUNLIV,514162,B ,71.75,73.12,70.6,71.61,713.15,3053,41422749.0
530022,2015-09-08,WELSPUNLIV,514162,B ,72.5,74.2,66.8,72.94,716.15,3727,63810799.0
532976,2015-09-09,WELSPUNLIV,514162,B ,75.0,80.7,74.0,79.72,729.4,3936,83314004.0
535932,2015-09-10,WELSPUNLIV,514162,B ,78.9,83.0,75.41,82.24,797.25,3302,52055950.0
538815,2015-09-11,WELSPUNLIV,514162,B ,83.0,87.19,82.8,86.18,822.35,3759,53348709.0
541711,2015-09-14,WELSPUNLIV,514162,B ,86.84,87.09,83.7,86.06,861.8,2461,32113199.0
544621,2015-09-15,WELSPUNLIV,514162,B ,85.85,86.75,84.2,85.6,860.6,2354,37320878.0
547517,2015-09-16,WELSPUNLIV,514162,B ,86.84,87.99,84.8,85.37,856.0,1617,26135301.0
550432,2015-09-18,WELSPUNLIV,514162,B ,85.8,87.94,85.8,87.55,853.7,1279,14274476.0
553329,2015-09-21,WELSPUNLIV,514162,B ,86.7,86.7,83.6,84.4,875.5,1709,16827449.0
556252,2015-09-22,WELSPUNLIV,514162,B ,84.9,85.81,82.6,83.22,844.05,2022,26917290.0
559219,2015-09-23,WELSPUNLIV,514162,B ,82.51,83.6,81.6,82.08,832.2,846,9194148.0
562151,2015-09-24,WELSPUNLIV,514162,B ,82.4,86.0,81.85,84.74,820.8,2081,25425044.0
565135,2015-09-28,WELSPUNLIV,514162,B ,84.7,86.47,82.5,83.06,847.4,1527,24154213.0
568108,2015-09-29,WELSPUNLIV,514162,B ,81.9,84.95,81.4,84.45,830.6,1286,21272939.0
570999,2015-09-30,WELSPUNLIV,514162,B ,85.15,85.44,83.12,84.34,844.5,1390,21154848.0
573943,2015-10-01,WELSPUNLIV,514162,B ,85.07,85.25,82.76,84.84,843.35,1323,18569942.0
576932,2015-10-05,WELSPUNLIV,514162,B ,85.2,89.6,84.12,89.27,848.45,3522,54016005.0
579967,2015-10-06,WELSPUNLIV,514162,B ,89.9,91.38,89.3,90.76,892.7,1963,29328841.0
582972,2015-10-07,WELSPUNLIV,514162,B ,91.39,91.56,86.05,86.38,907.65,2892,38106985.0
585985,2015-10-08,WELSPUNLIV,514162,B ,85.4,87.5,82.11,82.82,863.8,2310,38883122.0
589011,2015-10-09,WELSPUNLIV,514162,B ,82.62,84.26,76.22,76.52,828.25,4653,72720583.0
592042,2015-10-12,WELSPUNLIV,514162,B ,77.2,80.6,76.8,80.2,765.15,3368,54458818.0
595067,2015-10-13,WELSPUNLIV,514162,B ,80.5,80.86,76.15,77.93,802.0,2214,24120905.0
598098,2015-10-14,WELSPUNLIV,514162,B ,78.0,79.8,77.24,79.21,779.3,1746,19496548.0
601146,2015-10-15,WELSPUNLIV,514162,B ,80.38,80.38,76.05,76.43,792.1,1950,47886944.0
604188,2015-10-16,WELSPUNLIV,514162,B ,77.1,77.5,71.9,72.57,764.3,3627,93340354.0
607232,2015-10-19,WELSPUNLIV,514162,B ,72.51,77.05,72.51,76.46,725.7,2574,41931626.0
610271,2015-10-20,WELSPUNLIV,514162,B ,76.83,77.99,71.2,76.06,764.65,7726,124285521.0
613346,2015-10-21,WELSPUNLIV,514162,B ,76.95,78.0,74.61,75.31,760.6,2470,37949978.0
616370,2015-10-23,WELSPUNLIV,514162,B ,76.0,76.4,72.8,73.45,753.1,1873,27688378.0
619392,2015-10-26,WELSPUNLIV,514162,B ,74.42,76.2,72.9,75.27,734.45,2060,24660595.0
622409,2015-10-28,WELSPUNLIV,514162,B ,73.72,76.48,73.67,76.14,739.15,1585,19551698.0
625408,2015-10-29,WELSPUNLIV,514162,B ,76.8,77.97,76.4,76.89,761.35,1482,14338953.0
628410,2015-10-30,WELSPUNLIV,514162,B ,76.89,76.89,71.42,72.13,768.85,2411,30518555.0
631368,2015-11-02,WELSPUNLIV,514162,B ,72.3,73.6,72.22,73.1,721.3,1614,21220896.0
634310,2015-11-03,WELSPUNLIV,514162,B ,73.53,73.7,71.8,72.15,731.05,1100,12116874.0
637295,2015-11-04,WELSPUNLIV,514162,B ,72.61,73.43,71.1,71.32,721.5,1329,11921137.0
640294,2015-11-05,WELSPUNLIV,514162,B ,71.42,71.78,69.24,70.32,713.15,1274,26701150.0
643247,2015-11-06,WELSPUNLIV,514162,B ,70.99,73.38,67.5,72.36,703.25,3230,47649788.0
646165,2015-11-09,WELSPUNLIV,514162,B ,70.5,74.0,68.5,73.3,723.65,2690,35857742.0
649055,2015-11-10,WELSPUNLIV,514162,B ,73.1,74.81,72.5,73.62,732.95,1440,18301078.0
651861,2015-11-11,WELSPUNLIV,514162,B ,74.2,74.97,74.1,74.61,736.2,765,3531665.0
654499,2015-11-13,WELSPUNLIV,514162,B ,73.28,74.53,72.18,74.09,746.15,1136,10092287.0
657407,2015-11-16,WELSPUNLIV,514162,B ,73.55,75.16,73.2,74.57,740.9,787,6926653.0
660409,2015-11-17,WELSPUNLIV,514162,B ,74.9,76.2,74.5,75.66,745.7,1750,14512419.0
663432,2015-11-18,WELSPUNLIV,514162,B ,75.05,77.09,75.0,76.14,756.55,1327,13179551.0
666450,2015-11-19,WELSPUNLIV,514162,B ,77.0,77.9,75.28,77.26,761.4,1775,13063113.0
669499,2015-11-20,WELSPUNLIV,514162,B ,77.1,82.09,75.72,80.73,772.6,3415,42343484.0
672526,2015-11-23,WELSPUNLIV,514162,B ,81.54,83.5,80.0,80.94,807.3,2096,24702791.0
675519,2015-11-24,WELSPUNLIV,514162,B ,81.65,83.7,80.9,82.96,809.35,1864,21883451.0
678540,2015-11-26,WELSPUNLIV,514162,B ,83.27,84.0,80.0,82.93,829.55,1318,11000679.0
681590,2015-11-27,WELSPUNLIV,514162,B ,83.1,83.8,82.15,82.62,829.3,909,7392178.0
684609,2015-11-30,WELSPUNLIV,514162,B ,82.79,89.4,81.5,86.98,826.2,2517,28998711.0
687703,2015-12-01,WELSPUNLIV,514162,B ,88.4,89.5,85.0,86.5,869.8,3560,38942846.0
690835,2015-12-02,WELSPUNLIV,514162,B ,86.8,89.27,86.76,87.28,865.05,3774,266278254.0
693900,2015-12-03,WELSPUNLIV,514162,B ,86.5,88.48,85.0,88.19,872.85,1000,11615451.0
696981,2015-12-04,WELSPUNLIV,514162,B ,87.5,87.78,85.68,87.18,881.9,1580,37975331.0
700047,2015-12-07,WELSPUNLIV,514162,B ,87.2,87.38,85.1,85.82,871.85,552,6569149.0
703150,2015-12-08,WELSPUNLIV,514162,B ,85.0,85.73,85.0,85.02,858.25,618,11740359.0
706221,2015-12-09,WELSPUNLIV,514162,B ,85.02,85.6,79.53,80.13,850.2,2661,43326809.0
709277,2015-12-10,WELSPUNLIV,514162,B ,80.0,81.0,79.4,80.28,801.3,1425,16938952.0
712289,2015-12-11,WELSPUNLIV,514162,B ,80.65,81.8,79.18,79.4,802.8,760,5837567.0
715300,2015-12-14,WELSPUNLIV,514162,B ,78.5,80.47,77.7,79.6,794.0,769,6208072.0
718325,2015-12-15,WELSPUNLIV,514162,B ,79.58,80.39,79.3,79.65,796.0,632,4528573.0
721364,2015-12-16,WELSPUNLIV,514162,B ,80.0,80.16,79.0,79.13,796.45,706,5340298.0
724431,2015-12-17,WELSPUNLIV,514162,B ,80.1,85.4,79.32,84.62,791.3,2499,23141357.0
727475,2015-12-18,WELSPUNLIV,514162,B ,84.2,85.14,83.0,84.51,846.15,1671,12628293.0
730528,2015-12-21,WELSPUNLIV,514162,B ,84.0,86.38,83.35,85.48,845.1,1740,27273117.0
733605,2015-12-22,WELSPUNLIV,514162,B ,85.4,87.5,85.1,87.14,854.8,751,14047314.0
736657,2015-12-23,WELSPUNLIV,514162,B ,87.99,89.5,85.45,88.98,871.35,2076,23887063.0
739734,2015-12-24,WELSPUNLIV,514162,B ,88.99,89.41,87.52,88.34,889.75,994,9313300.0
742778,2015-12-28,WELSPUNLIV,514162,B ,88.15,88.7,87.5,88.28,883.35,749,5977413.0
745874,2015-12-29,WELSPUNLIV,514162,B ,88.0,89.3,88.0,88.78,882.85,863,11163986.0
748951,2015-12-30,WELSPUNLIV,514162,B ,88.85,93.8,88.46,91.82,887.85,3700,36606635.0
752062,2015-12-31,WELSPUNLIV,514162,B ,92.05,92.68,91.01,91.48,918.15,1878,18301538.0
755111,2016-01-01,WELSPUNLIV,514162,B ,91.0,92.4,90.74,91.07,914.75,698,6783701.0
758191,2016-01-04,WELSPUNLIV,514162,B ,90.7,90.78,86.57,88.7,910.7,1375,15698139.0
761347,2016-01-05,WELSPUNLIV,514162,B ,88.71,89.5,87.1,87.71,887.0,929,6555710.0
764533,2016-01-06,WELSPUNLIV,514162,B ,88.0,89.24,85.0,85.32,877.1,1780,20782396.0
767714,2016-01-07,WELSPUNLIV,514162,B ,84.0,86.75,83.54,84.65,853.2,963,12729214.0
770852,2016-01-08,WELSPUNLIV,514162,B ,86.2,88.0,85.62,87.4,846.45,2054,29081659.0
773933,2016-01-11,WELSPUNLIV,514162,B ,86.26,88.48,86.0,87.58,873.95,717,15396657.0
777029,2016-01-12,WELSPUNLIV,514162,B ,87.55,88.4,87.0,87.98,875.75,1161,12396992.0
780142,2016-01-13,WELSPUNLIV,514162,B ,88.0,88.2,81.5,86.0,879.85,1359,19771470.0
783231,2016-01-14,WELSPUNLIV,514162,B ,83.3,86.0,82.4,84.43,860.05,972,7531637.0
786240,2016-01-15,WELSPUNLIV,514162,B ,85.2,85.46,81.73,82.38,844.3,913,8427448.0
789254,2016-01-18,WELSPUNLIV,514162,B ,83.0,83.0,75.0,76.93,823.8,1771,27420898.0
792276,2016-01-19,WELSPUNLIV,514162,B ,77.46,78.1,75.0,75.35,769.3,2218,19877996.0
795259,2016-01-20,WELSPUNLIV,514162,B ,74.78,78.52,71.7,77.26,753.5,4277,24357308.0
798174,2016-01-21,WELSPUNLIV,514162,B ,78.3,83.4,77.84,82.39,772.6,3863,28476332.0
801124,2016-01-22,WELSPUNLIV,514162,B ,82.8,83.3,81.1,81.61,823.9,3684,24092780.0
804090,2016-01-25,WELSPUNLIV,514162,B ,82.74,85.6,82.21,82.82,816.1,1689,10973559.0
807041,2016-01-27,WELSPUNLIV,514162,B ,82.54,85.05,81.93,83.98,828.25,1655,12056297.0
809968,2016-01-28,WELSPUNLIV,514162,B ,84.0,87.28,82.66,83.94,839.85,1160,11445730.0
812877,2016-01-29,WELSPUNLIV,514162,B ,84.14,85.2,82.4,83.11,839.45,1537,14355982.0
815804,2016-02-01,WELSPUNLIV,514162,B ,84.0,84.9,83.12,84.54,831.1,807,9027085.0
818786,2016-02-02,WELSPUNLIV,514162,B ,85.15,89.68,84.31,86.07,845.45,4115,52576257.0
821762,2016-02-03,WELSPUNLIV,514162,B ,86.19,88.89,84.98,88.24,860.7,2999,34770688.0
824689,2016-02-04,WELSPUNLIV,514162,B ,89.62,89.9,87.51,88.1,882.4,981,12774199.0
827616,2016-02-05,WELSPUNLIV,514162,B ,88.5,91.1,86.02,90.33,881.05,1707,19096539.0
830554,2016-02-08,WELSPUNLIV,514162,B ,90.39,91.5,89.1,89.6,903.3,862,11357873.0
833529,2016-02-09,WELSPUNLIV,514162,B ,88.84,91.32,88.0,90.43,896.05,1464,9618645.0
836418,2016-02-10,WELSPUNLIV,514162,B ,90.0,90.4,88.8,89.72,904.3,625,7569404.0
839387,2016-02-11,WELSPUNLIV,514162,B ,90.2,90.24,84.0,86.02,897.2,1843,10698785.0
842350,2016-02-12,WELSPUNLIV,514162,B ,84.0,88.2,80.1,84.26,860.25,1316,6454028.0
845265,2016-02-15,WELSPUNLIV,514162,B ,86.38,87.4,85.5,85.78,842.6,1188,11083978.0
848198,2016-02-16,WELSPUNLIV,514162,B ,86.24,87.69,84.8,86.45,857.75,1006,7228152.0
851122,2016-02-17,WELSPUNLIV,514162,B ,86.5,88.97,84.4,87.24,864.5,1686,11492079.0
853962,2016-02-18,WELSPUNLIV,514162,B ,87.0,88.1,86.5,87.14,872.45,457,3134978.0
856800,2016-02-19,WELSPUNLIV,514162,B ,86.8,88.18,85.0,86.8,871.4,985,5254992.0
859631,2016-02-22,WELSPUNLIV,514162,B ,86.99,87.78,86.6,87.06,868.05,244,1340010.0
862509,2016-02-23,WELSPUNLIV,514162,B ,87.0,87.6,86.4,87.15,870.65,336,1721469.0
865418,2016-02-24,WELSPUNLIV,514162,B ,87.04,87.98,86.45,87.3,871.45,390,3194485.0
868249,2016-02-25,WELSPUNLIV,514162,B ,85.5,87.6,83.2,83.96,873.0,442,2947846.0
871056,2016-02-26,WELSPUNLIV,514162,B ,84.28,85.04,77.8,83.65,839.55,1401,16319652.0
873831,2016-02-29,WELSPUNLIV,514162,B ,84.0,84.0,80.0,80.92,836.45,769,10205396.0
876643,2016-03-01,WELSPUNLIV,514162,B ,83.5,85.5,83.0,84.75,809.25,379,4969554.0
879546,2016-03-02,WELSPUNLIV,514162,B ,86.0,86.5,85.54,86.0,847.5,264,3515998.0
882502,2016-03-03,WELSPUNLIV,514162,B ,86.16,86.5,84.11,84.51,860.0,392,2572115.0
885451,2016-03-04,WELSPUNLIV,514162,B ,85.13,85.26,84.6,84.87,845.1,528,3785285.0
888370,2016-03-08,WELSPUNLIV,514162,B ,86.12,86.12,84.6,85.06,848.7,1740,8893981.0
891334,2016-03-09,WELSPUNLIV,514162,B ,85.2,88.9,84.94,88.02,850.6,539,3251791.0
894246,2016-03-10,WELSPUNLIV,514162,B ,88.37,90.0,87.66,89.87,880.25,1080,13854688.0
897137,2016-03-11,WELSPUNLIV,514162,B ,90.2,97.5,89.52,97.2,898.7,4135,41611830.0
900055,2016-03-14,WELSPUNLIV,514162,B ,98.0,100.72,97.98,99.26,972.05,3885,46402988.0
903036,2016-03-15,WELSPUNLIV,514162,B ,99.5,99.7,95.7,96.22,992.6,1418,13372234.0
906005,2016-03-16,WELSPUNLIV,514162,B ,97.0,97.5,93.1,93.82,962.2,1432,198043728.0
908926,2016-03-17,WELSPUNLIV,514162,B ,94.5,97.89,93.03,93.68,938.2,1164,11619113.0
911906,2016-03-18,WELSPUNLIV,514162,B ,94.3,96.53,92.65,93.76,936.8,1913,17775804.0
914913,2016-03-21,WELSPUNLIV,514162,B ,94.0,98.2,93.55,97.5,937.6,2815,17550430.0
917954,2016-03-22,WELSPUNLIV,514162,B ,97.85,97.85,95.45,97.0,97.5,745,5682908.0
920918,2016-03-23,WELSPUNLIV,514162,B ,97.5,111.0,97.0,108.0,97.0,5572,49074679.0
923902,2016-03-28,WELSPUNLIV,514162,B ,108.0,108.0,98.8,100.45,108.0,3872,51951363.0
926944,2016-03-29,WELSPUNLIV,514162,B ,100.05,100.45,94.3,95.6,100.45,1906,10047098.0
929944,2016-03-30,WELSPUNLIV,514162,B ,96.3,101.1,95.3,100.05,95.6,2082,11129439.0
932843,2016-03-31,WELSPUNLIV,514162,B ,100.0,101.2,99.0,99.35,100.05,867,4557275.0
935715,2016-04-01,WELSPUNLIV,514162,B ,101.9,101.9,97.7,98.5,99.35,816,3832851.0
938502,2016-04-05,WELSPUNLIV,514162,B ,95.6,97.9,92.5,93.45,96.1,854,5899335.0
941340,2016-04-06,WELSPUNLIV,514162,B ,92.05,94.8,87.7,89.9,93.45,1701,10679223.0
944224,2016-04-07,WELSPUNLIV,514162,B ,91.0,91.05,88.5,89.85,89.9,470,7460162.0
947088,2016-04-08,WELSPUNLIV,514162,B ,91.8,95.1,88.5,92.8,89.85,1699,10664059.0
949937,2016-04-11,WELSPUNLIV,514162,B ,93.15,94.35,89.4,91.1,92.8,1498,7552049.0
952842,2016-04-12,WELSPUNLIV,514162,B ,93.5,93.5,87.95,88.25,91.1,1486,7523146.0
955780,2016-04-13,WELSPUNLIV,514162,B ,89.0,93.8,88.65,91.05,88.25,2103,17713347.0
958798,2016-04-18,WELSPUNLIV,514162,B ,91.25,95.8,90.0,94.65,91.05,990,7497851.0
961743,2016-04-20,WELSPUNLIV,514162,B ,97.0,100.0,97.0,98.55,94.65,1790,16308739.0
964732,2016-04-21,WELSPUNLIV,514162,B ,98.1,100.35,98.1,99.7,98.55,1404,16212094.0
967627,2016-04-22,WELSPUNLIV,514162,B ,101.0,101.0,97.8,99.5,99.7,901,7321131.0
970520,2016-04-25,WELSPUNLIV,514162,B ,100.0,104.9,98.25,99.35,99.5,9585,74369065.0
973449,2016-04-26,WELSPUNLIV,514162,B ,99.4,101.3,95.2,99.95,99.35,4757,232606196.0
976380,2016-04-27,WELSPUNLIV,514162,B ,99.4,101.0,97.7,100.4,99.95,2360,30605301.0
979290,2016-04-28,WELSPUNLIV,514162,B ,100.7,101.75,98.4,98.7,100.4,1182,10232547.0
982138,2016-04-29,WELSPUNLIV,514162,B ,98.4,100.7,97.6,100.05,98.7,1762,79784370.0
984983,2016-05-02,WELSPUNLIV,514162,B ,101.0,101.7,98.05,99.4,100.05,1901,23851111.0
987897,2016-05-03,WELSPUNLIV,514162,B ,100.55,101.0,98.0,98.95,99.4,832,7360393.0
990825,2016-05-04,WELSPUNLIV,514162,B ,98.5,98.75,95.0,95.3,98.95,1226,17996820.0
993664,2016-05-05,WELSPUNLIV,514162,B ,96.05,96.1,92.0,92.95,95.3,756,9787477.0
996567,2016-05-06,WELSPUNLIV,514162,B ,91.9,92.9,90.85,92.4,92.95,605,7180223.0
999467,2016-05-09,WELSPUNLIV,514162,B ,93.45,95.7,93.05,93.8,92.4,646,5856639.0
1002402,2016-05-10,WELSPUNLIV,514162,B ,94.15,94.45,92.8,93.8,93.8,306,2322594.0
1005315,2016-05-11,WELSPUNLIV,514162,B ,92.7,96.45,92.25,95.7,93.8,954,9027245.0
1008204,2016-05-12,WELSPUNLIV,514162,B ,96.65,99.35,96.5,98.65,95.7,641,7996095.0
1011123,2016-05-13,WELSPUNLIV,514162,B ,99.0,99.2,96.75,97.0,98.65,586,10196394.0
1013997,2016-05-16,WELSPUNLIV,514162,B ,97.05,97.05,94.85,95.15,97.0,533,6950240.0
1016888,2016-05-17,WELSPUNLIV,514162,B ,95.8,99.0,95.1,97.95,95.15,470,5529730.0
1019845,2016-05-18,WELSPUNLIV,514162,B ,98.0,104.25,97.1,100.35,97.95,2184,16833414.0
1022704,2016-05-19,WELSPUNLIV,514162,B ,101.0,103.2,99.6,100.1,100.35,1563,14165718.0
1025604,2016-05-20,WELSPUNLIV,514162,B ,100.05,100.85,99.0,99.85,100.1,1836,8647257.0
1028506,2016-05-23,WELSPUNLIV,514162,B ,100.35,102.4,99.0,99.75,99.85,586,5783765.0
1031404,2016-05-24,WELSPUNLIV,514162,B ,99.75,101.05,99.5,100.0,99.75,874,7133334.0
1034285,2016-05-25,WELSPUNLIV,514162,B ,101.15,102.9,100.3,101.2,100.0,450,5848836.0
1037154,2016-05-26,WELSPUNLIV,514162,B ,101.25,101.9,100.0,100.4,101.2,327,3484189.0
1040056,2016-05-27,WELSPUNLIV,514162,B ,101.25,101.3,100.0,100.05,100.4,304,2313558.0
1042991,2016-05-30,WELSPUNLIV,514162,B ,102.95,102.95,100.0,100.1,100.05,265,2023917.0
1045935,2016-05-31,WELSPUNLIV,514162,B ,101.0,104.9,99.0,104.1,100.1,675,6733414.0
1048867,2016-06-01,WELSPUNLIV,514162,B ,105.3,107.7,105.0,105.5,104.1,1343,11395486.0
1051804,2016-06-02,WELSPUNLIV,514162,B ,104.1,107.3,104.1,106.55,105.5,758,5675094.0
1054760,2016-06-03,WELSPUNLIV,514162,B ,107.0,108.8,105.5,107.45,106.55,545,3566167.0
1057700,2016-06-06,WELSPUNLIV,514162,B ,107.3,108.1,105.9,107.1,107.45,422,4991369.0
1060670,2016-06-07,WELSPUNLIV,514162,B ,107.8,109.0,106.7,107.7,107.1,499,4427778.0
1063627,2016-06-08,WELSPUNLIV,514162,B ,107.7,107.7,104.8,105.3,107.7,444,3407565.0
1066551,2016-06-09,WELSPUNLIV,514162,B ,107.4,109.7,106.5,107.2,105.3,844,9749063.0
1069492,2016-06-10,WELSPUNLIV,514162,B ,108.4,113.9,108.3,112.6,107.2,2086,17847129.0
1072406,2016-06-13,WELSPUNLIV,514162,B ,113.3,115.65,111.5,113.5,112.6,1702,12287671.0
1075332,2016-06-14,WELSPUNLIV,514162,B ,114.0,119.9,114.0,117.3,113.5,2439,17763858.0
1078255,2016-06-15,WELSPUNLIV,514162,B ,118.1,118.1,112.4,113.35,117.3,2380,18320918.0
1081206,2016-06-16,WELSPUNLIV,514162,B ,112.75,112.75,106.95,108.75,113.35,1528,11325356.0
1084142,2016-06-17,WELSPUNLIV,514162,B ,109.4,112.75,109.1,109.95,108.75,1492,10944914.0
1087075,2016-06-20,WELSPUNLIV,514162,B ,109.1,109.1,106.15,106.85,109.95,814,6331507.0
1090041,2016-06-21,WELSPUNLIV,514162,B ,107.15,110.5,105.25,109.15,106.85,2582,20507637.0
1092993,2016-06-22,WELSPUNLIV,514162,B ,111.8,113.8,105.2,106.0,109.15,3745,37876360.0
1095938,2016-06-23,WELSPUNLIV,514162,B ,106.1,107.75,105.0,105.7,106.0,852,5665544.0
1098855,2016-06-24,WELSPUNLIV,514162,B ,103.3,107.0,98.75,104.0,105.7,1756,12093844.0
1101726,2016-06-27,WELSPUNLIV,514162,B ,105.0,105.8,104.0,104.35,104.0,909,7309238.0
1104668,2016-06-28,WELSPUNLIV,514162,B ,104.75,105.05,102.1,102.35,104.35,607,6075677.0
1107598,2016-06-29,WELSPUNLIV,514162,B ,103.9,106.25,103.8,104.95,102.35,1090,8853581.0
1110551,2016-06-30,WELSPUNLIV,514162,B ,105.35,109.65,104.7,108.55,104.95,2251,22366679.0
1113529,2016-07-01,WELSPUNLIV,514162,B ,109.3,110.65,106.0,107.25,108.55,1354,11053711.0
1116537,2016-07-04,WELSPUNLIV,514162,B ,107.8,108.5,106.2,107.4,107.25,687,6217803.0
1119598,2016-07-05,WELSPUNLIV,514162,B ,107.35,108.15,104.9,105.75,107.4,995,9003130.0
1122672,2016-07-07,WELSPUNLIV,514162,B ,105.75,109.7,105.75,109.15,105.75,1161,9213030.0
1125731,2016-07-08,WELSPUNLIV,514162,B ,109.7,111.5,108.45,109.3,109.15,1155,7265702.0
1128760,2016-07-11,WELSPUNLIV,514162,B ,111.85,111.85,108.55,109.3,109.3,788,4291219.0
1131893,2016-07-12,WELSPUNLIV,514162,B ,110.75,111.55,109.3,110.95,109.3,1306,17348396.0
1135003,2016-07-13,WELSPUNLIV,514162,B ,111.4,112.0,108.1,109.4,110.95,950,4825422.0
1138065,2016-07-14,WELSPUNLIV,514162,B ,109.35,111.45,105.5,106.45,109.4,574,4410178.0
1141100,2016-07-15,WELSPUNLIV,514162,B ,106.0,113.5,106.0,111.85,106.45,2031,12345042.0
1144157,2016-07-18,WELSPUNLIV,514162,B ,110.8,112.45,104.1,105.65,111.85,1881,9752700.0
1147236,2016-07-19,WELSPUNLIV,514162,B ,106.45,110.8,105.95,107.5,105.65,1412,5830361.0
1150241,2016-07-20,WELSPUNLIV,514162,B ,107.15,109.7,107.0,108.1,107.5,1531,81296822.0
1153274,2016-07-21,WELSPUNLIV,514162,B ,109.0,109.15,106.2,106.75,108.1,973,5255610.0
1156322,2016-07-22,WELSPUNLIV,514162,B ,106.5,108.3,106.3,106.9,106.75,537,4080954.0
1159374,2016-07-25,WELSPUNLIV,514162,B ,108.0,109.9,107.2,108.4,106.9,1290,7311690.0
1162444,2016-07-26,WELSPUNLIV,514162,B ,109.0,109.5,99.0,100.5,108.4,5096,62227438.0
1165527,2016-07-27,WELSPUNLIV,514162,B ,101.8,104.4,101.15,103.05,100.5,1439,11268033.0
1168552,2016-07-28,WELSPUNLIV,514162,B ,103.0,106.5,103.0,105.1,103.05,3071,37095132.0
1171583,2016-07-29,WELSPUNLIV,514162,B ,104.75,104.95,101.95,102.15,105.1,761,6151247.0
1174623,2016-08-01,WELSPUNLIV,514162,B ,101.1,106.4,101.1,106.05,102.15,1550,8648347.0
1177699,2016-08-02,WELSPUNLIV,514162,B ,106.5,106.5,104.0,104.55,106.05,472,3185931.0
1180747,2016-08-03,WELSPUNLIV,514162,B ,104.0,104.95,101.6,102.25,104.55,543,3381554.0
1183776,2016-08-04,WELSPUNLIV,514162,B ,103.4,104.05,102.0,102.95,102.25,861,56789196.0
1186819,2016-08-05,WELSPUNLIV,514162,B ,103.9,104.35,102.5,102.85,102.95,315,2472766.0
1189867,2016-08-08,WELSPUNLIV,514162,B ,103.8,103.8,101.15,101.9,102.85,594,121769129.0
1192943,2016-08-09,WELSPUNLIV,514162,B ,101.75,103.0,101.6,102.1,101.9,1314,48012638.0
1195992,2016-08-10,WELSPUNLIV,514162,B ,102.85,103.0,101.1,102.35,102.1,748,8557957.0
1198997,2016-08-11,WELSPUNLIV,514162,B ,102.95,105.5,102.5,104.95,102.35,1034,7233549.0
1201994,2016-08-12,WELSPUNLIV,514162,B ,104.0,108.05,104.0,106.7,104.95,1488,7789322.0
1204982,2016-08-16,WELSPUNLIV,514162,B ,106.7,108.0,103.8,104.75,106.7,806,5618751.0
1208014,2016-08-17,WELSPUNLIV,514162,B ,105.75,106.35,103.1,103.45,104.75,415,2677011.0
1211061,2016-08-18,WELSPUNLIV,514162,B ,104.0,104.2,100.0,102.05,103.45,1158,11000674.0
1214093,2016-08-19,WELSPUNLIV,514162,B ,103.9,103.9,102.25,102.85,102.05,541,4604300.0
1217169,2016-08-22,WELSPUNLIV,514162,B ,82.3,82.3,82.3,82.3,102.85,653,8283248.0
1220242,2016-08-23,WELSPUNLIV,514162,B ,65.85,65.85,65.85,65.85,82.3,1404,15497336.0
1223263,2016-08-24,WELSPUNLIV,514162,B ,59.3,59.3,59.3,59.3,65.85,1027,13668175.0
1226336,2016-08-25,WELSPUNLIV,514162,B ,53.4,62.4,53.4,54.4,59.3,87408,1259872114.0
1229340,2016-08-26,WELSPUNLIV,514162,B ,55.5,57.8,49.4,49.7,54.4,59150,606596659.0
1232333,2016-08-29,WELSPUNLIV,514162,B ,52.15,52.15,47.7,48.75,49.7,17865,221246666.0
1235384,2016-08-30,WELSPUNLIV,514162,B ,48.85,49.0,46.35,46.75,48.75,14661,207764486.0
1238452,2016-08-31,WELSPUNLIV,514162,B ,47.0,49.05,46.9,48.85,46.75,21484,452643325.0
1241506,2016-09-01,WELSPUNLIV,514162,B ,49.5,51.25,49.2,51.25,48.85,11052,362722194.0
1244562,2016-09-02,WELSPUNLIV,514162,B ,53.8,53.8,53.8,53.8,51.25,866,36202988.0
1247610,2016-09-06,WELSPUNLIV,514162,B ,56.45,56.45,56.45,56.45,53.8,795,27392927.0
1250734,2016-09-07,WELSPUNLIV,514162,B ,59.25,59.25,55.6,58.9,56.45,22255,549654736.0
1253817,2016-09-08,WELSPUNLIV,514162,B ,59.8,61.6,57.15,59.25,58.9,17834,275621353.0
1256902,2016-09-09,WELSPUNLIV,514162,B ,59.05,59.4,56.5,56.75,59.25,8131,104457794.0
1259975,2016-09-12,WELSPUNLIV,514162,B ,53.95,58.9,53.95,56.65,56.75,12132,188973160.0
1263014,2016-09-14,WELSPUNLIV,514162,B ,57.4,58.1,56.3,57.65,56.65,5701,70507384.0
1266079,2016-09-15,WELSPUNLIV,514162,B ,57.9,58.55,55.45,56.55,57.65,6649,87167390.0
1269207,2016-09-16,WELSPUNLIV,514162,B ,56.5,59.35,56.5,58.9,56.55,6343,135136162.0
1272292,2016-09-19,WELSPUNLIV,514162,B ,59.0,59.15,57.0,57.1,58.9,4781,65942629.0
1275460,2016-09-20,WELSPUNLIV,514162,B ,57.0,57.0,55.65,55.95,57.1,3783,49470629.0
1278555,2016-09-21,WELSPUNLIV,514162,B ,56.5,56.65,54.65,55.25,55.95,3234,29644930.0
1281651,2016-09-22,WELSPUNLIV,514162,B ,55.6,56.4,54.55,54.95,55.25,2684,25059595.0
1284775,2016-09-23,WELSPUNLIV,514162,B ,55.4,56.9,54.7,55.45,54.95,2463,29515348.0
1287866,2016-09-26,WELSPUNLIV,514162,B ,56.4,56.8,55.65,56.0,55.45,3289,35959214.0
1290948,2016-09-27,WELSPUNLIV,514162,B ,56.0,56.55,55.5,55.7,56.0,1993,15665535.0
1294006,2016-09-28,WELSPUNLIV,514162,B ,55.8,56.0,55.0,55.15,55.7,1339,12640677.0
1297065,2016-09-29,WELSPUNLIV,514162,B ,55.4,55.75,52.4,52.4,55.15,2528,25364668.0
1300155,2016-09-30,WELSPUNLIV,514162,B ,52.45,53.35,51.75,52.4,52.4,2463,20646833.0
1303245,2016-10-03,WELSPUNLIV,514162,B ,53.0,55.0,52.9,54.85,52.4,2600,49918369.0
1306420,2016-10-04,WELSPUNLIV,514162,B ,56.9,57.35,55.0,56.1,54.85,3779,59388496.0
1309599,2016-10-05,WELSPUNLIV,514162,B ,56.2,57.0,55.1,56.2,56.1,3000,42185175.0
1312786,2016-10-06,WELSPUNLIV,514162,B ,56.3,58.5,55.75,57.45,56.2,5379,83623559.0
1315966,2016-10-07,WELSPUNLIV,514162,B ,58.0,58.2,55.55,56.85,57.45,4629,69078414.0
1319130,2016-10-10,WELSPUNLIV,514162,B ,56.05,58.05,56.05,56.45,56.85,3014,27962870.0
1322306,2016-10-13,WELSPUNLIV,514162,B ,56.5,56.5,54.1,55.05,56.45,4238,27824060.0
1325448,2016-10-14,WELSPUNLIV,514162,B ,55.55,55.65,54.55,54.95,55.05,1627,21471284.0
1328586,2016-10-17,WELSPUNLIV,514162,B ,55.25,55.75,54.25,55.0,54.95,2164,39216553.0
1331760,2016-10-18,WELSPUNLIV,514162,B ,55.2,57.2,55.15,56.7,55.0,3876,46759340.0
1334981,2016-10-19,WELSPUNLIV,514162,B ,56.95,57.5,56.15,56.35,56.7,2832,42291460.0
1338172,2016-10-20,WELSPUNLIV,514162,B ,56.5,59.0,56.25,57.6,56.35,5570,85635251.0
1341382,2016-10-21,WELSPUNLIV,514162,B ,57.6,58.9,57.15,58.25,57.6,3383,45289806.0
1344609,2016-10-24,WELSPUNLIV,514162,B ,59.5,59.85,57.4,57.75,58.25,3695,44809108.0
1347838,2016-10-25,WELSPUNLIV,514162,B ,57.9,57.9,56.25,57.1,57.75,2278,30166040.0
1351025,2016-10-26,WELSPUNLIV,514162,B ,57.45,57.45,56.1,56.35,57.1,1621,19416074.0
1354157,2016-10-27,WELSPUNLIV,514162,B ,56.55,57.25,56.05,56.4,56.35,1659,16961023.0
1357241,2016-10-28,WELSPUNLIV,514162,B ,56.4,58.15,56.2,56.7,56.4,2407,24703347.0
1360262,2016-10-30,WELSPUNLIV,514162,B ,56.9,58.65,56.9,57.95,56.7,1061,12341909.0
1363072,2016-11-01,WELSPUNLIV,514162,B ,59.0,64.9,57.7,63.3,57.95,17180,203243520.0
1366261,2016-11-02,WELSPUNLIV,514162,B ,62.5,67.5,61.6,65.55,63.3,17288,194150747.0
1369471,2016-11-03,WELSPUNLIV,514162,B ,66.4,67.15,63.5,63.95,65.55,6356,78558061.0
1372696,2016-11-04,WELSPUNLIV,514162,B ,64.5,65.35,62.1,63.45,63.95,7641,79969161.0
1375887,2016-11-07,WELSPUNLIV,514162,B ,64.5,65.75,62.6,63.5,63.45,5505,43874103.0
1379063,2016-11-08,WELSPUNLIV,514162,B ,63.9,66.95,63.9,66.55,63.5,6866,83680631.0
1382212,2016-11-09,WELSPUNLIV,514162,B ,59.5,65.5,54.8,64.05,66.55,7177,85854007.0
1385216,2016-11-10,WELSPUNLIV,514162,B ,65.5,68.0,65.4,66.7,64.05,4652,48731212.0
1388206,2016-11-11,WELSPUNLIV,514162,B ,65.9,66.25,62.8,64.95,66.7,4302,42112137.0
1391163,2016-11-15,WELSPUNLIV,514162,B ,64.95,64.95,58.8,62.0,64.95,8467,102806772.0
1394140,2016-11-16,WELSPUNLIV,514162,B ,61.65,64.0,59.5,60.85,62.0,5446,84344387.0
1397054,2016-11-17,WELSPUNLIV,514162,B ,61.0,61.05,57.15,58.65,60.85,3028,32076016.0
1399978,2016-11-18,WELSPUNLIV,514162,B ,59.5,61.8,58.15,61.3,58.65,2206,23906102.0
1402887,2016-11-21,WELSPUNLIV,514162,B ,62.0,62.6,59.25,60.8,61.3,2741,22890038.0
1405840,2016-11-22,WELSPUNLIV,514162,B ,62.9,63.9,60.2,63.45,60.8,2674,33445815.0
1408750,2016-11-23,WELSPUNLIV,514162,B ,63.5,65.7,62.5,62.9,63.45,3057,34930620.0
1411669,2016-11-24,WELSPUNLIV,514162,B ,62.4,63.9,61.5,62.25,62.9,1394,16551311.0
1414576,2016-11-25,WELSPUNLIV,514162,B ,62.7,63.45,61.25,61.65,62.25,2262,27837922.0
1417531,2016-11-28,WELSPUNLIV,514162,B ,62.85,65.45,62.05,64.7,61.65,3282,48844046.0
1420455,2016-11-29,WELSPUNLIV,514162,B ,65.0,65.4,64.1,64.95,64.7,1980,27920556.0
1423418,2016-11-30,WELSPUNLIV,514162,B ,65.0,70.85,64.8,69.8,64.95,9709,126042924.0
1426384,2016-12-01,WELSPUNLIV,514162,B ,70.2,71.75,69.3,70.5,69.8,3826,50045081.0
1429322,2016-12-02,WELSPUNLIV,514162,B ,70.0,73.0,69.25,69.9,70.5,4353,64721935.0
1432270,2016-12-05,WELSPUNLIV,514162,B ,69.7,70.35,68.4,69.2,69.9,3167,43283838.0
1435234,2016-12-06,WELSPUNLIV,514162,B ,70.2,70.55,67.25,68.0,69.2,2540,34278462.0
1438172,2016-12-07,WELSPUNLIV,514162,B ,68.7,69.8,68.2,68.7,68.0,2001,55906741.0
1441121,2016-12-08,WELSPUNLIV,514162,B ,69.45,70.2,67.85,68.85,68.7,1406,20010754.0
1444100,2016-12-09,WELSPUNLIV,514162,B ,69.0,70.45,68.0,68.3,68.85,3162,58869761.0
1447051,2016-12-12,WELSPUNLIV,514162,B ,68.9,68.9,67.05,67.4,68.3,1195,13104818.0
1449993,2016-12-13,WELSPUNLIV,514162,B ,69.8,69.8,67.15,67.55,67.4,598,6469643.0
1452916,2016-12-14,WELSPUNLIV,514162,B ,67.95,70.0,67.8,69.45,67.55,1946,21810238.0
1455851,2016-12-15,WELSPUNLIV,514162,B ,69.4,70.2,68.5,69.3,69.45,1800,19855666.0
1458757,2016-12-16,WELSPUNLIV,514162,B ,69.95,70.75,67.0,68.5,69.3,2726,33395011.0
1461700,2016-12-19,WELSPUNLIV,514162,B ,68.6,69.05,67.5,67.8,68.5,793,7018625.0
1464664,2016-12-20,WELSPUNLIV,514162,B ,68.1,68.5,65.5,65.95,67.8,6975,22184905.0
1467594,2016-12-21,WELSPUNLIV,514162,B ,67.5,68.1,66.35,66.75,65.95,2208,16175518.0
1470532,2016-12-22,WELSPUNLIV,514162,B ,67.45,67.5,65.45,65.7,66.75,1411,14548991.0
1473458,2016-12-23,WELSPUNLIV,514162,B ,66.1,66.1,63.0,63.75,65.7,2020,16343490.0
1476365,2016-12-26,WELSPUNLIV,514162,B ,64.5,64.5,60.3,61.45,63.75,1465,14608297.0
1479281,2016-12-27,WELSPUNLIV,514162,B ,62.1,67.5,61.45,65.65,61.45,1899,19289856.0
1482211,2016-12-28,WELSPUNLIV,514162,B ,66.95,68.6,65.7,66.25,65.65,1494,16610442.0
1485129,2016-12-29,WELSPUNLIV,514162,B ,66.25,67.45,64.85,66.45,66.25,1612,14928956.0
1488063,2016-12-30,WELSPUNLIV,514162,B ,66.55,67.3,66.0,66.75,66.45,757,8823796.0
1491021,2017-01-02,WELSPUNLIV,514162,B ,67.1,67.3,66.0,66.7,66.75,683,7160620.0
1494035,2017-01-03,WELSPUNLIV,514162,B ,66.8,70.05,66.45,69.6,66.7,1936,22253126.0
1497089,2017-01-04,WELSPUNLIV,514162,B ,69.8,71.5,69.4,71.1,69.6,2127,19499233.0
1500191,2017-01-05,WELSPUNLIV,514162,B ,71.35,71.8,70.4,71.1,71.1,769,8615336.0
1503327,2017-01-06,WELSPUNLIV,514162,B ,70.85,71.4,69.05,69.9,71.1,908,9118880.0
1506403,2017-01-09,WELSPUNLIV,514162,B ,69.75,69.75,68.2,68.5,69.9,1185,7280183.0
1509510,2017-01-10,WELSPUNLIV,514162,B ,68.5,69.95,67.1,68.4,68.5,1163,9078717.0
1512652,2017-01-11,WELSPUNLIV,514162,B ,69.0,71.75,68.65,70.55,68.4,1113,14246180.0
1515751,2017-01-12,WELSPUNLIV,514162,B ,72.0,72.25,70.3,71.45,70.55,1630,20474217.0
1518830,2017-01-13,WELSPUNLIV,514162,B ,71.6,71.7,70.0,70.6,71.45,1311,14997853.0
1521934,2017-01-16,WELSPUNLIV,514162,B ,71.45,71.45,70.0,70.15,70.6,664,8399157.0
1525046,2017-01-17,WELSPUNLIV,514162,B ,70.75,71.15,69.6,69.75,70.15,815,8422590.0
1528138,2017-01-18,WELSPUNLIV,514162,B ,70.05,76.95,70.05,76.35,69.75,6907,85539346.0
1531225,2017-01-19,WELSPUNLIV,514162,B ,76.35,80.5,75.1,77.75,76.35,8702,76400524.0
1534313,2017-01-20,WELSPUNLIV,514162,B ,77.9,78.8,75.05,75.65,77.75,1887,17791454.0
1537370,2017-01-23,WELSPUNLIV,514162,B ,76.0,78.75,75.1,77.7,75.65,1421,13617885.0
1540472,2017-01-24,WELSPUNLIV,514162,B ,78.4,79.5,77.75,78.45,77.7,2739,18679752.0
1543609,2017-01-25,WELSPUNLIV,514162,B ,79.15,79.5,77.6,77.95,78.45,1868,18582543.0
1546722,2017-01-27,WELSPUNLIV,514162,B ,78.35,78.9,76.0,76.3,77.95,1060,13564406.0
1549867,2017-01-30,WELSPUNLIV,514162,B ,77.0,77.9,75.4,75.8,76.3,565,5692424.0
1553003,2017-01-31,WELSPUNLIV,514162,B ,76.95,77.8,74.35,76.2,75.8,2244,21262619.0
1556104,2017-02-01,WELSPUNLIV,514162,B ,75.5,75.5,73.3,74.8,76.2,1514,16295907.0
1559192,2017-02-02,WELSPUNLIV,514162,B ,74.75,78.15,74.7,77.3,74.8,1986,12573069.0
1562300,2017-02-03,WELSPUNLIV,514162,B ,77.85,78.8,76.05,78.25,77.3,1015,14622154.0
1565461,2017-02-06,WELSPUNLIV,514162,B ,79.6,82.5,78.25,79.95,78.25,4000,69603100.0
1568710,2017-02-07,WELSPUNLIV,514162,B ,80.0,82.5,79.0,81.65,79.95,2404,49954104.0
1571916,2017-02-08,WELSPUNLIV,514162,B ,81.5,88.5,81.5,87.75,81.65,5779,63775534.0
1575118,2017-02-09,WELSPUNLIV,514162,B ,88.8,94.95,88.5,94.45,87.75,9516,149003871.0
1578354,2017-02-10,WELSPUNLIV,514162,B ,95.05,98.0,88.0,94.35,94.45,10603,160275528.0
1581563,2017-02-13,WELSPUNLIV,514162,B ,94.5,96.25,88.5,90.55,94.35,4906,72923949.0
1584788,2017-02-14,WELSPUNLIV,514162,B ,91.0,91.0,87.0,89.35,90.55,2611,35433236.0
1587974,2017-02-15,WELSPUNLIV,514162,B ,89.0,90.0,85.25,89.45,89.35,2836,32509457.0
1591130,2017-02-16,WELSPUNLIV,514162,B ,89.1,91.6,87.5,91.35,89.45,1194,14353162.0
1594287,2017-02-17,WELSPUNLIV,514162,B ,91.5,91.9,89.0,89.7,91.35,1015,13216039.0
1597486,2017-02-20,WELSPUNLIV,514162,B ,90.0,92.0,88.9,91.65,89.7,994,14133032.0
1600700,2017-02-21,WELSPUNLIV,514162,B ,93.4,93.4,89.0,90.55,91.65,1092,23663953.0
1603871,2017-02-22,WELSPUNLIV,514162,B ,89.65,90.95,89.0,89.65,90.55,457,7113943.0
1607064,2017-02-23,WELSPUNLIV,514162,B ,89.85,92.5,88.45,91.55,89.65,3196,70804884.0
1610205,2017-02-27,WELSPUNLIV,514162,B ,90.5,91.0,89.1,89.75,91.55,589,6829143.0
1613437,2017-02-28,WELSPUNLIV,514162,B ,89.75,90.5,88.7,88.9,89.75,426,6569293.0
1616625,2017-03-01,WELSPUNLIV,514162,B ,89.6,91.45,88.6,89.85,88.9,551,7709216.0
1619862,2017-03-02,WELSPUNLIV,514162,B ,89.8,89.8,85.0,86.0,89.85,1530,18719130.0
1623050,2017-03-03,WELSPUNLIV,514162,B ,86.7,87.5,83.6,86.35,86.0,1117,14302570.0
1626258,2017-03-06,WELSPUNLIV,514162,B ,87.4,88.05,85.8,86.7,86.35,979,19792694.0
1629550,2017-03-07,WELSPUNLIV,514162,B ,87.5,87.7,84.75,86.85,86.7,1645,16418368.0
1632761,2017-03-08,WELSPUNLIV,514162,B ,86.7,86.7,83.9,84.55,86.85,1754,10541850.0
1635938,2017-03-09,WELSPUNLIV,514162,B ,84.6,85.9,84.15,85.65,84.55,618,6202031.0
1639101,2017-03-10,WELSPUNLIV,514162,B ,84.3,86.3,83.6,85.5,85.65,493,5662306.0
1642279,2017-03-14,WELSPUNLIV,514162,B ,87.3,87.9,84.35,85.0,85.5,1077,10905886.0
1645507,2017-03-15,WELSPUNLIV,514162,B ,85.15,86.4,83.3,84.85,85.0,1177,11721769.0
1648709,2017-03-16,WELSPUNLIV,514162,B ,84.55,85.1,84.1,84.8,84.85,583,8087091.0
1651917,2017-03-17,WELSPUNLIV,514162,B ,85.0,85.0,80.05,82.55,84.8,2758,27576825.0
1655142,2017-03-20,WELSPUNLIV,514162,B ,83.1,84.0,80.8,82.05,82.55,1530,17642860.0
1658348,2017-03-21,WELSPUNLIV,514162,B ,82.85,83.3,81.5,82.25,82.05,826,22683210.0
1661530,2017-03-22,WELSPUNLIV,514162,B ,81.0,82.0,80.5,81.1,82.25,448,7131623.0
1664733,2017-03-23,WELSPUNLIV,514162,B ,81.5,81.95,80.1,80.4,81.1,662,23592504.0
1667955,2017-03-24,WELSPUNLIV,514162,B ,81.0,87.5,79.95,86.75,80.4,3860,69635005.0
1671178,2017-03-27,WELSPUNLIV,514162,B ,87.2,90.3,86.1,88.6,86.75,2652,51978780.0
1674419,2017-03-28,WELSPUNLIV,514162,B ,89.8,89.8,87.4,88.0,88.6,716,8854700.0
1677699,2017-03-29,WELSPUNLIV,514162,B ,88.35,88.35,86.1,87.75,88.0,791,11020770.0
1680965,2017-03-30,WELSPUNLIV,514162,B ,88.2,90.6,88.0,88.5,87.75,1015,12388877.0
1684082,2017-03-31,WELSPUNLIV,514162,B ,88.9,89.3,87.0,87.55,88.5,739,7387164.0
1687243,2017-04-03,WELSPUNLIV,514162,B ,87.8,88.7,86.6,87.05,87.55,440,5486943.0
1690504,2017-04-05,WELSPUNLIV,514162,B ,87.0,87.4,85.2,85.65,87.05,710,10646578.0
1693803,2017-04-06,WELSPUNLIV,514162,B ,86.35,87.2,85.0,85.2,85.65,717,6263365.0
1697025,2017-04-07,WELSPUNLIV,514162,B ,85.5,86.65,83.5,84.2,85.2,692,8690279.0
1700264,2017-04-10,WELSPUNLIV,514162,B ,89.45,91.1,86.5,86.9,84.2,3556,42520201.0
1703525,2017-04-11,WELSPUNLIV,514162,B ,87.0,88.5,87.0,87.85,86.9,755,10691447.0
1706760,2017-04-12,WELSPUNLIV,514162,B ,87.85,88.0,85.95,87.7,87.85,706,8061079.0
1709979,2017-04-13,WELSPUNLIV,514162,B ,88.45,89.2,86.8,88.5,87.7,1954,81295660.0
1713223,2017-04-17,WELSPUNLIV,514162,B ,88.5,91.0,86.65,89.8,88.5,1632,21539503.0
1716495,2017-04-18,WELSPUNLIV,514162,B ,91.0,95.0,90.3,93.75,89.8,4034,76741738.0
1719717,2017-04-19,WELSPUNLIV,514162,B ,94.6,95.85,92.35,93.85,93.75,1994,33180147.0
1722933,2017-04-20,WELSPUNLIV,514162,B ,95.0,96.0,94.0,95.05,93.85,941,14245879.0
1726159,2017-04-21,WELSPUNLIV,514162,B ,95.5,96.7,93.0,94.0,95.05,947,16327471.0
1729377,2017-04-24,WELSPUNLIV,514162,B ,94.75,95.95,93.7,94.5,94.0,1160,19867848.0
1732654,2017-04-25,WELSPUNLIV,514162,B ,95.05,96.2,90.4,94.25,94.5,3128,56667596.0
1735901,2017-04-26,WELSPUNLIV,514162,B ,93.8,95.5,91.5,94.6,94.25,2806,46044782.0
1739147,2017-04-27,WELSPUNLIV,514162,B ,94.05,94.75,85.1,93.85,94.6,1270,16435943.0
1742366,2017-04-28,WELSPUNLIV,514162,B ,94.0,95.95,93.5,95.3,93.85,939,14683517.0
1745550,2017-05-02,WELSPUNLIV,514162,B ,95.0,98.3,95.0,97.9,95.3,1401,21737542.0
1748783,2017-05-03,WELSPUNLIV,514162,B ,98.0,99.55,96.25,97.3,97.9,2351,19486219.0
1751992,2017-05-04,WELSPUNLIV,514162,B ,97.8,97.85,95.55,96.8,97.3,834,12237806.0
1755195,2017-05-05,WELSPUNLIV,514162,B ,97.35,98.0,94.6,95.05,96.8,929,16305733.0
1758381,2017-05-08,WELSPUNLIV,514162,B ,97.0,97.0,93.95,94.25,95.05,500,7658367.0
1761561,2017-05-09,WELSPUNLIV,514162,B ,95.95,96.0,92.1,92.95,94.25,691,7747669.0
1764763,2017-05-10,WELSPUNLIV,514162,B ,91.5,94.1,90.7,91.05,92.95,814,9289388.0
1767971,2017-05-11,WELSPUNLIV,514162,B ,92.5,92.5,89.9,90.05,91.05,760,9063215.0
1771161,2017-05-12,WELSPUNLIV,514162,B ,91.0,91.6,87.8,89.6,90.05,1022,15536485.0
1774346,2017-05-15,WELSPUNLIV,514162,B ,89.5,94.05,89.3,91.05,89.6,3030,441786265.0
1777507,2017-05-16,WELSPUNLIV,514162,B ,91.05,91.1,90.1,90.8,91.05,489,7147209.0
1780680,2017-05-17,WELSPUNLIV,514162,B ,91.15,91.6,88.5,89.0,90.8,677,9301524.0
1783834,2017-05-18,WELSPUNLIV,514162,B ,88.0,89.5,86.2,87.05,89.0,589,7419038.0
1786921,2017-05-19,WELSPUNLIV,514162,B ,87.3,88.45,85.0,85.3,87.05,710,9142926.0
1790026,2017-05-22,WELSPUNLIV,514162,B ,85.75,85.75,81.5,83.75,85.3,1003,11313800.0
1793128,2017-05-23,WELSPUNLIV,514162,B ,84.15,85.4,79.1,84.2,83.75,1460,14777799.0
1796198,2017-05-24,WELSPUNLIV,514162,B ,83.85,83.95,81.1,82.1,84.2,741,7910968.0
1799266,2017-05-25,WELSPUNLIV,514162,B ,83.0,83.95,82.2,82.85,82.1,700,9050181.0
1802283,2017-05-26,WELSPUNLIV,514162,B ,83.5,84.85,82.5,84.3,82.85,607,7303891.0
1805315,2017-05-29,WELSPUNLIV,514162,B ,84.2,85.0,81.8,82.0,84.3,711,7348683.0
1808376,2017-05-30,WELSPUNLIV,514162,B ,81.7,84.7,80.6,82.65,82.0,908,9417212.0
1811396,2017-05-31,WELSPUNLIV,514162,B ,82.25,82.3,68.0,81.35,82.65,991,8758761.0
1814457,2017-06-01,WELSPUNLIV,514162,B ,82.0,84.75,81.7,84.0,81.35,784,8899886.0
1817508,2017-06-02,WELSPUNLIV,514162,B ,84.5,84.5,82.5,83.55,84.0,486,4210762.0
1820535,2017-06-05,WELSPUNLIV,514162,B ,84.8,85.45,84.4,85.05,83.55,475,6907476.0
1823608,2017-06-06,WELSPUNLIV,514162,B ,84.9,85.45,82.75,83.5,85.05,1463,6526359.0
1826631,2017-06-07,WELSPUNLIV,514162,B ,83.35,84.3,82.7,83.1,83.5,829,8831158.0
1829641,2017-06-08,WELSPUNLIV,514162,B ,83.0,84.0,82.8,83.15,83.1,266,3029347.0
1832693,2017-06-09,WELSPUNLIV,514162,B ,83.75,83.8,82.25,82.55,83.15,551,5348201.0
1835742,2017-06-12,WELSPUNLIV,514162,B ,80.15,84.0,80.15,82.8,82.55,626,5347038.0
1838780,2017-06-13,WELSPUNLIV,514162,B ,84.7,84.7,82.0,82.45,82.8,451,4461233.0
1841817,2017-06-14,WELSPUNLIV,514162,B ,81.9,82.5,79.7,81.5,82.45,1035,11475903.0
1844831,2017-06-15,WELSPUNLIV,514162,B ,80.6,81.2,78.7,79.1,81.5,1346,10849715.0
1847832,2017-06-16,WELSPUNLIV,514162,B ,79.0,82.75,77.4,79.3,79.1,2047,14278552.0
1850840,2017-06-19,WELSPUNLIV,514162,B ,79.0,81.1,79.0,80.6,79.3,880,8510901.0
1853908,2017-06-20,WELSPUNLIV,514162,B ,80.8,81.7,80.15,80.7,80.6,691,4950031.0
1856940,2017-06-21,WELSPUNLIV,514162,B ,81.5,82.25,80.5,81.65,80.7,716,4928509.0
1859928,2017-06-22,WELSPUNLIV,514162,B ,81.4,83.2,81.15,81.9,81.65,1163,13016138.0
1862924,2017-06-23,WELSPUNLIV,514162,B ,81.55,83.05,79.5,82.0,81.9,966,7829409.0
1865888,2017-06-27,WELSPUNLIV,514162,B ,82.2,83.75,80.35,82.4,82.0,832,7272130.0
1868881,2017-06-28,WELSPUNLIV,514162,B ,81.6,83.6,81.1,83.0,82.4,959,10078909.0
1871827,2017-06-29,WELSPUNLIV,514162,B ,83.15,83.95,82.35,82.95,83.0,694,7320516.0
1874729,2017-06-30,WELSPUNLIV,514162,B ,82.4,84.0,75.0,82.75,82.95,947,11683773.0
1877703,2017-07-03,WELSPUNLIV,514162,B ,82.0,83.0,80.05,81.6,82.75,1241,12695414.0
1880697,2017-07-04,WELSPUNLIV,514162,B ,81.0,82.0,80.0,80.6,81.6,498,11477136.0
1883686,2017-07-05,WELSPUNLIV,514162,B ,80.95,81.0,80.15,80.6,80.6,348,4070497.0
1886696,2017-07-06,WELSPUNLIV,514162,B ,80.85,81.25,80.2,80.8,80.6,631,8781577.0
1889704,2017-07-07,WELSPUNLIV,514162,B ,80.8,85.75,80.35,84.15,80.8,2441,25285570.0
1892729,2017-07-10,WELSPUNLIV,514162,B ,85.4,88.4,83.8,87.95,84.15,2921,81016082.0
1895761,2017-07-11,WELSPUNLIV,514162,B ,87.75,88.95,85.5,85.95,87.95,1106,12845404.0
1898825,2017-07-12,WELSPUNLIV,514162,B ,86.3,86.45,84.3,85.45,85.95,657,6854929.0
1901872,2017-07-13,WELSPUNLIV,514162,B ,85.5,89.0,85.25,88.2,85.45,1895,26801494.0
1904937,2017-07-14,WELSPUNLIV,514162,B ,88.7,91.0,88.2,90.35,88.2,2527,49039580.0
1907978,2017-07-17,WELSPUNLIV,514162,A ,90.55,91.3,88.0,88.75,90.35,1317,17588416.0
1911002,2017-07-18,WELSPUNLIV,514162,A ,87.85,89.85,87.6,88.4,88.75,833,10121574.0
1914039,2017-07-19,WELSPUNLIV,514162,A ,89.0,89.1,87.75,88.5,88.4,364,2954344.0
1917096,2017-07-20,WELSPUNLIV,514162,A ,88.05,91.5,87.7,90.45,88.5,1693,60522691.0
1920123,2017-07-21,WELSPUNLIV,514162,A ,90.7,92.5,88.9,90.05,90.45,1321,15218113.0
1923160,2017-07-24,WELSPUNLIV,514162,A ,90.9,91.9,89.05,89.65,90.05,1330,14433761.0
1926223,2017-07-25,WELSPUNLIV,514162,A ,90.0,90.1,87.75,88.05,89.65,847,10159801.0
1929264,2017-07-26,WELSPUNLIV,514162,A ,88.3,88.95,86.5,86.85,88.05,555,6287333.0
1932309,2017-07-27,WELSPUNLIV,514162,A ,86.5,87.7,85.0,85.45,86.85,913,11055541.0
1935309,2017-07-28,WELSPUNLIV,514162,A ,85.0,85.3,84.2,84.55,85.45,444,4047396.0
1938309,2017-07-31,WELSPUNLIV,514162,A ,86.45,86.45,82.0,82.4,84.55,610,5504319.0
1941356,2017-08-01,WELSPUNLIV,514162,A ,83.65,84.2,80.5,82.15,82.4,879,9049485.0
1944380,2017-08-02,WELSPUNLIV,514162,A ,82.95,83.6,82.25,82.85,82.15,429,4041793.0
1947389,2017-08-03,WELSPUNLIV,514162,A ,83.1,84.1,82.25,83.85,82.85,532,5940201.0
1950342,2017-08-04,WELSPUNLIV,514162,A ,83.25,83.25,81.25,81.8,83.85,443,6437709.0
1953295,2017-08-07,WELSPUNLIV,514162,A ,81.8,83.4,79.75,80.55,81.8,1376,12800079.0
1956279,2017-08-08,WELSPUNLIV,514162,A ,80.0,82.2,79.55,80.4,80.55,884,10043321.0
1959177,2017-08-09,WELSPUNLIV,514162,A ,79.2,80.1,77.85,78.7,80.4,669,7035124.0
1962048,2017-08-10,WELSPUNLIV,514162,A ,78.0,78.2,72.0,72.85,78.7,1062,9907089.0
1964929,2017-08-11,WELSPUNLIV,514162,A ,70.0,73.8,68.0,69.0,72.85,1303,8402342.0
1967813,2017-08-14,WELSPUNLIV,514162,A ,71.6,73.75,71.25,73.35,69.0,565,5491976.0
1970737,2017-08-16,WELSPUNLIV,514162,A ,73.3,77.8,72.85,77.35,73.35,852,9065949.0
1973624,2017-08-17,WELSPUNLIV,514162,A ,79.8,79.8,76.75,77.2,77.35,744,6869979.0
1976479,2017-08-18,WELSPUNLIV,514162,A ,77.5,77.5,70.0,75.4,77.2,1354,12815714.0
1979326,2017-08-21,WELSPUNLIV,514162,A ,77.0,77.0,72.4,73.2,75.4,538,4186615.0
1982253,2017-08-22,WELSPUNLIV,514162,A ,74.5,74.75,70.2,72.5,73.2,564,3418759.0
1985163,2017-08-23,WELSPUNLIV,514162,A ,73.15,73.7,70.7,71.2,72.5,296,2393630.0
1988067,2017-08-24,WELSPUNLIV,514162,A ,71.45,73.3,71.45,72.45,71.2,353,3082284.0
1990965,2017-08-28,WELSPUNLIV,514162,A ,74.9,79.4,73.3,78.55,72.45,1300,11219854.0
1993859,2017-08-29,WELSPUNLIV,514162,A ,78.55,78.55,75.1,75.75,78.55,827,8015264.0
1996737,2017-08-30,WELSPUNLIV,514162,A ,77.1,79.0,76.4,77.6,75.75,556,6683809.0
1999598,2017-08-31,WELSPUNLIV,514162,A ,77.75,78.5,76.85,77.25,77.6,466,5849707.0
2002502,2017-09-01,WELSPUNLIV,514162,A ,79.0,79.0,77.0,77.25,77.25,723,7758707.0
2005460,2017-09-04,WELSPUNLIV,514162,A ,77.25,78.9,76.25,76.5,77.25,833,9484369.0
2008408,2017-09-05,WELSPUNLIV,514162,A ,77.75,79.5,77.45,78.0,76.5,787,8588773.0
2011316,2017-09-06,WELSPUNLIV,514162,A ,78.4,81.0,72.45,78.1,78.0,997,12160779.0
2014210,2017-09-07,WELSPUNLIV,514162,A ,79.4,79.5,78.5,78.75,78.1,542,5272720.0
2017136,2017-09-08,WELSPUNLIV,514162,A ,79.9,79.9,76.45,77.25,78.75,476,4749722.0
2020098,2017-09-11,WELSPUNLIV,514162,A ,78.6,79.05,75.5,76.3,77.25,440,4260479.0
2023094,2017-09-12,WELSPUNLIV,514162,A ,76.75,77.7,75.85,76.1,76.3,617,5528937.0
2026062,2017-09-13,WELSPUNLIV,514162,A ,76.3,77.2,75.25,75.7,76.1,369,3235903.0
2029014,2017-09-14,WELSPUNLIV,514162,A ,75.0,76.85,75.0,75.35,75.7,375,3238701.0
2031972,2017-09-15,WELSPUNLIV,514162,A ,75.65,77.9,74.45,77.5,75.35,1042,9585135.0
2034929,2017-09-18,WELSPUNLIV,514162,A ,78.0,79.7,75.8,76.45,77.5,535,5663949.0
2037930,2017-09-19,WELSPUNLIV,514162,A ,76.5,76.65,74.6,74.9,76.45,385,3299981.0
2040872,2017-09-20,WELSPUNLIV,514162,A ,75.1,75.35,73.4,73.65,74.9,504,3389367.0
2043787,2017-09-21,WELSPUNLIV,514162,A ,73.5,74.0,72.0,73.35,73.65,490,6085887.0
2046682,2017-09-22,WELSPUNLIV,514162,A ,73.0,73.3,70.15,70.7,73.35,707,7635116.0
2049610,2017-09-25,WELSPUNLIV,514162,A ,70.85,70.85,67.25,67.75,70.7,804,6512756.0
2052531,2017-09-26,WELSPUNLIV,514162,A ,67.6,67.6,65.9,66.3,67.75,733,8969800.0
2055427,2017-09-27,WELSPUNLIV,514162,A ,66.45,68.0,66.1,66.5,66.3,667,4460527.0
2058276,2017-09-28,WELSPUNLIV,514162,A ,68.75,70.0,65.7,69.05,66.5,3019,6282115.0
2061104,2017-09-29,WELSPUNLIV,514162,A ,69.05,71.1,67.7,68.25,69.05,1907,4474920.0
2064001,2017-10-03,WELSPUNLIV,514162,A ,69.0,69.75,65.15,67.5,68.25,554,3808983.0
2066996,2017-10-04,WELSPUNLIV,514162,A ,67.5,67.8,65.8,66.4,67.5,697,8569716.0
2069947,2017-10-05,WELSPUNLIV,514162,A ,66.7,66.7,60.0,65.75,66.4,1019,5578935.0
2072889,2017-10-06,WELSPUNLIV,514162,A ,66.5,70.9,66.1,70.45,65.75,1371,14925075.0
2075872,2017-10-09,WELSPUNLIV,514162,A ,71.0,72.0,68.4,70.65,70.45,993,8069744.0
2078924,2017-10-10,WELSPUNLIV,514162,A ,70.95,72.6,68.1,68.3,70.65,1953,16128384.0
2081962,2017-10-11,WELSPUNLIV,514162,A ,68.7,69.4,67.0,67.7,68.3,947,6954862.0
2084983,2017-10-12,WELSPUNLIV,514162,A ,67.85,68.0,65.0,67.4,67.7,406,4809946.0
2087965,2017-10-13,WELSPUNLIV,514162,A ,67.0,67.65,65.5,65.7,67.4,905,9919014.0
2090990,2017-10-16,WELSPUNLIV,514162,A ,64.1,66.65,63.1,63.75,65.7,1399,11086640.0
2093998,2017-10-17,WELSPUNLIV,514162,A ,64.45,64.7,60.85,61.3,63.75,2138,19601242.0
2096982,2017-10-18,WELSPUNLIV,514162,A ,61.3,64.6,61.3,63.4,61.3,1942,18536223.0
2099891,2017-10-19,WELSPUNLIV,514162,A ,64.9,68.25,64.25,67.1,63.4,1545,19691855.0
2102632,2017-10-23,WELSPUNLIV,514162,A ,67.2,69.4,66.7,67.1,67.1,2737,27256784.0
2105680,2017-10-24,WELSPUNLIV,514162,A ,67.8,68.95,66.35,66.65,67.1,839,6616755.0
2108752,2017-10-25,WELSPUNLIV,514162,A ,66.95,67.8,65.1,65.45,66.65,707,4400166.0
2111782,2017-10-26,WELSPUNLIV,514162,A ,65.5,67.0,64.7,66.15,65.45,986,9219843.0
2114801,2017-10-27,WELSPUNLIV,514162,A ,66.75,66.75,65.1,65.3,66.15,1116,14666362.0
2117859,2017-10-30,WELSPUNLIV,514162,A ,66.75,68.35,65.3,66.95,65.3,1344,15263331.0
2120909,2017-10-31,WELSPUNLIV,514162,A ,67.1,68.55,66.6,67.0,66.95,853,9173602.0
2123994,2017-11-01,WELSPUNLIV,514162,A ,68.55,72.75,68.0,69.35,67.0,3727,43518219.0
2127120,2017-11-02,WELSPUNLIV,514162,A ,68.85,73.1,68.35,72.15,69.35,3031,70478314.0
2130193,2017-11-03,WELSPUNLIV,514162,A ,73.25,74.9,71.75,72.7,72.15,1957,24821499.0
2133299,2017-11-06,WELSPUNLIV,514162,A ,73.2,74.0,70.85,71.4,72.7,1148,14202407.0
2136444,2017-11-07,WELSPUNLIV,514162,A ,71.6,71.65,68.4,70.4,71.4,1042,16936964.0
2139505,2017-11-08,WELSPUNLIV,514162,A ,71.0,71.0,66.15,67.3,70.4,817,10963610.0
2142520,2017-11-09,WELSPUNLIV,514162,A ,68.2,72.25,68.0,69.65,67.3,2923,28705363.0
2145568,2017-11-10,WELSPUNLIV,514162,A ,69.4,69.85,67.7,67.9,69.65,714,11409672.0
2148604,2017-11-13,WELSPUNLIV,514162,A ,67.9,68.3,66.35,66.6,67.9,478,6095176.0
2151634,2017-11-14,WELSPUNLIV,514162,A ,66.5,67.1,65.5,65.7,66.6,573,8955751.0
2154654,2017-11-15,WELSPUNLIV,514162,A ,65.7,66.2,64.0,64.2,65.7,1378,88873008.0
2157652,2017-11-16,WELSPUNLIV,514162,A ,65.5,66.4,64.7,65.2,64.2,1084,17561515.0
2160705,2017-11-17,WELSPUNLIV,514162,A ,66.85,73.0,65.65,69.45,65.2,5408,87622211.0
2163790,2017-11-20,WELSPUNLIV,514162,A ,69.8,72.0,69.0,71.35,69.45,1677,25828112.0
2166823,2017-11-21,WELSPUNLIV,514162,A ,71.6,73.95,71.6,73.4,71.35,1645,23193409.0
2169862,2017-11-22,WELSPUNLIV,514162,A ,73.9,76.5,72.8,74.65,73.4,3190,43538461.0
2172925,2017-11-23,WELSPUNLIV,514162,A ,74.7,76.8,74.25,75.95,74.65,2137,32621732.0
2175959,2017-11-24,WELSPUNLIV,514162,A ,77.0,77.15,73.2,73.45,75.95,1138,16409948.0
2179049,2017-11-27,WELSPUNLIV,514162,A ,74.0,75.25,73.4,74.8,73.45,1056,18838124.0
2182089,2017-11-28,WELSPUNLIV,514162,A ,73.55,75.3,72.15,73.15,74.8,1054,74243464.0
2185135,2017-11-29,WELSPUNLIV,514162,A ,73.5,73.5,71.8,72.55,73.15,677,9759088.0
2188176,2017-11-30,WELSPUNLIV,514162,A ,72.0,72.3,71.1,71.8,72.55,570,7492336.0
2191151,2017-12-01,WELSPUNLIV,514162,A ,71.75,72.7,67.5,68.95,71.8,1224,13704083.0
2194213,2017-12-04,WELSPUNLIV,514162,A ,69.2,69.6,67.55,67.85,68.95,735,10250810.0
2197263,2017-12-05,WELSPUNLIV,514162,A ,68.3,68.3,65.65,66.9,67.85,845,10415095.0
2200251,2017-12-06,WELSPUNLIV,514162,A ,67.4,69.15,66.2,66.55,66.9,1210,12766730.0
2203230,2017-12-07,WELSPUNLIV,514162,A ,66.8,68.0,66.8,67.1,66.55,605,11814991.0
2206245,2017-12-08,WELSPUNLIV,514162,A ,67.55,69.4,67.3,67.8,67.1,957,13425598.0
2209278,2017-12-11,WELSPUNLIV,514162,A ,67.8,71.7,67.6,70.9,67.8,1805,24327084.0
2212333,2017-12-12,WELSPUNLIV,514162,A ,70.9,71.55,69.65,70.15,70.9,1437,25538756.0
2215295,2017-12-13,WELSPUNLIV,514162,A ,70.0,71.45,68.3,68.5,70.15,1032,14348345.0
2218253,2017-12-14,WELSPUNLIV,514162,A ,68.75,69.55,67.85,68.25,68.5,898,11426428.0
2221204,2017-12-15,WELSPUNLIV,514162,A ,69.0,69.65,68.5,68.9,68.25,638,9627804.0
2224192,2017-12-18,WELSPUNLIV,514162,A ,69.0,71.25,65.0,69.9,68.9,1620,22435351.0
2227195,2017-12-19,WELSPUNLIV,514162,A ,72.0,72.0,70.4,71.35,69.9,1505,25783953.0
2230215,2017-12-20,WELSPUNLIV,514162,A ,72.95,72.95,70.75,71.15,71.35,1124,16733166.0
2233298,2017-12-21,WELSPUNLIV,514162,A ,72.5,74.25,72.0,73.05,71.15,1968,37427452.0
2236368,2017-12-22,WELSPUNLIV,514162,A ,73.5,77.0,73.5,76.1,73.05,4064,75008307.0
2239501,2017-12-26,WELSPUNLIV,514162,A ,76.25,77.65,75.45,75.75,76.1,1973,27075232.0
2242670,2017-12-27,WELSPUNLIV,514162,A ,75.8,76.15,72.65,73.1,75.75,1228,18997289.0
2245813,2017-12-28,WELSPUNLIV,514162,A ,73.9,73.9,72.0,72.35,73.1,916,14033693.0
2248953,2017-12-29,WELSPUNLIV,514162,A ,72.35,73.25,70.9,71.15,72.35,843,15180935.0
2252124,2018-01-01,WELSPUNLIV,514162,A ,71.8,75.3,71.45,72.65,71.15,1560,20133986.0
2255333,2018-01-02,WELSPUNLIV,514162,A ,72.85,73.5,71.0,71.6,72.65,3206,13308186.0
2258493,2018-01-03,WELSPUNLIV,514162,A ,72.25,72.35,71.25,71.5,71.6,2630,13833889.0
2261684,2018-01-04,WELSPUNLIV,514162,A ,71.8,72.75,70.55,71.0,71.5,1100,13496993.0
2264923,2018-01-05,WELSPUNLIV,514162,A ,71.05,72.15,69.8,71.0,71.0,1737,21086043.0
2268199,2018-01-08,WELSPUNLIV,514162,A ,71.6,73.75,71.5,71.8,71.0,1855,26309961.0
2271497,2018-01-09,WELSPUNLIV,514162,A ,72.25,74.2,71.8,73.45,71.8,2921,42903306.0
2274805,2018-01-10,WELSPUNLIV,514162,A ,74.75,82.5,72.85,76.5,73.45,28817,745857361.0
2278049,2018-01-11,WELSPUNLIV,514162,A ,78.2,79.8,76.95,77.6,76.5,7943,147215155.0
2281313,2018-01-12,WELSPUNLIV,514162,A ,78.4,79.95,76.6,78.75,77.6,4861,82767721.0
2284580,2018-01-15,WELSPUNLIV,514162,A ,79.9,80.5,77.6,78.9,78.75,4853,86319991.0
2287859,2018-01-16,WELSPUNLIV,514162,A ,79.7,79.95,74.0,74.45,78.9,3082,45448570.0
2291117,2018-01-17,WELSPUNLIV,514162,A ,75.0,76.55,72.4,75.55,74.45,2781,39417691.0
2294343,2018-01-18,WELSPUNLIV,514162,A ,76.35,76.4,71.8,72.75,75.55,2595,40504183.0
2297596,2018-01-19,WELSPUNLIV,514162,A ,72.35,74.35,71.45,73.3,72.75,1749,26588693.0
2300801,2018-01-22,WELSPUNLIV,514162,A ,72.65,73.9,72.0,72.7,73.3,1404,21765435.0
2304039,2018-01-23,WELSPUNLIV,514162,A ,72.1,73.75,71.5,71.75,72.7,1774,30866598.0
2307282,2018-01-24,WELSPUNLIV,514162,A ,71.6,72.35,70.3,71.4,71.75,1267,22749201.0
2310491,2018-01-25,WELSPUNLIV,514162,A ,71.25,71.95,70.35,70.6,71.4,1181,20359607.0
2313687,2018-01-29,WELSPUNLIV,514162,A ,71.15,73.65,70.9,72.35,70.6,2611,32431787.0
2316869,2018-01-30,WELSPUNLIV,514162,A ,72.0,73.75,69.5,70.0,72.35,2202,33607571.0
2320064,2018-01-31,WELSPUNLIV,514162,A ,69.25,70.7,68.75,69.05,70.0,1034,19383616.0
2323211,2018-02-01,WELSPUNLIV,514162,A ,69.5,70.1,67.5,68.55,69.05,1138,16709073.0
2326312,2018-02-02,WELSPUNLIV,514162,A ,67.1,67.3,63.3,63.75,68.55,2370,30153034.0
2329440,2018-02-05,WELSPUNLIV,514162,A ,63.0,64.2,60.9,63.0,63.75,1726,38302987.0
2332592,2018-02-06,WELSPUNLIV,514162,A ,60.9,61.8,58.65,61.1,63.0,1811,83454102.0
2335697,2018-02-07,WELSPUNLIV,514162,A ,63.3,66.65,62.65,66.15,61.1,1608,31904285.0
2338753,2018-02-08,WELSPUNLIV,514162,A ,66.35,68.5,66.3,67.65,66.15,1611,25126708.0
2341848,2018-02-09,WELSPUNLIV,514162,A ,66.25,68.75,65.05,67.45,67.65,785,11569609.0
2344949,2018-02-12,WELSPUNLIV,514162,A ,68.05,72.2,68.05,71.75,67.45,2030,31635519.0
2348118,2018-02-14,WELSPUNLIV,514162,A ,70.5,70.5,67.25,67.9,71.75,1715,23781041.0
2351276,2018-02-15,WELSPUNLIV,514162,A ,68.55,69.5,65.5,66.1,67.9,1076,14568185.0
2354411,2018-02-16,WELSPUNLIV,514162,A ,66.15,67.4,64.6,64.95,66.1,694,7391234.0
2357517,2018-02-19,WELSPUNLIV,514162,A ,65.2,65.3,63.55,64.55,64.95,670,9187476.0
2360608,2018-02-20,WELSPUNLIV,514162,A ,64.5,65.7,64.2,65.0,64.55,772,8786513.0
2363694,2018-02-21,WELSPUNLIV,514162,A ,65.4,66.0,64.8,65.15,65.0,333,4380949.0
2366718,2018-02-22,WELSPUNLIV,514162,A ,64.8,65.15,62.85,64.25,65.15,486,6364141.0
2369794,2018-02-23,WELSPUNLIV,514162,A ,64.95,65.1,63.3,63.45,64.25,631,8864095.0
2372841,2018-02-26,WELSPUNLIV,514162,A ,64.85,64.85,62.65,62.85,63.45,1007,12817980.0
2375931,2018-02-27,WELSPUNLIV,514162,A ,63.25,65.4,63.0,63.9,62.85,1648,20725710.0
2378991,2018-02-28,WELSPUNLIV,514162,A ,63.7,65.2,63.1,64.5,63.9,697,9626495.0
2382018,2018-03-01,WELSPUNLIV,514162,A ,64.95,65.1,63.45,63.75,64.5,591,7479082.0
2385064,2018-03-05,WELSPUNLIV,514162,A ,64.0,64.75,63.1,64.0,63.75,466,4377250.0
2388168,2018-03-06,WELSPUNLIV,514162,A ,64.85,64.9,62.8,63.1,64.0,581,6748874.0
2391185,2018-03-07,WELSPUNLIV,514162,A ,62.1,63.15,58.7,60.7,63.1,1596,17372873.0
2394223,2018-03-08,WELSPUNLIV,514162,A ,61.6,62.2,60.1,60.65,60.7,628,13115317.0
2397275,2018-03-09,WELSPUNLIV,514162,A ,61.05,61.3,60.2,61.0,60.65,337,8274947.0
2400320,2018-03-12,WELSPUNLIV,514162,A ,62.4,62.4,60.5,60.65,61.0,466,13437292.0
2403397,2018-03-13,WELSPUNLIV,514162,A ,60.65,63.2,60.65,62.3,60.65,1050,17844371.0
2406422,2018-03-14,WELSPUNLIV,514162,A ,62.2,62.2,61.2,61.4,62.3,343,4814274.0
2409429,2018-03-15,WELSPUNLIV,514162,A ,61.4,62.35,61.2,61.75,61.4,769,14408997.0
2412443,2018-03-16,WELSPUNLIV,514162,A ,62.0,62.0,59.65,60.75,61.75,695,13707198.0
2415483,2018-03-19,WELSPUNLIV,514162,A ,60.75,60.75,58.55,59.0,60.75,636,10256398.0
2418603,2018-03-20,WELSPUNLIV,514162,A ,59.1,59.45,58.4,58.6,59.0,501,18191023.0
2421645,2018-03-21,WELSPUNLIV,514162,A ,59.35,60.4,59.35,60.0,58.6,836,90701770.0
2424699,2018-03-22,WELSPUNLIV,514162,A ,60.35,61.25,59.7,60.1,60.0,551,19587343.0
2427728,2018-03-23,WELSPUNLIV,514162,A ,59.0,59.9,58.0,59.0,60.1,795,14932465.0
2430823,2018-03-26,WELSPUNLIV,514162,A ,58.7,59.8,58.2,59.25,59.0,755,9710941.0
2433918,2018-03-27,WELSPUNLIV,514162,A ,59.6,60.8,59.3,59.45,59.25,287,3379168.0
2436879,2018-03-28,WELSPUNLIV,514162,A ,59.1,59.85,57.6,57.95,59.45,628,9201513.0
2439859,2018-04-02,WELSPUNLIV,514162,A ,59.25,59.25,57.65,57.9,57.95,705,12808646.0
2442828,2018-04-03,WELSPUNLIV,514162,A ,58.0,59.2,57.85,58.1,57.9,631,5716716.0
2445802,2018-04-04,WELSPUNLIV,514162,A ,58.6,59.05,57.6,57.95,58.1,633,6893124.0
2448765,2018-04-05,WELSPUNLIV,514162,A ,59.35,59.35,58.15,58.8,57.95,505,5493776.0
2451774,2018-04-06,WELSPUNLIV,514162,A ,58.5,59.75,58.5,58.9,58.8,582,7163743.0
2454799,2018-04-09,WELSPUNLIV,514162,A ,59.4,59.5,58.55,59.05,58.9,557,7580752.0
2457839,2018-04-10,WELSPUNLIV,514162,A ,58.9,59.35,58.05,58.15,59.05,1039,8213840.0
2460855,2018-04-11,WELSPUNLIV,514162,A ,58.6,58.6,57.75,58.0,58.15,396,4195372.0
2463834,2018-04-12,WELSPUNLIV,514162,A ,58.0,58.1,57.5,57.8,58.0,256,2622042.0
2466823,2018-04-13,WELSPUNLIV,514162,A ,57.75,58.1,57.0,57.2,57.8,321,3199420.0
2469856,2018-04-16,WELSPUNLIV,514162,A ,57.3,57.3,54.9,55.25,57.2,806,8886433.0
2472891,2018-04-17,WELSPUNLIV,514162,A ,55.25,55.25,51.55,52.5,55.25,1722,22495128.0
2475856,2018-04-18,WELSPUNLIV,514162,A ,52.5,53.0,51.0,52.05,52.5,2411,89654534.0
2478843,2018-04-19,WELSPUNLIV,514162,A ,52.3,52.5,50.0,52.0,52.05,1740,20046026.0
2481835,2018-04-20,WELSPUNLIV,514162,A ,52.0,58.9,52.0,58.05,52.0,6005,79459520.0
2484808,2018-04-23,WELSPUNLIV,514162,A ,58.0,60.8,58.0,60.1,58.05,3384,44531814.0
2487851,2018-04-24,WELSPUNLIV,514162,A ,60.35,62.15,59.8,60.05,60.1,2260,29125720.0
2490838,2018-04-25,WELSPUNLIV,514162,A ,60.0,60.3,58.2,58.45,60.05,1458,18950578.0
2493786,2018-04-26,WELSPUNLIV,514162,A ,58.45,59.35,56.5,56.7,58.45,788,8088298.0
2496704,2018-04-27,WELSPUNLIV,514162,A ,57.0,57.9,53.35,57.05,56.7,944,11849239.0
2499631,2018-04-30,WELSPUNLIV,514162,A ,58.5,59.0,57.0,57.1,57.05,1310,16726726.0
2502582,2018-05-02,WELSPUNLIV,514162,A ,57.7,61.3,57.25,60.2,57.1,2325,27487023.0
2505597,2018-05-03,WELSPUNLIV,514162,A ,60.05,61.4,58.25,60.5,60.2,1324,16767362.0
2508566,2018-05-04,WELSPUNLIV,514162,A ,61.0,61.0,58.5,59.8,60.5,3380,12150306.0
2511548,2018-05-07,WELSPUNLIV,514162,A ,59.8,60.35,58.7,59.0,59.8,1151,16426052.0
2514542,2018-05-08,WELSPUNLIV,514162,A ,59.0,59.6,57.6,58.65,59.0,810,7668578.0
2517517,2018-05-09,WELSPUNLIV,514162,A ,58.55,59.25,56.9,57.35,58.65,1288,4775811.0
2520487,2018-05-10,WELSPUNLIV,514162,A ,57.7,62.6,56.75,60.8,57.35,3786,43850617.0
2523438,2018-05-11,WELSPUNLIV,514162,A ,60.95,66.6,60.65,65.85,60.8,6894,82204386.0
2526401,2018-05-14,WELSPUNLIV,514162,A ,66.5,67.5,62.9,66.1,65.85,2653,39395019.0
2529402,2018-05-15,WELSPUNLIV,514162,A ,66.0,68.9,64.4,64.8,66.1,2459,35757079.0
2532314,2018-05-16,WELSPUNLIV,514162,A ,63.9,66.8,63.4,64.95,64.8,2296,26636885.0
2535219,2018-05-17,WELSPUNLIV,514162,A ,64.1,67.45,63.0,65.35,64.95,3822,41786371.0
2538132,2018-05-18,WELSPUNLIV,514162,A ,64.65,66.0,62.5,62.75,65.35,1866,19506641.0
2541072,2018-05-21,WELSPUNLIV,514162,A ,62.4,64.35,60.0,62.25,62.75,2103,25509268.0
2544048,2018-05-22,WELSPUNLIV,514162,A ,62.35,64.95,61.25,63.9,62.25,1199,20080876.0
2546954,2018-05-23,WELSPUNLIV,514162,A ,63.8,65.0,61.4,61.85,63.9,721,7934674.0
2549915,2018-05-24,WELSPUNLIV,514162,A ,62.0,63.4,61.05,61.8,61.85,565,5449732.0
2552858,2018-05-25,WELSPUNLIV,514162,A ,61.75,62.55,60.65,61.65,61.8,609,6838045.0
2555842,2018-05-28,WELSPUNLIV,514162,A ,62.0,63.25,61.95,62.3,61.65,334,3717457.0
2558848,2018-05-29,WELSPUNLIV,514162,A ,62.3,63.3,61.05,61.65,62.3,410,5307881.0
2561837,2018-05-30,WELSPUNLIV,514162,A ,61.9,63.35,61.0,62.1,61.65,892,203576153.0
2564826,2018-05-31,WELSPUNLIV,514162,A ,62.3,62.9,61.2,62.45,62.1,617,9525415.0
2567789,2018-06-01,WELSPUNLIV,514162,A ,62.95,62.95,59.4,61.65,62.45,636,9094686.0
2570774,2018-06-04,WELSPUNLIV,514162,A ,61.45,61.6,58.2,58.8,61.65,2348,37258834.0
2573797,2018-06-05,WELSPUNLIV,514162,A ,58.95,58.95,55.45,56.7,58.8,1170,8450440.0
2576757,2018-06-06,WELSPUNLIV,514162,A ,56.4,57.1,55.7,56.4,56.7,787,6412143.0
2579692,2018-06-07,WELSPUNLIV,514162,A ,56.9,59.3,54.65,55.6,56.4,2049,19710491.0
2582639,2018-06-08,WELSPUNLIV,514162,A ,55.6,57.15,54.8,56.25,55.6,862,9151488.0
2585585,2018-06-11,WELSPUNLIV,514162,A ,56.55,57.4,56.55,56.9,56.25,354,3745272.0
2588548,2018-06-12,WELSPUNLIV,514162,A ,57.0,57.5,56.7,56.85,56.9,400,6866537.0
2591559,2018-06-13,WELSPUNLIV,514162,A ,56.9,58.75,56.2,58.0,56.85,672,7007729.0
2594541,2018-06-14,WELSPUNLIV,514162,A ,58.0,59.75,58.0,59.0,58.0,1131,14232808.0
2597460,2018-06-15,WELSPUNLIV,514162,A ,59.0,59.4,58.2,58.55,59.0,370,3190717.0
2600384,2018-06-18,WELSPUNLIV,514162,A ,60.0,60.0,57.85,58.25,58.55,539,6150449.0
2603343,2018-06-19,WELSPUNLIV,514162,A ,57.65,58.2,57.25,57.35,58.25,319,3699628.0
2606283,2018-06-20,WELSPUNLIV,514162,A ,57.65,58.8,57.6,58.45,57.35,325,3208957.0
2609210,2018-06-21,WELSPUNLIV,514162,A ,58.95,59.05,57.55,57.7,58.45,405,4234380.0
2612093,2018-06-22,WELSPUNLIV,514162,A ,57.6,58.0,57.5,57.65,57.7,258,4283750.0
2614969,2018-06-25,WELSPUNLIV,514162,A ,57.65,58.4,56.75,56.8,57.65,213,2081958.0
2617887,2018-06-26,WELSPUNLIV,514162,A ,56.15,56.6,55.1,55.5,56.8,315,3549422.0
2620818,2018-06-27,WELSPUNLIV,514162,A ,55.55,55.65,53.5,54.15,55.5,1089,7271717.0
2623788,2018-06-28,WELSPUNLIV,514162,A ,54.75,54.75,52.15,52.5,54.15,411,4425172.0
2626704,2018-06-29,WELSPUNLIV,514162,A ,53.0,55.5,52.85,54.3,52.5,829,9564353.0
2629630,2018-07-02,WELSPUNLIV,514162,A ,54.5,54.5,52.1,52.55,54.3,285,2385032.0
2632540,2018-07-03,WELSPUNLIV,514162,A ,52.7,53.0,52.05,52.6,52.55,444,4772962.0
2635451,2018-07-04,WELSPUNLIV,514162,A ,52.5,52.5,51.0,51.25,52.6,674,4943616.0
2638387,2018-07-05,WELSPUNLIV,514162,A ,51.25,52.3,51.0,51.05,51.25,590,8316345.0
2641309,2018-07-06,WELSPUNLIV,514162,A ,51.25,52.0,51.05,51.8,51.05,528,4667712.0
2644234,2018-07-09,WELSPUNLIV,514162,A ,52.15,52.8,50.95,51.75,51.8,716,6336806.0
2647182,2018-07-10,WELSPUNLIV,514162,A ,52.0,52.2,50.9,51.0,51.75,857,10970374.0
2650120,2018-07-11,WELSPUNLIV,514162,A ,50.5,53.4,50.5,52.85,51.0,1172,11505518.0
2653033,2018-07-12,WELSPUNLIV,514162,A ,53.05,54.25,52.1,53.45,52.85,947,10997576.0
2655987,2018-07-13,WELSPUNLIV,514162,A ,53.2,53.9,51.7,52.4,53.45,1084,15112628.0
2658928,2018-07-16,WELSPUNLIV,514162,A ,52.8,53.0,51.0,51.5,52.4,822,4125544.0
2661855,2018-07-17,WELSPUNLIV,514162,A ,51.6,52.2,51.3,51.85,51.5,283,2347267.0
2664754,2018-07-18,WELSPUNLIV,514162,A ,52.05,52.3,48.9,50.2,51.85,1026,5908450.0
2667645,2018-07-19,WELSPUNLIV,514162,A ,50.85,50.85,49.0,50.1,50.2,295,3427524.0
2670515,2018-07-20,WELSPUNLIV,514162,A ,50.1,50.9,50.1,50.3,50.1,273,2017947.0
2673416,2018-07-23,WELSPUNLIV,514162,A ,50.1,50.3,49.0,49.7,50.3,761,5454629.0
2676371,2018-07-24,WELSPUNLIV,514162,A ,49.75,52.4,49.75,51.45,49.7,781,7327985.0
2679301,2018-07-25,WELSPUNLIV,514162,A ,51.45,52.2,51.3,51.55,51.45,425,3572761.0
2682214,2018-07-26,WELSPUNLIV,514162,A ,51.8,52.7,51.65,52.15,51.55,381,2700482.0
2685121,2018-07-27,WELSPUNLIV,514162,A ,52.25,57.85,52.25,53.95,52.15,6157,353493207.0
2688065,2018-07-30,WELSPUNLIV,514162,A ,58.0,58.5,55.3,55.9,53.95,1832,21750635.0
2691078,2018-07-31,WELSPUNLIV,514162,A ,55.4,57.2,53.9,56.95,55.9,1582,13104830.0
2694060,2018-08-01,WELSPUNLIV,514162,A ,57.4,57.7,55.9,56.5,56.95,817,8930893.0
2697052,2018-08-02,WELSPUNLIV,514162,A ,56.5,59.05,56.1,57.9,56.5,1203,13121923.0
2700074,2018-08-03,WELSPUNLIV,514162,A ,58.2,61.8,58.05,60.1,57.9,1606,17380293.0
2703123,2018-08-06,WELSPUNLIV,514162,A ,62.1,64.9,61.3,64.4,60.1,3929,46767834.0
2706197,2018-08-07,WELSPUNLIV,514162,A ,65.2,68.45,62.95,63.6,64.4,5335,65987860.0
2709249,2018-08-08,WELSPUNLIV,514162,A ,63.1,64.5,61.2,63.8,63.6,1737,18716250.0
2712278,2018-08-09,WELSPUNLIV,514162,A ,62.6,65.2,62.6,64.5,63.8,1029,12593386.0
2715302,2018-08-10,WELSPUNLIV,514162,A ,64.55,66.65,63.95,66.15,64.5,2436,20450720.0
2718332,2018-08-13,WELSPUNLIV,514162,A ,66.15,66.5,64.05,64.55,66.15,1530,9580623.0
2721351,2018-08-14,WELSPUNLIV,514162,A ,64.55,65.45,63.0,63.05,64.55,1742,7439945.0
2724359,2018-08-16,WELSPUNLIV,514162,A ,62.3,64.25,61.3,61.8,63.05,549,5719276.0
2727385,2018-08-17,WELSPUNLIV,514162,A ,61.8,64.65,61.3,64.25,61.8,927,9230393.0
2730433,2018-08-20,WELSPUNLIV,514162,A ,64.25,64.95,63.45,63.8,64.25,650,6431463.0
2733545,2018-08-21,WELSPUNLIV,514162,A ,64.1,65.6,64.0,65.05,63.8,1026,8833171.0
2736621,2018-08-23,WELSPUNLIV,514162,A ,64.85,69.6,64.6,66.75,65.05,4196,47049348.0
2739707,2018-08-24,WELSPUNLIV,514162,A ,66.75,67.7,64.6,66.55,66.75,2426,18811059.0
2742769,2018-08-27,WELSPUNLIV,514162,A ,67.2,67.75,65.1,65.5,66.55,1081,8860587.0
2745863,2018-08-28,WELSPUNLIV,514162,A ,65.3,71.1,64.55,68.55,65.5,5210,68117299.0
2748939,2018-08-29,WELSPUNLIV,514162,A ,68.4,69.4,66.3,66.65,68.55,1569,20219693.0
2752002,2018-08-30,WELSPUNLIV,514162,A ,66.65,71.55,66.45,69.3,66.65,3262,50372168.0
2755056,2018-08-31,WELSPUNLIV,514162,A ,69.2,77.45,68.3,75.45,69.3,12882,211918658.0
2758087,2018-09-03,WELSPUNLIV,514162,A ,76.0,77.3,73.75,74.4,75.45,4234,46368224.0
2761213,2018-09-04,WELSPUNLIV,514162,A ,74.85,77.7,74.8,75.7,74.4,4644,53767471.0
2764299,2018-09-05,WELSPUNLIV,514162,A ,75.2,75.9,72.25,75.05,75.7,1930,28422598.0
2767401,2018-09-06,WELSPUNLIV,514162,A ,75.2,75.7,73.0,74.2,75.05,1109,12631562.0
2770451,2018-09-07,WELSPUNLIV,514162,A ,74.2,78.2,73.4,76.15,74.2,2841,37457535.0
2773533,2018-09-10,WELSPUNLIV,514162,A ,76.15,76.35,73.8,74.9,76.15,1302,19871413.0
2776613,2018-09-11,WELSPUNLIV,514162,A ,74.9,75.5,72.35,73.2,74.9,1015,14807846.0
2779649,2018-09-12,WELSPUNLIV,514162,A ,72.95,73.4,67.65,69.95,73.2,2512,33648855.0
2782666,2018-09-14,WELSPUNLIV,514162,A ,70.05,72.0,70.05,71.1,69.95,787,9774459.0
2785667,2018-09-17,WELSPUNLIV,514162,A ,71.0,73.65,69.0,71.55,71.1,2285,32090676.0
2788706,2018-09-18,WELSPUNLIV,514162,A ,71.55,71.7,68.65,69.0,71.55,1114,15372011.0
2791726,2018-09-19,WELSPUNLIV,514162,A ,69.1,70.55,67.05,68.2,69.0,1174,16119377.0
2794744,2018-09-21,WELSPUNLIV,514162,A ,68.2,69.4,55.5,64.75,68.2,2554,27422898.0
2797791,2018-09-24,WELSPUNLIV,514162,A ,64.75,66.6,61.0,61.6,64.75,1576,17292880.0
2800852,2018-09-25,WELSPUNLIV,514162,A ,61.6,64.65,60.85,63.6,61.6,2962,29313563.0
2803891,2018-09-26,WELSPUNLIV,514162,A ,65.5,65.5,61.75,62.85,63.6,1933,33241457.0
2806868,2018-09-27,WELSPUNLIV,514162,A ,64.0,64.2,61.4,62.2,62.85,1185,19223113.0
2809795,2018-09-28,WELSPUNLIV,514162,A ,63.0,63.0,56.35,58.1,62.2,2392,31372183.0
2812802,2018-10-01,WELSPUNLIV,514162,A ,58.0,60.0,55.05,59.15,58.1,1670,24023276.0
2815843,2018-10-03,WELSPUNLIV,514162,A ,57.95,60.95,56.6,58.95,59.15,1550,19047481.0
2818859,2018-10-04,WELSPUNLIV,514162,A ,59.0,59.1,56.0,57.3,58.95,1555,13190393.0
2821879,2018-10-05,WELSPUNLIV,514162,A ,57.5,57.5,55.15,55.8,57.3,481,5535292.0
2824861,2018-10-08,WELSPUNLIV,514162,A ,55.7,57.0,54.0,55.25,55.8,1673,15315206.0
2827893,2018-10-09,WELSPUNLIV,514162,A ,55.7,58.0,55.35,56.85,55.25,2344,24248407.0
2830878,2018-10-10,WELSPUNLIV,514162,A ,57.95,62.0,55.85,61.3,56.85,2910,27127614.0
2833842,2018-10-11,WELSPUNLIV,514162,A ,60.6,62.3,58.25,61.45,61.3,1534,13206745.0
2836788,2018-10-12,WELSPUNLIV,514162,A ,61.65,63.6,61.65,63.15,61.45,629,9079650.0
2839807,2018-10-15,WELSPUNLIV,514162,A ,63.3,69.05,61.4,68.3,63.15,1949,23651008.0
2842781,2018-10-16,WELSPUNLIV,514162,A ,69.45,71.0,66.95,68.6,68.3,2320,26097230.0
2845719,2018-10-17,WELSPUNLIV,514162,A ,69.05,69.7,61.75,63.0,68.6,2421,21484364.0
2848624,2018-10-19,WELSPUNLIV,514162,A ,63.4,65.95,61.95,63.2,63.0,1632,22261791.0
2851588,2018-10-22,WELSPUNLIV,514162,A ,63.95,64.35,59.0,59.75,63.2,1810,16701948.0
2854531,2018-10-23,WELSPUNLIV,514162,A ,59.0,59.0,54.7,57.7,59.75,1644,12802461.0
2857470,2018-10-24,WELSPUNLIV,514162,A ,58.95,59.6,58.0,58.8,57.7,608,2859556.0
2860346,2018-10-25,WELSPUNLIV,514162,A ,58.0,59.1,56.15,57.45,58.8,953,11231145.0
2863169,2018-10-26,WELSPUNLIV,514162,A ,57.4,59.5,56.9,58.75,57.45,843,6321339.0
2866083,2018-10-29,WELSPUNLIV,514162,A ,59.0,60.1,58.5,59.1,58.75,1036,9019588.0
2868997,2018-10-30,WELSPUNLIV,514162,A ,59.0,59.85,58.1,59.2,59.1,489,3103765.0
2871866,2018-10-31,WELSPUNLIV,514162,A ,59.1,59.75,58.5,58.8,59.2,645,9163510.0
2874735,2018-11-01,WELSPUNLIV,514162,A ,59.15,60.35,59.15,59.5,58.8,446,2922828.0
2877636,2018-11-02,WELSPUNLIV,514162,A ,60.0,62.05,59.7,60.9,59.5,1193,8265798.0
2880619,2018-11-05,WELSPUNLIV,514162,A ,61.0,61.0,59.4,59.5,60.9,511,4220320.0
2883562,2018-11-06,WELSPUNLIV,514162,A ,60.15,60.25,59.35,59.75,59.5,291,2462850.0
2886389,2018-11-07,WELSPUNLIV,514162,A ,60.5,62.2,60.05,60.9,59.75,394,2477932.0
2889013,2018-11-09,WELSPUNLIV,514162,A ,60.1,62.9,60.1,61.3,60.9,788,6409226.0
2891861,2018-11-12,WELSPUNLIV,514162,A ,62.0,62.0,60.6,60.95,61.3,484,3807815.0
2894811,2018-11-13,WELSPUNLIV,514162,A ,60.1,61.65,59.85,61.0,60.95,611,4076686.0
2897741,2018-11-14,WELSPUNLIV,514162,A ,61.4,63.25,61.2,62.95,61.0,739,6101830.0
2900645,2018-11-15,WELSPUNLIV,514162,A ,63.0,63.85,61.75,62.65,62.95,1026,4070177.0
2903569,2018-11-16,WELSPUNLIV,514162,A ,62.25,63.05,61.7,62.45,62.65,815,10014528.0
2906521,2018-11-19,WELSPUNLIV,514162,A ,62.1,62.85,62.1,62.65,62.45,338,1292154.0
2909478,2018-11-20,WELSPUNLIV,514162,A ,62.5,64.1,62.5,62.6,62.65,608,3199823.0
2912374,2018-11-21,WELSPUNLIV,514162,A ,62.95,63.25,62.4,62.6,62.6,189,1678554.0
2915272,2018-11-22,WELSPUNLIV,514162,A ,62.7,62.8,62.5,62.55,62.6,129,1594017.0
2918201,2018-11-26,WELSPUNLIV,514162,A ,62.55,62.65,59.35,60.2,62.55,1273,8154356.0
2921142,2018-11-27,WELSPUNLIV,514162,A ,60.2,61.0,59.5,59.95,60.2,1245,2968849.0
2924042,2018-11-28,WELSPUNLIV,514162,A ,60.1,60.5,59.35,59.8,59.95,358,1750677.0
2926982,2018-11-29,WELSPUNLIV,514162,A ,60.0,60.9,59.8,59.9,59.8,487,4017844.0
2929902,2018-11-30,WELSPUNLIV,514162,A ,60.2,61.7,59.75,60.7,59.9,377,2165052.0
2932833,2018-12-03,WELSPUNLIV,514162,A ,60.45,61.0,60.0,60.3,60.7,353,2927966.0
2935790,2018-12-04,WELSPUNLIV,514162,A ,60.8,60.85,56.6,60.1,60.3,529,2585852.0
2938660,2018-12-05,WELSPUNLIV,514162,A ,60.0,61.2,59.55,60.15,60.1,1031,8353804.0
2941567,2018-12-06,WELSPUNLIV,514162,A ,59.95,60.55,59.3,60.05,60.15,646,1591135.0
2944429,2018-12-07,WELSPUNLIV,514162,A ,59.75,60.7,59.1,59.9,60.05,791,4441345.0
2947331,2018-12-10,WELSPUNLIV,514162,A ,59.3,60.5,59.3,59.85,59.9,391,1648757.0
2950141,2018-12-11,WELSPUNLIV,514162,A ,59.05,60.65,58.35,60.05,59.85,194,981687.0
2952906,2018-12-12,WELSPUNLIV,514162,A ,60.0,62.95,59.55,62.6,60.05,696,4354924.0
2955776,2018-12-13,WELSPUNLIV,514162,A ,62.95,63.2,61.3,62.7,62.6,511,3633061.0
2958622,2018-12-14,WELSPUNLIV,514162,A ,61.55,63.0,61.55,62.75,62.7,174,1057189.0
2961511,2018-12-17,WELSPUNLIV,514162,A ,63.0,63.75,61.45,61.95,62.75,391,2890762.0
2964450,2018-12-18,WELSPUNLIV,514162,A ,61.9,64.0,61.7,62.95,61.95,1322,2030871.0
2967367,2018-12-19,WELSPUNLIV,514162,A ,63.0,63.35,61.5,62.0,62.95,499,4738993.0
2970323,2018-12-20,WELSPUNLIV,514162,A ,61.7,62.45,59.9,60.45,62.0,388,3066571.0
2973226,2018-12-21,WELSPUNLIV,514162,A ,60.45,61.3,59.3,59.5,60.45,549,4602247.0
2976128,2018-12-24,WELSPUNLIV,514162,A ,59.5,60.25,58.8,59.6,59.5,211,1719517.0
2978994,2018-12-26,WELSPUNLIV,514162,A ,59.05,59.65,57.9,58.85,59.6,673,5463016.0
2981896,2018-12-27,WELSPUNLIV,514162,A ,59.2,60.1,59.15,59.85,58.85,290,3339130.0
2984842,2018-12-28,WELSPUNLIV,514162,A ,60.0,60.4,59.05,59.55,59.85,633,7365641.0
2987800,2018-12-31,WELSPUNLIV,514162,A ,59.35,60.2,59.2,59.7,59.55,391,6767537.0
2990753,2019-01-01,WELSPUNLIV,514162,A ,59.5,60.8,59.4,60.35,59.7,737,9012232.0
2993613,2019-01-02,WELSPUNLIV,514162,A ,60.3,62.3,59.95,61.2,60.35,793,7668739.0
2996510,2019-01-03,WELSPUNLIV,514162,A ,61.2,62.0,60.5,61.0,61.2,520,5828584.0
2999457,2019-01-04,WELSPUNLIV,514162,A ,61.0,61.5,60.4,60.65,61.0,901,14865030.0
3002391,2019-01-07,WELSPUNLIV,514162,A ,61.0,61.7,61.0,61.2,60.65,377,3674250.0
3005372,2019-01-08,WELSPUNLIV,514162,A ,60.9,61.75,60.9,61.2,61.2,244,1023633.0
3008320,2019-01-09,WELSPUNLIV,514162,A ,61.2,61.7,60.55,61.05,61.2,376,1571183.0
3011256,2019-01-10,WELSPUNLIV,514162,A ,61.05,61.75,60.85,61.25,61.05,379,4613854.0
3014187,2019-01-11,WELSPUNLIV,514162,A ,61.6,64.9,61.25,62.05,61.25,1205,9585004.0
3017122,2019-01-14,WELSPUNLIV,514162,A ,62.0,62.45,61.0,61.6,62.05,337,4031097.0
3020039,2019-01-15,WELSPUNLIV,514162,A ,61.9,63.25,61.45,62.45,61.6,605,4830483.0
3022941,2019-01-16,WELSPUNLIV,514162,A ,62.45,62.85,61.1,61.45,62.45,141,820791.0
3025859,2019-01-17,WELSPUNLIV,514162,A ,61.65,61.65,60.5,60.9,61.45,350,3581392.0
3028758,2019-01-18,WELSPUNLIV,514162,A ,61.0,61.35,60.05,60.3,60.9,323,2478986.0
3031651,2019-01-21,WELSPUNLIV,514162,A ,60.5,60.55,59.9,60.0,60.3,299,2430782.0
3034588,2019-01-22,WELSPUNLIV,514162,A ,60.15,60.5,57.4,58.65,60.0,1533,9416380.0
3037505,2019-01-23,WELSPUNLIV,514162,A ,59.75,60.2,58.85,59.45,58.65,325,1736652.0
3040351,2019-01-24,WELSPUNLIV,514162,A ,59.05,59.75,58.8,59.25,59.45,354,3475713.0
3043174,2019-01-25,WELSPUNLIV,514162,A ,59.05,59.5,56.75,57.45,59.25,564,4726107.0
3046066,2019-01-28,WELSPUNLIV,514162,A ,57.05,58.7,54.3,58.55,57.45,1105,9596581.0
3048969,2019-01-29,WELSPUNLIV,514162,A ,58.6,59.25,56.5,58.7,58.55,1083,7413074.0
3051830,2019-01-30,WELSPUNLIV,514162,A ,59.45,60.1,58.85,59.7,58.7,573,6790195.0
3054699,2019-01-31,WELSPUNLIV,514162,A ,59.55,60.8,58.9,60.3,59.7,481,6035972.0
3057591,2019-02-01,WELSPUNLIV,514162,A ,59.4,60.0,58.6,59.2,60.3,499,6124983.0
3060481,2019-02-04,WELSPUNLIV,514162,A ,59.2,60.75,57.7,58.35,59.2,1128,12182261.0
3063482,2019-02-05,WELSPUNLIV,514162,A ,57.8,57.8,55.0,55.3,58.35,1035,7213099.0
3066439,2019-02-06,WELSPUNLIV,514162,A ,55.25,55.45,52.95,54.05,55.3,653,4484234.0
3069352,2019-02-07,WELSPUNLIV,514162,A ,54.1,54.25,53.05,53.45,54.05,330,3159179.0
3072277,2019-02-08,WELSPUNLIV,514162,A ,53.0,53.0,52.15,52.25,53.45,148,1066384.0
3075129,2019-02-11,WELSPUNLIV,514162,A ,52.15,52.95,50.55,51.55,52.25,251,1066551.0
3078017,2019-02-12,WELSPUNLIV,514162,A ,51.55,51.55,51.0,51.05,51.55,157,1999546.0
3080899,2019-02-13,WELSPUNLIV,514162,A ,51.1,51.1,49.55,49.75,51.05,306,1965499.0
3083730,2019-02-14,WELSPUNLIV,514162,A ,50.0,50.1,48.2,49.55,49.75,401,2486424.0
3086564,2019-02-15,WELSPUNLIV,514162,A ,49.0,49.0,48.2,48.35,49.55,312,2625524.0
3089430,2019-02-18,WELSPUNLIV,514162,A ,48.35,48.35,46.25,46.9,48.35,729,56492784.0
3092339,2019-02-19,WELSPUNLIV,514162,A ,47.0,48.65,46.3,47.4,46.9,346,1923537.0
3095194,2019-02-20,WELSPUNLIV,514162,A ,47.4,48.55,46.6,48.05,47.4,237,1362850.0
3098143,2019-02-21,WELSPUNLIV,514162,A ,48.05,54.4,47.95,52.6,48.05,482,3032073.0
3101060,2019-02-22,WELSPUNLIV,514162,A ,52.0,53.4,51.0,51.65,52.6,795,6706245.0
3103925,2019-02-25,WELSPUNLIV,514162,A ,51.75,52.15,51.0,51.5,51.65,274,1509287.0
3106844,2019-02-26,WELSPUNLIV,514162,A ,51.0,51.4,49.35,50.5,51.5,406,3813874.0
3109689,2019-02-27,WELSPUNLIV,514162,A ,50.9,52.25,50.9,52.05,50.5,1299,10085921.0
3112584,2019-02-28,WELSPUNLIV,514162,A ,52.15,52.6,51.1,51.8,52.05,506,3539222.0
3115424,2019-03-01,WELSPUNLIV,514162,A ,51.8,54.65,51.8,53.65,51.8,1765,12248393.0
3118355,2019-03-05,WELSPUNLIV,514162,A ,54.65,57.85,54.4,57.5,53.65,1270,12196344.0
3121468,2019-03-06,WELSPUNLIV,514162,A ,57.8,57.8,55.3,56.65,57.5,302,2013374.0
3124518,2019-03-07,WELSPUNLIV,514162,A ,56.1,60.8,55.75,60.1,56.65,1296,21495785.0
3127508,2019-03-08,WELSPUNLIV,514162,A ,60.5,61.05,57.75,58.85,60.1,563,4306982.0
3130505,2019-03-11,WELSPUNLIV,514162,A ,58.9,63.25,58.9,62.4,58.85,1210,11948019.0
3133559,2019-03-12,WELSPUNLIV,514162,A ,63.65,66.05,62.5,65.2,62.4,1162,13756407.0
3136620,2019-03-13,WELSPUNLIV,514162,A ,65.8,65.8,63.25,64.5,65.2,878,9792001.0
3139705,2019-03-14,WELSPUNLIV,514162,A ,64.35,64.8,63.35,63.65,64.5,443,5013883.0
3142784,2019-03-15,WELSPUNLIV,514162,A ,63.6,63.75,61.15,61.55,63.65,641,6236181.0
3145845,2019-03-18,WELSPUNLIV,514162,A ,61.35,61.7,59.75,60.5,61.55,369,4407758.0
3148941,2019-03-19,WELSPUNLIV,514162,A ,60.5,61.9,60.1,60.3,60.5,435,3940390.0
3152060,2019-03-20,WELSPUNLIV,514162,A ,60.0,61.7,60.0,60.25,60.3,710,7232769.0
3155113,2019-03-22,WELSPUNLIV,514162,A ,60.1,61.2,60.1,60.5,60.25,347,3939196.0
3158189,2019-03-25,WELSPUNLIV,514162,A ,60.5,60.7,58.4,58.95,60.5,499,4100111.0
3161298,2019-03-26,WELSPUNLIV,514162,A ,58.95,59.8,58.4,58.75,58.95,486,6384671.0
3164378,2019-03-27,WELSPUNLIV,514162,A ,58.75,60.65,58.15,60.15,58.75,1600,7514946.0
3167483,2019-03-28,WELSPUNLIV,514162,A ,60.6,61.45,59.2,59.45,60.15,640,6614175.0
3170494,2019-03-29,WELSPUNLIV,514162,A ,59.45,60.65,59.25,59.65,59.45,466,5459487.0
3173476,2019-04-01,WELSPUNLIV,514162,A ,60.1,62.2,60.1,60.95,59.65,1213,16838123.0
3176447,2019-04-02,WELSPUNLIV,514162,A ,61.15,61.3,59.8,60.15,60.95,364,2159650.0
3179406,2019-04-03,WELSPUNLIV,514162,A ,59.9,60.8,58.0,58.65,60.15,372,2728908.0
3182373,2019-04-04,WELSPUNLIV,514162,A ,58.05,58.95,57.2,57.85,58.65,723,7925326.0
3185268,2019-04-05,WELSPUNLIV,514162,A ,59.0,59.0,56.85,57.25,57.85,817,8421434.0
3188224,2019-04-08,WELSPUNLIV,514162,A ,57.1,58.8,57.05,57.75,57.25,724,66440153.0
3191175,2019-04-09,WELSPUNLIV,514162,A ,58.25,58.25,57.15,57.45,57.75,481,3629659.0
3194059,2019-04-10,WELSPUNLIV,514162,A ,57.5,58.0,57.0,57.3,57.45,292,3706120.0
3196982,2019-04-11,WELSPUNLIV,514162,A ,57.95,59.4,57.45,58.55,57.3,595,5214556.0
3199855,2019-04-12,WELSPUNLIV,514162,A ,58.4,58.7,57.4,58.45,58.55,516,4526585.0
3202793,2019-04-15,WELSPUNLIV,514162,A ,59.85,59.85,57.7,57.85,58.45,293,2653996.0
3205770,2019-04-16,WELSPUNLIV,514162,A ,57.2,58.8,57.2,58.45,57.85,570,8320843.0
3208664,2019-04-18,WELSPUNLIV,514162,A ,58.35,58.35,54.4,56.2,58.45,1160,15692634.0
3211567,2019-04-22,WELSPUNLIV,514162,A ,56.5,56.8,55.1,56.45,56.2,289,2406899.0
3214489,2019-04-23,WELSPUNLIV,514162,A ,56.2,56.2,54.75,55.75,56.45,453,4255706.0
3217331,2019-04-24,WELSPUNLIV,514162,A ,55.25,55.6,53.95,54.55,55.75,792,9925223.0
3220169,2019-04-25,WELSPUNLIV,514162,A ,54.4,54.55,53.55,53.75,54.55,439,3728587.0
3223028,2019-04-26,WELSPUNLIV,514162,A ,53.8,54.4,53.45,53.95,53.75,228,4515980.0
3225915,2019-04-30,WELSPUNLIV,514162,A ,54.0,54.0,52.95,53.15,53.95,464,5942957.0
3228838,2019-05-02,WELSPUNLIV,514162,A ,52.95,53.3,52.7,53.0,53.15,137,910886.0
3231751,2019-05-03,WELSPUNLIV,514162,A ,52.55,54.2,52.15,53.5,53.0,1462,272179587.0
3234632,2019-05-06,WELSPUNLIV,514162,A ,53.5,53.8,52.5,52.95,53.5,508,6541196.0
3237544,2019-05-07,WELSPUNLIV,514162,A ,53.1,54.55,52.65,52.85,52.95,225,1438060.0
3240408,2019-05-08,WELSPUNLIV,514162,A ,53.0,53.7,52.15,52.3,52.85,234,1908570.0
3243266,2019-05-09,WELSPUNLIV,514162,A ,52.6,52.75,51.25,51.8,52.3,493,5955331.0
3246093,2019-05-10,WELSPUNLIV,514162,A ,51.05,52.9,51.05,52.25,51.8,528,3651698.0
3248958,2019-05-13,WELSPUNLIV,514162,A ,53.0,53.35,51.25,51.65,52.25,668,7067283.0
3251830,2019-05-14,WELSPUNLIV,514162,A ,52.2,52.8,51.75,51.95,51.65,406,3366401.0
3254712,2019-05-15,WELSPUNLIV,514162,A ,52.3,54.0,51.4,53.5,51.95,581,3747115.0
3257660,2019-05-16,WELSPUNLIV,514162,A ,53.05,53.35,51.7,51.9,53.5,369,3730465.0
3260492,2019-05-17,WELSPUNLIV,514162,A ,51.55,52.75,51.45,51.65,51.9,170,938059.0
3263372,2019-05-20,WELSPUNLIV,514162,A ,52.2,54.4,52.2,54.15,51.65,796,6034886.0
3266356,2019-05-21,WELSPUNLIV,514162,A ,54.15,54.15,52.05,52.5,54.15,1100,8904737.0
3269278,2019-05-22,WELSPUNLIV,514162,A ,52.8,54.65,52.6,54.1,52.5,337,991277.0
3272176,2019-05-23,WELSPUNLIV,514162,A ,54.75,55.65,53.8,54.95,54.1,407,3135165.0
3275028,2019-05-24,WELSPUNLIV,514162,A ,55.55,58.8,54.25,58.0,54.95,2071,20336817.0
3277913,2019-05-27,WELSPUNLIV,514162,A ,58.0,58.0,54.95,56.1,58.0,1054,9673353.0
3280885,2019-05-28,WELSPUNLIV,514162,A ,56.6,58.35,56.6,57.2,56.1,701,4919015.0
3283857,2019-05-29,WELSPUNLIV,514162,A ,57.15,57.85,56.6,57.2,57.2,491,1572158.0
3286787,2019-05-30,WELSPUNLIV,514162,A ,57.5,57.5,56.4,56.7,57.2,576,2983466.0
3289721,2019-05-31,WELSPUNLIV,514162,A ,56.55,56.65,54.75,55.1,56.7,968,2821344.0
3292658,2019-06-03,WELSPUNLIV,514162,A ,54.5,55.6,54.1,55.2,55.1,455,5218702.0
3295628,2019-06-04,WELSPUNLIV,514162,A ,55.25,57.2,55.25,55.9,55.2,917,28401041.0
3298576,2019-06-06,WELSPUNLIV,514162,A ,55.95,55.95,54.3,54.95,55.9,480,16272673.0
3301511,2019-06-07,WELSPUNLIV,514162,A ,55.35,55.35,53.85,54.45,54.95,471,3743178.0
3304403,2019-06-10,WELSPUNLIV,514162,A ,55.75,55.95,54.55,55.05,54.45,538,15408297.0
3307435,2019-06-11,WELSPUNLIV,514162,A ,55.25,55.8,53.8,55.1,55.05,1322,7504748.0
3310378,2019-06-12,WELSPUNLIV,514162,A ,55.0,57.05,54.75,56.15,55.1,699,7029323.0
3313282,2019-06-13,WELSPUNLIV,514162,A ,56.45,57.1,55.1,56.75,56.15,459,5719931.0
3316215,2019-06-14,WELSPUNLIV,514162,A ,55.8,56.65,55.25,55.65,56.75,372,4690616.0
3319111,2019-06-17,WELSPUNLIV,514162,A ,55.45,56.0,54.8,55.05,55.65,293,3286906.0
3322003,2019-06-18,WELSPUNLIV,514162,A ,55.05,56.0,55.0,55.95,55.05,205,1788431.0
3324875,2019-06-19,WELSPUNLIV,514162,A ,56.1,56.75,55.6,56.45,55.95,443,31905565.0
3327794,2019-06-20,WELSPUNLIV,514162,A ,56.25,56.5,55.0,56.35,56.45,119,907745.0
3330698,2019-06-21,WELSPUNLIV,514162,A ,55.7,56.6,55.55,56.35,56.35,240,1666168.0
3333586,2019-06-24,WELSPUNLIV,514162,A ,56.45,56.75,55.85,56.1,56.35,342,2980035.0
3336524,2019-06-25,WELSPUNLIV,514162,A ,55.55,56.55,55.55,56.4,56.1,263,2028065.0
3339397,2019-06-26,WELSPUNLIV,514162,A ,56.0,56.7,56.0,56.6,56.4,137,1212518.0
3342296,2019-06-27,WELSPUNLIV,514162,A ,57.0,58.15,57.0,57.9,56.6,425,3364296.0
3345220,2019-06-28,WELSPUNLIV,514162,A ,57.5,58.05,57.0,57.4,57.9,109,690600.0
3348136,2019-07-01,WELSPUNLIV,514162,A ,57.2,58.8,56.9,58.15,57.4,409,4573733.0
3351095,2019-07-02,WELSPUNLIV,514162,A ,57.85,58.0,56.85,57.85,58.15,94,697780.0
3353941,2019-07-03,WELSPUNLIV,514162,A ,58.0,58.95,57.6,58.0,57.85,1006,12658844.0
3356822,2019-07-04,WELSPUNLIV,514162,A ,58.05,58.6,57.6,57.9,58.0,349,3267882.0
3359649,2019-07-05,WELSPUNLIV,514162,A ,57.6,57.7,56.3,57.1,57.9,183,1421722.0
3362475,2019-07-08,WELSPUNLIV,514162,A ,56.6,56.6,54.25,55.05,57.1,338,1875889.0
3365350,2019-07-09,WELSPUNLIV,514162,A ,54.7,55.15,54.1,55.0,55.05,125,804532.0
3368143,2019-07-10,WELSPUNLIV,514162,A ,54.9,56.15,54.25,55.9,55.0,297,2359158.0
3370932,2019-07-11,WELSPUNLIV,514162,A ,55.9,56.75,55.1,56.35,55.9,147,793125.0
3373734,2019-07-12,WELSPUNLIV,514162,A ,55.75,56.3,55.2,56.05,56.35,151,1245927.0
3376548,2019-07-15,WELSPUNLIV,514162,A ,56.35,56.6,55.1,56.0,56.05,483,2873826.0
3379400,2019-07-16,WELSPUNLIV,514162,A ,55.55,56.2,55.2,55.8,56.0,210,1555995.0
3382273,2019-07-17,WELSPUNLIV,514162,A ,55.75,57.2,55.75,56.4,55.8,245,2291853.0
3385145,2019-07-18,WELSPUNLIV,514162,A ,56.4,57.2,56.1,57.05,56.4,159,1479979.0
3388006,2019-07-19,WELSPUNLIV,514162,A ,57.15,57.7,56.3,57.15,57.05,388,3249015.0
3390904,2019-07-22,WELSPUNLIV,514162,A ,56.6,56.6,53.85,54.6,57.15,671,2369379.0
3393816,2019-07-23,WELSPUNLIV,514162,A ,54.3,54.85,53.35,53.9,54.6,1214,3347285.0
3396633,2019-07-24,WELSPUNLIV,514162,A ,53.9,54.6,53.6,53.95,53.9,264,4346789.0
3399466,2019-07-25,WELSPUNLIV,514162,A ,54.05,54.2,53.25,53.5,53.95,431,1223068.0
3402279,2019-07-26,WELSPUNLIV,514162,A ,53.2,54.1,53.0,53.9,53.5,125,920432.0
3405128,2019-07-29,WELSPUNLIV,514162,A ,53.85,54.05,52.8,53.0,53.9,964,2339237.0
3407930,2019-07-30,WELSPUNLIV,514162,A ,53.25,53.7,51.45,51.85,53.0,878,6955800.0
3410788,2019-07-31,WELSPUNLIV,514162,A ,55.0,55.0,48.0,50.0,51.85,867,6749892.0
3413646,2019-08-01,WELSPUNLIV,514162,A ,50.5,51.0,49.25,50.6,50.0,136,782127.0
3416461,2019-08-02,WELSPUNLIV,514162,A ,50.0,50.8,49.45,50.55,50.6,159,1158952.0
3419254,2019-08-05,WELSPUNLIV,514162,A ,50.0,50.0,48.6,48.9,50.55,243,1698264.0
3422039,2019-08-06,WELSPUNLIV,514162,A ,49.2,50.7,48.85,50.45,48.9,231,1393710.0
3424848,2019-08-07,WELSPUNLIV,514162,A ,50.25,50.85,46.65,47.5,50.45,347,1870878.0
3427685,2019-08-08,WELSPUNLIV,514162,A ,47.95,48.15,46.35,48.1,47.5,386,3688998.0
3430476,2019-08-09,WELSPUNLIV,514162,A ,48.25,49.95,47.3,49.8,48.1,1086,4303440.0
3433351,2019-08-13,WELSPUNLIV,514162,A ,49.0,49.15,47.8,48.0,49.8,196,1681858.0
3436226,2019-08-14,WELSPUNLIV,514162,A ,48.2,48.25,47.2,47.65,48.0,302,1692334.0
3439063,2019-08-16,WELSPUNLIV,514162,A ,47.0,47.5,45.55,47.2,47.65,180,1242852.0
3441903,2019-08-19,WELSPUNLIV,514162,A ,47.6,48.3,46.9,48.1,47.2,262,2386755.0
3444780,2019-08-20,WELSPUNLIV,514162,A ,48.0,48.1,47.55,47.75,48.1,88,316554.0
3447605,2019-08-21,WELSPUNLIV,514162,A ,47.05,47.6,41.0,47.2,47.75,201,1840249.0
3450447,2019-08-22,WELSPUNLIV,514162,A ,47.2,49.35,45.4,47.85,47.2,689,1183868.0
3453299,2019-08-23,WELSPUNLIV,514162,A ,46.35,48.45,45.65,48.3,47.85,199,1283341.0
3456111,2019-08-26,WELSPUNLIV,514162,A ,50.35,50.35,46.15,48.95,48.3,196,1076934.0
3458993,2019-08-27,WELSPUNLIV,514162,A ,49.05,50.9,48.7,50.3,48.95,332,2226987.0
3461886,2019-08-28,WELSPUNLIV,514162,A ,49.85,50.15,48.5,49.6,50.3,464,4672519.0
3464785,2019-08-29,WELSPUNLIV,514162,A ,48.6,49.25,48.5,49.05,49.6,102,814606.0
3467658,2019-08-30,WELSPUNLIV,514162,A ,49.25,50.5,49.0,50.15,49.05,437,3197035.0
3470566,2019-09-03,WELSPUNLIV,514162,A ,49.5,50.1,49.5,49.85,50.15,97,701948.0
3473382,2019-09-04,WELSPUNLIV,514162,A ,49.85,50.05,49.55,49.8,49.85,115,836305.0
3476167,2019-09-05,WELSPUNLIV,514162,A ,50.25,51.75,49.55,51.05,49.8,347,3388129.0
3478998,2019-09-06,WELSPUNLIV,514162,A ,51.35,51.5,50.25,51.2,51.05,163,858694.0
3481895,2019-09-09,WELSPUNLIV,514162,A ,51.3,52.5,51.1,52.35,51.2,165,945049.0
3484850,2019-09-11,WELSPUNLIV,514162,A ,52.5,52.95,52.0,52.2,52.35,218,1099895.0
3487814,2019-09-12,WELSPUNLIV,514162,A ,52.75,53.05,50.1,51.0,52.2,230,1250798.0
3490661,2019-09-13,WELSPUNLIV,514162,A ,50.05,51.95,50.05,51.1,51.0,91,724177.0
3493530,2019-09-16,WELSPUNLIV,514162,A ,51.0,54.2,51.0,53.0,51.1,469,2972241.0
3496427,2019-09-17,WELSPUNLIV,514162,A ,53.7,53.95,51.15,51.55,53.0,264,1843119.0
3499324,2019-09-18,WELSPUNLIV,514162,A ,52.0,52.55,50.9,52.0,51.55,325,1977542.0
3502175,2019-09-19,WELSPUNLIV,514162,A ,51.85,52.25,49.55,50.4,52.0,250,1012491.0
3505045,2019-09-20,WELSPUNLIV,514162,A ,51.05,52.25,49.3,52.05,50.4,600,3730178.0
3508030,2019-09-23,WELSPUNLIV,514162,A ,52.0,57.25,52.0,56.75,52.05,1109,6357149.0
3511047,2019-09-24,WELSPUNLIV,514162,A ,56.85,57.8,56.2,56.9,56.75,648,9903723.0
3513944,2019-09-25,WELSPUNLIV,514162,A ,57.3,57.3,53.55,54.6,56.9,1403,2888427.0
3516844,2019-09-26,WELSPUNLIV,514162,A ,55.0,56.15,53.8,54.1,54.6,313,1518932.0
3519726,2019-09-27,WELSPUNLIV,514162,A ,54.7,54.8,52.65,53.05,54.1,240,1278591.0
3522659,2019-09-30,WELSPUNLIV,514162,A ,52.1,53.4,51.4,52.45,53.05,200,1135479.0
3525524,2019-10-01,WELSPUNLIV,514162,A ,52.75,53.15,51.65,52.05,52.45,387,2295438.0
3528386,2019-10-03,WELSPUNLIV,514162,A ,51.55,52.35,50.55,51.45,52.05,396,2147825.0
3531350,2019-10-04,WELSPUNLIV,514162,A ,51.3,52.4,51.2,52.25,51.45,296,1397276.0
3534435,2019-10-07,WELSPUNLIV,514162,A ,51.45,52.0,49.9,50.55,52.25,312,1659929.0
3537385,2019-10-09,WELSPUNLIV,514162,A ,50.85,50.85,49.1,50.0,50.55,363,1888823.0
3540301,2019-10-10,WELSPUNLIV,514162,A ,49.7,50.1,49.35,49.65,50.0,124,785564.0
3543191,2019-10-11,WELSPUNLIV,514162,A ,49.9,50.25,49.4,49.75,49.65,377,2201258.0
3546077,2019-10-14,WELSPUNLIV,514162,A ,49.9,50.7,49.15,50.0,49.75,233,1757162.0
3549007,2019-10-15,WELSPUNLIV,514162,A ,50.05,50.1,49.1,49.75,50.0,305,1360564.0
3551893,2019-10-16,WELSPUNLIV,514162,A ,49.45,50.1,49.45,49.65,49.75,129,409191.0
3554794,2019-10-17,WELSPUNLIV,514162,A ,49.55,50.3,49.55,49.95,49.65,138,542913.0
3557713,2019-10-18,WELSPUNLIV,514162,A ,49.75,54.9,49.75,51.8,49.95,619,4219178.0
3560655,2019-10-22,WELSPUNLIV,514162,A ,51.8,58.15,51.5,57.15,51.8,1596,12353573.0
3563638,2019-10-23,WELSPUNLIV,514162,A ,56.6,56.6,52.65,53.1,57.15,882,6558243.0
3566501,2019-10-24,WELSPUNLIV,514162,A ,53.55,54.35,52.5,53.05,53.1,411,3213553.0
3569326,2019-10-25,WELSPUNLIV,514162,A ,52.6,53.65,52.3,53.0,53.05,270,1671418.0
3572068,2019-10-27,WELSPUNLIV,514162,A ,54.0,54.45,53.0,53.5,53.0,144,1046968.0
3574560,2019-10-29,WELSPUNLIV,514162,A ,53.7,59.3,53.4,55.6,53.5,1304,9948242.0
3577468,2019-10-30,WELSPUNLIV,514162,A ,56.0,56.3,54.1,55.65,55.6,569,4607724.0
3580375,2019-10-31,WELSPUNLIV,514162,A ,55.7,56.7,54.5,55.5,55.65,801,4210217.0
3583312,2019-11-01,WELSPUNLIV,514162,A ,56.45,56.8,55.55,55.7,55.5,223,1623662.0
3586288,2019-11-04,WELSPUNLIV,514162,A ,56.3,56.85,54.25,54.75,55.7,273,1827030.0
3589299,2019-11-05,WELSPUNLIV,514162,A ,56.5,56.5,54.95,55.5,54.75,329,2201568.0
3592196,2019-11-06,WELSPUNLIV,514162,A ,55.5,58.15,55.5,57.1,55.5,359,3107702.0
3595137,2019-11-07,WELSPUNLIV,514162,A ,57.45,58.2,56.75,57.65,57.1,447,3659556.0
3598071,2019-11-08,WELSPUNLIV,514162,A ,58.0,58.0,56.5,57.0,57.65,273,1796978.0
3600985,2019-11-11,WELSPUNLIV,514162,A ,57.0,57.1,55.85,56.5,57.0,637,10488968.0
3603946,2019-11-13,WELSPUNLIV,514162,A ,56.55,56.55,53.75,54.05,56.5,280,3115244.0
3606959,2019-11-14,WELSPUNLIV,514162,A ,53.8,54.35,52.5,53.95,54.05,476,2936145.0
3609884,2019-11-15,WELSPUNLIV,514162,A ,55.75,55.75,52.7,52.95,53.95,354,2146097.0
3612922,2019-11-18,WELSPUNLIV,514162,A ,52.7,53.3,51.7,51.9,52.95,328,2622771.0
3615921,2019-11-19,WELSPUNLIV,514162,A ,52.4,53.45,52.35,52.5,51.9,193,1456970.0
3618887,2019-11-20,WELSPUNLIV,514162,A ,52.95,53.8,52.7,53.5,52.5,659,1906485.0
3621912,2019-11-21,WELSPUNLIV,514162,A ,53.85,54.85,53.35,53.95,53.5,495,1404277.0
3624900,2019-11-22,WELSPUNLIV,514162,A ,54.3,54.65,53.65,54.4,53.95,405,1345708.0
3627882,2019-11-25,WELSPUNLIV,514162,A ,54.55,55.15,53.8,54.2,54.4,515,1408543.0
3630834,2019-11-26,WELSPUNLIV,514162,A ,53.75,55.85,52.75,53.8,54.2,1310,2794343.0
3633756,2019-11-27,WELSPUNLIV,514162,A ,54.25,56.3,53.45,53.7,53.8,1241,5060756.0
3636713,2019-11-28,WELSPUNLIV,514162,A ,53.4,54.1,52.8,53.0,53.7,258,861704.0
3639608,2019-11-29,WELSPUNLIV,514162,A ,53.65,53.7,52.55,52.85,53.0,466,1520531.0
3642595,2019-12-02,WELSPUNLIV,514162,A ,53.45,53.45,51.85,52.25,52.85,438,1341780.0
3645554,2019-12-03,WELSPUNLIV,514162,A ,53.0,53.0,50.8,50.95,52.25,585,2158381.0
3648492,2019-12-04,WELSPUNLIV,514162,A ,51.0,51.75,50.4,51.5,50.95,343,720879.0
3651395,2019-12-05,WELSPUNLIV,514162,A ,51.1,51.15,50.5,50.6,51.5,347,1395102.0
3654305,2019-12-06,WELSPUNLIV,514162,A ,50.4,50.9,49.2,49.55,50.6,626,2197491.0
3657257,2019-12-09,WELSPUNLIV,514162,A ,50.0,50.35,49.0,49.35,49.55,384,1206204.0
3660197,2019-12-10,WELSPUNLIV,514162,A ,49.3,49.55,48.95,49.15,49.35,248,488338.0
3663148,2019-12-11,WELSPUNLIV,514162,A ,49.5,49.65,48.3,48.6,49.15,428,1285191.0
3666053,2019-12-12,WELSPUNLIV,514162,A ,49.15,49.9,48.8,49.75,48.6,775,2512770.0
3668923,2019-12-13,WELSPUNLIV,514162,A ,49.65,50.2,49.55,50.05,49.75,383,2204787.0
3671852,2019-12-16,WELSPUNLIV,514162,A ,50.5,50.5,48.9,49.35,50.05,272,997012.0
3674807,2019-12-17,WELSPUNLIV,514162,A ,48.9,50.15,48.9,49.4,49.35,182,717966.0
3677767,2019-12-18,WELSPUNLIV,514162,A ,49.85,49.85,48.75,48.95,49.4,236,1451688.0
3680670,2019-12-19,WELSPUNLIV,514162,A ,49.1,49.1,48.2,48.35,48.95,245,1014449.0
3683577,2019-12-20,WELSPUNLIV,514162,A ,48.5,49.1,47.4,47.65,48.35,780,2534918.0
3686523,2019-12-23,WELSPUNLIV,514162,A ,47.6,48.1,47.5,47.85,47.65,162,1146848.0
3689464,2019-12-24,WELSPUNLIV,514162,A ,50.0,56.0,47.4,47.85,47.85,292,1392724.0
3692364,2019-12-26,WELSPUNLIV,514162,A ,47.85,48.35,47.4,47.85,47.85,623,1667574.0
3695325,2019-12-27,WELSPUNLIV,514162,A ,47.85,48.35,47.5,47.7,47.85,366,1541527.0
3698286,2019-12-30,WELSPUNLIV,514162,A ,47.7,48.65,47.6,48.35,47.7,384,2444065.0
3701289,2019-12-31,WELSPUNLIV,514162,A ,48.25,48.5,47.9,48.05,48.35,391,1023506.0
5253890,2020-01-01,WELSPUNLIV,514162,A,48.45,50.2,48.45,49.2,48.05,47761,2362267.0
5253891,2020-01-02,WELSPUNLIV,514162,A,49.5,49.95,49.1,49.45,49.2,29731,1475231.0
5253892,2020-01-03,WELSPUNLIV,514162,A,49.3,52.2,49.3,49.95,49.45,92004,4654081.0
5253893,2020-01-06,WELSPUNLIV,514162,A,50.9,50.9,48.15,48.25,49.95,27928,1363245.0
5253894,2020-01-07,WELSPUNLIV,514162,A,48.9,49.8,48.6,48.95,48.25,2857256,140888362.0
5253895,2020-01-08,WELSPUNLIV,514162,A,48.65,52.0,48.45,48.85,48.95,107767,5324195.0
5253896,2020-01-09,WELSPUNLIV,514162,A,50.0,50.85,49.1,49.85,48.85,68967,3454291.0
5253897,2020-01-10,WELSPUNLIV,514162,A,51.45,51.45,48.65,49.0,49.85,49938,2468694.0
5253898,2020-01-13,WELSPUNLIV,514162,A,49.35,49.5,48.5,48.8,49.0,37587,1838356.0
5253899,2020-01-14,WELSPUNLIV,514162,A,48.1,49.75,48.1,49.55,48.8,46529,2293554.0
5253900,2020-01-15,WELSPUNLIV,514162,A,49.2,49.45,48.85,49.05,49.55,37548,1841770.0
5253901,2020-01-16,WELSPUNLIV,514162,A,49.05,51.55,49.05,50.05,49.05,102298,5144551.0
5253902,2020-01-17,WELSPUNLIV,514162,A,50.15,52.75,49.8,52.15,50.05,350595,18220380.0
5253903,2020-01-20,WELSPUNLIV,514162,A,52.4,52.55,49.8,50.1,52.15,132626,6750149.0
5253904,2020-01-21,WELSPUNLIV,514162,A,49.55,50.6,49.55,49.8,50.1,62771,3142072.0
5253905,2020-01-22,WELSPUNLIV,514162,A,50.7,50.7,49.5,49.75,49.8,46746,2335375.0
5253906,2020-01-23,WELSPUNLIV,514162,A,50.25,50.3,49.0,49.35,49.75,31588,1570877.0
5253907,2020-01-24,WELSPUNLIV,514162,A,50.35,50.35,47.65,47.95,49.35,210904,10229691.0
5253908,2020-01-27,WELSPUNLIV,514162,A,47.75,48.6,47.25,47.4,47.95,70737,3372006.0
5253909,2020-01-28,WELSPUNLIV,514162,A,47.5,47.8,45.7,46.0,47.4,78688,3660929.0
5253910,2020-01-29,WELSPUNLIV,514162,A,46.0,46.95,45.15,45.4,46.0,60160,2764731.0
5253911,2020-01-30,WELSPUNLIV,514162,A,45.5,45.5,42.85,43.55,45.4,93425,4094626.0
5253912,2020-01-31,WELSPUNLIV,514162,A,43.6,43.65,42.55,43.15,43.55,52805,2279980.0
5253913,2020-02-01,WELSPUNLIV,514162,A,43.0,43.55,41.75,42.3,43.15,58073,2497463.0
5253914,2020-02-03,WELSPUNLIV,514162,A,43.0,43.05,41.5,41.7,42.3,37534,1573443.0
5253915,2020-02-04,WELSPUNLIV,514162,A,42.25,43.15,42.2,42.35,41.7,53833,2303294.0
5253916,2020-02-05,WELSPUNLIV,514162,A,42.7,44.45,42.4,43.25,42.35,94756,4123157.0
5253917,2020-02-06,WELSPUNLIV,514162,A,43.45,43.9,42.85,43.1,43.25,34688,1508001.0
5253918,2020-02-07,WELSPUNLIV,514162,A,43.25,45.4,41.55,44.8,43.1,29602887,1286522401.0
5253919,2020-02-10,WELSPUNLIV,514162,A,45.4,45.4,43.6,44.0,44.8,335112,14886373.0
5253920,2020-02-11,WELSPUNLIV,514162,A,44.4,45.45,43.9,45.05,44.0,180080,8058824.0
5253921,2020-02-12,WELSPUNLIV,514162,A,44.8,45.3,42.85,43.8,45.05,584368,25789053.0
5253922,2020-02-13,WELSPUNLIV,514162,A,44.15,47.8,43.75,47.4,43.8,681441,31308208.0
5253923,2020-02-14,WELSPUNLIV,514162,A,47.8,48.4,46.3,46.6,47.4,245432,11603622.0
5253924,2020-02-17,WELSPUNLIV,514162,A,46.7,47.7,45.1,45.4,46.6,142884,6651701.0
5253925,2020-02-18,WELSPUNLIV,514162,A,45.45,45.7,43.45,44.45,45.4,127926,5708312.0
5253926,2020-02-19,WELSPUNLIV,514162,A,44.65,46.4,44.45,45.5,44.45,315856,14388675.0
5253927,2020-02-20,WELSPUNLIV,514162,A,45.45,46.45,45.15,45.35,45.5,46115,2115501.0
5253928,2020-02-24,WELSPUNLIV,514162,A,45.0,45.75,43.85,44.15,45.35,103757,4654184.0
5253929,2020-02-25,WELSPUNLIV,514162,A,44.1,44.4,43.25,43.45,44.15,62463,2731790.0
5253930,2020-02-26,WELSPUNLIV,514162,A,42.9,43.6,42.7,43.1,43.45,180608,7787391.0
5253931,2020-02-27,WELSPUNLIV,514162,A,43.4,44.75,42.0,44.0,43.1,802290,34683707.0
5253932,2020-02-28,WELSPUNLIV,514162,A,43.0,43.1,40.3,41.15,44.0,189397,7929210.0
5253933,2020-03-02,WELSPUNLIV,514162,A,42.0,43.05,41.0,41.45,41.15,208162,8754937.0
5253934,2020-03-03,WELSPUNLIV,514162,A,41.8,42.5,38.8,39.5,41.45,222878,8893058.0
5253935,2020-03-04,WELSPUNLIV,514162,A,39.5,40.7,38.25,39.1,39.5,223370,8835134.0
5253936,2020-03-05,WELSPUNLIV,514162,A,39.2,39.7,38.1,38.6,39.1,97431,3807685.0
5253937,2020-03-06,WELSPUNLIV,514162,A,37.5,37.5,36.2,36.8,38.6,124702,4590670.0
5253938,2020-03-09,WELSPUNLIV,514162,A,36.45,36.6,33.85,34.3,36.8,195250,6790550.0
5253939,2020-03-11,WELSPUNLIV,514162,A,34.95,36.9,33.3,34.6,34.3,83229,2912363.0
5253940,2020-03-12,WELSPUNLIV,514162,A,33.9,33.9,27.7,28.15,34.6,500080,14479409.0
5253941,2020-03-13,WELSPUNLIV,514162,A,26.0,33.65,22.55,32.95,28.15,361651,10251912.0
5253942,2020-03-16,WELSPUNLIV,514162,A,31.7,31.7,27.9,28.45,32.95,201985,5973039.0
5253943,2020-03-17,WELSPUNLIV,514162,A,29.9,32.7,27.0,31.15,28.45,309296,9619223.0
5253944,2020-03-18,WELSPUNLIV,514162,A,31.7,33.05,25.55,27.2,31.15,247267,6966287.0
5253945,2020-03-19,WELSPUNLIV,514162,A,27.0,28.0,23.8,26.45,27.2,2357589,64941693.0
5253946,2020-03-20,WELSPUNLIV,514162,A,27.3,27.55,25.0,25.35,26.45,183920,4799698.0
5253947,2020-03-23,WELSPUNLIV,514162,A,23.95,24.25,20.3,20.3,25.35,340177,7076562.0
5253948,2020-03-24,WELSPUNLIV,514162,A,20.95,21.3,18.3,20.2,20.3,137620,2779697.0
5253949,2020-03-25,WELSPUNLIV,514162,A,20.4,22.2,20.4,21.5,20.2,138100,2949226.0
5253950,2020-03-26,WELSPUNLIV,514162,A,21.5,23.65,20.35,20.75,21.5,271004,5790578.0
5253951,2020-03-27,WELSPUNLIV,514162,A,21.45,22.35,19.1,19.8,20.75,192675,3879919.0
5253952,2020-03-30,WELSPUNLIV,514162,A,18.8,21.75,18.8,21.35,19.8,296759,6376762.0
5253953,2020-03-31,WELSPUNLIV,514162,A,22.25,22.4,20.7,21.8,21.35,451334,9712421.0
5253954,2020-04-01,WELSPUNLIV,514162,A,21.9,22.1,20.2,20.75,21.8,56532,1202667.0
5253955,2020-04-03,WELSPUNLIV,514162,A,21.5,21.95,20.85,21.05,20.75,50177,1063266.0
5253956,2020-04-07,WELSPUNLIV,514162,A,21.95,22.4,21.2,22.05,21.05,48599,1057504.0
5253957,2020-04-08,WELSPUNLIV,514162,A,21.9,24.25,21.9,23.65,22.05,65499,1544627.0
5253958,2020-04-09,WELSPUNLIV,514162,A,23.95,24.95,23.9,24.05,23.65,70172,1708816.0
5253959,2020-04-13,WELSPUNLIV,514162,A,24.5,25.0,22.75,23.1,24.05,70278,1635387.0
5253960,2020-04-15,WELSPUNLIV,514162,A,23.75,25.0,23.1,23.45,23.1,67245,1599562.0
5253961,2020-04-16,WELSPUNLIV,514162,A,23.5,25.75,23.5,25.75,23.45,107750,2734859.0
5253962,2020-04-17,WELSPUNLIV,514162,A,27.4,28.3,25.85,28.3,25.75,151058,4144537.0
5253963,2020-04-20,WELSPUNLIV,514162,A,31.1,31.1,28.85,31.1,28.3,214042,6564444.0
5253964,2020-04-21,WELSPUNLIV,514162,A,30.85,30.85,29.55,29.55,31.1,17776,525906.0
5253965,2020-04-22,WELSPUNLIV,514162,A,28.1,28.9,28.1,28.15,29.55,91903,2587510.0
5253966,2020-04-23,WELSPUNLIV,514162,A,28.0,28.5,26.75,26.8,28.15,74987,2039849.0
5253967,2020-04-24,WELSPUNLIV,514162,A,26.8,26.8,25.5,25.5,26.8,24624,631568.0
5253968,2020-04-27,WELSPUNLIV,514162,A,25.95,26.75,24.5,26.75,25.5,110956,2928971.0
5253969,2020-04-28,WELSPUNLIV,514162,A,27.6,27.8,26.0,26.55,26.75,63092,1700509.0
5253970,2020-04-29,WELSPUNLIV,514162,A,26.75,27.0,26.2,26.5,26.55,16713,444687.0
5253971,2020-04-30,WELSPUNLIV,514162,A,26.9,27.35,26.15,26.3,26.5,53063,1426254.0
5253972,2020-05-04,WELSPUNLIV,514162,A,26.2,26.2,25.0,25.0,26.3,58883,1476238.0
5253973,2020-05-05,WELSPUNLIV,514162,A,25.6,25.6,24.0,24.15,25.0,185346,4548648.0
5253974,2020-05-06,WELSPUNLIV,514162,A,24.0,24.25,23.65,24.0,24.15,77543,1862829.0
5253975,2020-05-07,WELSPUNLIV,514162,A,24.0,24.9,23.5,23.6,24.0,48708,1164382.0
5253976,2020-05-08,WELSPUNLIV,514162,A,24.25,24.55,24.0,24.2,23.6,22300,540949.0
5253977,2020-05-11,WELSPUNLIV,514162,A,24.5,24.8,23.8,24.0,24.2,54460,1313398.0
5253978,2020-05-12,WELSPUNLIV,514162,A,24.0,24.95,24.0,24.55,24.0,34982,856144.0
5253979,2020-05-13,WELSPUNLIV,514162,A,25.55,25.75,25.5,25.75,24.55,27287,701235.0
5253980,2020-05-14,WELSPUNLIV,514162,A,26.65,26.65,25.3,26.2,25.75,33191,853517.0
5253981,2020-05-15,WELSPUNLIV,514162,A,26.45,27.5,25.95,27.5,26.2,85319,2317657.0
5253982,2020-05-18,WELSPUNLIV,514162,A,28.0,28.0,26.15,26.15,27.5,55438,1467367.0
5253983,2020-05-19,WELSPUNLIV,514162,A,26.55,27.1,25.7,26.6,26.15,26641,712854.0
5253984,2020-05-20,WELSPUNLIV,514162,A,26.9,27.2,26.55,27.1,26.6,10960,295406.0
5253985,2020-05-21,WELSPUNLIV,514162,A,27.2,27.5,26.95,27.25,27.1,17701,482119.0
5253986,2020-05-22,WELSPUNLIV,514162,A,27.4,27.6,26.95,27.4,27.25,50784,1388698.0
5253987,2020-05-26,WELSPUNLIV,514162,A,27.6,27.9,27.35,27.5,27.4,21219,585743.0
5253988,2020-05-27,WELSPUNLIV,514162,A,27.8,28.5,27.65,28.35,27.5,35420,1001283.0
5253989,2020-05-28,WELSPUNLIV,514162,A,28.5,29.75,28.5,29.7,28.35,74674,2195519.0
5253990,2020-05-29,WELSPUNLIV,514162,A,30.35,31.15,29.95,31.15,29.7,52978,1635987.0
5253991,2020-06-01,WELSPUNLIV,514162,A,32.5,32.7,32.5,32.7,31.15,8920,291295.0
5253992,2020-06-02,WELSPUNLIV,514162,A,34.3,34.3,34.3,34.3,32.7,11326,388481.0
5253993,2020-06-03,WELSPUNLIV,514162,A,36.0,36.0,33.65,36.0,34.3,145521,5178302.0
5253994,2020-06-04,WELSPUNLIV,514162,A,37.1,37.1,34.2,34.2,36.0,92119,3209729.0
5253995,2020-06-05,WELSPUNLIV,514162,A,34.1,35.6,32.65,35.1,34.2,153041,5273958.0
5253996,2020-06-08,WELSPUNLIV,514162,A,35.8,35.8,33.5,33.8,35.1,80584,2818931.0
5253997,2020-06-09,WELSPUNLIV,514162,A,34.45,34.45,32.15,32.2,33.8,73279,2414328.0
5253998,2020-06-10,WELSPUNLIV,514162,A,32.95,33.25,31.0,32.75,32.2,55186,1772473.0
5253999,2020-06-11,WELSPUNLIV,514162,A,33.5,34.35,32.65,33.85,32.75,110648,3739378.0
5254000,2020-06-12,WELSPUNLIV,514162,A,33.0,33.9,32.2,33.15,33.85,56877,1871336.0
5254001,2020-06-15,WELSPUNLIV,514162,A,34.15,34.8,33.5,34.2,33.15,67992,2312137.0
5254002,2020-06-16,WELSPUNLIV,514162,A,34.95,35.15,33.6,34.1,34.2,52975,1823821.0
5254003,2020-06-17,WELSPUNLIV,514162,A,33.9,34.9,33.9,34.15,34.1,57511,1977340.0
5254004,2020-06-18,WELSPUNLIV,514162,A,34.2,34.85,33.6,33.7,34.15,86231,2930675.0
5254005,2020-06-19,WELSPUNLIV,514162,A,34.3,34.35,33.05,33.35,33.7,44549,1504215.0
5254006,2020-06-20,WELSPUNLIV,514162,A,34.3,34.35,33.05,33.35,33.35,44549,1504215.0
5254007,2020-06-22,WELSPUNLIV,514162,A,34.0,35.0,33.25,35.0,33.35,218413,7533466.0
5254008,2020-06-23,WELSPUNLIV,514162,A,36.35,36.75,35.5,36.7,35.0,180919,6556907.0
5254009,2020-06-24,WELSPUNLIV,514162,A,37.0,37.85,35.55,35.8,36.7,406849,15132571.0
5254010,2020-06-25,WELSPUNLIV,514162,A,35.05,36.0,34.7,34.9,35.8,64689,2271215.0
5254011,2020-06-26,WELSPUNLIV,514162,A,35.3,36.5,35.3,36.1,34.9,88129,3176203.0
5254012,2020-06-29,WELSPUNLIV,514162,A,36.8,37.9,34.3,37.85,36.1,524229,19479974.0
5254013,2020-06-30,WELSPUNLIV,514162,A,39.3,39.3,36.3,37.05,37.85,346155,13045408.0
5254014,2020-07-01,WELSPUNLIV,514162,A,37.2,37.25,35.5,35.7,37.05,56498,2048292.0
5254015,2020-07-02,WELSPUNLIV,514162,A,35.85,36.4,35.4,35.55,35.7,72320,2597720.0
5254016,2020-07-03,WELSPUNLIV,514162,A,35.5,36.3,35.5,35.65,35.55,352533,12644495.0
5254017,2020-07-06,WELSPUNLIV,514162,A,36.0,37.0,35.5,35.95,35.65,122777,4444360.0
5254018,2020-07-07,WELSPUNLIV,514162,A,35.55,36.05,35.4,35.5,35.95,79491,2829269.0
5254019,2020-07-08,WELSPUNLIV,514162,A,35.15,35.85,34.6,34.8,35.5,49972,1751626.0
5254020,2020-07-09,WELSPUNLIV,514162,A,34.85,35.5,33.6,33.85,34.8,97227,3305883.0
5254021,2020-07-10,WELSPUNLIV,514162,A,34.45,34.45,32.4,32.5,33.85,69569,2281483.0
5254022,2020-07-13,WELSPUNLIV,514162,A,32.6,33.4,31.3,31.8,32.5,56456,1812179.0
5254023,2020-07-14,WELSPUNLIV,514162,A,31.5,31.55,31.0,31.25,31.8,101595,3170432.0
5254024,2020-07-15,WELSPUNLIV,514162,A,31.2,32.8,31.2,32.75,31.25,145381,4755925.0
5254025,2020-07-16,WELSPUNLIV,514162,A,33.0,33.0,31.25,32.25,32.75,80816,2576844.0
5254026,2020-07-17,WELSPUNLIV,514162,A,32.45,32.6,31.5,31.75,32.25,55902,1787939.0
5254027,2020-07-20,WELSPUNLIV,514162,A,32.3,32.3,31.35,31.55,31.75,47498,1507603.0
5254028,2020-07-21,WELSPUNLIV,514162,A,31.85,32.05,31.25,31.5,31.55,58336,1843686.0
5254029,2020-07-22,WELSPUNLIV,514162,A,31.7,33.05,31.5,32.9,31.5,141757,4582871.0
5254030,2020-07-23,WELSPUNLIV,514162,A,33.05,34.5,33.05,34.5,32.9,211273,7222563.0
5254031,2020-07-24,WELSPUNLIV,514162,A,36.2,36.2,34.5,36.2,34.5,634555,22765175.0
5254032,2020-07-27,WELSPUNLIV,514162,A,37.9,38.0,36.4,37.7,36.2,843843,31721917.0
5254033,2020-07-28,WELSPUNLIV,514162,A,39.0,39.5,37.05,39.3,37.7,974422,37844484.0
5254034,2020-07-29,WELSPUNLIV,514162,A,39.8,39.8,38.0,38.65,39.3,355262,13879588.0
5254035,2020-07-30,WELSPUNLIV,514162,A,38.65,38.85,37.2,37.35,38.65,130328,4947265.0
5254036,2020-07-31,WELSPUNLIV,514162,A,36.8,39.2,36.8,39.2,37.35,103235,4014228.0
5254037,2020-08-03,WELSPUNLIV,514162,A,41.15,41.15,39.2,41.15,39.2,104824,4293895.0
5254038,2020-08-04,WELSPUNLIV,514162,A,43.2,43.2,43.2,43.2,41.15,49962,2158358.0
5254039,2020-08-05,WELSPUNLIV,514162,A,45.35,45.35,42.5,43.8,43.2,875658,39093437.0
5254040,2020-08-06,WELSPUNLIV,514162,A,44.15,45.5,43.1,43.9,43.8,225894,10015197.0
5254041,2020-08-07,WELSPUNLIV,514162,A,44.5,44.5,42.55,42.75,43.9,74200,3218663.0
5254042,2020-08-10,WELSPUNLIV,514162,A,41.5,44.85,41.5,44.85,42.75,178172,7944005.0
5254043,2020-08-11,WELSPUNLIV,514162,A,45.8,47.05,45.8,47.05,44.85,353489,16606941.0
5254044,2020-08-12,WELSPUNLIV,514162,A,48.0,49.4,47.2,49.4,47.05,104138,5089643.0
5254045,2020-08-13,WELSPUNLIV,514162,A,51.05,51.85,48.65,49.15,49.4,286553,14587167.0
5254046,2020-08-14,WELSPUNLIV,514162,A,48.65,48.65,46.7,46.7,49.15,102727,4852765.0
5254047,2020-08-17,WELSPUNLIV,514162,A,48.5,48.5,45.75,47.3,46.7,96864,4581314.0
5254048,2020-08-18,WELSPUNLIV,514162,A,47.8,49.65,47.3,49.65,47.3,56726,2772144.0
5254049,2020-08-19,WELSPUNLIV,514162,A,52.0,52.0,49.5,49.95,49.65,59394,3002527.0
5254050,2020-08-20,WELSPUNLIV,514162,A,48.7,51.3,48.0,49.45,49.95,102831,5114895.0
5254051,2020-08-21,WELSPUNLIV,514162,A,49.0,50.4,48.9,49.05,49.45,68666,3411322.0
5254052,2020-08-24,WELSPUNLIV,514162,A,49.55,50.5,48.0,48.45,49.05,73327,3587430.0
5254053,2020-08-25,WELSPUNLIV,514162,A,49.05,49.85,47.9,49.55,48.45,80015,3889194.0
5254054,2020-08-26,WELSPUNLIV,514162,A,50.0,52.0,49.8,52.0,49.55,98675,5075081.0
5254055,2020-08-27,WELSPUNLIV,514162,A,54.6,54.6,54.6,54.6,52.0,25129,1372043.0
5254056,2020-08-28,WELSPUNLIV,514162,A,57.3,57.3,56.1,57.3,54.6,386477,22051429.0
5254057,2020-08-31,WELSPUNLIV,514162,A,57.9,57.9,54.45,54.45,57.3,204232,11410203.0
5254058,2020-09-01,WELSPUNLIV,514162,A,51.75,55.0,51.75,53.2,54.45,63322,3305688.0
5254059,2020-09-02,WELSPUNLIV,514162,A,53.0,55.85,51.15,55.85,53.2,73074,3956884.0
5254060,2020-09-03,WELSPUNLIV,514162,A,57.55,58.6,55.65,58.45,55.85,444036,25863866.0
5254061,2020-09-04,WELSPUNLIV,514162,A,56.05,57.95,55.65,56.5,58.45,144394,8222184.0
5254062,2020-09-07,WELSPUNLIV,514162,A,56.5,58.15,55.8,58.0,56.5,148521,8523462.0
5254063,2020-09-08,WELSPUNLIV,514162,A,58.0,58.9,57.15,58.1,58.0,191026,11120109.0
5254064,2020-09-09,WELSPUNLIV,514162,A,57.7,57.7,55.2,56.25,58.1,85162,4751407.0
5254065,2020-09-10,WELSPUNLIV,514162,A,56.8,57.65,54.55,56.7,56.25,60589,3425485.0
5254066,2020-09-11,WELSPUNLIV,514162,A,57.0,57.7,55.6,56.75,56.7,57523,3276596.0
5254067,2020-09-14,WELSPUNLIV,514162,A,57.7,59.55,57.15,59.25,56.75,169176,9926795.0
5254068,2020-09-15,WELSPUNLIV,514162,A,59.65,62.2,58.75,61.85,59.25,154950,9439133.0
5254069,2020-09-16,WELSPUNLIV,514162,A,62.8,63.4,60.15,60.55,61.85,90503,5583351.0
5254070,2020-09-17,WELSPUNLIV,514162,A,60.35,60.35,58.75,59.75,60.55,51385,3055780.0
5254071,2020-09-18,WELSPUNLIV,514162,A,59.75,61.5,59.0,60.8,59.75,67159,4009937.0
5254072,2020-09-21,WELSPUNLIV,514162,A,60.8,63.3,57.8,57.9,60.8,253796,15444277.0
5254073,2020-09-22,WELSPUNLIV,514162,A,57.4,57.95,55.05,56.45,57.9,147248,8245487.0
5254074,2020-09-23,WELSPUNLIV,514162,A,56.05,59.2,56.05,58.85,56.45,100471,5855317.0
5254075,2020-09-24,WELSPUNLIV,514162,A,58.85,60.5,57.3,59.4,58.85,222555,13315818.0
5254076,2020-09-25,WELSPUNLIV,514162,A,59.0,62.35,59.0,62.35,59.4,230904,14353436.0
5254077,2020-09-28,WELSPUNLIV,514162,A,63.75,65.45,63.05,65.45,62.35,303388,19810118.0
5254078,2020-09-29,WELSPUNLIV,514162,A,68.7,68.7,63.6,63.85,65.45,304598,20234299.0
5254079,2020-09-30,WELSPUNLIV,514162,A,63.0,67.0,62.45,67.0,63.85,255915,16609248.0
5254080,2020-10-01,WELSPUNLIV,514162,A,69.0,70.35,67.6,70.25,67.0,278607,19443618.0
5254081,2020-10-05,WELSPUNLIV,514162,A,72.8,73.75,71.3,73.75,70.25,301117,22083284.0
5254082,2020-10-06,WELSPUNLIV,514162,A,74.3,76.0,71.2,72.85,73.75,176876,12940832.0
5254083,2020-10-07,WELSPUNLIV,514162,A,72.1,72.6,69.25,69.45,72.85,422123,29347991.0
5254084,2020-10-08,WELSPUNLIV,514162,A,70.5,72.0,69.5,69.95,69.45,327047,23096416.0
5254085,2020-10-09,WELSPUNLIV,514162,A,69.05,71.25,68.1,69.8,69.95,124702,8708794.0
5254086,2020-10-12,WELSPUNLIV,514162,A,69.8,69.8,67.05,68.1,69.8,131438,8965878.0
5254087,2020-10-13,WELSPUNLIV,514162,A,68.3,68.75,66.4,67.3,68.1,53003,3585055.0
5254088,2020-10-14,WELSPUNLIV,514162,A,67.55,68.0,66.0,67.65,67.3,58067,3863955.0
5254089,2020-10-15,WELSPUNLIV,514162,A,67.95,70.55,66.3,68.85,67.65,122299,8466814.0
5254090,2020-10-16,WELSPUNLIV,514162,A,68.5,71.0,67.95,70.15,68.85,176551,12312461.0
5254091,2020-10-17,WELSPUNLIV,514162,A,68.5,71.0,67.95,70.15,70.15,176551,12312461.0
5254092,2020-10-19,WELSPUNLIV,514162,A,70.15,71.45,68.4,68.8,70.15,71972,5050287.0
5254093,2020-10-20,WELSPUNLIV,514162,A,68.2,70.2,68.05,68.5,68.8,33428,2316593.0
5254094,2020-10-21,WELSPUNLIV,514162,A,68.45,71.9,68.45,71.9,68.5,235151,16756262.0
5254095,2020-10-22,WELSPUNLIV,514162,A,72.0,75.45,71.85,75.2,71.9,241426,17950050.0
5254096,2020-10-23,WELSPUNLIV,514162,A,75.85,77.0,73.35,76.0,75.2,151092,11443274.0
5254097,2020-10-26,WELSPUNLIV,514162,A,76.0,78.0,73.95,74.6,76.0,81992,6226270.0
5254098,2020-10-27,WELSPUNLIV,514162,A,73.8,75.55,73.6,74.85,74.6,19688,1473985.0
5254099,2020-10-28,WELSPUNLIV,514162,A,74.5,76.4,74.0,74.4,74.85,26591,2009712.0
5254100,2020-10-29,WELSPUNLIV,514162,A,73.0,74.45,72.5,73.9,74.4,60754,4472209.0
5254101,2020-10-30,WELSPUNLIV,514162,A,73.1,73.1,70.25,70.25,73.9,128981,9123587.0
5254102,2020-11-02,WELSPUNLIV,514162,A,70.2,70.2,66.75,66.75,70.25,122560,8239026.0
5254103,2020-11-03,WELSPUNLIV,514162,A,66.0,69.75,63.7,67.5,66.75,141939,9414505.0
5254104,2020-11-04,WELSPUNLIV,514162,A,68.4,69.55,66.8,67.9,67.5,62215,4251574.0
5254105,2020-11-05,WELSPUNLIV,514162,A,69.0,70.2,68.15,68.4,67.9,22121,1531094.0
5254106,2020-11-06,WELSPUNLIV,514162,A,69.0,69.65,65.0,65.05,68.4,106762,7093828.0
5254107,2020-11-09,WELSPUNLIV,514162,A,65.05,66.55,62.25,62.75,65.05,138499,8864917.0
5254108,2020-11-10,WELSPUNLIV,514162,A,63.7,65.45,62.0,64.55,62.75,90576,5770694.0
5254109,2020-11-11,WELSPUNLIV,514162,A,65.9,65.9,62.0,63.65,64.55,86204,5498686.0
5254110,2020-11-12,WELSPUNLIV,514162,A,63.2,65.95,63.2,65.45,63.65,44701,2896945.0
5254111,2020-11-13,WELSPUNLIV,514162,A,64.75,68.5,64.65,67.65,65.45,44707,3009215.0
5254112,2020-11-14,WELSPUNLIV,514162,A,68.5,69.3,67.25,67.65,67.65,6506,443109.0
5254113,2020-11-17,WELSPUNLIV,514162,A,67.75,70.0,67.05,69.55,67.65,53866,3694145.0
5254114,2020-11-18,WELSPUNLIV,514162,A,70.0,70.0,67.7,68.0,69.55,61423,4210175.0
5254115,2020-11-19,WELSPUNLIV,514162,A,67.95,69.0,64.7,65.95,68.0,77517,5167608.0
5254116,2020-11-20,WELSPUNLIV,514162,A,66.95,68.85,66.4,67.15,65.95,81752,5535718.0
5254117,2020-11-23,WELSPUNLIV,514162,A,67.2,67.65,65.9,65.95,67.15,23860,1586090.0
5254118,2020-11-24,WELSPUNLIV,514162,A,66.95,67.6,64.65,65.95,65.95,70121,4602999.0
5254119,2020-11-25,WELSPUNLIV,514162,A,65.15,67.15,64.2,64.55,65.95,78452,5106673.0
5254120,2020-11-26,WELSPUNLIV,514162,A,65.5,67.75,64.3,67.75,64.55,131887,8754934.0
5254121,2020-11-27,WELSPUNLIV,514162,A,67.75,69.95,66.65,68.4,67.75,121878,8402399.0
5254122,2020-12-01,WELSPUNLIV,514162,A,69.9,69.9,66.7,67.2,68.4,39236,2655859.0
5254123,2020-12-02,WELSPUNLIV,514162,A,67.2,68.0,65.8,66.8,67.2,81966,5477334.0
5254124,2020-12-03,WELSPUNLIV,514162,A,66.0,67.85,65.85,66.6,66.8,131886,8774117.0
5254125,2020-12-04,WELSPUNLIV,514162,A,66.6,67.35,65.8,66.1,66.6,39279,2604646.0
5254126,2020-12-07,WELSPUNLIV,514162,A,66.8,69.4,65.2,68.25,66.1,259677,17647432.0
5254127,2020-12-08,WELSPUNLIV,514162,A,69.5,69.5,67.4,67.9,68.25,15363,1046242.0
5254128,2020-12-09,WELSPUNLIV,514162,A,67.95,68.45,67.0,67.25,67.9,73209,4940697.0
5254129,2020-12-10,WELSPUNLIV,514162,A,68.2,68.2,65.85,67.2,67.25,52081,3489216.0
5254130,2020-12-11,WELSPUNLIV,514162,A,66.2,70.55,66.2,70.55,67.2,314585,22062773.0
5254131,2020-12-14,WELSPUNLIV,514162,A,71.5,74.05,71.5,74.05,70.55,76768,5676261.0
5254132,2020-12-15,WELSPUNLIV,514162,A,77.75,77.75,71.5,74.8,74.05,309297,23390828.0
5254133,2020-12-16,WELSPUNLIV,514162,A,76.05,76.4,73.1,73.55,74.8,47018,3485805.0
5254134,2020-12-17,WELSPUNLIV,514162,A,73.95,77.0,73.95,76.3,73.55,301868,23023540.0
5254135,2020-12-18,WELSPUNLIV,514162,A,76.35,76.35,72.5,73.35,76.3,164461,12005491.0
5254136,2020-12-21,WELSPUNLIV,514162,A,73.35,73.35,69.7,69.7,73.35,116408,8240928.0
5254137,2020-12-22,WELSPUNLIV,514162,A,68.3,69.0,66.25,68.7,69.7,69600,4677667.0
5254138,2020-12-23,WELSPUNLIV,514162,A,67.1,70.0,67.1,69.8,68.7,49381,3420117.0
5254139,2020-12-24,WELSPUNLIV,514162,A,70.9,70.9,68.5,69.4,69.8,28647,1985449.0
5254140,2020-12-28,WELSPUNLIV,514162,A,69.15,72.1,69.15,69.7,69.4,79175,5605298.0
5254141,2020-12-29,WELSPUNLIV,514162,A,70.35,70.95,68.25,68.35,69.7,42310,2910877.0
5254142,2020-12-30,WELSPUNLIV,514162,A,68.3,70.35,66.45,66.65,68.35,111482,7513805.0
5254143,2020-12-31,WELSPUNLIV,514162,A,67.75,69.35,66.8,67.95,66.65,106392,7240287.0
5254144,2021-01-01,WELSPUNLIV,514162,A,68.5,69.6,68.15,68.4,67.95,53134,3658694.0
5254145,2021-01-04,WELSPUNLIV,514162,A,68.55,71.8,68.4,71.8,68.4,93951,6622443.0
5254146,2021-01-05,WELSPUNLIV,514162,A,71.3,73.45,70.0,72.75,71.8,78405,5657081.0
5254147,2021-01-06,WELSPUNLIV,514162,A,72.95,73.85,69.8,70.5,72.75,164311,11789437.0
5254148,2021-01-07,WELSPUNLIV,514162,A,71.45,74.0,71.05,73.8,70.5,113211,8298806.0
5254149,2021-01-08,WELSPUNLIV,514162,A,74.05,74.9,72.2,72.9,73.8,80609,5950097.0
5254150,2021-01-11,WELSPUNLIV,514162,A,73.9,74.2,70.05,71.8,72.9,79271,5677568.0
5254151,2021-01-12,WELSPUNLIV,514162,A,70.25,71.85,70.1,70.65,71.8,84821,6011853.0
5254152,2021-01-13,WELSPUNLIV,514162,A,70.55,71.55,68.65,69.0,70.65,119386,8316233.0
5254153,2021-01-14,WELSPUNLIV,514162,A,69.0,70.3,68.55,68.75,69.0,22148,1530586.0
5254154,2021-01-15,WELSPUNLIV,514162,A,69.2,69.5,66.5,67.25,68.75,98300,6664355.0
5254155,2021-01-18,WELSPUNLIV,514162,A,67.2,68.15,65.0,65.2,67.25,99923,6620007.0
5254156,2021-01-19,WELSPUNLIV,514162,A,65.05,68.1,65.05,67.6,65.2,86796,5836874.0
5254157,2021-01-20,WELSPUNLIV,514162,A,67.6,68.0,66.2,66.8,67.6,52533,3511639.0
5254158,2021-01-21,WELSPUNLIV,514162,A,67.6,69.9,66.35,68.9,66.8,218346,14947742.0
5254159,2021-01-22,WELSPUNLIV,514162,A,69.45,70.3,67.35,67.55,68.9,127956,8804249.0
5254160,2021-01-25,WELSPUNLIV,514162,A,68.05,68.7,66.2,66.75,67.55,17728,1188301.0
5254161,2021-01-27,WELSPUNLIV,514162,A,65.55,69.8,65.55,68.15,66.75,166425,11349049.0
5254162,2021-01-28,WELSPUNLIV,514162,A,68.2,70.15,67.05,67.35,68.15,55376,3757235.0
5254163,2021-01-29,WELSPUNLIV,514162,A,68.3,68.3,66.0,66.1,67.35,58914,3945909.0
5254164,2021-02-01,WELSPUNLIV,514162,A,67.45,67.95,66.15,67.35,66.1,29579,1982882.0
5254165,2021-02-02,WELSPUNLIV,514162,A,67.5,69.45,67.5,68.9,67.35,29617,2034953.0
5254166,2021-02-03,WELSPUNLIV,514162,A,69.0,72.3,68.45,72.3,68.9,323944,23152504.0
5254167,2021-02-04,WELSPUNLIV,514162,A,73.0,74.9,71.5,72.6,72.3,230274,16938166.0
5254168,2021-02-05,WELSPUNLIV,514162,A,74.1,74.1,68.5,69.1,72.6,145227,10195004.0
5254169,2021-02-08,WELSPUNLIV,514162,A,70.0,70.55,67.0,67.35,69.1,140383,9602589.0
5254170,2021-02-09,WELSPUNLIV,514162,A,67.05,68.15,65.7,66.35,67.35,79256,5314888.0
5254171,2021-02-10,WELSPUNLIV,514162,A,66.15,68.1,66.05,67.85,66.35,69574,4674723.0
5254172,2021-02-11,WELSPUNLIV,514162,A,68.7,68.8,67.55,68.35,67.85,46247,3159017.0
5254173,2021-02-12,WELSPUNLIV,514162,A,68.4,68.9,67.15,67.4,68.35,20288,1378868.0
5254174,2021-02-15,WELSPUNLIV,514162,A,67.65,68.5,67.0,67.45,67.4,59917,4067010.0
5254175,2021-02-16,WELSPUNLIV,514162,A,67.5,67.95,66.5,66.8,67.45,32692,2186798.0
5254176,2021-02-17,WELSPUNLIV,514162,A,67.0,67.7,66.55,66.65,66.8,53193,3572126.0
5254177,2021-02-18,WELSPUNLIV,514162,A,69.0,72.4,67.1,70.55,66.65,95704,6724662.0
5254178,2021-02-19,WELSPUNLIV,514162,A,70.4,71.9,68.75,69.15,70.55,122207,8578858.0
5254179,2021-02-22,WELSPUNLIV,514162,A,68.0,69.3,67.65,67.9,69.15,39312,2685759.0
5254180,2021-02-23,WELSPUNLIV,514162,A,69.0,69.0,67.0,67.5,67.9,86720,5870479.0
5254181,2021-02-24,WELSPUNLIV,514162,A,68.0,68.5,67.0,67.8,67.5,66594,4515110.0
5254182,2021-02-25,WELSPUNLIV,514162,A,68.4,73.65,67.9,71.85,67.8,429154,30620667.0
5254183,2021-02-26,WELSPUNLIV,514162,A,71.85,71.85,67.85,68.8,71.85,45053,3131109.0
5254184,2021-03-01,WELSPUNLIV,514162,A,70.6,70.6,68.65,68.9,68.8,38448,2670426.0
5254185,2021-03-02,WELSPUNLIV,514162,A,69.5,69.7,67.35,68.05,68.9,76663,5253656.0
5254186,2021-03-03,WELSPUNLIV,514162,A,68.0,71.7,68.0,70.55,68.05,204023,14353134.0
5254187,2021-03-04,WELSPUNLIV,514162,A,71.1,78.9,69.7,75.45,70.55,370731,28134060.0
5254188,2021-03-05,WELSPUNLIV,514162,A,76.1,77.3,71.15,73.05,75.45,246310,18377481.0
5254189,2021-03-08,WELSPUNLIV,514162,A,74.55,75.45,73.65,73.9,73.05,151626,11276332.0
5254190,2021-03-09,WELSPUNLIV,514162,A,73.9,74.95,71.25,72.3,73.9,166240,12201102.0
5254191,2021-03-10,WELSPUNLIV,514162,A,73.7,75.55,72.5,74.3,72.3,109877,8183727.0
5254192,2021-03-12,WELSPUNLIV,514162,A,74.5,84.7,74.5,80.95,74.3,764703,62172485.0
5254193,2021-03-15,WELSPUNLIV,514162,A,81.5,87.6,79.45,83.75,80.95,955583,80359491.0
5254194,2021-03-16,WELSPUNLIV,514162,A,85.0,87.0,82.7,83.5,83.75,409360,34651502.0
5254195,2021-03-17,WELSPUNLIV,514162,A,85.45,85.45,78.5,79.6,83.5,184557,15036134.0
5254196,2021-03-18,WELSPUNLIV,514162,A,79.0,81.8,72.8,76.25,79.6,407964,32022006.0
5254197,2021-03-19,WELSPUNLIV,514162,A,76.25,82.0,72.65,81.0,76.25,190647,14663140.0
5254198,2021-03-22,WELSPUNLIV,514162,A,81.0,83.5,79.5,81.8,81.0,238824,19580470.0
5254199,2021-03-23,WELSPUNLIV,514162,A,82.9,83.7,80.4,80.75,81.8,82341,6732376.0
5254200,2021-03-24,WELSPUNLIV,514162,A,80.0,81.4,78.25,78.95,80.75,56223,4468568.0
5254201,2021-03-25,WELSPUNLIV,514162,A,78.2,79.95,76.3,77.05,78.95,42694,3305644.0
5254202,2021-03-26,WELSPUNLIV,514162,A,80.8,84.65,77.8,83.6,77.05,521700,43369183.0
5254203,2021-03-30,WELSPUNLIV,514162,A,85.0,85.45,82.25,83.6,83.6,181630,15266688.0
5254204,2021-03-31,WELSPUNLIV,514162,A,86.55,86.55,80.0,81.1,83.6,102894,8516007.0
5254205,2021-04-01,WELSPUNLIV,514162,A,82.75,85.25,82.15,84.7,81.1,189694,15887754.0
5254206,2021-04-05,WELSPUNLIV,514162,A,87.9,87.9,80.6,83.1,84.7,296737,24414794.0
5254207,2021-04-06,WELSPUNLIV,514162,A,83.1,83.65,80.75,81.3,83.1,60980,4986222.0
5254208,2021-04-07,WELSPUNLIV,514162,A,82.9,82.9,79.5,80.15,81.3,113686,9195072.0
5254209,2021-04-08,WELSPUNLIV,514162,A,80.9,86.9,80.9,84.95,80.15,451699,38459797.0
5254210,2021-04-09,WELSPUNLIV,514162,A,85.6,87.4,82.8,84.2,84.95,252957,21582537.0
5254211,2021-04-12,WELSPUNLIV,514162,A,81.35,82.0,76.8,77.75,84.2,160728,12747811.0
5254212,2021-04-13,WELSPUNLIV,514162,A,80.0,80.0,77.2,77.45,77.75,97629,7664761.0
5254213,2021-04-15,WELSPUNLIV,514162,A,79.4,79.5,75.55,77.7,77.45,63242,4894491.0
5254214,2021-04-16,WELSPUNLIV,514162,A,78.9,81.85,77.45,81.1,77.7,243555,19445376.0
5254215,2021-04-19,WELSPUNLIV,514162,A,81.1,81.1,76.15,77.05,81.1,129979,10020215.0
5254216,2021-04-20,WELSPUNLIV,514162,A,80.4,80.4,76.05,77.05,77.05,116230,9110887.0
5254217,2021-04-22,WELSPUNLIV,514162,A,77.0,80.5,77.0,78.8,77.05,239052,18884552.0
5254218,2021-04-23,WELSPUNLIV,514162,A,78.75,80.15,78.0,78.5,78.8,63923,5037224.0
5254219,2021-04-26,WELSPUNLIV,514162,A,80.8,80.9,78.5,79.4,78.5,124048,9876390.0
5254220,2021-04-27,WELSPUNLIV,514162,A,80.0,80.7,79.4,79.9,79.4,85777,6884684.0
5254221,2021-04-28,WELSPUNLIV,514162,A,81.1,84.4,81.1,82.25,79.9,283617,23521325.0
5254222,2021-04-29,WELSPUNLIV,514162,A,83.95,83.95,81.3,81.75,82.25,86843,7142420.0
5254223,2021-04-30,WELSPUNLIV,514162,A,81.0,81.55,79.2,79.5,81.75,106662,8569435.0
5254224,2021-05-03,WELSPUNLIV,514162,A,80.5,82.35,79.55,81.8,79.5,125249,10197652.0
5254225,2021-05-04,WELSPUNLIV,514162,A,83.3,85.0,81.85,82.35,81.8,138547,11542276.0
5254226,2021-05-05,WELSPUNLIV,514162,A,83.9,84.5,82.5,82.85,82.35,122220,10188183.0
5254227,2021-05-06,WELSPUNLIV,514162,A,84.5,86.0,82.7,84.25,82.85,168386,14194146.0
5254228,2021-05-07,WELSPUNLIV,514162,A,85.0,94.8,84.3,93.5,84.25,1350042,121811587.0
5254229,2021-05-10,WELSPUNLIV,514162,A,98.7,99.9,95.2,96.45,93.5,352263,34300250.0
5254230,2021-05-11,WELSPUNLIV,514162,A,96.9,98.0,91.5,93.65,96.45,380111,36200445.0
5254231,2021-05-12,WELSPUNLIV,514162,A,94.0,95.9,88.7,91.2,93.65,287160,26502274.0
5254232,2021-05-14,WELSPUNLIV,514162,A,94.4,104.45,91.05,101.25,91.2,1544917,153607448.0
5254233,2021-05-17,WELSPUNLIV,514162,A,103.7,103.9,96.55,98.3,101.25,618690,61293223.0
5254234,2021-05-18,WELSPUNLIV,514162,A,99.85,100.3,97.0,97.3,98.3,446732,43880055.0
5254235,2021-05-19,WELSPUNLIV,514162,A,97.4,98.1,95.55,95.7,97.3,342295,32910320.0
5254236,2021-05-20,WELSPUNLIV,514162,A,96.75,97.5,95.4,96.0,95.7,129192,12425908.0
5254237,2021-05-21,WELSPUNLIV,514162,A,97.4,100.2,95.9,98.65,96.0,300208,29574822.0
5254238,2021-05-24,WELSPUNLIV,514162,A,98.6,98.6,96.2,96.65,98.65,130511,12644099.0
5254239,2021-05-25,WELSPUNLIV,514162,A,97.0,97.0,91.8,92.3,96.65,670457,62505424.0
5254240,2021-05-26,WELSPUNLIV,514162,A,92.5,94.4,92.15,92.75,92.3,268126,24990111.0
5254241,2021-05-27,WELSPUNLIV,514162,A,97.0,97.0,89.5,91.0,92.75,260263,24178245.0
5254242,2021-05-28,WELSPUNLIV,514162,A,91.0,94.0,89.5,90.2,91.0,332338,30197346.0
5254243,2021-05-31,WELSPUNLIV,514162,A,92.4,92.4,88.65,89.05,90.2,154787,13850674.0
5254244,2021-06-01,WELSPUNLIV,514162,A,89.8,90.3,86.0,87.25,89.05,335956,29404713.0
5254245,2021-06-02,WELSPUNLIV,514162,A,87.8,95.0,87.55,94.4,87.25,355992,32670687.0
5254246,2021-06-03,WELSPUNLIV,514162,A,96.0,96.2,92.65,94.1,94.4,409983,38723746.0
5254247,2021-06-04,WELSPUNLIV,514162,A,93.9,94.6,91.85,92.4,94.1,280301,26096694.0
5254248,2021-06-07,WELSPUNLIV,514162,A,93.3,94.95,91.25,92.6,92.4,293417,27246801.0
5254249,2021-06-08,WELSPUNLIV,514162,A,93.4,94.3,92.25,92.45,92.6,248692,23106398.0
5254250,2021-06-09,WELSPUNLIV,514162,A,93.9,95.55,91.65,92.0,92.45,606857,57129940.0
5254251,2021-06-10,WELSPUNLIV,514162,A,93.0,95.25,92.9,94.85,92.0,310691,29154362.0
5254252,2021-06-11,WELSPUNLIV,514162,A,95.9,97.1,94.6,95.75,94.85,618340,59377022.0
5254253,2021-06-14,WELSPUNLIV,514162,A,96.75,96.95,92.2,96.05,95.75,491690,46618886.0
5254254,2021-06-15,WELSPUNLIV,514162,A,95.6,97.25,95.15,95.35,96.05,1370124,131816981.0
5254255,2021-06-16,WELSPUNLIV,514162,A,95.85,96.5,92.6,93.05,95.35,1955368,184576987.0
5254256,2021-06-17,WELSPUNLIV,514162,A,91.3,94.75,91.3,92.65,93.05,422446,39610975.0
5254257,2021-06-18,WELSPUNLIV,514162,A,93.95,94.2,89.2,92.75,92.65,709404,65170352.0
5254258,2021-06-21,WELSPUNLIV,514162,A,92.0,92.8,90.85,92.4,92.75,349748,32175468.0
5254259,2021-06-22,WELSPUNLIV,514162,A,94.7,95.35,93.15,93.45,92.4,1115292,105119897.0
5254260,2021-06-23,WELSPUNLIV,514162,A,94.3,95.2,93.25,93.8,93.45,251698,23728673.0
5254261,2021-06-24,WELSPUNLIV,514162,A,94.0,94.25,92.55,93.0,93.8,440524,41232366.0
5254262,2021-06-25,WELSPUNLIV,514162,A,93.0,94.15,92.65,93.75,93.0,207532,19364900.0
5254263,2021-06-28,WELSPUNLIV,514162,A,93.6,95.45,92.95,94.1,93.75,563187,52951417.0
5254264,2021-06-29,WELSPUNLIV,514162,A,93.0,95.4,92.4,93.7,94.1,620109,58531939.0
5254265,2021-06-30,WELSPUNLIV,514162,A,94.0,97.8,93.75,96.45,93.7,955918,91711238.0
5254266,2021-07-01,WELSPUNLIV,514162,A,98.0,99.7,95.65,97.35,96.45,655363,64541067.0
5254267,2021-07-02,WELSPUNLIV,514162,A,96.65,105.65,96.55,102.85,97.35,2079677,213058213.0
5254268,2021-07-05,WELSPUNLIV,514162,A,104.0,109.5,101.2,105.6,102.85,691243,73469139.0
5254269,2021-07-06,WELSPUNLIV,514162,A,107.15,108.5,104.35,106.65,105.6,324290,34476052.0
5254270,2021-07-07,WELSPUNLIV,514162,A,108.7,109.5,104.0,104.8,106.65,361498,38366426.0
5254271,2021-07-08,WELSPUNLIV,514162,A,104.25,106.4,102.7,105.1,104.8,360805,37850411.0
5254272,2021-07-09,WELSPUNLIV,514162,A,104.0,107.75,103.65,106.4,105.1,560212,59096680.0
5254273,2021-07-12,WELSPUNLIV,514162,A,107.0,115.5,107.0,114.0,106.4,1066056,118563206.0
5254274,2021-07-13,WELSPUNLIV,514162,A,114.1,120.35,111.05,116.65,114.0,689755,78971015.0
5254275,2021-07-14,WELSPUNLIV,514162,A,120.0,125.0,115.35,122.7,116.65,1590809,191510098.0
5254276,2021-07-15,WELSPUNLIV,514162,A,121.4,129.8,121.35,125.5,122.7,1377583,174217380.0
5254277,2021-07-16,WELSPUNLIV,514162,A,127.35,130.8,123.65,125.3,125.5,1015532,129576573.0
5254278,2021-07-19,WELSPUNLIV,514162,A,126.8,134.5,123.45,132.85,125.3,758728,98789999.0
5254279,2021-07-20,WELSPUNLIV,514162,A,133.8,133.9,124.45,125.9,132.85,413293,52982119.0
5254280,2021-07-22,WELSPUNLIV,514162,A,128.0,132.4,124.3,127.9,125.9,376139,48160107.0
5254281,2021-07-23,WELSPUNLIV,514162,A,129.9,129.9,125.0,127.15,127.9,200359,25419064.0
5254282,2021-07-26,WELSPUNLIV,514162,A,126.5,127.8,125.0,125.55,127.15,50965,6413356.0
5254283,2021-07-27,WELSPUNLIV,514162,A,127.5,135.0,125.75,134.35,125.55,509333,67212182.0
5254284,2021-07-28,WELSPUNLIV,514162,A,135.95,142.8,131.05,141.6,134.35,655066,90793244.0
5254285,2021-07-29,WELSPUNLIV,514162,A,141.95,145.45,136.3,137.75,141.6,597563,84470580.0
5254286,2021-07-30,WELSPUNLIV,514162,A,138.0,139.55,131.7,133.35,137.75,213196,28812873.0
5254287,2021-08-02,WELSPUNLIV,514162,A,135.0,138.9,135.0,137.5,133.35,91315,12556198.0
5254288,2021-08-03,WELSPUNLIV,514162,A,139.8,143.0,136.1,140.35,137.5,161673,22630129.0
5254289,2021-08-04,WELSPUNLIV,514162,A,142.0,142.0,134.9,135.55,140.35,77812,10725012.0
5254290,2021-08-05,WELSPUNLIV,514162,A,136.95,136.95,130.6,132.45,135.55,164224,21755530.0
5254291,2021-08-06,WELSPUNLIV,514162,A,135.7,137.05,133.05,135.5,132.45,55467,7499487.0
5254292,2021-08-09,WELSPUNLIV,514162,A,135.0,136.75,132.35,133.6,135.5,121322,16264392.0
5254293,2021-08-10,WELSPUNLIV,514162,A,133.5,134.55,115.2,123.05,133.6,408401,51274871.0
5254294,2021-08-11,WELSPUNLIV,514162,A,121.75,129.4,118.0,127.35,123.05,121778,15008102.0
5254295,2021-08-12,WELSPUNLIV,514162,A,129.0,134.0,127.5,132.8,127.35,186828,24511665.0
5254296,2021-08-13,WELSPUNLIV,514162,A,135.75,136.0,131.1,131.95,132.8,151282,20183538.0
5254297,2021-08-16,WELSPUNLIV,514162,A,132.9,132.9,128.4,128.9,131.95,86260,11176336.0
5254298,2021-08-17,WELSPUNLIV,514162,A,128.6,129.2,123.15,124.9,128.9,90681,11458566.0
5254299,2021-08-18,WELSPUNLIV,514162,A,126.9,127.6,123.1,124.9,124.9,119694,15039405.0
5254300,2021-08-20,WELSPUNLIV,514162,A,124.0,124.95,116.65,118.4,124.9,293354,35881079.0
5254301,2021-08-23,WELSPUNLIV,514162,A,117.5,127.8,117.5,126.15,118.4,262693,32473843.0
5254302,2021-08-24,WELSPUNLIV,514162,A,128.25,128.65,123.6,127.55,126.15,106580,13393508.0
5254303,2021-08-25,WELSPUNLIV,514162,A,126.9,129.65,126.0,127.8,127.55,66005,8449697.0
5254304,2021-08-26,WELSPUNLIV,514162,A,128.25,128.8,126.15,126.9,127.8,143748,18392524.0
5254305,2021-08-27,WELSPUNLIV,514162,A,125.05,127.25,124.9,125.2,126.9,39847,5021683.0
5254306,2021-08-30,WELSPUNLIV,514162,A,128.5,129.0,126.1,126.8,125.2,563216,72191880.0
5254307,2021-08-31,WELSPUNLIV,514162,A,127.2,129.4,125.7,126.75,126.8,124111,15877257.0
5254308,2021-09-01,WELSPUNLIV,514162,A,126.7,128.25,124.25,127.3,126.75,68494,8670905.0
5254309,2021-09-02,WELSPUNLIV,514162,A,127.3,128.75,126.6,127.2,127.3,77458,9889423.0
5254310,2021-09-03,WELSPUNLIV,514162,A,129.0,131.65,124.45,126.3,127.2,283322,36243301.0
5254311,2021-09-06,WELSPUNLIV,514162,A,126.3,138.8,126.3,137.35,126.3,711924,95270328.0
5254312,2021-09-07,WELSPUNLIV,514162,A,138.95,140.95,133.5,139.7,137.35,782570,107697230.0
5254313,2021-09-08,WELSPUNLIV,514162,A,141.8,144.0,135.35,137.35,139.7,642185,90520997.0
5254314,2021-09-09,WELSPUNLIV,514162,A,137.9,138.15,131.45,133.15,137.35,231691,30904784.0
5254315,2021-09-13,WELSPUNLIV,514162,A,134.7,135.2,131.95,133.45,133.15,231444,30847239.0
5254316,2021-09-14,WELSPUNLIV,514162,A,134.95,136.75,133.05,133.7,133.45,121519,16405011.0
5254317,2021-09-15,WELSPUNLIV,514162,A,134.1,136.35,133.55,134.3,133.7,175684,23706663.0
5254318,2021-09-16,WELSPUNLIV,514162,A,135.5,138.25,133.15,133.95,134.3,112211,15194179.0
5254319,2021-09-17,WELSPUNLIV,514162,A,133.95,135.75,130.5,131.7,133.95,209486,27762452.0
5254320,2021-09-20,WELSPUNLIV,514162,A,132.0,133.0,127.0,129.35,131.7,371937,48526336.0
5254321,2021-09-21,WELSPUNLIV,514162,A,128.05,136.5,126.2,135.25,129.35,521600,68503461.0
5254322,2021-09-22,WELSPUNLIV,514162,A,137.1,140.95,135.8,139.4,135.25,469067,64831064.0
5254323,2021-09-23,WELSPUNLIV,514162,A,141.0,160.0,140.65,157.5,139.4,2019635,306693937.0
5254324,2021-09-24,WELSPUNLIV,514162,A,160.2,161.25,153.7,155.6,157.5,555010,86713742.0
5254325,2021-09-27,WELSPUNLIV,514162,A,157.85,159.3,154.0,157.75,155.6,299511,46845479.0
5254326,2021-09-28,WELSPUNLIV,514162,A,159.2,165.95,159.15,163.9,157.75,913133,148505933.0
5254327,2021-09-29,WELSPUNLIV,514162,A,161.7,167.0,160.0,165.5,163.9,363617,59410706.0
5254328,2021-09-30,WELSPUNLIV,514162,A,166.0,170.6,162.7,169.1,165.5,456096,75922024.0
5254329,2021-10-01,WELSPUNLIV,514162,A,168.45,168.45,162.15,162.95,169.1,209437,34626378.0
5254330,2021-10-04,WELSPUNLIV,514162,A,164.5,167.5,160.5,161.95,162.95,254998,41655410.0
5254331,2021-10-05,WELSPUNLIV,514162,A,164.0,165.25,160.85,163.95,161.95,118239,19256515.0
5254332,2021-10-06,WELSPUNLIV,514162,A,166.7,167.5,163.1,164.05,163.95,346507,57119202.0
5254333,2021-10-07,WELSPUNLIV,514162,A,166.4,168.0,163.35,166.0,164.05,4831522,802039054.0
5254334,2021-10-08,WELSPUNLIV,514162,A,167.05,167.25,158.4,163.3,166.0,274237,44880751.0
5254335,2021-10-11,WELSPUNLIV,514162,A,166.1,169.0,161.15,166.95,163.3,270949,44549161.0
5254336,2021-10-12,WELSPUNLIV,514162,A,167.0,170.75,163.5,164.85,166.95,269464,44752036.0
5254337,2021-10-13,WELSPUNLIV,514162,A,166.5,166.5,161.0,161.7,164.85,127026,20693324.0
5254338,2021-10-14,WELSPUNLIV,514162,A,164.5,164.7,160.3,161.15,161.7,219883,35813781.0
5254339,2021-10-18,WELSPUNLIV,514162,A,155.85,162.35,155.85,159.7,161.15,366808,58543348.0
5254340,2021-10-19,WELSPUNLIV,514162,A,156.4,160.8,147.1,152.1,159.7,183786,28621937.0
5254341,2021-10-20,WELSPUNLIV,514162,A,150.0,151.35,143.3,146.35,152.1,378249,55610709.0
5254342,2021-10-21,WELSPUNLIV,514162,A,148.6,156.7,147.65,151.75,146.35,255996,39313752.0
5254343,2021-10-22,WELSPUNLIV,514162,A,152.5,153.1,145.3,146.1,151.75,141429,20936972.0
5254344,2021-10-25,WELSPUNLIV,514162,A,147.9,147.9,137.1,142.1,146.1,276538,39298240.0
5254345,2021-10-26,WELSPUNLIV,514162,A,142.25,147.25,141.4,144.9,142.1,203475,29292673.0
5254346,2021-10-27,WELSPUNLIV,514162,A,147.75,150.95,142.05,144.9,144.9,244130,35816038.0
5254347,2021-10-28,WELSPUNLIV,514162,A,146.35,146.35,140.1,141.15,144.9,157046,22376156.0
5254348,2021-10-29,WELSPUNLIV,514162,A,141.45,141.45,136.25,137.7,141.15,342867,47451572.0
5254349,2021-11-01,WELSPUNLIV,514162,A,139.3,144.35,137.75,142.7,137.7,113248,16145502.0
5254350,2021-11-02,WELSPUNLIV,514162,A,144.0,145.1,141.5,143.55,142.7,103059,14766056.0
5254351,2021-11-03,WELSPUNLIV,514162,A,144.0,144.2,142.55,143.65,143.55,44777,6424555.0
5254352,2021-11-04,WELSPUNLIV,514162,A,145.5,146.55,143.05,145.5,143.65,46349,6752243.0
5254353,2021-11-08,WELSPUNLIV,514162,A,148.8,148.8,142.9,143.15,145.5,54553,7833998.0
5254354,2021-11-09,WELSPUNLIV,514162,A,143.45,143.85,140.1,140.8,143.15,72302,10207014.0
5254355,2021-11-10,WELSPUNLIV,514162,A,138.2,141.55,138.2,139.8,140.8,142755,19903090.0
5254356,2021-11-11,WELSPUNLIV,514162,A,138.55,143.5,138.55,140.05,139.8,71825,10098966.0
5254357,2021-11-12,WELSPUNLIV,514162,A,141.9,142.4,139.5,140.25,140.05,87949,12338883.0
5254358,2021-11-15,WELSPUNLIV,514162,A,141.0,141.0,138.0,138.7,140.25,127023,17723719.0
5254359,2021-11-16,WELSPUNLIV,514162,A,138.0,141.05,138.0,139.2,138.7,102312,14300202.0
5254360,2021-11-17,WELSPUNLIV,514162,A,139.2,141.5,137.4,139.65,139.2,180801,25270038.0
5254361,2021-11-18,WELSPUNLIV,514162,A,140.4,141.5,132.0,135.95,139.65,209152,28437796.0
5254362,2021-11-22,WELSPUNLIV,514162,A,134.1,136.8,122.45,128.3,135.95,482052,61954352.0
5254363,2021-11-23,WELSPUNLIV,514162,A,128.3,133.7,128.1,132.65,128.3,150523,19887918.0
5254364,2021-11-24,WELSPUNLIV,514162,A,135.35,135.35,132.25,133.35,132.65,69049,9231163.0
5254365,2021-11-25,WELSPUNLIV,514162,A,132.1,134.55,131.4,133.25,133.35,93152,12348538.0
5254366,2021-11-26,WELSPUNLIV,514162,A,131.2,140.55,130.85,138.85,133.25,306267,42248272.0
5254367,2021-11-29,WELSPUNLIV,514162,A,138.1,142.8,135.1,138.0,138.85,286201,39685531.0
5254368,2021-11-30,WELSPUNLIV,514162,A,138.0,141.35,136.8,138.2,138.0,87122,12154230.0
5254369,2021-12-01,WELSPUNLIV,514162,A,138.5,140.95,138.1,140.4,138.2,129073,18043142.0
5254370,2021-12-02,WELSPUNLIV,514162,A,138.5,142.4,138.5,141.75,140.4,130923,18450751.0
5254371,2021-12-03,WELSPUNLIV,514162,A,141.75,145.45,135.8,142.25,141.75,296900,42415527.0
5254372,2021-12-06,WELSPUNLIV,514162,A,142.05,144.4,137.55,139.4,142.25,100967,14324900.0
5254373,2021-12-07,WELSPUNLIV,514162,A,139.0,143.05,138.45,141.95,139.4,129894,18277917.0
5254374,2021-12-08,WELSPUNLIV,514162,A,143.0,143.9,138.6,142.8,141.95,163202,23053039.0
5254375,2021-12-09,WELSPUNLIV,514162,A,143.8,145.15,141.2,144.4,142.8,159113,22740566.0
5254376,2021-12-10,WELSPUNLIV,514162,A,145.5,147.0,142.8,145.25,144.4,155749,22696541.0
5254377,2021-12-13,WELSPUNLIV,514162,A,147.45,147.6,141.6,144.15,145.25,93938,13555112.0
5254378,2021-12-14,WELSPUNLIV,514162,A,141.45,145.8,141.45,144.25,144.15,486438,69832183.0
5254379,2021-12-15,WELSPUNLIV,514162,A,144.25,147.6,141.75,143.3,144.25,127541,18536404.0
5254380,2021-12-16,WELSPUNLIV,514162,A,143.4,144.05,141.4,143.05,143.3,164145,23406347.0
5254381,2021-12-17,WELSPUNLIV,514162,A,143.0,144.0,138.15,141.25,143.05,148959,20932954.0
5254382,2021-12-20,WELSPUNLIV,514162,A,138.55,139.0,133.2,136.55,141.25,158454,21578733.0
5254383,2021-12-21,WELSPUNLIV,514162,A,136.0,139.45,136.0,138.35,136.55,47617,6575895.0
5254384,2021-12-22,WELSPUNLIV,514162,A,139.8,140.45,138.0,140.1,138.35,75992,10608473.0
5254385,2021-12-23,WELSPUNLIV,514162,A,140.6,143.65,140.25,142.55,140.1,125355,17821486.0
5254386,2021-12-24,WELSPUNLIV,514162,A,144.0,144.0,140.15,142.05,142.55,74717,10604445.0
5254387,2021-12-27,WELSPUNLIV,514162,A,143.0,143.15,139.45,142.25,142.05,88195,12504215.0
5254388,2021-12-28,WELSPUNLIV,514162,A,142.55,150.9,142.55,148.8,142.25,378540,56007125.0
5254389,2021-12-30,WELSPUNLIV,514162,A,149.4,151.05,146.95,147.65,147.8,179670,26669777.0
5254390,2021-12-31,WELSPUNLIV,514162,A,147.65,149.55,144.55,145.45,147.65,154178,22663399.0
5254391,2022-01-03,WELSPUNLIV,514162,A,147.45,148.25,144.6,147.25,145.45,91192,13397904.0
5254392,2022-01-04,WELSPUNLIV,514162,A,149.9,159.5,147.5,156.7,147.25,371790,56979077.0
5254393,2022-01-05,WELSPUNLIV,514162,A,158.25,158.25,152.8,155.25,156.7,148766,23106234.0
5254394,2022-01-06,WELSPUNLIV,514162,A,153.0,155.35,151.2,154.35,155.25,134652,20621937.0
5254395,2022-01-07,WELSPUNLIV,514162,A,154.0,157.05,153.15,155.4,154.35,260740,40475420.0
5254396,2022-01-10,WELSPUNLIV,514162,A,156.95,159.95,151.45,153.35,155.4,264338,41321269.0
5254397,2022-01-11,WELSPUNLIV,514162,A,154.5,154.75,147.4,149.45,153.35,194546,29603597.0
5254398,2022-01-12,WELSPUNLIV,514162,A,149.45,152.35,148.3,150.2,149.45,202351,30417525.0
5254399,2022-01-13,WELSPUNLIV,514162,A,150.0,154.8,150.0,153.5,150.2,201327,30656193.0
5254400,2022-01-14,WELSPUNLIV,514162,A,155.5,155.5,149.75,151.25,153.5,87874,13341723.0
5254401,2022-01-17,WELSPUNLIV,514162,A,151.1,153.5,146.4,148.2,151.25,296195,44079570.0
5254402,2022-01-18,WELSPUNLIV,514162,A,148.9,154.95,146.25,148.65,148.2,452770,68388794.0
5254403,2022-01-19,WELSPUNLIV,514162,A,148.65,151.85,146.65,149.6,148.65,286959,42876933.0
5254404,2022-01-20,WELSPUNLIV,514162,A,151.9,154.85,150.4,151.15,149.6,465418,71136796.0
5254405,2022-01-21,WELSPUNLIV,514162,A,150.75,150.75,143.1,146.35,151.15,143864,21232251.0
5254406,2022-01-24,WELSPUNLIV,514162,A,146.3,146.3,135.2,137.0,146.35,281217,39094391.0
5254407,2022-01-25,WELSPUNLIV,514162,A,138.0,142.9,132.2,137.5,137.0,393042,54756268.0
5254408,2022-01-27,WELSPUNLIV,514162,A,134.2,142.6,134.2,141.7,137.5,273422,38477206.0
5254409,2022-01-28,WELSPUNLIV,514162,A,143.0,145.6,141.45,143.0,141.7,347911,50040178.0
5254410,2022-01-31,WELSPUNLIV,514162,A,144.0,144.85,140.9,141.95,143.0,166795,23874376.0
5254411,2022-02-01,WELSPUNLIV,514162,A,143.95,145.7,141.95,142.85,141.95,221388,31860191.0
5254412,2022-02-02,WELSPUNLIV,514162,A,144.0,145.3,142.5,142.85,142.85,115212,16626386.0
5254413,2022-02-03,WELSPUNLIV,514162,A,143.8,144.25,136.7,137.65,142.85,189057,26421040.0
5254414,2022-02-04,WELSPUNLIV,514162,A,136.0,136.0,126.95,129.35,137.65,295158,38496817.0
5254415,2022-02-07,WELSPUNLIV,514162,A,128.55,130.1,123.0,123.45,129.35,342121,42843890.0
5254416,2022-02-08,WELSPUNLIV,514162,A,124.9,125.65,116.45,117.4,123.45,668895,79391922.0
5254417,2022-02-09,WELSPUNLIV,514162,A,119.4,123.75,118.35,120.3,117.4,312086,37851471.0
5254418,2022-02-10,WELSPUNLIV,514162,A,121.8,123.0,118.65,121.75,120.3,321455,38744486.0
5254419,2022-02-11,WELSPUNLIV,514162,A,121.0,121.2,117.5,118.05,121.75,142422,16973257.0
5254420,2022-02-14,WELSPUNLIV,514162,A,110.6,117.25,110.6,116.25,118.05,395358,45733834.0
5254421,2022-02-15,WELSPUNLIV,514162,A,119.0,120.5,113.75,116.3,116.25,275028,31808616.0
5254422,2022-02-16,WELSPUNLIV,514162,A,119.5,119.5,116.35,116.85,116.3,148078,17477713.0
5254423,2022-02-17,WELSPUNLIV,514162,A,116.75,117.85,115.05,116.05,116.85,121528,14106633.0
5254424,2022-02-18,WELSPUNLIV,514162,A,115.6,116.25,114.95,115.85,116.05,34080,3936463.0
5254425,2022-02-21,WELSPUNLIV,514162,A,114.15,115.15,108.5,109.75,115.85,187957,21002657.0
5254426,2022-02-22,WELSPUNLIV,514162,A,108.0,108.5,105.65,106.65,109.75,86324,9229133.0
5254427,2022-02-23,WELSPUNLIV,514162,A,106.7,115.8,106.7,112.45,106.65,183521,20726689.0
5254428,2022-02-24,WELSPUNLIV,514162,A,110.0,110.0,100.6,102.3,112.45,318772,33477853.0
5254429,2022-02-25,WELSPUNLIV,514162,A,108.05,108.8,105.55,106.5,102.3,168446,18100334.0
5254430,2022-02-28,WELSPUNLIV,514162,A,107.4,107.4,104.0,105.15,106.5,98397,10382705.0
5254431,2022-03-02,WELSPUNLIV,514162,A,105.9,106.9,104.2,105.25,105.15,127062,13444778.0
5254432,2022-03-03,WELSPUNLIV,514162,A,106.85,107.35,105.0,105.45,105.25,45522,4835158.0
5254433,2022-03-04,WELSPUNLIV,514162,A,106.95,107.05,100.65,101.9,105.45,121534,12607895.0
5254434,2022-03-07,WELSPUNLIV,514162,A,99.1,100.75,97.35,98.25,101.9,273902,27046797.0
5254435,2022-03-08,WELSPUNLIV,514162,A,100.25,101.65,96.65,97.4,98.25,134170,13188328.0
5254436,2022-03-09,WELSPUNLIV,514162,A,100.0,103.15,98.5,102.3,97.4,218470,22134346.0
5254437,2022-03-10,WELSPUNLIV,514162,A,105.25,112.05,104.35,111.5,102.3,431121,47515390.0
5254438,2022-03-11,WELSPUNLIV,514162,A,112.0,112.0,107.15,107.65,111.5,413838,44942440.0
5254439,2022-03-14,WELSPUNLIV,514162,A,109.85,111.9,102.0,103.35,107.65,300207,31912135.0
5254440,2022-03-15,WELSPUNLIV,514162,A,102.65,104.55,101.1,101.45,103.35,217845,22293077.0
5254441,2022-03-16,WELSPUNLIV,514162,A,103.25,103.4,99.95,101.45,101.45,103837,10515881.0
5254442,2022-03-17,WELSPUNLIV,514162,A,102.95,105.3,101.85,102.25,101.45,580451,59477780.0
5254443,2022-03-21,WELSPUNLIV,514162,A,103.7,103.7,100.5,100.7,102.25,119214,12087572.0
5254444,2022-03-22,WELSPUNLIV,514162,A,100.05,101.8,99.1,99.9,100.7,226577,22720032.0
5254445,2022-03-23,WELSPUNLIV,514162,A,100.6,101.35,99.0,99.35,99.9,271758,27245147.0
5254446,2022-03-24,WELSPUNLIV,514162,A,98.5,98.7,95.25,95.9,99.35,401551,38916410.0
5254447,2022-03-25,WELSPUNLIV,514162,A,96.0,99.6,96.0,96.65,95.9,761923,74465159.0
5254448,2022-03-28,WELSPUNLIV,514162,A,97.0,97.6,92.7,94.65,96.65,744004,69969441.0
5254449,2022-03-29,WELSPUNLIV,514162,A,95.4,96.2,91.45,92.5,94.65,696284,65934566.0
5254450,2022-03-30,WELSPUNLIV,514162,A,93.2,94.65,89.3,90.2,92.5,727387,66741976.0
5254451,2022-03-31,WELSPUNLIV,514162,A,90.6,96.0,89.1,90.85,90.2,724542,66849798.0
5254452,2022-04-01,WELSPUNLIV,514162,A,92.5,96.0,90.75,94.95,90.85,345972,32316642.0
5254453,2022-04-04,WELSPUNLIV,514162,A,97.0,97.3,94.3,95.1,94.95,258308,24780509.0
5254454,2022-04-05,WELSPUNLIV,514162,A,96.4,99.0,95.45,97.05,95.1,509029,49540459.0
5254455,2022-04-06,WELSPUNLIV,514162,A,96.9,98.9,96.2,97.85,97.05,318965,31077203.0
5254456,2022-04-07,WELSPUNLIV,514162,A,98.45,98.75,90.0,96.0,97.85,423445,41180122.0
5254457,2022-04-08,WELSPUNLIV,514162,A,97.9,98.7,95.9,96.3,96.0,175578,17099801.0
5254458,2022-04-11,WELSPUNLIV,514162,A,96.3,97.15,95.4,95.8,96.3,195414,18759647.0
5254459,2022-04-12,WELSPUNLIV,514162,A,96.4,98.35,93.5,94.3,95.8,220624,21107861.0
5254460,2022-04-13,WELSPUNLIV,514162,A,96.0,97.65,95.2,96.05,94.3,335109,32251777.0
5254461,2022-04-18,WELSPUNLIV,514162,A,96.9,97.15,94.05,94.35,96.05,219950,21074627.0
5254462,2022-04-19,WELSPUNLIV,514162,A,95.95,96.1,88.05,90.75,94.35,553824,51595455.0
5254463,2022-04-20,WELSPUNLIV,514162,A,90.75,92.1,88.05,89.3,90.75,514888,46469479.0
5254464,2022-04-21,WELSPUNLIV,514162,A,91.0,91.0,88.55,89.35,89.3,224009,20094935.0
5254465,2022-04-22,WELSPUNLIV,514162,A,89.9,92.45,89.2,89.95,89.35,261798,23729493.0
5254466,2022-04-25,WELSPUNLIV,514162,A,89.85,89.85,87.8,88.7,89.95,185603,16521785.0
5254467,2022-04-26,WELSPUNLIV,514162,A,89.7,90.0,87.3,87.7,88.7,184913,16399515.0
5254468,2022-04-27,WELSPUNLIV,514162,A,87.0,87.35,85.4,86.0,87.7,389823,33658560.0
5254469,2022-04-28,WELSPUNLIV,514162,A,87.9,88.6,86.75,87.85,86.0,107731,9462337.0
5254470,2022-04-29,WELSPUNLIV,514162,A,89.6,89.6,82.4,83.45,87.85,263166,22489926.0
5254471,2022-05-02,WELSPUNLIV,514162,A,83.45,83.7,80.65,82.85,83.45,292287,24141394.0
5254472,2022-05-04,WELSPUNLIV,514162,A,84.0,84.55,82.3,82.7,82.85,202556,16889782.0
5254473,2022-05-05,WELSPUNLIV,514162,A,83.55,83.65,80.15,80.45,82.7,302856,24739334.0
5254474,2022-05-06,WELSPUNLIV,514162,A,78.4,81.8,77.55,80.0,80.45,201073,15861124.0
5254475,2022-05-09,WELSPUNLIV,514162,A,80.0,80.0,77.0,78.45,80.0,183246,14304586.0
5254476,2022-05-10,WELSPUNLIV,514162,A,79.1,79.8,75.4,77.05,78.45,283259,22140043.0
5254477,2022-05-11,WELSPUNLIV,514162,A,75.0,76.15,62.5,63.8,77.05,1035286,68694957.0
5254478,2022-05-12,WELSPUNLIV,514162,A,64.3,67.75,62.3,66.05,63.8,1500481,97989667.0
5254479,2022-05-13,WELSPUNLIV,514162,A,69.0,69.0,64.7,67.2,66.05,1265656,84076558.0
5254480,2022-05-16,WELSPUNLIV,514162,A,69.55,69.55,64.0,64.95,67.2,198775,13105374.0
5254481,2022-05-17,WELSPUNLIV,514162,A,65.25,68.25,65.25,68.0,64.95,468828,31338770.0
5254482,2022-05-18,WELSPUNLIV,514162,A,69.25,69.25,67.75,68.2,68.0,256619,17537262.0
5254483,2022-05-19,WELSPUNLIV,514162,A,65.05,66.95,64.05,64.55,68.2,299297,19572312.0
5254484,2022-05-20,WELSPUNLIV,514162,A,66.75,74.6,65.7,73.4,64.55,812641,57382695.0
5254485,2022-05-23,WELSPUNLIV,514162,A,73.8,75.05,70.45,72.25,73.4,184736,13399551.0
5254486,2022-05-24,WELSPUNLIV,514162,A,72.5,72.5,67.5,67.85,72.25,252680,17513943.0
5254487,2022-05-25,WELSPUNLIV,514162,A,67.8,68.4,64.8,65.25,67.85,1035521,68702346.0
5254488,2022-05-26,WELSPUNLIV,514162,A,65.0,67.45,63.3,66.9,65.25,485851,31931364.0
5254489,2022-05-27,WELSPUNLIV,514162,A,68.0,68.1,65.05,65.65,66.9,222674,14932691.0
5254490,2022-05-30,WELSPUNLIV,514162,A,67.95,67.95,66.0,67.15,65.65,225484,15102494.0
5254491,2022-05-31,WELSPUNLIV,514162,A,68.45,68.45,65.05,65.3,67.15,211768,14065396.0
5254492,2022-06-01,WELSPUNLIV,514162,A,66.9,67.5,65.7,66.8,65.3,169563,11307994.0
5254493,2022-06-02,WELSPUNLIV,514162,A,68.1,71.5,67.35,70.05,66.8,610084,42275521.0
5254494,2022-06-03,WELSPUNLIV,514162,A,71.0,73.15,70.25,72.1,70.05,821065,58762769.0
5254495,2022-06-06,WELSPUNLIV,514162,A,72.5,72.8,69.25,72.25,72.1,260355,18531150.0
5254496,2022-06-07,WELSPUNLIV,514162,A,71.6,72.4,69.3,70.35,72.25,171323,12159380.0
5254497,2022-06-08,WELSPUNLIV,514162,A,70.85,73.0,68.1,72.35,70.35,417595,29369850.0
5254498,2022-06-09,WELSPUNLIV,514162,A,72.0,74.65,71.3,74.0,72.35,241907,17731769.0
5254499,2022-06-10,WELSPUNLIV,514162,A,73.8,77.2,72.25,75.5,74.0,368159,27580653.0
5254500,2022-06-13,WELSPUNLIV,514162,A,73.55,73.65,69.25,69.9,75.5,206733,14815056.0
5254501,2022-06-14,WELSPUNLIV,514162,A,69.9,70.75,67.1,67.9,69.9,213003,14758615.0
5254502,2022-06-15,WELSPUNLIV,514162,A,67.85,69.7,67.6,68.6,67.9,210251,14435581.0
5254503,2022-06-16,WELSPUNLIV,514162,A,69.0,70.95,67.9,70.25,68.6,280419,19593071.0
5254504,2022-06-17,WELSPUNLIV,514162,A,71.4,72.3,68.9,71.25,70.25,198027,13966373.0
5254505,2022-06-20,WELSPUNLIV,514162,A,69.55,71.3,68.6,69.65,71.25,209484,14625362.0
5254506,2022-06-21,WELSPUNLIV,514162,A,70.0,70.95,67.05,68.35,69.65,254201,17452603.0
5254507,2022-06-22,WELSPUNLIV,514162,A,69.5,71.0,68.65,70.4,68.35,148212,10357266.0
5254508,2022-06-23,WELSPUNLIV,514162,A,71.4,72.5,70.15,72.2,70.4,181817,13000935.0
5254509,2022-06-24,WELSPUNLIV,514162,A,72.2,74.55,72.05,74.1,72.2,220051,16262995.0
5254510,2022-06-27,WELSPUNLIV,514162,A,76.3,77.85,75.4,76.85,74.1,171956,13230090.0
5254511,2022-06-28,WELSPUNLIV,514162,A,76.85,76.85,71.6,72.0,76.85,307114,22434289.0
5254512,2022-06-29,WELSPUNLIV,514162,A,71.5,72.95,69.7,70.25,72.0,182608,13026315.0
5254513,2022-06-30,WELSPUNLIV,514162,A,70.9,70.9,68.9,69.4,70.25,175053,12211705.0
5254514,2022-07-01,WELSPUNLIV,514162,A,71.45,71.45,68.2,69.65,69.4,109791,7582905.0
5254515,2022-07-04,WELSPUNLIV,514162,A,70.8,72.35,69.95,72.0,69.65,133479,9507087.0
5254516,2022-07-05,WELSPUNLIV,514162,A,72.9,73.05,70.5,71.2,72.0,187912,13509242.0
5254517,2022-07-06,WELSPUNLIV,514162,A,71.25,72.5,70.9,72.05,71.2,98158,7029387.0
5254518,2022-07-07,WELSPUNLIV,514162,A,72.5,73.65,71.45,71.75,72.05,164396,11914582.0
5254519,2022-07-08,WELSPUNLIV,514162,A,71.75,72.1,69.7,69.95,71.75,139687,9850831.0
5254520,2022-07-11,WELSPUNLIV,514162,A,70.0,71.0,69.75,70.8,69.95,115127,8112533.0
5254521,2022-07-12,WELSPUNLIV,514162,A,70.8,71.7,69.05,69.4,70.8,143453,10066594.0
5254522,2022-07-13,WELSPUNLIV,514162,A,69.4,70.75,69.4,69.95,69.4,92215,6467485.0
5254523,2022-07-14,WELSPUNLIV,514162,A,69.95,70.35,69.0,69.75,69.95,80220,5605950.0
5254524,2022-07-15,WELSPUNLIV,514162,A,70.0,70.2,68.7,69.5,69.75,100372,6964995.0
5254525,2022-07-18,WELSPUNLIV,514162,A,70.5,75.45,69.65,73.15,69.5,510631,37405555.0
5254526,2022-07-19,WELSPUNLIV,514162,A,73.45,74.5,72.85,74.05,73.15,187303,13848058.0
5254527,2022-07-20,WELSPUNLIV,514162,A,75.95,75.95,72.6,72.95,74.05,65782,4846691.0
5254528,2022-07-21,WELSPUNLIV,514162,A,72.95,73.95,72.6,73.15,72.95,152876,11168585.0
5254529,2022-07-22,WELSPUNLIV,514162,A,73.25,74.25,72.55,73.9,73.15,134382,9882331.0
5254530,2022-07-25,WELSPUNLIV,514162,A,73.85,74.05,73.1,73.4,73.9,104861,7688298.0
5254531,2022-07-26,WELSPUNLIV,514162,A,73.4,73.9,72.0,72.1,73.4,91863,6700370.0
5254532,2022-07-27,WELSPUNLIV,514162,A,72.9,73.1,71.2,71.6,72.1,96128,6916184.0
5254533,2022-07-28,WELSPUNLIV,514162,A,67.05,70.3,66.95,69.5,71.6,690191,47284629.0
5254534,2022-07-29,WELSPUNLIV,514162,A,70.5,70.5,69.1,69.8,69.5,255062,17768187.0
5254535,2022-08-01,WELSPUNLIV,514162,A,70.15,73.7,70.15,72.95,69.8,335765,24344381.0
5254536,2022-08-02,WELSPUNLIV,514162,A,73.3,75.0,72.25,73.75,72.95,209516,15491058.0
5254537,2022-08-03,WELSPUNLIV,514162,A,74.0,74.45,71.2,73.15,73.75,217671,15850030.0
5254538,2022-08-04,WELSPUNLIV,514162,A,73.5,74.9,72.25,73.95,73.15,103665,7631011.0
5254539,2022-08-05,WELSPUNLIV,514162,A,73.85,76.8,73.35,74.05,73.95,321778,24239151.0
5254540,2022-08-08,WELSPUNLIV,514162,A,74.0,74.55,73.35,73.5,74.05,127723,9460176.0
5254541,2022-08-10,WELSPUNLIV,514162,A,73.35,73.8,72.7,73.45,73.5,83091,6079768.0
5254542,2022-08-11,WELSPUNLIV,514162,A,73.65,75.7,73.55,75.45,73.45,217974,16304426.0
5254543,2022-08-12,WELSPUNLIV,514162,A,75.1,76.5,74.8,75.6,75.45,55950,4236158.0
5254544,2022-08-16,WELSPUNLIV,514162,A,74.6,79.35,74.6,79.0,75.6,471399,36744995.0
5254545,2022-08-17,WELSPUNLIV,514162,A,79.05,82.4,78.35,78.75,79.0,468903,37931345.0
5254546,2022-08-18,WELSPUNLIV,514162,A,78.8,79.9,78.1,79.25,78.75,101862,8062504.0
5254547,2022-08-19,WELSPUNLIV,514162,A,79.35,80.95,77.35,78.1,79.25,230437,18212006.0
5254548,2022-08-22,WELSPUNLIV,514162,A,78.4,78.4,76.55,77.0,78.1,140989,10866391.0
5254549,2022-08-23,WELSPUNLIV,514162,A,76.4,79.25,76.4,78.0,77.0,163664,12800122.0
5254550,2022-08-24,WELSPUNLIV,514162,A,78.1,79.1,77.15,78.45,78.0,193065,15124740.0
5254551,2022-08-25,WELSPUNLIV,514162,A,78.55,80.1,78.5,79.05,78.45,188438,14944373.0
5254552,2022-08-26,WELSPUNLIV,514162,A,79.05,79.75,77.7,78.0,79.05,147185,11550527.0
5254553,2022-08-29,WELSPUNLIV,514162,A,75.2,76.9,75.2,75.9,78.0,160579,12205205.0
5254554,2022-08-30,WELSPUNLIV,514162,A,75.25,77.95,75.25,77.0,75.9,76427,5895367.0
5254555,2022-09-01,WELSPUNLIV,514162,A,75.65,77.75,75.1,75.75,77.0,147358,11264688.0
5254556,2022-09-02,WELSPUNLIV,514162,A,75.15,76.6,74.1,74.35,75.75,85274,6404119.0
5254557,2022-09-05,WELSPUNLIV,514162,A,74.4,75.25,73.85,74.3,74.35,178977,13345911.0
5254558,2022-09-06,WELSPUNLIV,514162,A,74.85,75.85,74.15,74.3,74.3,115882,8685583.0
5254559,2022-09-07,WELSPUNLIV,514162,A,74.3,74.55,73.7,74.3,74.3,178622,13243153.0
5254560,2022-09-08,WELSPUNLIV,514162,A,74.25,78.6,74.25,77.2,74.3,434530,33257779.0
5254561,2022-09-09,WELSPUNLIV,514162,A,77.9,78.15,75.55,76.3,77.2,116626,8944912.0
5254562,2022-09-12,WELSPUNLIV,514162,A,75.75,83.4,75.75,82.25,76.3,824146,66291071.0
5254563,2022-09-13,WELSPUNLIV,514162,A,83.0,85.65,82.7,84.45,82.25,772963,65306980.0
5254564,2022-09-14,WELSPUNLIV,514162,A,81.35,85.75,81.35,85.1,84.45,332501,27848966.0
5254565,2022-09-15,WELSPUNLIV,514162,A,86.0,86.0,83.5,84.55,85.1,257089,21617947.0
5254566,2022-09-16,WELSPUNLIV,514162,A,83.6,84.55,80.05,80.7,84.55,292153,24089118.0
5254567,2022-09-19,WELSPUNLIV,514162,A,80.7,82.6,79.05,80.15,80.7,3165383,255511087.0
5254568,2022-09-20,WELSPUNLIV,514162,A,81.65,83.6,80.9,81.4,80.15,176263,14507633.0
5254569,2022-09-21,WELSPUNLIV,514162,A,81.45,82.45,78.5,79.5,81.4,123247,9888660.0
5254570,2022-09-22,WELSPUNLIV,514162,A,79.9,80.0,77.5,78.3,79.5,153469,12047631.0
5254571,2022-09-23,WELSPUNLIV,514162,A,78.05,79.1,76.6,77.15,78.3,113617,8799651.0
5254572,2022-09-26,WELSPUNLIV,514162,A,76.05,77.0,72.0,72.8,77.15,252662,18555309.0
5254573,2022-09-27,WELSPUNLIV,514162,A,72.55,74.65,72.55,73.9,72.8,108597,8011270.0
5254574,2022-09-28,WELSPUNLIV,514162,A,73.85,74.95,72.3,73.8,73.9,111602,8250961.0
5254575,2022-09-29,WELSPUNLIV,514162,A,74.05,74.7,73.05,73.4,73.8,67671,4981382.0
5254576,2022-09-30,WELSPUNLIV,514162,A,72.6,73.9,72.2,73.65,73.4,112462,8219845.0
5254577,2022-10-03,WELSPUNLIV,514162,A,74.35,74.65,72.6,72.9,73.65,90000,6640495.0
5254578,2022-10-04,WELSPUNLIV,514162,A,73.8,76.35,73.55,75.9,72.9,123267,9253914.0
5254579,2022-10-06,WELSPUNLIV,514162,A,76.0,77.7,76.0,76.35,75.9,116356,8956284.0
5254580,2022-10-07,WELSPUNLIV,514162,A,75.4,78.75,75.4,78.3,76.35,142921,11050520.0
5254581,2022-10-10,WELSPUNLIV,514162,A,78.1,79.15,76.6,78.15,78.3,76369,5912841.0
5254582,2022-10-11,WELSPUNLIV,514162,A,78.2,78.75,76.5,77.4,78.15,54244,4214708.0
5254583,2022-10-12,WELSPUNLIV,514162,A,76.9,77.35,75.0,75.75,77.4,82893,6287146.0
5254584,2022-10-13,WELSPUNLIV,514162,A,75.2,77.4,75.2,77.05,75.75,60765,4646485.0
5254585,2022-10-14,WELSPUNLIV,514162,A,78.0,78.2,76.05,76.3,77.05,77518,5973847.0
5254586,2022-10-17,WELSPUNLIV,514162,A,76.6,76.6,74.4,74.55,76.3,59399,4463248.0
5254587,2022-10-18,WELSPUNLIV,514162,A,74.75,76.8,74.75,76.35,74.55,81559,6184034.0
5254588,2022-10-19,WELSPUNLIV,514162,A,75.7,77.7,75.7,76.65,76.35,50380,3875225.0
5254589,2022-10-20,WELSPUNLIV,514162,A,76.0,77.45,76.0,76.85,76.65,57904,4447004.0
5254590,2022-10-21,WELSPUNLIV,514162,A,76.85,82.0,76.85,78.2,76.85,474270,37998729.0
5254591,2022-10-24,WELSPUNLIV,514162,A,78.65,79.5,78.6,79.0,78.2,34528,2727037.0
5254592,2022-10-25,WELSPUNLIV,514162,A,80.3,80.3,76.5,78.05,79.0,98134,7632078.0
5254593,2022-10-27,WELSPUNLIV,514162,A,78.05,79.0,78.0,78.6,78.05,96731,7576893.0
5254594,2022-10-28,WELSPUNLIV,514162,A,78.2,80.05,78.2,78.4,78.6,114244,9027764.0
5254595,2022-10-31,WELSPUNLIV,514162,A,79.2,79.4,78.0,78.2,78.4,48516,3820714.0
5254596,2022-11-01,WELSPUNLIV,514162,A,78.2,78.75,77.45,77.95,78.2,48603,3798392.0
5254597,2022-11-02,WELSPUNLIV,514162,A,77.6,80.85,77.6,78.8,77.95,221430,17617255.0
5254598,2022-11-03,WELSPUNLIV,514162,A,78.05,79.25,78.0,78.05,78.8,87636,6898132.0
5254599,2022-11-04,WELSPUNLIV,514162,A,78.2,79.65,78.05,78.55,78.05,93592,7372384.0
5254600,2022-11-07,WELSPUNLIV,514162,A,78.9,80.25,78.55,80.0,78.55,113272,9029947.0
5254601,2022-11-09,WELSPUNLIV,514162,A,78.45,78.45,74.6,77.4,80.0,142057,10910768.0
5254602,2022-11-10,WELSPUNLIV,514162,A,76.2,78.3,76.2,77.75,77.4,94526,7290107.0
5254603,2022-11-11,WELSPUNLIV,514162,A,77.35,78.55,77.35,78.1,77.75,94277,7339583.0
5254604,2022-11-14,WELSPUNLIV,514162,A,78.5,78.65,77.3,77.85,78.1,100330,7829077.0
5254605,2022-11-15,WELSPUNLIV,514162,A,77.45,78.35,77.45,78.1,77.85,91592,7148685.0
5254606,2022-11-16,WELSPUNLIV,514162,A,78.1,80.1,78.1,79.2,78.1,77430,6147225.0
5254607,2022-11-17,WELSPUNLIV,514162,A,79.65,79.9,78.05,78.35,79.2,101857,8052510.0
5254608,2022-11-18,WELSPUNLIV,514162,A,77.65,78.75,77.0,77.3,78.35,42077,3268285.0
5254609,2022-11-21,WELSPUNLIV,514162,A,77.15,77.85,76.05,76.15,77.3,94896,7267821.0
5254610,2022-11-22,WELSPUNLIV,514162,A,75.6,77.0,75.6,76.55,76.15,29269,2238765.0
5254611,2022-11-23,WELSPUNLIV,514162,A,77.75,77.75,76.35,76.55,76.55,36096,2767382.0
5254612,2022-11-24,WELSPUNLIV,514162,A,76.6,82.6,76.6,80.45,76.55,609349,49264642.0
5254613,2022-11-25,WELSPUNLIV,514162,A,80.45,81.5,79.4,80.75,80.45,139845,11210729.0
5254614,2022-11-28,WELSPUNLIV,514162,A,80.0,81.35,80.0,80.4,80.75,54445,4394185.0
5254615,2022-11-29,WELSPUNLIV,514162,A,80.3,84.0,80.3,82.4,80.4,303390,25074677.0
5254616,2022-11-30,WELSPUNLIV,514162,A,82.25,83.85,81.6,81.85,82.4,130572,10795369.0
5254617,2022-12-01,WELSPUNLIV,514162,A,82.7,82.7,80.8,81.1,81.85,110893,8994997.0
5254618,2022-12-02,WELSPUNLIV,514162,A,81.0,81.3,80.5,80.85,81.1,95622,7730299.0
5254619,2022-12-05,WELSPUNLIV,514162,A,80.55,81.6,79.0,79.55,80.85,166767,13370507.0
5254620,2022-12-06,WELSPUNLIV,514162,A,79.0,80.25,78.05,78.5,79.55,137462,10832527.0
5254621,2022-12-07,WELSPUNLIV,514162,A,78.85,80.8,78.3,79.1,78.5,119493,9478647.0
5254622,2022-12-08,WELSPUNLIV,514162,A,79.8,80.0,78.5,79.55,79.1,82911,6554659.0
5254623,2022-12-09,WELSPUNLIV,514162,A,79.45,79.85,78.0,78.7,79.55,122655,9663076.0
5254624,2022-12-12,WELSPUNLIV,514162,A,78.05,80.3,77.95,79.7,78.7,155977,12358130.0
5254625,2022-12-13,WELSPUNLIV,514162,A,79.15,83.45,79.15,81.5,79.7,517859,42326956.0
5254626,2022-12-14,WELSPUNLIV,514162,A,82.1,82.85,81.1,81.9,81.5,181534,14887640.0
5254627,2022-12-15,WELSPUNLIV,514162,A,81.1,82.15,78.75,79.5,81.9,138982,11132873.0
5254628,2022-12-16,WELSPUNLIV,514162,A,79.05,79.9,77.85,79.1,79.5,113317,8916320.0
5254629,2022-12-19,WELSPUNLIV,514162,A,79.1,79.75,75.3,75.5,79.1,236134,18108081.0
5254630,2022-12-20,WELSPUNLIV,514162,A,75.95,76.35,74.0,74.95,75.5,185693,13879680.0
5254631,2022-12-21,WELSPUNLIV,514162,A,74.95,75.8,73.8,74.15,74.95,128626,9602259.0
5254632,2022-12-22,WELSPUNLIV,514162,A,74.8,75.15,71.55,72.85,74.15,199732,14515060.0
5254633,2022-12-23,WELSPUNLIV,514162,A,72.1,72.9,67.35,68.4,72.85,266358,18630225.0
5254634,2022-12-26,WELSPUNLIV,514162,A,68.95,72.65,68.5,72.15,68.4,77374,5542649.0
5254635,2022-12-27,WELSPUNLIV,514162,A,73.35,75.7,72.75,75.15,72.15,127168,9479140.0
5254636,2022-12-28,WELSPUNLIV,514162,A,75.6,76.4,75.0,76.3,75.15,47118,3565767.0
5254637,2022-12-29,WELSPUNLIV,514162,A,76.3,76.6,75.45,76.0,76.3,60885,4617477.0
5254638,2022-12-30,WELSPUNLIV,514162,A,77.45,78.1,76.3,77.1,76.0,70260,5415782.0
5254639,2023-01-02,WELSPUNLIV,514162,A,77.2,77.65,76.55,76.7,77.1,73814,5682589.0
5254640,2023-01-03,WELSPUNLIV,514162,A,77.3,77.3,76.1,76.45,76.7,64832,4964891.0
5254641,2023-01-04,WELSPUNLIV,514162,A,75.55,76.95,74.85,75.2,76.45,46902,3538495.0
5254642,2023-01-05,WELSPUNLIV,514162,A,74.85,75.75,73.65,74.05,75.2,51421,3817816.0
5254643,2023-01-06,WELSPUNLIV,514162,A,72.25,73.15,71.05,72.25,74.05,213988,15469469.0
5254644,2023-01-09,WELSPUNLIV,514162,A,73.35,73.35,71.95,72.35,72.25,96647,7023938.0
5254645,2023-01-10,WELSPUNLIV,514162,A,73.45,73.8,72.75,73.0,72.35,38721,2835018.0
5254646,2023-01-11,WELSPUNLIV,514162,A,73.25,73.85,72.9,73.1,73.0,35554,2607527.0
5254647,2023-01-12,WELSPUNLIV,514162,A,73.5,74.9,73.0,73.45,73.1,66976,4956111.0
5254648,2023-01-13,WELSPUNLIV,514162,A,73.45,73.75,73.0,73.3,73.45,31805,2329674.0
5254649,2023-01-16,WELSPUNLIV,514162,A,73.1,74.1,72.55,72.7,73.3,56528,4127853.0
5254650,2023-01-17,WELSPUNLIV,514162,A,72.75,73.2,71.5,71.8,72.7,27494,1993247.0
5254651,2023-01-18,WELSPUNLIV,514162,A,71.6,73.45,71.6,72.9,71.8,57849,4224097.0
5254652,2023-01-19,WELSPUNLIV,514162,A,72.9,74.2,72.0,72.55,72.9,105610,7734450.0
5254653,2023-01-20,WELSPUNLIV,514162,A,72.5,72.95,72.05,72.3,72.55,12856,931196.0
5254654,2023-01-23,WELSPUNLIV,514162,A,72.05,72.45,71.15,71.55,72.3,65895,4713758.0
5254655,2023-01-24,WELSPUNLIV,514162,A,71.05,72.45,70.5,70.7,71.55,48363,3436849.0
5254656,2023-01-25,WELSPUNLIV,514162,A,71.8,71.85,69.5,70.0,70.7,41300,2900805.0
5254657,2023-01-27,WELSPUNLIV,514162,A,69.65,70.45,67.5,68.5,70.0,36354,2497260.0
5254658,2023-01-30,WELSPUNLIV,514162,A,65.25,69.1,65.25,67.1,68.5,174637,11823956.0
5254659,2023-01-31,WELSPUNLIV,514162,A,66.95,68.4,66.45,67.3,67.1,54806,3707613.0
5254660,2023-02-01,WELSPUNLIV,514162,A,67.35,68.5,63.6,64.45,67.3,248266,16332344.0
5254661,2023-02-02,WELSPUNLIV,514162,A,64.1,70.65,64.1,70.05,64.45,502490,34590260.0
5254662,2023-02-03,WELSPUNLIV,514162,A,69.0,70.6,67.55,69.0,70.05,334945,23218082.0
5254663,2023-02-06,WELSPUNLIV,514162,A,69.9,71.45,68.15,70.95,69.0,135277,9481414.0
5254664,2023-02-07,WELSPUNLIV,514162,A,69.5,71.3,69.0,69.75,70.95,73936,5146799.0
5254665,2023-02-08,WELSPUNLIV,514162,A,69.05,69.85,67.8,67.9,69.75,107629,7340428.0
5254666,2023-02-09,WELSPUNLIV,514162,A,67.9,68.25,67.05,67.2,67.9,69524,4695019.0
5254667,2023-02-10,WELSPUNLIV,514162,A,67.05,68.6,66.95,68.1,67.2,90582,6169953.0
5254668,2023-02-13,WELSPUNLIV,514162,A,68.05,71.1,67.9,70.65,68.1,167258,11671222.0
5254669,2023-02-14,WELSPUNLIV,514162,A,71.25,71.25,69.45,69.85,70.65,29555,2068713.0
5254670,2023-02-15,WELSPUNLIV,514162,A,70.85,70.85,69.75,70.5,69.85,20113,1413113.0
5254671,2023-02-16,WELSPUNLIV,514162,A,70.15,73.0,69.75,69.85,70.5,24785,1747732.0
5254672,2023-02-17,WELSPUNLIV,514162,A,69.15,71.75,69.15,71.1,69.85,69997,4963145.0
5254673,2023-02-20,WELSPUNLIV,514162,A,71.0,71.9,69.9,70.55,71.1,18323,1291003.0
5254674,2023-02-21,WELSPUNLIV,514162,A,70.0,71.2,70.0,70.6,70.55,20859,1474908.0
5254675,2023-02-22,WELSPUNLIV,514162,A,69.5,71.0,68.1,68.4,70.6,30481,2101516.0
5254676,2023-02-23,WELSPUNLIV,514162,A,69.45,69.45,67.45,68.45,68.4,60258,4113690.0
5254677,2023-02-24,WELSPUNLIV,514162,A,68.25,69.05,68.25,68.5,68.45,10696,734158.0
5254678,2023-02-27,WELSPUNLIV,514162,A,68.85,68.85,66.65,66.9,68.5,55303,3723099.0
5254679,2023-02-28,WELSPUNLIV,514162,A,67.05,67.8,65.95,66.45,66.9,28295,1890633.0
5254680,2023-03-01,WELSPUNLIV,514162,A,67.84,68.77,66.6,68.51,66.45,57434,3900005.0
5254681,2023-03-02,WELSPUNLIV,514162,A,68.05,69.0,67.25,67.54,68.51,41788,2840905.0
5254682,2023-03-03,WELSPUNLIV,514162,A,67.54,68.44,67.35,67.87,67.54,62586,4244422.0
5254683,2023-03-06,WELSPUNLIV,514162,A,67.56,69.64,67.56,69.24,67.87,64097,4417068.0
5254684,2023-03-08,WELSPUNLIV,514162,A,69.25,70.25,68.4,69.83,69.24,58207,4044391.0
5254685,2023-03-09,WELSPUNLIV,514162,A,69.52,70.37,68.1,68.28,69.83,44286,3057760.0
5254686,2023-03-10,WELSPUNLIV,514162,A,68.09,70.0,68.09,69.26,68.28,50340,3477138.0
5254687,2023-03-13,WELSPUNLIV,514162,A,67.75,70.0,67.42,67.66,69.26,98017,6696320.0
5254688,2023-03-14,WELSPUNLIV,514162,A,67.67,68.0,66.0,66.62,67.66,289644,19237729.0
5254689,2023-03-15,WELSPUNLIV,514162,A,67.01,68.12,66.6,66.84,66.62,41639,2814710.0
5254690,2023-03-16,WELSPUNLIV,514162,A,66.55,66.93,64.51,64.77,66.84,28872,1878689.0
5254691,2023-03-17,WELSPUNLIV,514162,A,65.2,65.79,64.66,65.43,64.77,53054,3460939.0
5254692,2023-03-20,WELSPUNLIV,514162,A,66.5,66.5,63.5,63.82,65.43,113423,7273542.0
5254693,2023-03-21,WELSPUNLIV,514162,A,64.21,68.75,63.35,67.32,63.82,143660,9647054.0
5254694,2023-03-22,WELSPUNLIV,514162,A,66.61,68.5,66.13,66.87,67.32,58862,3949469.0
5254695,2023-03-23,WELSPUNLIV,514162,A,66.9,67.31,65.2,66.36,66.87,60752,4028638.0
5254696,2023-03-24,WELSPUNLIV,514162,A,65.5,66.04,64.9,65.29,66.36,67876,4443911.0
5254697,2023-03-27,WELSPUNLIV,514162,A,65.3,65.59,64.34,64.71,65.29,43302,2802093.0
5254698,2023-03-28,WELSPUNLIV,514162,A,64.79,65.14,62.3,62.65,64.71,191526,12327183.0
5254699,2023-03-29,WELSPUNLIV,514162,A,62.65,64.01,62.2,63.31,62.65,76517,4818658.0
5254700,2023-03-31,WELSPUNLIV,514162,A,63.55,65.72,63.49,63.71,63.31,43182,2781458.0
5254701,2023-04-03,WELSPUNLIV,514162,A,64.0,67.55,64.0,67.33,63.71,104264,6909813.0
5254702,2023-04-05,WELSPUNLIV,514162,A,67.19,71.99,66.95,71.02,67.33,154653,10875020.0
5254703,2023-04-06,WELSPUNLIV,514162,A,71.2,73.5,70.63,73.21,71.02,148001,10681206.0
5254704,2023-04-10,WELSPUNLIV,514162,A,72.51,74.85,72.51,74.38,73.21,193404,14282415.0
5254705,2023-04-11,WELSPUNLIV,514162,A,74.35,76.34,74.03,75.25,74.38,106192,7936858.0
5254706,2023-04-12,WELSPUNLIV,514162,A,75.25,76.62,75.2,76.06,75.25,83246,6320044.0
5254707,2023-04-13,WELSPUNLIV,514162,A,76.41,82.7,76.4,80.93,76.06,351702,28325108.0
5254708,2023-04-17,WELSPUNLIV,514162,A,81.69,82.42,79.26,81.87,80.93,204158,16560314.0
5254709,2023-04-18,WELSPUNLIV,514162,A,80.61,82.45,80.25,81.87,81.87,99111,8032385.0
5254710,2023-04-19,WELSPUNLIV,514162,A,81.51,82.7,80.75,82.28,81.87,169586,13905411.0
5254711,2023-04-20,WELSPUNLIV,514162,A,83.97,83.97,81.45,81.72,82.28,89458,7355982.0
5254712,2023-04-21,WELSPUNLIV,514162,A,80.82,84.32,80.82,83.47,81.72,146779,12244226.0
5254713,2023-04-24,WELSPUNLIV,514162,A,83.61,84.07,82.9,83.06,83.47,102122,8509211.0
5254714,2023-04-25,WELSPUNLIV,514162,A,86.12,87.0,84.6,85.33,83.06,380559,32511290.0
5254715,2023-04-26,WELSPUNLIV,514162,A,85.45,88.25,85.33,86.25,85.33,173367,15061358.0
5254716,2023-04-27,WELSPUNLIV,514162,A,87.45,89.0,84.05,87.06,86.25,577439,50044280.0
5254717,2023-04-28,WELSPUNLIV,514162,A,88.0,89.95,87.3,87.64,87.06,395670,34961760.0
5254718,2023-05-02,WELSPUNLIV,514162,A,88.48,104.9,88.46,100.89,87.64,3506834,346887513.0
5254719,2023-05-03,WELSPUNLIV,514162,A,101.25,103.9,99.0,99.94,100.89,491197,49623321.0
5254720,2023-05-04,WELSPUNLIV,514162,A,100.37,101.72,98.31,99.4,99.94,468835,46714396.0
5254721,2023-05-05,WELSPUNLIV,514162,A,99.15,99.21,92.82,94.15,99.4,424773,40676153.0
5254722,2023-05-08,WELSPUNLIV,514162,A,94.59,96.41,92.75,95.89,94.15,186202,17648134.0
5254723,2023-05-09,WELSPUNLIV,514162,A,95.89,96.79,94.88,95.67,95.89,534994,51493353.0
5254724,2023-05-10,WELSPUNLIV,514162,A,91.49,92.47,88.93,89.5,95.67,426883,38622271.0
5254725,2023-05-11,WELSPUNLIV,514162,A,89.26,94.9,89.26,92.24,89.5,1012002,93904890.0
5254726,2023-05-12,WELSPUNLIV,514162,A,92.01,94.0,90.41,93.72,92.24,108511,10110841.0
5254727,2023-05-15,WELSPUNLIV,514162,A,95.47,95.47,92.1,93.13,93.72,427362,40174425.0
5254728,2023-05-16,WELSPUNLIV,514162,A,93.31,94.48,92.07,92.27,93.13,35715,3338098.0
5254729,2023-05-17,WELSPUNLIV,514162,A,92.01,94.36,91.55,92.92,92.27,58217,5404141.0
5254730,2023-05-18,WELSPUNLIV,514162,A,91.71,93.39,91.71,92.38,92.92,94643,8752856.0
5254731,2023-05-19,WELSPUNLIV,514162,A,91.4,93.25,91.4,92.12,92.38,74948,6927311.0
5254732,2023-05-22,WELSPUNLIV,514162,A,92.12,96.04,92.12,94.18,92.12,161012,15166642.0
5254733,2023-05-23,WELSPUNLIV,514162,A,94.05,94.12,90.42,92.75,94.18,175262,16325253.0
5254734,2023-05-24,WELSPUNLIV,514162,A,91.01,92.49,91.01,91.76,92.75,99776,9152561.0
5254735,2023-05-25,WELSPUNLIV,514162,A,91.49,96.99,91.14,95.97,91.76,200900,19245748.0
5254736,2023-05-26,WELSPUNLIV,514162,A,94.87,95.5,92.51,92.73,95.97,141016,13152275.0
5254737,2023-05-29,WELSPUNLIV,514162,A,92.0,92.0,89.56,90.58,92.73,250087,22696142.0
5254738,2023-05-30,WELSPUNLIV,514162,A,90.37,90.65,87.52,88.05,90.58,193586,17125912.0
5254739,2023-05-31,WELSPUNLIV,514162,A,88.11,92.7,88.11,92.21,88.05,326890,29713270.0
5254740,2023-06-01,WELSPUNLIV,514162,A,92.22,96.75,92.22,96.21,92.21,415039,39544379.0
5254741,2023-06-02,WELSPUNLIV,514162,A,96.98,99.39,96.0,96.47,96.21,271794,26699200.0
5254742,2023-06-05,WELSPUNLIV,514162,A,96.66,104.5,96.65,98.61,96.47,1127069,114557947.0
5254743,2023-06-06,WELSPUNLIV,514162,A,98.56,99.09,96.8,98.28,98.61,839064,82719070.0
5254744,2023-06-07,WELSPUNLIV,514162,A,98.9,99.07,97.12,97.71,98.28,101023,9919274.0
5254745,2023-06-08,WELSPUNLIV,514162,A,98.28,99.14,96.45,96.77,97.71,87952,8601119.0
5254746,2023-06-09,WELSPUNLIV,514162,A,97.01,97.01,95.4,95.88,96.77,47012,4511586.0
5254747,2023-06-12,WELSPUNLIV,514162,A,97.0,97.0,94.68,95.65,95.88,68570,6540017.0
5254748,2023-06-13,WELSPUNLIV,514162,A,96.0,97.07,93.85,94.9,95.65,116922,11181975.0
5254749,2023-06-14,WELSPUNLIV,514162,A,95.76,96.25,92.65,93.21,94.9,1328947,125508480.0
5254750,2023-06-15,WELSPUNLIV,514162,A,94.48,95.1,93.02,93.14,93.21,121466,11417739.0
5254751,2023-06-16,WELSPUNLIV,514162,A,93.39,94.58,93.1,94.21,93.14,87814,8231538.0
5254752,2023-06-19,WELSPUNLIV,514162,A,94.25,95.25,92.12,92.61,94.21,99634,9288718.0
5254753,2023-06-20,WELSPUNLIV,514162,A,92.34,94.05,91.75,93.38,92.61,136505,12718426.0
5254754,2023-06-21,WELSPUNLIV,514162,A,93.4,94.58,92.61,92.85,93.38,46243,4310336.0
5254755,2023-06-22,WELSPUNLIV,514162,A,92.9,93.45,91.81,92.26,92.85,67527,6260838.0
5254756,2023-06-23,WELSPUNLIV,514162,A,91.86,93.18,90.9,91.98,92.26,101886,9362233.0
5254757,2023-06-26,WELSPUNLIV,514162,A,91.16,94.2,91.16,93.23,91.98,103941,9711524.0
5254758,2023-06-27,WELSPUNLIV,514162,A,92.41,94.03,92.25,92.54,93.23,64480,5991156.0
5254759,2023-06-28,WELSPUNLIV,514162,A,93.01,95.0,93.0,93.19,92.54,52032,4885085.0
5254760,2023-06-30,WELSPUNLIV,514162,A,93.02,93.56,92.3,92.57,93.19,40292,3740285.0
5254761,2023-07-03,WELSPUNLIV,514162,A,92.34,94.35,92.34,94.15,92.57,374889,35124455.0
5254762,2023-07-04,WELSPUNLIV,514162,A,93.12,96.0,93.12,94.51,94.15,75099,7138137.0
5254763,2023-07-05,WELSPUNLIV,514162,A,94.03,98.02,93.69,96.94,94.51,852033,82090949.0
5254764,2023-07-06,WELSPUNLIV,514162,A,96.51,98.91,94.9,95.12,96.94,169466,16454281.0
5254765,2023-07-07,WELSPUNLIV,514162,A,95.0,96.75,92.81,95.23,95.12,388375,36896027.0
5254766,2023-07-10,WELSPUNLIV,514162,A,94.51,98.98,94.51,96.45,95.23,352619,34473405.0
5254767,2023-07-11,WELSPUNLIV,514162,A,96.51,96.99,94.75,95.22,96.45,87510,8342795.0
5254768,2023-07-12,WELSPUNLIV,514162,A,95.05,99.48,95.05,98.42,95.22,258416,25443982.0
5254769,2023-07-13,WELSPUNLIV,514162,A,97.31,99.75,95.2,95.51,98.42,68164,6625034.0
5254770,2023-07-14,WELSPUNLIV,514162,A,95.5,104.39,95.5,102.94,95.51,922979,94080432.0
5254771,2023-07-17,WELSPUNLIV,514162,A,104.5,105.63,101.35,102.23,102.94,292609,30299989.0
5254772,2023-07-18,WELSPUNLIV,514162,A,102.51,102.95,99.23,100.11,102.23,110766,11123269.0
5254773,2023-07-19,WELSPUNLIV,514162,A,100.06,102.42,99.0,99.15,100.11,83309,8371854.0
5254774,2023-07-20,WELSPUNLIV,514162,A,98.55,100.2,97.76,99.54,99.15,132663,13089863.0
5254775,2023-07-21,WELSPUNLIV,514162,A,98.35,100.55,98.35,100.04,99.54,64163,6388909.0
5254776,2023-07-24,WELSPUNLIV,514162,A,99.84,102.29,99.0,100.71,100.04,229106,23121333.0
5254777,2023-07-25,WELSPUNLIV,514162,A,100.71,102.17,99.11,100.38,100.71,102100,10212821.0
5254778,2023-07-26,WELSPUNLIV,514162,A,100.06,103.3,100.06,100.66,100.38,199294,20276097.0
5254779,2023-07-27,WELSPUNLIV,514162,A,100.77,102.69,100.46,100.92,100.66,138528,14052519.0
5254780,2023-07-28,WELSPUNLIV,514162,A,100.92,101.87,100.0,100.31,100.92,129326,13005244.0
5254781,2023-07-31,WELSPUNLIV,514162,A,100.06,114.95,100.06,109.71,100.31,2094514,227949956.0
5254782,2023-08-01,WELSPUNLIV,514162,A,111.0,116.0,110.35,114.55,109.71,1772325,201330320.0
5254783,2023-08-02,WELSPUNLIV,514162,A,114.75,115.2,108.5,109.6,114.55,526757,58984320.0
5254784,2023-08-03,WELSPUNLIV,514162,A,109.6,115.95,109.6,114.75,109.6,948594,108071916.0
5254785,2023-08-04,WELSPUNLIV,514162,A,115.5,116.9,113.15,115.5,114.75,549412,63340126.0
5254786,2023-08-07,WELSPUNLIV,514162,A,116.55,117.05,114.1,114.7,115.5,157000,18126779.0
5254787,2023-08-08,WELSPUNLIV,514162,A,115.0,116.75,113.55,113.95,114.7,272814,31355203.0
5254788,2023-08-09,WELSPUNLIV,514162,A,113.95,119.45,113.85,118.9,113.95,284547,33388633.0
5254789,2023-08-10,WELSPUNLIV,514162,A,119.85,120.0,116.85,118.55,118.9,426563,50536884.0
5254790,2023-08-11,WELSPUNLIV,514162,A,119.75,120.85,117.35,117.9,118.55,295155,35121234.0
5254791,2023-08-14,WELSPUNLIV,514162,A,117.05,117.5,113.35,115.1,117.9,117910,13600612.0
5254792,2023-08-16,WELSPUNLIV,514162,A,114.9,117.35,113.0,116.6,115.1,256328,29613424.0
5254793,2023-08-17,WELSPUNLIV,514162,A,117.6,117.65,114.6,114.9,116.6,106809,12370281.0
5254794,2023-08-18,WELSPUNLIV,514162,A,115.0,116.6,112.8,114.5,114.9,122106,14002728.0
5254795,2023-08-21,WELSPUNLIV,514162,A,114.55,117.45,113.85,114.85,114.5,215144,24770170.0
5254796,2023-08-22,WELSPUNLIV,514162,A,114.95,123.0,114.8,122.45,114.85,694517,83771450.0
5254797,2023-08-23,WELSPUNLIV,514162,A,124.9,126.5,122.7,125.7,122.45,624255,77775554.0
5254798,2023-08-24,WELSPUNLIV,514162,A,126.7,126.7,121.45,122.65,125.7,267719,33091676.0
5254799,2023-08-25,WELSPUNLIV,514162,A,122.65,123.25,120.2,121.4,122.65,141185,17160316.0
5254800,2023-08-28,WELSPUNLIV,514162,A,121.55,124.85,120.75,122.7,121.4,231886,28448284.0
5254801,2023-08-29,WELSPUNLIV,514162,A,123.0,123.9,122.0,122.5,122.7,122913,15103864.0
5254802,2023-08-30,WELSPUNLIV,514162,A,123.25,124.4,121.95,122.4,122.5,116098,14286638.0
5254803,2023-08-31,WELSPUNLIV,514162,A,124.45,128.0,123.0,124.8,122.4,282823,35566837.0
5254804,2023-09-01,WELSPUNLIV,514162,A,125.0,126.2,123.1,123.6,124.8,111616,13901542.0
5254805,2023-09-04,WELSPUNLIV,514162,A,123.15,128.45,123.15,126.1,123.6,349632,44168245.0
5254806,2023-09-05,WELSPUNLIV,514162,A,125.2,127.6,123.2,123.8,126.1,100652,12555111.0
5254807,2023-09-06,WELSPUNLIV,514162,A,124.5,129.4,124.5,125.7,123.8,266140,33886953.0
5254808,2023-09-07,WELSPUNLIV,514162,A,126.95,127.65,124.25,124.85,125.7,228226,28667403.0
5254809,2023-09-08,WELSPUNLIV,514162,A,125.05,126.75,122.7,123.25,124.85,129146,16073392.0
5254810,2023-09-11,WELSPUNLIV,514162,A,123.3,126.15,123.25,124.8,123.25,246049,30604969.0
5254811,2023-09-12,WELSPUNLIV,514162,A,124.2,127.0,112.5,117.1,124.8,690382,82568829.0
5254812,2023-09-13,WELSPUNLIV,514162,A,117.5,121.55,112.45,120.8,117.1,325235,37985139.0
5254813,2023-09-14,WELSPUNLIV,514162,A,121.2,123.9,121.1,122.3,120.8,144698,17723971.0
5254814,2023-09-15,WELSPUNLIV,514162,A,122.3,124.5,121.85,123.4,122.3,162042,19933681.0
5254815,2023-09-18,WELSPUNLIV,514162,A,123.45,124.45,121.95,122.15,123.4,41619,5122665.0
5254816,2023-09-20,WELSPUNLIV,514162,A,120.6,125.9,120.6,123.6,122.15,301293,37299203.0
5254817,2023-09-21,WELSPUNLIV,514162,A,122.55,125.1,121.05,121.65,123.6,104688,12798603.0
5254818,2023-09-22,WELSPUNLIV,514162,A,122.35,122.45,118.9,120.85,121.65,97074,11702742.0
5254819,2023-09-25,WELSPUNLIV,514162,A,121.0,123.4,120.1,122.1,120.85,81252,9943525.0
5254820,2023-09-26,WELSPUNLIV,514162,A,123.35,126.1,122.7,124.05,122.1,86620,10793030.0
5254821,2023-09-27,WELSPUNLIV,514162,A,125.0,125.0,122.2,123.4,124.05,92191,11366407.0
5254822,2023-09-28,WELSPUNLIV,514162,A,123.4,124.05,120.5,121.05,123.4,30781,3767072.0
5254823,2023-09-29,WELSPUNLIV,514162,A,123.5,123.5,120.9,121.4,121.05,53892,6542583.0
5254824,2023-10-03,WELSPUNLIV,514162,A,122.65,122.65,116.85,119.15,121.4,74922,8900615.0
5254825,2023-10-04,WELSPUNLIV,514162,A,118.45,120.25,117.75,118.75,119.15,41523,4940279.0
5254826,2023-10-05,WELSPUNLIV,514162,A,118.55,121.7,117.6,118.0,118.75,101743,12150328.0
5254827,2023-10-06,WELSPUNLIV,514162,A,118.5,120.25,118.5,119.7,118.0,29103,3477923.0
5254828,2023-10-09,WELSPUNLIV,514162,A,117.4,118.55,115.8,117.15,119.7,68014,7967732.0
5254829,2023-10-10,WELSPUNLIV,514162,A,116.0,119.5,116.0,117.25,117.15,72681,8569185.0
5254830,2023-10-11,WELSPUNLIV,514162,A,117.35,125.1,117.35,124.35,117.25,437514,54104059.0
5254831,2023-10-12,WELSPUNLIV,514162,A,124.75,127.65,123.45,126.45,124.35,327575,41354369.0
5254832,2023-10-13,WELSPUNLIV,514162,A,126.45,129.1,124.95,127.85,126.45,150999,19147519.0
5254833,2023-10-16,WELSPUNLIV,514162,A,128.15,132.15,126.65,129.7,127.85,454485,59396129.0
5254834,2023-10-17,WELSPUNLIV,514162,A,130.95,134.25,130.0,132.95,129.7,166091,21999256.0
5254835,2023-10-18,WELSPUNLIV,514162,A,133.8,134.9,131.95,132.45,132.95,259491,34548551.0
5254836,2023-10-19,WELSPUNLIV,514162,A,132.35,139.9,131.55,138.55,132.45,420822,57896897.0
5254837,2023-10-20,WELSPUNLIV,514162,A,139.15,140.05,135.2,138.05,138.55,251346,34519019.0
5254838,2023-10-23,WELSPUNLIV,514162,A,138.1,141.4,126.5,127.65,138.05,261257,35169440.0
5254839,2023-10-25,WELSPUNLIV,514162,A,125.9,145.0,120.6,142.3,127.65,1370235,184742646.0
5254840,2023-10-26,WELSPUNLIV,514162,A,141.95,141.95,128.65,131.7,142.3,1438984,191460497.0
5254841,2023-10-27,WELSPUNLIV,514162,A,134.35,147.95,133.55,145.75,131.7,1250847,177345252.0
5254842,2023-10-30,WELSPUNLIV,514162,A,149.3,158.05,147.4,153.05,145.75,2692535,417071886.0
5254843,2023-10-31,WELSPUNLIV,514162,A,155.85,155.85,148.8,150.4,153.05,494089,74444605.0
5254844,2023-11-01,WELSPUNLIV,514162,A,151.45,158.3,149.8,151.95,150.4,1007609,155978888.0
5254845,2023-11-02,WELSPUNLIV,514162,A,152.95,154.9,146.5,148.95,151.95,637890,95409575.0
5254846,2023-11-03,WELSPUNLIV,514162,A,151.95,154.25,147.5,148.1,148.95,329820,49856563.0
5254847,2023-11-06,WELSPUNLIV,514162,A,149.2,153.0,147.1,148.1,148.1,388656,58346881.0
5254848,2023-11-07,WELSPUNLIV,514162,A,148.3,151.4,148.1,148.9,148.1,320850,47993304.0
5254849,2023-11-08,WELSPUNLIV,514162,A,149.95,156.35,147.85,148.6,148.9,347594,52838362.0
5254850,2023-11-09,WELSPUNLIV,514162,A,150.0,152.65,148.5,149.55,148.6,375501,56468965.0
5254851,2023-11-10,WELSPUNLIV,514162,A,151.45,151.45,148.3,148.9,149.55,637948,95280267.0
5254852,2023-11-12,WELSPUNLIV,514162,A,149.05,151.0,149.05,150.35,148.9,96415,14479541.0
5254853,2023-11-13,WELSPUNLIV,514162,A,150.75,159.6,149.15,158.75,150.35,441480,68662400.0
5254854,2023-11-15,WELSPUNLIV,514162,A,160.0,170.0,159.8,168.65,158.75,1451342,241076124.0
5254855,2023-11-16,WELSPUNLIV,514162,A,170.25,170.25,161.6,162.7,168.65,256011,41951766.0
5254856,2023-11-17,WELSPUNLIV,514162,A,162.65,164.8,158.55,163.3,162.7,449777,72831383.0
5254857,2023-11-20,WELSPUNLIV,514162,A,164.05,164.75,160.1,162.15,163.3,589566,95546147.0
5254858,2023-11-21,WELSPUNLIV,514162,A,162.0,166.8,160.8,164.9,162.15,771457,125910568.0
5254859,2023-11-22,WELSPUNLIV,514162,A,164.05,166.0,160.25,161.7,164.9,669822,109558432.0
5254860,2023-11-23,WELSPUNLIV,514162,A,163.4,165.2,160.5,161.9,161.7,369111,60080438.0
5254861,2023-11-24,WELSPUNLIV,514162,A,163.85,164.7,159.75,160.9,161.9,566115,91844786.0
5254862,2023-11-28,WELSPUNLIV,514162,A,161.15,163.15,157.05,157.5,160.9,269529,43159646.0
5254863,2023-11-29,WELSPUNLIV,514162,A,158.15,160.6,155.45,156.1,157.5,180064,28563971.0
5254864,2023-11-30,WELSPUNLIV,514162,A,156.95,159.65,155.3,157.1,156.1,181726,28505831.0
5254865,2023-12-01,WELSPUNLIV,514162,A,158.25,161.5,155.95,156.9,157.1,595183,94199043.0
5254866,2023-12-04,WELSPUNLIV,514162,A,157.7,159.05,154.0,156.3,156.9,280275,43694286.0
5254867,2023-12-05,WELSPUNLIV,514162,A,158.75,165.55,157.2,161.95,156.3,645884,104944497.0
5254868,2023-12-06,WELSPUNLIV,514162,A,162.95,163.0,157.4,157.9,161.95,247225,39260780.0
5254869,2023-12-07,WELSPUNLIV,514162,A,158.3,158.95,155.4,155.7,157.9,214660,33588420.0
5254870,2023-12-08,WELSPUNLIV,514162,A,156.25,158.1,150.7,152.75,155.7,134458,20811993.0
5254871,2023-12-11,WELSPUNLIV,514162,A,153.45,154.55,151.3,153.75,152.75,162453,24823297.0
5254872,2023-12-12,WELSPUNLIV,514162,A,155.0,163.0,154.9,155.55,153.75,411726,65325479.0
5254873,2023-12-13,WELSPUNLIV,514162,A,156.15,160.0,155.45,158.85,155.55,124623,19570847.0
5254874,2023-12-14,WELSPUNLIV,514162,A,160.25,161.0,155.8,156.9,158.85,67684,10701577.0
5254875,2023-12-15,WELSPUNLIV,514162,A,158.0,158.45,153.75,154.7,156.9,148182,23067353.0
5254876,2023-12-18,WELSPUNLIV,514162,A,155.6,157.75,153.35,154.9,154.7,35521,5534450.0
5254877,2023-12-19,WELSPUNLIV,514162,A,155.4,157.25,155.05,155.4,154.9,125780,19592640.0
5254878,2023-12-20,WELSPUNLIV,514162,A,156.0,157.0,143.15,145.4,155.4,324800,48505599.0
5254879,2023-12-21,WELSPUNLIV,514162,A,145.2,147.25,141.65,144.45,145.4,83294,12055147.0
5254880,2023-12-22,WELSPUNLIV,514162,A,145.45,147.8,142.5,145.4,144.45,127008,18342800.0
5254881,2023-12-26,WELSPUNLIV,514162,A,145.45,148.0,144.0,144.3,145.4,119033,17211738.0
5254882,2023-12-27,WELSPUNLIV,514162,A,144.5,146.65,142.0,143.45,144.3,236667,34070224.0
5254883,2023-12-28,WELSPUNLIV,514162,A,144.15,146.2,140.75,142.1,143.45,208795,29906508.0
5254884,2023-12-29,WELSPUNLIV,514162,A,143.3,147.0,140.15,145.3,142.1,274978,39274617.0
5254885,2024-01-01,WELSPUNLIV,514162,A,146.35,147.5,144.3,145.75,145.3,227153,33142311.0
5254886,2024-01-02,WELSPUNLIV,514162,A,146.35,146.95,142.2,143.3,145.75,162186,23213532.0
5254887,2024-01-03,WELSPUNLIV,514162,A,143.45,148.2,143.25,147.55,143.3,274427,40216245.0
5254888,2024-01-04,WELSPUNLIV,514162,A,148.2,152.95,148.2,149.85,147.55,199173,29979992.0
5254889,2024-01-05,WELSPUNLIV,514162,A,150.1,152.0,148.7,150.95,149.85,132404,19913208.0
5254890,2024-01-08,WELSPUNLIV,514162,A,152.0,152.5,147.9,148.4,150.95,60432,9065297.0
5254891,2024-01-09,WELSPUNLIV,514162,A,149.85,152.4,148.2,149.1,148.4,58016,8684478.0
5254892,2024-01-10,WELSPUNLIV,514162,A,150.25,158.7,149.95,156.95,149.1,575634,89514170.0
5254893,2024-01-11,WELSPUNLIV,514162,A,160.25,161.45,155.0,155.45,156.95,120404,18953095.0
5254894,2024-01-12,WELSPUNLIV,514162,A,156.2,157.3,153.5,153.9,155.45,34507,5318882.0
5254895,2024-01-15,WELSPUNLIV,514162,A,154.0,155.4,152.6,153.05,153.9,57359,8804526.0
5254896,2024-01-16,WELSPUNLIV,514162,A,153.35,154.0,150.35,152.35,153.05,56865,8654405.0
5254897,2024-01-17,WELSPUNLIV,514162,A,151.0,152.3,147.6,148.9,152.35,71601,10699254.0
5254898,2024-01-18,WELSPUNLIV,514162,A,149.45,152.55,144.15,149.0,148.9,170313,25295842.0
5254899,2024-01-19,WELSPUNLIV,514162,A,149.75,152.85,149.75,150.8,149.0,35816,5418215.0
5254900,2024-01-20,WELSPUNLIV,514162,A,151.05,153.0,149.05,150.2,150.8,76115,11466500.0
5254901,2024-01-23,WELSPUNLIV,514162,A,150.2,150.7,140.4,142.55,150.2,109857,15911613.0
5254902,2024-01-24,WELSPUNLIV,514162,A,141.15,142.15,133.2,136.0,142.55,342662,46732616.0
5254903,2024-01-25,WELSPUNLIV,514162,A,137.8,145.5,134.05,137.45,136.0,430584,59689995.0
5254904,2024-01-29,WELSPUNLIV,514162,A,138.7,156.85,138.7,150.25,137.45,738297,110495852.0
5254905,2024-01-30,WELSPUNLIV,514162,A,151.8,153.25,149.2,152.65,150.25,261264,39591410.0
5254906,2024-01-31,WELSPUNLIV,514162,A,153.0,171.7,151.6,163.3,152.65,1055849,173788534.0
5254907,2024-02-01,WELSPUNLIV,514162,A,166.5,166.5,161.4,163.65,163.3,271575,44540317.0
5254908,2024-02-02,WELSPUNLIV,514162,A,162.65,165.7,154.0,156.05,163.65,381517,61638231.0
5254909,2024-02-05,WELSPUNLIV,514162,A,157.25,158.85,151.15,152.2,156.05,98383,15384573.0
5254910,2024-02-06,WELSPUNLIV,514162,A,152.95,155.4,151.3,152.55,152.2,77789,11923598.0
5254911,2024-02-07,WELSPUNLIV,514162,A,153.35,155.6,149.15,149.95,152.55,181483,27483917.0
5254912,2024-02-08,WELSPUNLIV,514162,A,150.25,152.5,147.5,148.25,149.95,55247,8268154.0
5254913,2024-02-09,WELSPUNLIV,514162,A,148.6,159.95,148.15,157.4,148.25,694859,107713691.0
5254914,2024-02-12,WELSPUNLIV,514162,A,158.95,161.5,151.5,153.15,157.4,165279,25842693.0
5254915,2024-02-13,WELSPUNLIV,514162,A,150.25,154.45,144.95,152.15,153.15,188470,28022480.0
5254916,2024-02-14,WELSPUNLIV,514162,A,152.45,152.45,148.0,150.25,152.15,38275,5737206.0
5254917,2024-02-15,WELSPUNLIV,514162,A,151.7,155.9,150.35,153.2,150.25,72323,11111692.0
5254918,2024-02-16,WELSPUNLIV,514162,A,154.65,158.0,152.55,153.6,153.2,58539,9085039.0
5254919,2024-02-19,WELSPUNLIV,514162,A,153.65,154.15,151.5,153.05,153.6,81301,12401208.0
5254920,2024-02-20,WELSPUNLIV,514162,A,153.15,158.9,152.05,156.9,153.05,77756,12108123.0
5254921,2024-02-21,WELSPUNLIV,514162,A,157.4,159.75,153.15,153.9,156.9,110425,17273661.0
5254922,2024-02-22,WELSPUNLIV,514162,A,154.5,155.95,150.8,155.2,153.9,95463,14667251.0
5254923,2024-02-23,WELSPUNLIV,514162,A,156.85,168.05,156.55,161.3,155.2,1304265,213934855.0
5254924,2024-02-26,WELSPUNLIV,514162,A,161.85,162.8,157.4,158.6,161.3,353072,56531655.0
5254925,2024-02-27,WELSPUNLIV,514162,A,158.6,164.3,157.25,159.3,158.6,290720,46817162.0
5254926,2024-02-28,WELSPUNLIV,514162,A,160.75,161.45,149.2,150.4,159.3,431264,66077280.0
5254927,2024-02-29,WELSPUNLIV,514162,A,150.85,157.75,147.5,154.7,150.4,214613,32967313.0
5254928,2024-03-01,WELSPUNLIV,514162,A,155.2,158.5,155.15,155.5,154.7,55787,8738584.0
5254929,2024-03-02,WELSPUNLIV,514162,A,156.4,157.45,154.1,156.6,155.5,10548,1649013.0
5254930,2024-03-04,WELSPUNLIV,514162,A,155.6,157.45,152.45,153.8,156.6,180947,27861630.0
5254931,2024-03-05,WELSPUNLIV,514162,A,152.9,153.75,151.55,152.2,153.8,26594,4059022.0
5254932,2024-03-06,WELSPUNLIV,514162,A,151.55,152.45,144.9,146.25,152.2,102718,15116343.0
5254933,2024-03-07,WELSPUNLIV,514162,A,147.0,148.8,146.5,147.25,146.25,78535,11593551.0
5254934,2024-03-11,WELSPUNLIV,514162,A,148.35,157.5,143.5,153.7,147.25,366610,55399505.0
5254935,2024-03-12,WELSPUNLIV,514162,A,153.8,155.0,146.8,147.55,153.7,265989,39897346.0
5254936,2024-03-13,WELSPUNLIV,514162,A,148.25,149.5,133.45,136.35,147.55,192890,26977290.0
5254937,2024-03-14,WELSPUNLIV,514162,A,134.0,148.35,132.95,147.15,136.35,169028,24315874.0
5254938,2024-03-15,WELSPUNLIV,514162,A,146.45,151.95,144.55,149.0,147.15,95537,14246886.0
5254939,2024-03-18,WELSPUNLIV,514162,A,149.0,150.9,146.35,147.35,149.0,80457,11974254.0
5254940,2024-03-19,WELSPUNLIV,514162,A,148.3,148.3,143.0,143.85,147.35,83566,12131491.0
5254941,2024-03-20,WELSPUNLIV,514162,A,148.5,149.85,140.15,141.1,143.85,236652,34091480.0
5254942,2024-03-21,WELSPUNLIV,514162,A,143.0,145.45,140.7,141.2,141.1,105265,15075895.0
5254943,2024-03-22,WELSPUNLIV,514162,A,143.15,146.45,140.6,141.65,141.2,113665,16251019.0
5254944,2024-03-26,WELSPUNLIV,514162,A,140.5,144.4,140.05,140.45,141.65,164977,23313736.0
5254945,2024-03-27,WELSPUNLIV,514162,A,140.55,142.0,136.5,137.45,140.45,68959,9652141.0
5254946,2024-03-28,WELSPUNLIV,514162,A,138.0,142.0,136.3,137.65,137.45,182762,25486358.0
5254947,2024-04-01,WELSPUNLIV,514162,A,139.25,156.4,139.25,154.65,137.65,555070,83084185.0
5254948,2024-04-02,WELSPUNLIV,514162,A,154.7,154.7,150.6,152.05,154.65,210338,31969912.0
5254949,2024-04-03,WELSPUNLIV,514162,A,152.7,156.0,151.6,155.5,152.05,102360,15806712.0
5254950,2024-04-04,WELSPUNLIV,514162,A,156.0,157.55,152.0,155.7,155.5,142304,22014154.0
5254951,2024-04-05,WELSPUNLIV,514162,A,157.0,159.4,153.3,154.8,155.7,87795,13701481.0
5254952,2024-04-08,WELSPUNLIV,514162,A,156.0,157.65,152.4,153.6,154.8,44204,6851797.0
5254953,2024-04-09,WELSPUNLIV,514162,A,153.25,156.25,151.65,154.35,153.6,85151,13126713.0
5254954,2024-04-10,WELSPUNLIV,514162,A,156.0,160.0,152.5,153.25,154.35,205923,32015082.0
5254955,2024-04-12,WELSPUNLIV,514162,A,152.2,155.2,150.8,151.7,153.25,120209,18432135.0
5254956,2024-04-15,WELSPUNLIV,514162,A,141.05,151.0,141.05,148.6,151.7,271356,40058010.0
5254957,2024-04-16,WELSPUNLIV,514162,A,145.8,149.55,145.8,146.5,148.6,36999,5466300.0
5254958,2024-04-18,WELSPUNLIV,514162,A,148.65,149.7,145.7,147.15,146.5,152365,22513423.0
5254959,2024-04-19,WELSPUNLIV,514162,A,144.2,146.8,143.05,146.25,147.15,72652,10584280.0
5254960,2024-04-22,WELSPUNLIV,514162,A,147.7,150.65,147.45,148.8,146.25,83011,12379596.0
5254961,2024-04-23,WELSPUNLIV,514162,A,150.0,162.0,150.0,161.15,148.8,279911,44340552.0
5254962,2024-04-24,WELSPUNLIV,514162,A,162.25,163.4,158.35,159.25,161.15,510883,81696766.0
5254963,2024-04-25,WELSPUNLIV,514162,A,159.95,163.5,153.15,155.25,159.25,278990,44290818.0
5254964,2024-04-26,WELSPUNLIV,514162,A,158.05,159.5,152.25,153.05,155.25,231713,36085612.0
5254965,2024-04-29,WELSPUNLIV,514162,A,155.85,155.85,150.85,151.85,153.05,221665,33861256.0
5254966,2024-04-30,WELSPUNLIV,514162,A,152.3,154.8,149.0,149.9,151.85,216562,32906025.0
5254967,2024-05-02,WELSPUNLIV,514162,A,150.05,151.45,147.2,150.0,149.9,155323,23116961.0
5254968,2024-05-03,WELSPUNLIV,514162,A,151.65,151.65,147.2,148.9,150.0,59098,8790758.0
5254969,2024-05-06,WELSPUNLIV,514162,A,147.75,153.0,146.3,150.5,148.9,280109,42142977.0
5254970,2024-05-07,WELSPUNLIV,514162,A,149.75,149.75,141.9,142.65,150.5,248261,35883291.0
5254971,2024-05-08,WELSPUNLIV,514162,A,143.15,144.7,141.05,141.55,142.65,136583,19449518.0
5254972,2024-05-09,WELSPUNLIV,514162,A,144.75,144.75,138.6,139.2,141.55,121771,17034841.0
5254973,2024-05-10,WELSPUNLIV,514162,A,140.0,141.25,136.7,140.0,139.2,85355,11883709.0
5254974,2024-05-13,WELSPUNLIV,514162,A,140.9,140.9,136.8,139.3,140.0,62104,8556382.0
5254975,2024-05-14,WELSPUNLIV,514162,A,140.4,141.5,139.0,139.3,139.3,80579,11269869.0
5254976,2024-05-15,WELSPUNLIV,514162,A,140.45,143.45,140.45,141.65,139.3,86564,12282700.0
5254977,2024-05-16,WELSPUNLIV,514162,A,142.85,148.8,141.85,146.35,141.65,255652,37161462.0
5254978,2024-05-17,WELSPUNLIV,514162,A,146.4,146.4,144.0,144.2,146.35,129311,18727997.0
5254979,2024-05-18,WELSPUNLIV,514162,A,146.75,146.75,144.6,145.35,144.2,62209,9058365.0
5254980,2024-05-21,WELSPUNLIV,514162,A,145.1,145.65,142.85,143.35,145.35,60445,8694786.0
5254981,2024-05-22,WELSPUNLIV,514162,A,143.05,145.45,142.4,143.95,143.35,98462,14152544.0
5254982,2024-05-23,WELSPUNLIV,514162,A,145.95,146.85,143.45,143.8,143.95,116284,16820905.0
5254983,2024-05-24,WELSPUNLIV,514162,A,144.2,145.8,143.0,143.55,143.8,52504,7544907.0
5254984,2024-05-27,WELSPUNLIV,514162,A,143.55,144.85,142.05,143.65,143.55,102117,14652238.0
5254985,2024-05-28,WELSPUNLIV,514162,A,144.05,144.35,141.95,142.7,143.65,34691,4945342.0
5254986,2024-05-29,WELSPUNLIV,514162,A,142.05,142.05,140.1,140.3,142.7,61065,8592884.0
5254987,2024-05-30,WELSPUNLIV,514162,A,140.25,141.35,138.0,138.55,140.3,93973,13086904.0
5254988,2024-05-31,WELSPUNLIV,514162,A,139.45,140.0,135.5,136.4,138.55,33829,4650444.0
5254989,2024-06-03,WELSPUNLIV,514162,A,140.1,141.1,136.05,137.0,136.4,126723,17441670.0
5254990,2024-06-04,WELSPUNLIV,514162,A,138.5,138.5,126.0,128.25,137.0,135507,17773976.0
5254991,2024-06-05,WELSPUNLIV,514162,A,130.75,132.4,122.6,130.05,128.25,155496,19752809.0
5254992,2024-06-06,WELSPUNLIV,514162,A,131.0,135.8,131.0,134.9,130.05,114165,15225491.0
5254993,2024-06-07,WELSPUNLIV,514162,A,134.75,140.4,133.6,137.4,134.9,134804,18510016.0
5254994,2024-06-10,WELSPUNLIV,514162,A,138.75,140.95,137.4,139.35,137.4,221118,30858739.0
5254995,2024-06-11,WELSPUNLIV,514162,A,139.85,140.25,137.15,140.0,139.35,198101,27486980.0
5254996,2024-06-12,WELSPUNLIV,514162,A,139.15,142.1,137.1,138.45,140.0,185020,25804122.0
5254997,2024-06-13,WELSPUNLIV,514162,A,140.0,144.5,139.7,140.75,138.45,122562,17383803.0
5254998,2024-06-14,WELSPUNLIV,514162,A,141.8,144.7,141.4,144.1,140.75,115391,16541138.0
5254999,2024-06-18,WELSPUNLIV,514162,A,147.95,149.2,145.45,148.45,144.1,138170,20391872.0
5255000,2024-06-19,WELSPUNLIV,514162,A,148.8,149.75,144.05,144.3,148.45,162635,23725250.0
5255001,2024-06-20,WELSPUNLIV,514162,A,145.5,147.85,143.4,146.35,144.3,107736,15714332.0
5255002,2024-06-21,WELSPUNLIV,514162,A,145.0,146.2,143.5,144.5,146.35,111907,16167613.0
5255003,2024-06-24,WELSPUNLIV,514162,A,145.4,149.1,142.2,145.95,144.5,172824,25162949.0
5255004,2024-06-25,WELSPUNLIV,514162,A,148.05,148.1,144.7,145.2,145.95,59839,8757381.0
5255005,2024-06-26,WELSPUNLIV,514162,A,145.5,151.0,145.5,150.25,145.2,501347,74670288.0
5255006,2024-06-27,WELSPUNLIV,514162,A,152.45,154.75,148.55,151.75,150.25,325783,49671467.0
5255007,2024-06-28,WELSPUNLIV,514162,A,154.0,155.95,151.75,153.55,151.75,415023,64121227.0
5255008,2024-07-01,WELSPUNLIV,514162,A,154.0,156.25,153.05,154.8,153.55,85942,13342574.0
5255009,2024-07-02,WELSPUNLIV,514162,A,155.5,156.1,150.55,151.05,154.8,82565,12609596.0
5255010,2024-07-03,WELSPUNLIV,514162,A,152.1,154.0,149.85,153.35,151.05,104333,15864511.0
5255011,2024-07-04,WELSPUNLIV,514162,A,154.0,154.95,150.65,150.8,153.35,46027,6990106.0
5255012,2024-07-05,WELSPUNLIV,514162,A,151.75,151.75,149.6,151.4,150.8,34691,5224447.0
5255013,2024-07-08,WELSPUNLIV,514162,A,151.15,153.95,150.75,152.35,151.4,50193,7648675.0
5255014,2024-07-09,WELSPUNLIV,514162,A,153.0,164.55,152.4,160.85,152.35,570842,92178009.0
5255015,2024-07-10,WELSPUNLIV,514162,A,162.7,166.3,157.2,165.5,160.85,859739,140227375.0
5255016,2024-07-11,WELSPUNLIV,514162,A,167.6,175.0,163.5,174.3,165.5,625331,106725714.0
5255017,2024-07-12,WELSPUNLIV,514162,A,176.0,178.95,169.4,170.25,174.3,872699,151731996.0
5255018,2024-07-15,WELSPUNLIV,514162,A,174.25,177.0,168.0,169.4,170.25,243089,41901444.0
5255019,2024-07-16,WELSPUNLIV,514162,A,170.05,175.15,170.0,174.25,169.4,183680,31848558.0
5255020,2024-07-18,WELSPUNLIV,514162,A,173.7,177.2,167.2,176.25,174.25,308697,53360471.0
5255021,2024-07-19,WELSPUNLIV,514162,A,176.3,176.7,169.45,171.85,176.25,357463,61461704.0
5255022,2024-07-22,WELSPUNLIV,514162,A,175.2,182.15,170.4,177.55,171.85,450028,79827582.0
5255023,2024-07-23,WELSPUNLIV,514162,A,178.7,179.0,165.05,173.7,177.55,217361,37594573.0
5255024,2024-07-24,WELSPUNLIV,514162,A,173.15,181.75,173.15,177.45,173.7,969436,173115663.0
5255025,2024-07-25,WELSPUNLIV,514162,A,176.0,184.4,175.3,179.1,177.45,741753,134343635.0
5255026,2024-07-26,WELSPUNLIV,514162,A,180.9,186.0,179.65,182.8,179.1,258062,47373683.0
5255027,2024-07-29,WELSPUNLIV,514162,A,186.5,190.15,184.2,189.35,182.8,794708,149080065.0
5255028,2024-07-30,WELSPUNLIV,514162,A,190.6,191.2,184.6,185.4,189.35,246038,46205668.0
5255029,2024-07-31,WELSPUNLIV,514162,A,186.25,187.65,183.05,183.65,185.4,89248,16517995.0
5255030,2024-08-01,WELSPUNLIV,514162,A,184.0,190.7,182.15,186.95,183.65,514896,96283130.0
5255031,2024-08-02,WELSPUNLIV,514162,A,184.2,187.0,182.7,185.0,186.95,282959,52304573.0
5255032,2024-08-05,WELSPUNLIV,514162,A,173.05,182.25,172.1,174.35,185.0,344739,61132372.0
5255033,2024-08-06,WELSPUNLIV,514162,A,176.0,193.8,176.0,180.1,174.35,1431484,268040860.0
5255034,2024-08-07,WELSPUNLIV,514162,A,185.5,187.05,181.4,184.4,180.1,265897,48925114.0
5255035,2024-08-08,WELSPUNLIV,514162,A,186.6,186.6,177.8,179.15,184.4,339967,61937750.0
5255036,2024-08-09,WELSPUNLIV,514162,A,180.5,181.95,175.1,177.25,179.15,283168,50221640.0
5255037,2024-08-12,WELSPUNLIV,514162,A,179.25,180.4,174.0,178.3,177.25,179309,31750350.0
5255038,2024-08-13,WELSPUNLIV,514162,A,178.95,179.9,175.1,175.95,178.3,147292,26109682.0
5255039,2024-08-14,WELSPUNLIV,514162,A,176.0,176.3,172.1,174.45,175.95,105775,18395700.0
5255040,2024-08-16,WELSPUNLIV,514162,A,176.95,178.9,173.7,175.55,174.45,131622,23141400.0
5255041,2024-08-19,WELSPUNLIV,514162,A,176.0,184.55,176.0,182.45,175.55,170814,30915584.0
5255042,2024-08-20,WELSPUNLIV,514162,A,184.25,186.85,181.8,185.6,182.45,174651,32168338.0
5255043,2024-08-21,WELSPUNLIV,514162,A,186.75,194.9,185.85,193.75,185.6,288113,55016286.0
5255044,2024-08-22,WELSPUNLIV,514162,A,194.05,196.55,190.45,195.25,193.75,174845,33951694.0
5255045,2024-08-23,WELSPUNLIV,514162,A,194.85,198.15,192.05,197.25,195.25,114781,22420761.0
5255046,2024-08-26,WELSPUNLIV,514162,A,194.25,202.2,194.25,198.7,197.25,722206,143166419.0
5255047,2024-08-27,WELSPUNLIV,514162,A,203.65,206.25,199.35,202.6,198.7,279657,56657070.0
5255048,2024-08-28,WELSPUNLIV,514162,A,203.25,209.8,201.4,207.55,202.6,862243,177726782.0
5255049,2024-08-29,WELSPUNLIV,514162,A,212.0,213.1,194.1,196.4,207.55,2916529,592124538.0
5255050,2024-08-30,WELSPUNLIV,514162,A,198.25,199.0,191.15,193.1,196.4,450139,88094930.0
5255051,2024-09-02,WELSPUNLIV,514162,A,193.35,194.25,186.7,188.8,193.1,500508,94665769.0
5255052,2024-09-03,WELSPUNLIV,514162,A,189.0,190.8,185.45,187.3,188.8,177133,33227459.0
5255053,2024-09-04,WELSPUNLIV,514162,A,182.15,192.95,182.15,188.3,187.3,180214,33974757.0
5255054,2024-09-05,WELSPUNLIV,514162,A,189.6,191.7,187.55,189.55,188.3,256456,48720134.0
5255055,2024-09-06,WELSPUNLIV,514162,A,189.95,190.4,182.75,184.15,189.55,272460,50426444.0
5255056,2024-09-09,WELSPUNLIV,514162,A,184.15,185.45,180.55,183.6,184.15,189947,34784059.0
5255057,2024-09-10,WELSPUNLIV,514162,A,184.05,187.05,184.0,186.8,183.6,47945,8903684.0
5255058,2024-09-11,WELSPUNLIV,514162,A,187.35,188.35,175.0,178.65,186.8,471924,84124812.0
5255059,2024-09-12,WELSPUNLIV,514162,A,180.05,182.5,178.85,180.65,178.65,182555,32966949.0
5255060,2024-09-13,WELSPUNLIV,514162,A,181.0,185.35,176.8,184.0,180.65,138850,25044016.0
5255061,2024-09-16,WELSPUNLIV,514162,A,185.85,186.15,178.0,178.75,184.0,167383,30288792.0
5255062,2024-09-17,WELSPUNLIV,514162,A,179.0,179.3,174.5,177.95,178.75,494741,87109126.0
5255063,2024-09-18,WELSPUNLIV,514162,A,179.7,183.7,176.45,178.45,177.95,193613,34924643.0
5255064,2024-09-19,WELSPUNLIV,514162,A,181.4,181.75,172.75,177.25,178.45,82398,14499715.0
5255065,2024-09-20,WELSPUNLIV,514162,A,178.0,179.05,170.15,171.9,177.25,172540,29913499.0
5255066,2024-09-23,WELSPUNLIV,514162,A,174.2,175.5,171.1,173.75,171.9,308750,53656622.0
5255067,2024-09-24,WELSPUNLIV,514162,A,173.25,174.0,171.0,171.35,173.75,173528,29856463.0
5255068,2024-09-25,WELSPUNLIV,514162,A,170.25,171.05,167.25,168.45,171.35,178467,30081163.0
5255069,2024-09-26,WELSPUNLIV,514162,A,168.7,171.1,165.1,165.7,168.45,108399,18181154.0
5255070,2024-09-27,WELSPUNLIV,514162,A,166.0,167.65,165.0,165.65,165.7,160107,26645148.0
5255071,2024-09-30,WELSPUNLIV,514162,A,163.45,165.85,161.1,163.75,165.65,367610,60281101.0
5255072,2024-10-01,WELSPUNLIV,514162,A,164.95,176.55,161.1,175.0,163.75,1213360,206075577.0
5255073,2024-10-03,WELSPUNLIV,514162,A,173.85,176.2,168.25,169.35,175.0,217915,37725632.0
5255074,2024-10-04,WELSPUNLIV,514162,A,169.95,170.0,164.4,165.3,169.35,296195,49333352.0
5255075,2024-10-07,WELSPUNLIV,514162,A,169.75,169.75,156.5,158.05,165.3,247585,39660249.0
5255076,2024-10-08,WELSPUNLIV,514162,A,155.0,164.3,155.0,163.5,158.05,170358,27263823.0
5255077,2024-10-09,WELSPUNLIV,514162,A,165.4,172.3,163.85,171.65,163.5,138513,23217789.0
5255078,2024-10-10,WELSPUNLIV,514162,A,172.9,172.9,167.3,168.3,171.65,112827,19052122.0
5255079,2024-10-11,WELSPUNLIV,514162,A,166.55,169.1,165.0,165.5,168.3,88543,14692901.0
5255080,2024-10-14,WELSPUNLIV,514162,A,166.0,167.3,162.15,163.6,165.5,155748,25487553.0
5255081,2024-10-15,WELSPUNLIV,514162,A,163.05,164.85,160.7,162.45,163.6,55744,9065598.0
5255082,2024-10-16,WELSPUNLIV,514162,A,161.95,167.6,161.0,166.75,162.45,120707,19953691.0
5255083,2024-10-17,WELSPUNLIV,514162,A,167.0,167.0,161.0,161.65,166.75,118547,19293840.0
5255084,2024-10-18,WELSPUNLIV,514162,A,161.75,168.7,157.9,167.6,161.65,169887,27871133.0
5255085,2024-10-21,WELSPUNLIV,514162,A,167.2,167.2,159.1,160.05,167.6,74909,12143718.0
5255086,2024-10-22,WELSPUNLIV,514162,A,160.1,160.25,149.5,154.05,160.05,137872,21152393.0
5255087,2024-10-23,WELSPUNLIV,514162,A,151.15,159.6,149.55,159.2,154.05,122660,19121291.0
5255088,2024-10-24,WELSPUNLIV,514162,A,159.1,159.1,153.0,153.6,159.2,127943,19920341.0
5255089,2024-10-25,WELSPUNLIV,514162,A,153.9,156.15,145.0,147.6,153.6,162050,24189259.0
5255090,2024-10-28,WELSPUNLIV,514162,A,146.15,153.9,146.0,150.75,147.6,180645,27187014.0
5255091,2024-10-29,WELSPUNLIV,514162,A,152.8,152.8,147.05,148.95,150.75,102150,15314520.0
5255092,2024-10-30,WELSPUNLIV,514162,A,150.45,154.75,148.85,151.95,148.95,101599,15458320.0
5255093,2024-10-31,WELSPUNLIV,514162,A,152.1,154.0,148.6,152.05,151.95,93280,14102644.0
5255094,2024-11-01,WELSPUNLIV,514162,A,154.0,155.8,153.9,155.3,152.05,40997,6352857.0
5255095,2024-11-04,WELSPUNLIV,514162,A,156.0,157.15,147.4,154.9,155.3,186871,28423592.0
5255096,2024-11-05,WELSPUNLIV,514162,A,154.0,157.45,153.05,154.6,154.9,60334,9367239.0
5255097,2024-11-06,WELSPUNLIV,514162,A,153.75,160.9,153.75,160.25,154.6,78116,12386270.0
5255098,2024-11-07,WELSPUNLIV,514162,A,161.3,165.0,157.55,162.55,160.25,88927,14376736.0
5255099,2024-11-08,WELSPUNLIV,514162,A,163.0,163.1,157.25,158.2,162.55,162192,25860180.0
5255100,2024-11-11,WELSPUNLIV,514162,A,156.8,158.2,153.4,157.0,158.2,92631,14442962.0
5255101,2024-11-12,WELSPUNLIV,514162,A,158.0,158.45,153.35,154.3,157.0,70621,11040334.0
5255102,2024-11-13,WELSPUNLIV,514162,A,154.15,154.15,147.8,148.6,154.3,67917,10226591.0
5255103,2024-11-14,WELSPUNLIV,514162,A,149.05,151.95,148.15,149.65,148.6,52870,7924911.0
5255104,2024-11-18,WELSPUNLIV,514162,A,149.75,152.25,145.0,147.55,149.65,90407,13434188.0
5255105,2024-11-19,WELSPUNLIV,514162,A,148.05,151.75,147.7,148.55,147.55,73029,10974611.0
5255106,2024-11-21,WELSPUNLIV,514162,A,148.55,149.0,145.5,147.55,148.55,29912,4412574.0
5255107,2024-11-22,WELSPUNLIV,514162,A,148.0,151.6,148.0,149.0,147.55,61814,9246049.0
5255108,2024-11-25,WELSPUNLIV,514162,A,151.65,152.75,150.0,150.55,149.0,160868,24311654.0
5255109,2024-11-26,WELSPUNLIV,514162,A,151.6,151.6,147.25,148.05,150.55,56083,8345783.0
5255110,2024-11-27,WELSPUNLIV,514162,A,148.7,153.35,148.7,152.5,148.05,62635,9482485.0
5255111,2024-11-28,WELSPUNLIV,514162,A,152.9,154.6,150.7,151.0,152.5,56355,8602925.0
5255112,2024-11-29,WELSPUNLIV,514162,A,153.1,153.4,150.0,152.65,151.0,35421,5378523.0
5255113,2024-12-02,WELSPUNLIV,514162,A,152.65,157.3,152.0,156.7,152.65,119636,18600521.0
5255114,2024-12-03,WELSPUNLIV,514162,A,156.8,161.75,156.15,160.05,156.7,221689,35288704.0
5255115,2024-12-04,WELSPUNLIV,514162,A,161.7,163.9,159.25,163.35,160.05,87719,14174657.0
5255116,2024-12-05,WELSPUNLIV,514162,A,165.2,169.7,163.8,165.2,163.35,155303,25867090.0
5255117,2024-12-06,WELSPUNLIV,514162,A,165.85,168.95,163.35,164.2,165.2,95727,15901909.0
5255118,2024-12-09,WELSPUNLIV,514162,A,165.95,175.0,165.45,173.7,164.2,662460,114332290.0
5255119,2024-12-10,WELSPUNLIV,514162,A,175.25,187.8,170.4,172.75,173.7,478419,86401050.0
5255120,2024-12-11,WELSPUNLIV,514162,A,173.55,174.5,171.8,172.5,172.75,149919,25914090.0
5255121,2024-12-12,WELSPUNLIV,514162,A,171.2,173.5,168.7,169.45,172.5,145427,24775009.0
5255122,2024-12-13,WELSPUNLIV,514162,A,168.5,176.9,166.35,175.65,169.45,315558,54367747.0
5255123,2024-12-16,WELSPUNLIV,514162,A,176.75,180.85,174.5,178.45,175.65,514207,91706800.0
5255124,2024-12-17,WELSPUNLIV,514162,A,178.95,178.95,171.25,171.95,178.45,312478,54637367.0
5255125,2024-12-18,WELSPUNLIV,514162,A,173.0,175.95,170.5,172.05,171.95,158911,27421211.0
5255126,2024-12-19,WELSPUNLIV,514162,A,166.05,171.5,166.05,170.75,172.05,133103,22543241.0
5255127,2024-12-20,WELSPUNLIV,514162,A,171.05,171.4,162.15,163.1,170.75,137515,22873505.0
5255128,2024-12-23,WELSPUNLIV,514162,A,165.05,165.7,160.4,161.0,163.1,52335,8518048.0
5255129,2024-12-24,WELSPUNLIV,514162,A,161.0,163.0,158.75,159.15,161.0,85015,13630081.0
5255130,2024-12-26,WELSPUNLIV,514162,A,159.55,161.25,155.85,157.25,159.15,90680,14308791.0
5255131,2024-12-27,WELSPUNLIV,514162,A,156.55,159.4,154.65,156.3,157.25,116961,18338742.0
5255132,2024-12-30,WELSPUNLIV,514162,A,155.6,156.75,154.0,155.4,156.3,120871,18779400.0
5255133,2024-12-31,WELSPUNLIV,514162,A,153.1,157.65,153.1,156.45,155.4,124486,19355832.0
5255134,2025-01-01,WELSPUNLIV,514162,A,156.05,162.4,156.05,161.3,156.45,58675,9450622.0
5255135,2025-01-02,WELSPUNLIV,514162,A,161.35,164.5,161.0,163.7,161.3,45840,7465879.0
5255136,2025-01-03,WELSPUNLIV,514162,A,164.7,166.6,163.0,163.4,163.7,76496,12594814.0
5255137,2025-01-06,WELSPUNLIV,514162,A,163.45,164.0,155.05,156.2,163.4,77563,12249336.0
5255138,2025-01-07,WELSPUNLIV,514162,A,155.5,160.5,155.5,159.75,156.2,84037,13323607.0
5255139,2025-01-08,WELSPUNLIV,514162,A,160.5,161.0,154.15,154.6,159.75,51489,8043720.0
5255140,2025-01-09,WELSPUNLIV,514162,A,154.6,155.35,150.2,150.65,154.6,64572,9814095.0
5255141,2025-01-10,WELSPUNLIV,514162,A,149.05,150.65,146.0,147.8,150.65,134474,19876990.0
5255142,2025-01-13,WELSPUNLIV,514162,A,146.9,147.5,143.05,143.85,147.8,131623,19106335.0
5255143,2025-01-14,WELSPUNLIV,514162,A,141.1,147.7,141.1,147.0,143.85,50690,7382748.0
5255144,2025-01-15,WELSPUNLIV,514162,A,151.0,159.55,149.85,151.2,147.0,818003,126227356.0
5255145,2025-01-16,WELSPUNLIV,514162,A,151.85,153.2,150.55,151.65,151.2,126992,19276866.0
5255146,2025-01-17,WELSPUNLIV,514162,A,152.05,155.9,150.6,153.9,151.65,80348,12365041.0
5255147,2025-01-20,WELSPUNLIV,514162,A,155.95,156.2,152.55,153.25,153.9,57518,8844538.0
5255148,2025-01-21,WELSPUNLIV,514162,A,153.5,154.65,150.1,151.45,153.25,46267,7045721.0
5255149,2025-01-22,WELSPUNLIV,514162,A,150.85,150.9,145.05,149.2,151.45,129669,19150831.0
5255150,2025-01-23,WELSPUNLIV,514162,A,148.95,152.0,146.7,149.45,149.2,39900,5948167.0
5255151,2025-01-24,WELSPUNLIV,514162,A,149.4,154.45,145.85,152.1,149.45,99420,14898455.0
5255152,2025-01-27,WELSPUNLIV,514162,A,151.65,151.65,143.2,143.65,152.1,69521,10118115.0
5255153,2025-01-28,WELSPUNLIV,514162,A,145.15,149.2,135.0,147.7,143.65,131658,18565157.0
5255154,2025-01-29,WELSPUNLIV,514162,A,144.65,149.8,144.65,149.25,147.7,71073,10526627.0
5255155,2025-01-30,WELSPUNLIV,514162,A,147.35,150.5,136.05,139.5,149.25,127059,17914361.0
5255156,2025-01-31,WELSPUNLIV,514162,A,140.6,143.25,136.5,137.75,139.5,147312,20441374.0
5255157,2025-02-01,WELSPUNLIV,514162,A,141.85,144.9,137.05,138.15,137.75,159680,22540866.0
5255158,2025-02-03,WELSPUNLIV,514162,A,136.95,140.2,131.4,131.95,138.15,141272,18956174.0
5255159,2025-02-04,WELSPUNLIV,514162,A,133.45,134.75,129.1,131.05,131.95,87813,11506270.0
5255160,2025-02-05,WELSPUNLIV,514162,A,132.8,133.9,130.4,131.3,131.05,71634,9460053.0
5255161,2025-02-06,WELSPUNLIV,514162,A,133.35,133.7,129.6,130.0,131.3,46526,6084782.0
5255162,2025-02-07,WELSPUNLIV,514162,A,131.7,131.7,127.15,128.5,130.0,37600,4837308.0
5255163,2025-02-10,WELSPUNLIV,514162,A,130.9,130.9,125.1,126.6,128.5,45318,5743880.0
5255164,2025-02-11,WELSPUNLIV,514162,A,125.05,126.55,121.2,123.8,126.6,59399,7321410.0
5255165,2025-02-12,WELSPUNLIV,514162,A,123.85,126.9,119.9,125.25,123.8,161916,19964375.0
5255166,2025-02-13,WELSPUNLIV,514162,A,125.25,126.9,121.45,122.05,125.25,116793,14417399.0
5255167,2025-02-14,WELSPUNLIV,514162,A,123.95,123.95,115.5,117.95,122.05,158174,18860585.0
5255168,2025-02-17,WELSPUNLIV,514162,A,118.35,123.6,116.5,120.65,117.95,97302,11750346.0
5255169,2025-02-18,WELSPUNLIV,514162,A,121.5,121.5,114.0,116.95,120.65,334391,38860198.0
5255170,2025-02-19,WELSPUNLIV,514162,A,116.85,123.2,116.2,122.4,116.95,473664,57140208.0
5255171,2025-02-20,WELSPUNLIV,514162,A,122.7,124.3,120.4,123.45,122.4,63387,7778495.0
5255172,2025-02-21,WELSPUNLIV,514162,A,122.7,126.7,118.7,118.9,123.45,100486,12259106.0
5255173,2025-02-24,WELSPUNLIV,514162,A,118.9,118.9,113.9,114.2,118.9,75970,8794064.0
5255174,2025-02-25,WELSPUNLIV,514162,A,115.35,117.0,114.05,115.55,114.2,54860,6332507.0
5255175,2025-02-27,WELSPUNLIV,514162,A,115.05,116.2,111.5,112.05,115.55,111680,12564506.0
5255176,2025-02-28,WELSPUNLIV,514162,A,112.05,112.05,105.0,107.2,112.05,189297,20343700.0
5255177,2025-03-03,WELSPUNLIV,514162,A,107.2,124.7,106.6,117.4,107.2,734416,82637312.0
5255178,2025-03-04,WELSPUNLIV,514162,A,113.95,116.1,110.3,113.05,117.4,412861,46695714.0
5255179,2025-03-05,WELSPUNLIV,514162,A,112.8,119.5,111.9,118.25,113.05,204397,23591555.0
5255180,2025-03-06,WELSPUNLIV,514162,A,118.55,121.8,118.5,121.2,118.25,86373,10400332.0
5255181,2025-03-07,WELSPUNLIV,514162,A,120.05,124.5,120.05,122.55,121.2,125925,15493920.0
5255182,2025-03-10,WELSPUNLIV,514162,A,123.2,124.7,119.15,120.4,122.55,197337,24039096.0
5255183,2025-03-11,WELSPUNLIV,514162,A,120.3,122.6,116.45,121.85,120.4,4140305,499183892.0
5255184,2025-03-12,WELSPUNLIV,514162,A,122.65,123.75,120.1,121.2,121.85,1177270,143311259.0
5255185,2025-03-13,WELSPUNLIV,514162,A,122.0,122.4,119.2,120.15,121.2,92173,11090533.0
5255186,2025-03-17,WELSPUNLIV,514162,A,118.4,121.65,116.0,116.6,120.15,152134,17904626.0
5255187,2025-03-18,WELSPUNLIV,514162,A,118.15,131.9,117.5,129.15,116.6,642219,81608283.0
5255188,2025-03-19,WELSPUNLIV,514162,A,127.7,131.5,126.8,130.9,129.15,364373,47319716.0
5255189,2025-03-20,WELSPUNLIV,514162,A,131.9,131.9,129.8,130.5,130.9,136492,17800734.0
5255190,2025-03-21,WELSPUNLIV,514162,A,130.4,139.1,130.2,137.55,130.5,339963,45801124.0
5255191,2025-03-24,WELSPUNLIV,514162,A,137.55,140.8,137.55,139.85,137.55,185533,25931088.0
5255192,2025-03-25,WELSPUNLIV,514162,A,140.05,142.45,136.0,138.9,139.85,472167,64906275.0
5255193,2025-03-26,WELSPUNLIV,514162,A,138.2,140.7,134.5,135.5,138.9,80687,11018925.0
5255194,2025-03-27,WELSPUNLIV,514162,A,128.45,138.35,128.45,135.45,135.5,184727,25143834.0
5255195,2025-03-28,WELSPUNLIV,514162,A,136.8,138.15,132.5,135.05,135.45,65002,8800017.0
5255196,2025-04-01,WELSPUNLIV,514162,A,134.8,135.55,131.4,131.6,135.05,55310,7362317.0
5255197,2025-04-02,WELSPUNLIV,514162,A,133.4,133.4,128.7,131.1,131.6,49159,6445520.0
5255198,2025-04-03,WELSPUNLIV,514162,A,128.4,141.15,127.45,133.85,131.1,429859,57672532.0
5255199,2025-04-04,WELSPUNLIV,514162,A,134.05,135.05,122.55,124.4,133.85,194965,24957211.0
5255200,2025-04-07,WELSPUNLIV,514162,A,107.05,120.6,107.05,118.4,124.4,359114,41479292.0
5255201,2025-04-08,WELSPUNLIV,514162,A,121.8,122.85,118.1,120.0,118.4,109883,13208732.0
5255202,2025-04-09,WELSPUNLIV,514162,A,119.55,119.55,113.0,113.5,120.0,136906,15725782.0
5255203,2025-04-11,WELSPUNLIV,514162,A,117.4,124.8,117.0,123.85,113.5,807484,97890845.0
5255204,2025-04-15,WELSPUNLIV,514162,A,127.6,130.7,125.15,129.75,123.85,199544,25476601.0
5255205,2025-04-16,WELSPUNLIV,514162,A,129.85,132.8,129.3,132.05,129.75,133511,17536835.0
5255206,2025-04-17,WELSPUNLIV,514162,A,131.95,133.3,129.2,131.65,132.05,108485,14284744.0
5255207,2025-04-21,WELSPUNLIV,514162,A,132.2,133.5,131.25,132.15,131.65,48517,6417180.0
5255208,2025-04-22,WELSPUNLIV,514162,A,131.75,135.05,131.75,132.4,132.15,126869,16963363.0
5255209,2025-04-23,WELSPUNLIV,514162,A,133.85,134.4,129.8,133.2,132.4,71941,9555738.0
5255210,2025-04-24,WELSPUNLIV,514162,A,133.45,135.0,130.25,130.65,133.2,57023,7562002.0
5255211,2025-04-25,WELSPUNLIV,514162,A,131.15,131.55,123.05,124.7,130.65,79095,9945658.0
5255212,2025-04-28,WELSPUNLIV,514162,A,124.7,129.2,124.0,128.15,124.7,90002,11426111.0
5255213,2025-04-29,WELSPUNLIV,514162,A,128.15,132.05,127.4,130.25,128.15,58475,7601483.0
5255214,2025-04-30,WELSPUNLIV,514162,A,128.55,132.05,126.0,127.15,130.25,209153,27075600.0
5255215,2025-05-02,WELSPUNLIV,514162,A,125.05,129.5,125.05,125.7,127.15,28419,3601139.0
5255216,2025-05-05,WELSPUNLIV,514162,A,127.95,127.95,124.5,125.15,125.7,92748,11649029.0
5255217,2025-05-06,WELSPUNLIV,514162,A,124.35,125.65,120.0,120.6,125.15,78783,9690505.0
5255218,2025-05-07,WELSPUNLIV,514162,A,121.05,138.85,121.05,135.05,120.6,4955701,666910881.0
5255219,2025-05-08,WELSPUNLIV,514162,A,134.8,147.6,134.8,137.85,135.05,4969646,704252089.0
5255220,2025-05-09,WELSPUNLIV,514162,A,132.6,151.5,132.0,146.75,137.85,2755326,387462341.0
5255221,2025-05-12,WELSPUNLIV,514162,A,152.65,154.6,148.55,150.55,146.75,1342417,203128399.0
5255222,2025-05-13,WELSPUNLIV,514162,A,149.2,149.55,143.1,144.6,150.55,586175,85756455.0
5255223,2025-05-14,WELSPUNLIV,514162,A,145.2,146.55,143.0,144.05,144.6,403465,58200536.0
5255224,2025-05-15,WELSPUNLIV,514162,A,144.75,147.75,143.05,145.9,144.05,354640,51780872.0
5255225,2025-05-16,WELSPUNLIV,514162,A,146.05,149.8,143.85,149.1,145.9,416142,61240681.0
5255226,2025-05-19,WELSPUNLIV,514162,A,149.45,151.75,145.6,146.25,149.1,406479,60472580.0
5255227,2025-05-20,WELSPUNLIV,514162,A,146.25,147.55,142.05,142.5,146.25,140925,20379914.0
5255228,2025-05-21,WELSPUNLIV,514162,A,142.35,150.55,141.65,149.35,142.5,522798,76656155.0
5255229,2025-05-22,WELSPUNLIV,514162,A,147.85,152.7,147.05,151.05,149.35,267254,40029061.0
5255230,2025-05-23,WELSPUNLIV,514162,A,151.25,153.95,150.9,152.2,151.05,210503,32065139.0
5255231,2025-05-26,WELSPUNLIV,514162,A,150.5,152.0,149.2,149.85,152.2,130551,19649265.0
5255232,2025-05-27,WELSPUNLIV,514162,A,149.85,150.1,147.3,147.8,149.85,155381,23047291.0
5255233,2025-05-28,WELSPUNLIV,514162,A,147.85,149.6,146.1,147.6,147.8,88294,13111964.0
5255234,2025-05-29,WELSPUNLIV,514162,A,148.8,151.25,144.9,146.85,147.6,185646,27443445.0
5255235,2025-05-30,WELSPUNLIV,514162,A,144.5,146.45,131.75,132.7,146.85,949507,130220424.0
5255236,2025-06-02,WELSPUNLIV,514162,A,132.2,135.4,130.75,132.95,132.7,455817,60713833.0
5255237,2025-06-03,WELSPUNLIV,514162,A,133.25,135.25,129.75,130.4,132.95,2250524,298927927.0
5255238,2025-06-04,WELSPUNLIV,514162,A,130.95,135.25,129.65,133.9,130.4,243108,32306339.0
5255239,2025-06-05,WELSPUNLIV,514162,A,139.8,143.2,138.2,140.6,133.9,1108867,155861495.0
5255240,2025-06-06,WELSPUNLIV,514162,A,140.65,142.35,135.45,137.35,140.6,218488,30196895.0
5255241,2025-06-09,WELSPUNLIV,514162,A,138.0,138.45,136.85,137.45,137.35,233614,32160581.0
5255242,2025-06-10,WELSPUNLIV,514162,A,138.4,141.1,137.45,139.75,137.45,184058,25651353.0
5255243,2025-06-11,WELSPUNLIV,514162,A,141.75,141.75,138.1,139.6,139.75,144336,20168271.0
5255244,2025-06-12,WELSPUNLIV,514162,A,140.0,140.0,135.55,136.75,139.6,166039,22795307.0
5255245,2025-06-13,WELSPUNLIV,514162,A,132.05,134.7,132.05,133.8,136.75,232523,31046955.0
5255246,2025-06-16,WELSPUNLIV,514162,A,133.85,135.65,130.7,133.6,133.8,163951,21758292.0
5255247,2025-06-17,WELSPUNLIV,514162,A,133.6,135.15,132.2,132.75,133.6,154006,20588703.0
5255248,2025-06-18,WELSPUNLIV,514162,A,132.0,133.75,131.25,131.85,132.75,101692,13455160.0
5255249,2025-06-19,WELSPUNLIV,514162,A,131.1,133.6,128.6,130.4,131.85,97199,12728764.0
5255250,2025-06-20,WELSPUNLIV,514162,A,130.1,130.45,127.9,128.8,130.4,100840,13028563.0
5255251,2025-06-23,WELSPUNLIV,514162,A,127.25,129.25,126.9,127.4,128.8,150019,19146439.0
5255252,2025-06-24,WELSPUNLIV,514162,A,128.7,134.5,128.5,131.3,127.4,365537,48010683.0
5255253,2025-06-25,WELSPUNLIV,514162,A,132.05,142.0,130.35,140.0,131.3,7306910,1000519733.0
5255254,2025-06-26,WELSPUNLIV,514162,A,140.95,145.0,139.9,143.5,140.0,876215,125592728.0
5255255,2025-06-27,WELSPUNLIV,514162,A,143.9,144.9,140.1,144.1,143.5,527648,75269829.0
5255256,2025-06-30,WELSPUNLIV,514162,A,144.15,144.45,141.4,143.2,144.1,210721,30075848.0
5255257,2025-07-01,WELSPUNLIV,514162,A,143.75,143.75,139.5,140.05,143.2,92591,13042743.0
5255258,2025-07-02,WELSPUNLIV,514162,A,140.0,144.4,138.3,139.65,140.05,295717,41743388.0
5255259,2025-07-03,WELSPUNLIV,514162,A,141.15,144.4,139.6,141.75,139.65,424380,60332079.0
5255260,2025-07-04,WELSPUNLIV,514162,A,141.6,144.95,141.3,143.85,141.75,450191,64455115.0
5255261,2025-07-07,WELSPUNLIV,514162,A,145.55,147.45,142.65,143.25,143.85,233033,33689561.0
5255262,2025-07-08,WELSPUNLIV,514162,A,144.95,149.25,142.4,143.75,143.25,608071,88987642.0
5255263,2025-07-09,WELSPUNLIV,514162,A,144.0,144.4,141.5,142.65,143.75,138965,19871352.0
5255264,2025-07-10,WELSPUNLIV,514162,A,142.1,144.0,142.1,143.1,142.65,154043,22040241.0
5255265,2025-07-11,WELSPUNLIV,514162,A,141.95,143.4,139.5,140.2,143.1,83790,11827909.0
5255266,2025-07-14,WELSPUNLIV,514162,A,139.75,139.75,136.5,138.3,140.2,101126,13963412.0
5255267,2025-07-15,WELSPUNLIV,514162,A,138.1,140.75,138.1,138.8,138.3,139782,19484757.0
5255268,2025-07-16,WELSPUNLIV,514162,A,138.85,141.3,138.8,139.7,138.8,185178,25955623.0
5255269,2025-07-17,WELSPUNLIV,514162,A,139.95,141.5,139.05,139.2,139.7,68047,9523009.0
5255270,2025-07-18,WELSPUNLIV,514162,A,139.2,144.7,139.2,142.9,139.2,565859,80605294.0
5255271,2025-07-21,WELSPUNLIV,514162,A,144.25,144.25,141.3,142.45,142.9,180926,25736741.0
5255272,2025-07-22,WELSPUNLIV,514162,A,142.25,142.9,139.6,139.95,142.45,188033,26459481.0
5255273,2025-07-23,WELSPUNLIV,514162,A,139.9,140.95,137.15,137.6,139.95,154691,21431099.0
5255274,2025-07-24,WELSPUNLIV,514162,A,138.25,142.35,138.1,140.85,137.6,223227,31206793.0
5255275,2025-07-25,WELSPUNLIV,514162,A,141.8,143.35,135.9,136.85,140.85,254828,35461599.0
5255276,2025-07-28,WELSPUNLIV,514162,A,137.35,137.95,133.6,134.35,136.85,91662,12465374.0
5255277,2025-07-29,WELSPUNLIV,514162,A,132.85,136.8,132.8,136.1,134.35,125660,16998589.0
5255278,2025-07-30,WELSPUNLIV,514162,A,135.95,139.05,130.55,132.8,136.1,269493,36102942.0
5255279,2025-07-31,WELSPUNLIV,514162,A,126.7,128.0,124.15,126.2,132.8,501873,63031814.0
5255280,2025-08-01,WELSPUNLIV,514162,A,125.95,125.95,120.6,121.25,126.2,191700,23657365.0
5255281,2025-08-04,WELSPUNLIV,514162,A,121.35,127.2,120.15,126.75,121.25,205412,25555161.0
5255282,2025-08-05,WELSPUNLIV,514162,A,125.7,126.75,120.9,121.95,126.75,262737,32262628.0
5255283,2025-08-06,WELSPUNLIV,514162,A,121.05,122.7,115.45,115.85,121.95,231548,27419477.0
5255284,2025-08-07,WELSPUNLIV,514162,A,113.0,120.2,111.45,118.7,115.85,467231,53775658.0
5255285,2025-08-08,WELSPUNLIV,514162,A,119.8,119.8,117.0,117.75,118.7,112731,13347406.0
5255286,2025-08-11,WELSPUNLIV,514162,A,114.1,117.15,113.05,113.65,117.75,221602,25403476.0
5255287,2025-08-12,WELSPUNLIV,514162,A,114.4,115.55,113.25,113.75,113.65,606588,69478010.0
5255288,2025-08-13,WELSPUNLIV,514162,A,113.65,116.75,113.65,114.5,113.75,155687,17896822.0
5255289,2025-08-14,WELSPUNLIV,514162,A,114.4,115.75,113.3,113.85,114.5,488995,55833317.0
5255290,2025-08-18,WELSPUNLIV,514162,A,115.45,118.4,114.9,117.15,113.85,117277,13705322.0
5255291,2025-08-19,WELSPUNLIV,514162,A,118.3,124.75,117.9,121.95,117.15,602423,73776787.0
5255292,2025-08-20,WELSPUNLIV,514162,A,122.7,122.7,120.2,120.8,121.95,90969,11022154.0
5255293,2025-08-21,WELSPUNLIV,514162,A,121.0,121.1,118.85,119.4,120.8,72426,8677207.0
5255294,2025-08-22,WELSPUNLIV,514162,A,119.15,119.95,118.5,118.75,119.4,69001,8224841.0
5255295,2025-08-25,WELSPUNLIV,514162,A,118.75,119.55,116.3,116.65,118.75,109055,12773756.0
5255296,2025-08-26,WELSPUNLIV,514162,A,116.3,116.3,113.75,114.2,116.65,151658,17379715.0
5255297,2025-08-28,WELSPUNLIV,514162,A,111.3,114.85,111.3,112.95,114.2,177699,20034289.0
5255298,2025-08-29,WELSPUNLIV,514162,A,113.1,113.5,109.0,109.25,112.95,166979,18489402.0
5255299,2025-09-01,WELSPUNLIV,514162,A,109.7,111.65,109.1,111.05,109.25,119531,13206693.0
5255300,2025-09-02,WELSPUNLIV,514162,A,112.25,114.55,109.8,112.6,111.05,329183,36968980.0
5255301,2025-09-03,WELSPUNLIV,514162,A,113.15,115.95,113.15,114.4,112.6,143273,16420898.0
5255302,2025-09-04,WELSPUNLIV,514162,A,115.9,115.9,111.6,112.05,114.4,90427,10260562.0
5255303,2025-09-05,WELSPUNLIV,514162,A,113.0,114.85,111.4,113.95,112.05,189892,21456469.0
5255304,2025-09-08,WELSPUNLIV,514162,A,114.9,115.6,113.0,114.85,113.95,82792,9477005.0
5255305,2025-09-09,WELSPUNLIV,514162,A,115.0,115.0,113.6,114.2,114.85,84872,9682707.0
5255306,2025-09-10,WELSPUNLIV,514162,A,117.0,128.25,117.0,125.55,114.2,4452896,555523953.0
5255307,2025-09-11,WELSPUNLIV,514162,A,124.4,125.3,122.4,123.0,125.55,568437,70240493.0
5255308,2025-09-12,WELSPUNLIV,514162,A,123.9,123.9,120.05,121.0,123.0,407878,49317504.0
5255309,2025-09-15,WELSPUNLIV,514162,A,120.9,123.1,120.15,120.4,121.0,135811,16466085.0
5255310,2025-09-16,WELSPUNLIV,514162,A,121.6,125.5,120.7,124.15,120.4,362422,44993640.0
5255311,2025-09-17,WELSPUNLIV,514162,A,124.95,132.5,124.95,128.2,124.15,810302,105001398.0
5255312,2025-09-18,WELSPUNLIV,514162,A,128.55,129.05,126.2,127.05,128.2,240696,30600588.0
5255313,2025-09-19,WELSPUNLIV,514162,A,127.45,127.45,123.65,124.5,127.05,239672,30145236.0
5255314,2025-09-22,WELSPUNLIV,514162,A,123.55,125.1,122.55,123.35,124.5,135677,16787936.0
5255315,2025-09-23,WELSPUNLIV,514162,A,121.55,123.55,121.2,121.95,123.35,77961,9534231.0
5255316,2025-09-24,WELSPUNLIV,514162,A,122.6,122.95,121.1,122.2,121.95,69815,8521732.0
5255317,2025-09-25,WELSPUNLIV,514162,A,121.65,122.5,119.05,119.75,122.2,118655,14272566.0
5255318,2025-09-26,WELSPUNLIV,514162,A,119.75,119.85,116.2,116.55,119.75,133780,15651800.0
5255319,2025-09-29,WELSPUNLIV,514162,A,116.6,117.5,114.2,114.7,116.55,106452,12320202.0
5255320,2025-09-30,WELSPUNLIV,514162,A,114.2,116.15,113.5,114.65,114.7,96493,11081870.0
5255321,2025-10-01,WELSPUNLIV,514162,A,113.25,117.4,113.25,116.8,114.65,567631,66236608.0
5255322,2025-10-03,WELSPUNLIV,514162,A,118.35,118.8,116.4,117.25,116.8,74053,8707832.0
5255323,2025-10-06,WELSPUNLIV,514162,A,117.35,117.35,114.2,114.5,117.25,113525,13094694.0
5255324,2025-10-07,WELSPUNLIV,514162,A,114.4,115.75,114.0,115.5,114.5,41054,4718189.0
5255325,2025-10-08,WELSPUNLIV,514162,A,115.55,118.1,113.6,116.1,115.5,67899,7819028.0
5255326,2025-10-09,WELSPUNLIV,514162,A,116.15,120.2,116.15,119.4,116.1,118093,14031938.0
5255327,2025-10-10,WELSPUNLIV,514162,A,120.8,123.45,118.9,122.85,119.4,264580,32168416.0
5255328,2025-10-13,WELSPUNLIV,514162,A,123.1,124.0,121.5,123.65,122.85,269911,33239134.0
5255329,2025-10-14,WELSPUNLIV,514162,A,123.95,123.95,122.1,122.95,123.65,60297,7411754.0
5255330,2025-10-15,WELSPUNLIV,514162,A,123.0,127.0,121.25,125.55,122.95,200732,24867526.0
5255331,2025-10-16,WELSPUNLIV,514162,A,126.8,129.5,124.2,127.1,125.55,166988,21249184.0
5255332,2025-10-17,WELSPUNLIV,514162,A,126.05,126.05,120.95,121.75,127.1,203634,24960388.0
5255333,2025-10-20,WELSPUNLIV,514162,A,121.45,123.0,118.7,122.1,121.75,99615,12006570.0
5255334,2025-10-21,WELSPUNLIV,514162,A,123.0,123.0,121.55,122.4,122.1,45041,5518171.0
5255335,2025-10-23,WELSPUNLIV,514162,A,129.05,132.0,127.0,128.05,122.4,998272,129600210.0
5255336,2025-10-24,WELSPUNLIV,514162,A,127.95,128.9,126.3,128.15,128.05,188306,24054285.0
5255337,2025-10-27,WELSPUNLIV,514162,A,128.25,132.35,126.7,129.7,128.15,225913,29401119.0
5255338,2025-10-28,WELSPUNLIV,514162,A,128.35,129.35,127.6,128.45,129.7,125954,16143001.0
5255339,2025-10-29,WELSPUNLIV,514162,A,128.4,134.35,126.65,132.9,128.45,607513,79590769.0
5255340,2025-10-30,WELSPUNLIV,514162,A,133.0,133.0,131.6,132.25,132.9,79519,10513310.0
5255341,2025-10-31,WELSPUNLIV,514162,A,132.25,134.2,127.75,130.05,132.25,86334,11328826.0
5255342,2025-11-03,WELSPUNLIV,514162,A,129.2,132.4,129.2,131.45,130.05,119493,15718380.0
5255343,2025-11-04,WELSPUNLIV,514162,A,130.7,131.85,128.85,129.05,131.45,79487,10349589.0
5255344,2025-11-06,WELSPUNLIV,514162,A,128.85,130.3,127.05,127.3,129.05,65112,8361561.0
5255345,2025-11-07,WELSPUNLIV,514162,A,127.05,129.8,125.9,129.4,127.3,110693,14184743.0
5255346,2025-11-10,WELSPUNLIV,514162,A,129.25,133.15,128.0,132.2,129.4,100046,13064327.0
5255347,2025-11-11,WELSPUNLIV,514162,A,134.15,136.65,133.25,134.8,132.2,216612,29236327.0
5255348,2025-11-12,WELSPUNLIV,514162,A,134.3,140.8,134.0,139.2,134.8,756236,104842927.0
5255349,2025-11-13,WELSPUNLIV,514162,A,138.75,138.75,135.05,136.65,139.2,101648,13914947.0
5255350,2025-11-14,WELSPUNLIV,514162,A,138.0,139.0,137.3,138.35,136.65,115454,15957088.0
5255351,2025-11-17,WELSPUNLIV,514162,A,138.3,138.75,136.35,138.05,138.35,140123,19254691.0
5255352,2025-11-18,WELSPUNLIV,514162,A,139.05,142.95,138.4,140.9,138.05,263070,37070551.0
5255353,2025-11-19,WELSPUNLIV,514162,A,141.65,142.0,135.7,136.65,140.9,97131,13416320.0
5255354,2025-11-20,WELSPUNLIV,514162,A,137.0,141.6,136.0,139.8,136.65,240138,33394280.0
5255355,2025-11-21,WELSPUNLIV,514162,A,139.85,139.85,136.0,136.3,139.8,85013,11668499.0
5255356,2025-11-24,WELSPUNLIV,514162,A,136.3,136.3,131.2,132.05,136.3,93593,12473444.0
5255357,2025-11-25,WELSPUNLIV,514162,A,131.85,132.55,129.55,130.3,132.05,105844,13863969.0
5255358,2025-11-26,WELSPUNLIV,514162,A,129.95,133.95,129.45,133.35,130.3,128483,17037372.0
5255359,2025-11-27,WELSPUNLIV,514162,A,133.35,134.55,131.1,132.35,133.35,49187,6518420.0
5255360,2025-11-28,WELSPUNLIV,514162,A,132.35,151.1,132.15,148.7,132.35,3679351,534606723.0
5255361,2025-12-01,WELSPUNLIV,514162,A,147.8,147.8,140.1,141.95,148.7,849903,121280091.0
5255362,2025-12-02,WELSPUNLIV,514162,A,139.85,140.3,135.7,136.5,141.95,204607,28064581.0
5255363,2025-12-03,WELSPUNLIV,514162,A,135.5,143.8,134.95,140.3,136.5,907787,126855851.0
5255364,2025-12-04,WELSPUNLIV,514162,A,139.65,139.65,136.1,136.75,140.3,92167,12700510.0
5255365,2025-12-05,WELSPUNLIV,514162,A,136.3,137.0,134.3,134.85,136.75,137319,18586136.0
5255366,2025-12-08,WELSPUNLIV,514162,A,134.5,136.35,130.8,132.0,134.85,200266,26712804.0
5255367,2025-12-09,WELSPUNLIV,514162,A,132.5,132.5,128.1,131.7,132.0,79502,10369855.0
5255368,2025-12-10,WELSPUNLIV,514162,A,131.7,143.15,131.7,140.85,131.7,1188130,166929492.0
5255369,2025-12-11,WELSPUNLIV,514162,A,138.45,139.6,136.7,137.55,140.85,254311,35049559.0
5255370,2025-12-12,WELSPUNLIV,514162,A,137.6,138.5,136.0,137.2,137.55,134096,18409357.0
5255371,2025-12-15,WELSPUNLIV,514162,A,136.1,137.2,135.2,135.75,137.2,55374,7523482.0
5255372,2025-12-16,WELSPUNLIV,514162,A,134.35,136.95,133.5,135.25,135.75,38948,5233544.0
5255373,2025-12-17,WELSPUNLIV,514162,A,135.4,135.95,133.1,134.0,135.25,44635,5988492.0
5255374,2025-12-18,WELSPUNLIV,514162,A,132.9,133.65,131.45,133.0,134.0,77505,10280018.0
5255375,2025-12-19,WELSPUNLIV,514162,A,133.5,137.3,133.2,135.8,133.0,91319,12404521.0
5255376,2025-12-22,WELSPUNLIV,514162,A,135.8,138.5,135.55,136.45,135.8,78998,10801265.0
5255377,2025-12-23,WELSPUNLIV,514162,A,138.15,138.95,136.05,136.95,136.45,166819,22888236.0
5255378,2025-12-24,WELSPUNLIV,514162,A,136.2,136.9,134.45,135.1,136.95,73155,9901836.0
5255379,2025-12-26,WELSPUNLIV,514162,A,134.85,134.85,132.0,132.6,135.1,108590,14480587.0
5255380,2025-12-29,WELSPUNLIV,514162,A,132.35,133.6,131.1,131.7,132.6,103642,13682669.0
5255381,2025-12-30,WELSPUNLIV,514162,A,130.8,133.5,130.0,133.0,131.7,116640,15330768.0
5255382,2025-12-31,WELSPUNLIV,514162,A,133.9,133.9,130.2,130.7,133.0,63880,8401587.0
5255383,2026-01-02,WELSPUNLIV,514162,A,133.4,133.4,131.2,132.45,132.2,74171,9792698.0
5255384,2026-01-05,WELSPUNLIV,514162,A,131.7,134.2,131.4,131.65,132.45,110045,14637285.0
5255385,2026-01-06,WELSPUNLIV,514162,A,131.8,132.4,128.8,129.45,131.65,63668,8262660.0
5255386,2026-01-08,WELSPUNLIV,514162,A,129.3,132.35,125.1,126.8,129.6,155105,20031371.0
5255387,2026-01-13,WELSPUNLIV,514162,A,121.65,125.3,120.15,121.35,121.6,134206,16500151.0
5255388,2026-01-16,WELSPUNLIV,514162,A,124.75,125.1,120.7,121.25,126.0,97338,11954548.0
5255389,2026-01-20,WELSPUNLIV,514162,A,117.8,119.05,112.65,113.05,119.0,190827,21991471.0
5255390,2026-01-28,WELSPUNLIV,514162,A,128.1,129.2,125.7,126.4,125.85,142338,18081617.0
5255391,2026-01-30,WELSPUNLIV,514162,A,122.75,127.6,121.3,123.7,123.1,216893,27040154.0
70134,2026-02-01,WELSPUNLIV,514162,A,124.6,128.85,121.7,123.25,123.7,146098,18333900.0
70135,2026-02-02,WELSPUNLIV,514162,A,123.95,123.95,119.9,122.65,123.25,56752,6914159.0
70136,2026-02-03,WELSPUNLIV,514162,A,146.05,147.15,141.5,147.0,122.65,3138304,457606159.0
70137,2026-02-04,WELSPUNLIV,514162,A,143.65,152.9,137.6,144.6,147.0,2040889,298404533.0
70138,2026-02-05,WELSPUNLIV,514162,A,142.55,143.7,139.45,142.0,144.6,295632,41881861.0
70139,2026-02-06,WELSPUNLIV,514162,A,141.95,141.95,137.1,140.35,142.0,272973,37990094.0
70140,2026-02-09,WELSPUNLIV,514162,A,144.8,148.25,144.0,145.1,140.35,423543,61688372.0
70141,2026-02-10,WELSPUNLIV,514162,A,141.9,142.65,135.85,136.8,145.1,448046,62356943.0
70142,2026-02-11,WELSPUNLIV,514162,A,137.55,142.35,137.55,140.1,136.8,165055,23067449.0
70143,2026-02-12,WELSPUNLIV,514162,A,138.85,147.3,135.45,142.7,140.1,396992,56452953.0
70144,2026-02-13,WELSPUNLIV,514162,A,140.0,145.1,139.1,141.2,142.7,306516,43621637.0
70145,2026-02-16,WELSPUNLIV,514162,A,141.1,142.1,137.8,138.25,141.2,154577,21567631.0
70146,2026-02-17,WELSPUNLIV,514162,A,138.05,140.45,137.55,139.25,138.25,32874,4570420.0
70147,2026-02-18,WELSPUNLIV,514162,A,140.9,140.9,137.55,138.35,139.25,71725,9939580.0
70148,2026-02-19,WELSPUNLIV,514162,A,139.35,142.3,137.1,137.6,138.35,127314,17741409.0
70149,2026-02-20,WELSPUNLIV,514162,A,137.3,139.75,135.0,137.1,137.6,187708,25749185.0
70150,2026-02-23,WELSPUNLIV,514162,A,140.05,142.9,138.3,139.4,137.1,328992,46356273.0
70151,2026-02-24,WELSPUNLIV,514162,A,138.0,138.3,132.0,134.15,139.4,245702,32979325.0
70152,2026-02-25,WELSPUNLIV,514162,A,133.05,136.1,126.5,127.2,134.15,951794,124120244.0
70153,2026-02-26,WELSPUNLIV,514162,A,126.95,128.15,125.2,126.4,127.2,102179,12915598.0
70154,2026-02-27,WELSPUNLIV,514162,A,126.0,126.15,123.25,125.35,126.4,53197,6615379.0
70155,2026-03-02,WELSPUNLIV,514162,A,115.95,126.3,115.95,124.4,125.35,293400,36181404.0
70156,2026-03-04,WELSPUNLIV,514162,A,120.45,122.4,118.4,119.3,124.4,112928,13620003.0
70157,2026-03-05,WELSPUNLIV,514162,A,119.8,122.25,116.6,121.25,119.3,110115,13182350.0
70158,2026-03-06,WELSPUNLIV,514162,A,120.55,122.75,119.5,120.35,121.25,110989,13418945.0
70159,2026-03-09,WELSPUNLIV,514162,A,115.6,117.9,114.45,115.8,120.35,79319,9157151.0
70160,2026-03-10,WELSPUNLIV,514162,A,117.3,118.6,115.55,116.85,115.8,96148,11246320.0
70161,2026-03-11,WELSPUNLIV,514162,A,117.3,120.95,117.3,118.4,116.85,60144,7197046.0
70162,2026-03-12,WELSPUNLIV,514162,A,116.45,118.4,114.9,115.85,118.4,61038,7116326.0
70163,2026-03-13,WELSPUNLIV,514162,A,115.9,116.55,110.5,112.25,115.85,148947,16759207.0
70164,2026-03-16,WELSPUNLIV,514162,A,112.25,112.55,108.05,109.35,112.25,126785,13951901.0
70165,2026-03-17,WELSPUNLIV,514162,A,110.25,111.95,108.75,109.1,109.35,61290,6751726.0
70166,2026-03-18,WELSPUNLIV,514162,A,109.15,117.25,109.15,115.2,109.1,221895,25484749.0
70167,2026-03-19,WELSPUNLIV,514162,A,114.05,114.05,111.8,113.1,115.2,43922,4968631.0
70168,2026-03-20,WELSPUNLIV,514162,A,114.15,115.75,111.6,114.6,113.1,115160,13071600.0
70169,2026-03-23,WELSPUNLIV,514162,A,112.1,112.5,107.65,109.8,114.6,189953,20837576.0
70170,2026-03-24,WELSPUNLIV,514162,A,113.65,113.65,111.0,113.15,109.8,66849,7510869.0
70171,2026-03-25,WELSPUNLIV,514162,A,113.5,115.75,112.35,113.5,113.15,136301,15634910.0
70172,2026-03-27,WELSPUNLIV,514162,A,112.75,117.75,108.8,115.95,113.5,1358628,156402784.0
70173,2026-03-30,WELSPUNLIV,514162,A,115.75,115.75,107.4,108.8,115.95,98521,10931826.0
70174,2026-04-01,WELSPUNLIV,514162,A,110.85,116.0,110.85,115.7,108.8,207399,23741589.0
70175,2026-04-02,WELSPUNLIV,514162,A,113.15,117.0,111.05,116.1,115.7,43432,4932399.0
70176,2026-04-06,WELSPUNLIV,514162,A,114.75,119.4,113.35,117.8,116.1,125604,14726395.0
70177,2026-04-07,WELSPUNLIV,514162,A,117.2,119.8,115.9,119.3,117.8,126844,15020806.0
70178,2026-04-08,WELSPUNLIV,514162,A,124.5,124.55,122.4,123.35,119.3,89070,10999885.0
70179,2026-04-09,WELSPUNLIV,514162,A,122.15,125.1,121.35,121.9,123.35,85163,10446753.0
70180,2026-04-10,WELSPUNLIV,514162,A,122.25,124.2,122.25,123.1,121.9,59554,7342998.0
70181,2026-04-13,WELSPUNLIV,514162,A,118.65,123.5,118.4,122.85,123.1,65023,7886990.0
70182,2026-04-15,WELSPUNLIV,514162,A,125.85,125.85,124.05,124.75,122.85,74415,9288321.0
70183,2026-04-16,WELSPUNLIV,514162,A,126.8,127.1,123.55,123.85,124.75,62024,7738488.0
70184,2026-04-17,WELSPUNLIV,514162,A,124.0,126.65,123.1,125.45,123.85,109225,13688616.0
70185,2026-04-20,WELSPUNLIV,514162,A,125.05,128.0,124.0,126.75,125.45,159305,20075528.0
70186,2026-04-21,WELSPUNLIV,514162,A,127.95,133.45,127.6,132.4,126.75,125495,16401129.0
70187,2026-04-22,WELSPUNLIV,514162,A,133.95,136.4,132.15,133.3,132.4,141375,18919211.0
70188,2026-04-23,WELSPUNLIV,514162,A,132.15,135.9,131.9,133.5,133.3,55627,7453933.0
70189,2026-04-24,WELSPUNLIV,514162,A,133.8,134.55,128.6,130.25,133.5,131002,17161597.0
70190,2026-04-27,WELSPUNLIV,514162,A,132.0,134.8,130.6,132.7,130.25,98085,13071893.0
70191,2026-04-28,WELSPUNLIV,514162,A,133.15,133.3,131.1,131.95,132.7,39007,5147981.0
70192,2026-04-29,WELSPUNLIV,514162,A,132.15,134.0,129.9,130.35,131.95,111411,14722475.0
70193,2026-04-30,WELSPUNLIV,514162,A,129.5,131.4,127.35,128.9,130.35,62827,8097606.0
70194,2026-05-04,WELSPUNLIV,514162,A,128.35,131.0,128.05,129.45,128.9,51524,6678537.0
70195,2026-05-05,WELSPUNLIV,514162,A,129.4,130.6,127.45,130.15,129.45,52639,6786480.0
70196,2026-05-06,WELSPUNLIV,514162,A,132.4,133.5,130.05,132.8,130.15,40624,5350937.0
70197,2026-05-07,WELSPUNLIV,514162,A,134.3,135.85,130.35,132.2,132.8,114968,15301877.0
70198,2026-05-08,WELSPUNLIV,514162,A,133.65,139.0,132.9,133.75,132.2,215653,29435688.0
70199,2026-05-11,WELSPUNLIV,514162,A,133.5,137.8,128.85,135.9,133.75,123746,16622746.0
70200,2026-05-12,WELSPUNLIV,514162,A,138.95,138.95,134.1,134.35,135.9,91373,12425239.0
70201,2026-05-13,WELSPUNLIV,514162,A,134.35,138.9,133.0,133.85,134.35,98643,13469465.0
70202,2026-05-14,WELSPUNLIV,514162,A,133.95,135.5,132.6,134.15,133.85,64421,8634725.0
70203,2026-05-15,WELSPUNLIV,514162,A,135.0,141.7,134.0,140.9,134.15,323526,44912794.0
70204,2026-05-18,WELSPUNLIV,514162,A,141.4,141.4,134.85,138.6,140.9,165807,22835841.0
70205,2026-05-19,WELSPUNLIV,514162,A,140.15,141.8,138.5,140.3,138.6,106472,14887686.0
70206,2026-05-20,WELSPUNLIV,514162,A,140.15,141.95,139.0,141.6,140.3,123761,17422341.0
70207,2026-05-21,WELSPUNLIV,514162,A,143.35,146.0,141.55,145.55,141.6,221138,31821632.0
70208,2026-05-22,WELSPUNLIV,514162,A,141.15,142.55,137.8,139.3,145.55,217915,30420473.0
70209,2026-05-25,WELSPUNLIV,514162,A,139.65,141.75,137.8,138.3,139.3,125437,17439450.0
70210,2026-05-26,WELSPUNLIV,514162,A,139.2,141.95,138.3,138.7,138.3,60391,8469580.0
70211,2026-05-27,WELSPUNLIV,514162,A,138.75,141.25,138.75,139.2,138.7,40768,5693542.0
70212,2026-05-29,WELSPUNLIV,514162,A,141.15,141.2,137.2,138.15,139.2,32965,4597909.0
