,date,symbol,sc_code,sc_group,open,high,low,close,prev_close,volume,turnover
451,2015-01-01,ZEEL,505537,A ,380.5,381.0,377.0,378.0,380.75,1049,11451721.0
3518,2015-01-02,ZEEL,505537,A ,378.0,384.0,378.0,380.6,378.0,1506,17643857.0
6745,2015-01-05,ZEEL,505537,A ,380.0,382.0,377.25,380.15,380.6,1613,12955616.0
10000,2015-01-06,ZEEL,505537,A ,377.0,378.2,361.35,367.3,380.15,6113,48652236.0
13128,2015-01-07,ZEEL,505537,A ,369.35,369.35,360.25,364.75,367.3,2592,22816256.0
16264,2015-01-08,ZEEL,505537,A ,366.55,368.7,362.55,364.9,364.75,1673,14299169.0
19417,2015-01-09,ZEEL,505537,A ,367.55,368.0,357.4,360.85,364.9,4933,38423970.0
22608,2015-01-12,ZEEL,505537,A ,361.0,362.8,354.15,360.95,360.85,1410,16255236.0
25804,2015-01-13,ZEEL,505537,A ,359.0,367.05,359.0,361.85,360.95,2160,24167565.0
28969,2015-01-14,ZEEL,505537,A ,361.0,363.45,358.4,359.9,361.85,1753,14793073.0
32104,2015-01-15,ZEEL,505537,A ,363.55,370.5,361.45,369.75,359.9,3616,23756856.0
35290,2015-01-16,ZEEL,505537,A ,370.0,386.9,367.8,385.2,369.75,5980,61649154.0
38480,2015-01-19,ZEEL,505537,A ,390.0,390.3,381.25,383.8,385.2,2002,22374918.0
41717,2015-01-20,ZEEL,505537,A ,389.0,393.35,381.05,390.8,383.8,2564,42463655.0
44983,2015-01-21,ZEEL,505537,A ,393.2,400.0,376.5,381.6,390.8,22149,272468224.0
48201,2015-01-22,ZEEL,505537,A ,383.0,390.75,383.0,389.3,381.6,5274,59043988.0
51394,2015-01-23,ZEEL,505537,A ,391.0,393.45,387.15,389.9,389.3,3660,44279326.0
54636,2015-01-27,ZEEL,505537,A ,389.0,391.5,384.55,389.65,389.9,1654,19315637.0
57842,2015-01-28,ZEEL,505537,A ,389.0,391.55,385.65,386.95,389.65,1837,18358126.0
60985,2015-01-29,ZEEL,505537,A ,387.55,389.2,382.85,385.3,386.95,1932,23259407.0
64155,2015-01-30,ZEEL,505537,A ,386.8,386.8,373.75,377.5,385.3,4316,37555990.0
67302,2015-02-02,ZEEL,505537,A ,377.5,377.5,369.9,372.25,377.5,1806,14696840.0
70505,2015-02-03,ZEEL,505537,A ,372.25,376.6,371.1,372.8,372.25,1714,17510549.0
73697,2015-02-04,ZEEL,505537,A ,374.15,374.85,362.0,364.35,372.8,3631,33349894.0
76888,2015-02-05,ZEEL,505537,A ,364.35,367.5,359.1,360.55,364.35,4356,48177794.0
80083,2015-02-06,ZEEL,505537,A ,358.0,366.65,358.0,360.9,360.55,2233,17294070.0
83249,2015-02-09,ZEEL,505537,A ,362.0,362.0,348.7,351.65,360.9,4698,32371277.0
86362,2015-02-10,ZEEL,505537,A ,355.0,355.0,347.15,350.95,351.65,4323,41653221.0
89387,2015-02-11,ZEEL,505537,A ,350.5,352.0,342.1,346.05,350.95,4018,35629219.0
92457,2015-02-12,ZEEL,505537,A ,350.0,362.7,350.0,361.05,346.05,4886,46761286.0
95600,2015-02-13,ZEEL,505537,A ,362.0,366.8,360.7,363.65,361.05,2677,20444152.0
98765,2015-02-16,ZEEL,505537,A ,364.0,366.3,358.7,360.15,363.65,2890,20785594.0
101965,2015-02-18,ZEEL,505537,A ,361.0,361.0,352.8,355.95,360.15,3036,18076489.0
105158,2015-02-19,ZEEL,505537,A ,358.55,361.45,351.0,353.0,355.95,3160,24550055.0
108307,2015-02-20,ZEEL,505537,A ,353.85,359.95,353.85,357.85,353.0,2534,17688066.0
111497,2015-02-23,ZEEL,505537,A ,362.0,362.0,342.5,345.2,357.85,3638,25193341.0
114694,2015-02-24,ZEEL,505537,A ,344.05,353.4,343.0,352.3,345.2,3325,29781648.0
117852,2015-02-25,ZEEL,505537,A ,353.0,353.45,346.3,348.55,352.3,2108,19961329.0
121017,2015-02-26,ZEEL,505537,A ,348.9,351.55,340.1,342.85,348.55,3536,19784329.0
124135,2015-02-27,ZEEL,505537,A ,347.65,349.9,342.25,348.3,342.85,2444,16145023.0
127287,2015-02-28,ZEEL,505537,A ,350.0,351.0,343.5,347.5,348.3,2255,21292113.0
130282,2015-03-02,ZEEL,505537,A ,347.8,350.05,341.05,343.0,347.5,2308,18663132.0
133429,2015-03-03,ZEEL,505537,A ,346.85,348.9,341.15,347.95,343.0,3778,27918601.0
136609,2015-03-04,ZEEL,505537,A ,350.0,350.05,340.85,341.7,347.95,2255,23426328.0
139787,2015-03-05,ZEEL,505537,A ,342.0,344.05,335.0,341.35,341.7,3852,25445716.0
142951,2015-03-09,ZEEL,505537,A ,338.0,342.4,335.0,336.45,341.35,1333,9347908.0
146110,2015-03-10,ZEEL,505537,A ,337.0,345.0,334.55,341.45,336.45,2459,18598289.0
149296,2015-03-11,ZEEL,505537,A ,341.7,349.1,339.0,347.95,341.45,3725,32655943.0
152426,2015-03-12,ZEEL,505537,A ,350.0,354.0,346.9,352.75,347.95,2268,17860526.0
155611,2015-03-13,ZEEL,505537,A ,357.0,357.0,343.0,344.25,352.75,2706,12662434.0
158765,2015-03-16,ZEEL,505537,A ,349.95,357.5,341.0,354.3,344.25,2340,14973268.0
161952,2015-03-17,ZEEL,505537,A ,354.5,357.8,347.8,355.8,354.3,3240,19841106.0
165081,2015-03-18,ZEEL,505537,A ,356.0,371.0,354.3,367.05,355.8,7751,60091352.0
168217,2015-03-19,ZEEL,505537,A ,364.6,370.0,358.85,360.75,367.05,4968,22297650.0
171344,2015-03-20,ZEEL,505537,A ,360.95,361.0,351.1,353.3,360.75,2440,19230863.0
174513,2015-03-23,ZEEL,505537,A ,355.0,361.9,348.1,350.9,353.3,2205,16628988.0
177701,2015-03-24,ZEEL,505537,A ,347.7,355.0,346.55,353.25,350.9,1400,8203211.0
180812,2015-03-25,ZEEL,505537,A ,353.0,354.35,346.2,349.0,353.25,1671,12751684.0
183966,2015-03-26,ZEEL,505537,A ,347.9,352.25,337.3,339.6,349.0,2872,21282748.0
187048,2015-03-27,ZEEL,505537,A ,341.3,343.5,330.55,337.5,339.6,4492,30600198.0
190188,2015-03-30,ZEEL,505537,A ,342.0,344.85,337.0,342.1,337.5,4820,17800122.0
193228,2015-03-31,ZEEL,505537,A ,343.0,343.9,337.0,341.7,342.1,2324,15111316.0
196211,2015-04-01,ZEEL,505537,A ,348.95,348.95,339.1,340.65,341.7,1665,11705966.0
199163,2015-04-06,ZEEL,505537,A ,343.1,344.2,337.0,338.35,340.65,2077,12461969.0
202197,2015-04-07,ZEEL,505537,A ,340.5,340.5,333.7,336.95,338.35,2183,16559718.0
205234,2015-04-08,ZEEL,505537,A ,337.5,341.9,336.9,341.1,336.95,4795,36943787.0
208305,2015-04-09,ZEEL,505537,A ,342.0,358.05,342.0,356.9,341.1,7285,74697425.0
211396,2015-04-10,ZEEL,505537,A ,357.0,357.0,345.8,347.85,356.9,3100,21967657.0
214507,2015-04-13,ZEEL,505537,A ,349.55,349.55,343.2,346.5,347.85,2063,20517149.0
217634,2015-04-15,ZEEL,505537,A ,346.5,351.0,342.45,343.75,346.5,1684,12546119.0
220738,2015-04-16,ZEEL,505537,A ,342.3,343.25,336.2,340.25,343.75,2169,19193805.0
223821,2015-04-17,ZEEL,505537,A ,342.0,342.0,333.5,336.3,340.25,3963,26457712.0
226921,2015-04-20,ZEEL,505537,A ,345.0,345.0,325.5,328.45,336.3,3302,24681547.0
230032,2015-04-21,ZEEL,505537,A ,329.85,333.35,324.5,325.6,328.45,3421,1321020864.0
233048,2015-04-22,ZEEL,505537,A ,327.0,330.5,313.7,323.0,325.6,6796,121531181.0
236101,2015-04-23,ZEEL,505537,A ,327.0,330.7,323.15,328.75,323.0,4867,36160899.0
239159,2015-04-24,ZEEL,505537,A ,329.0,331.65,319.2,320.6,328.75,2564,19483378.0
242201,2015-04-27,ZEEL,505537,A ,319.5,325.3,319.45,324.3,320.6,3913,35641644.0
245204,2015-04-28,ZEEL,505537,A ,321.4,323.0,314.7,320.5,324.3,3551,24229092.0
248211,2015-04-29,ZEEL,505537,A ,320.0,324.45,319.3,320.5,320.5,1887,18396399.0
251192,2015-04-30,ZEEL,505537,A ,318.5,318.5,311.5,312.75,320.5,3219,22617269.0
254154,2015-05-04,ZEEL,505537,A ,315.1,321.7,314.1,320.5,312.75,4062,1307461738.0
257210,2015-05-05,ZEEL,505537,A ,320.0,321.0,313.0,315.2,320.5,11141,118267822.0
260235,2015-05-06,ZEEL,505537,A ,317.1,317.1,308.1,312.6,315.2,3421,19755735.0
263241,2015-05-07,ZEEL,505537,A ,310.15,312.0,307.8,309.85,312.6,2799,16400422.0
266203,2015-05-08,ZEEL,505537,A ,310.6,315.0,307.75,309.9,309.85,1322,7082522.0
269184,2015-05-11,ZEEL,505537,A ,309.95,318.85,309.95,316.95,309.9,2123,26255325.0
272162,2015-05-12,ZEEL,505537,A ,317.0,318.0,305.25,308.25,316.95,1305,17188913.0
275131,2015-05-13,ZEEL,505537,A ,308.0,309.3,302.0,305.1,308.25,2953,94974434.0
278103,2015-05-14,ZEEL,505537,A ,307.1,307.1,301.0,304.5,305.1,1065,16063596.0
281074,2015-05-15,ZEEL,505537,A ,306.4,306.4,299.65,301.05,304.5,2103,237008335.0
284041,2015-05-18,ZEEL,505537,A ,300.25,314.0,300.0,311.35,301.05,11887,2789563354.0
287031,2015-05-19,ZEEL,505537,A ,312.6,320.0,312.6,315.85,311.35,7255,147898668.0
290046,2015-05-20,ZEEL,505537,A ,316.8,320.35,313.75,318.3,315.85,2058,27526392.0
293057,2015-05-21,ZEEL,505537,A ,318.5,323.35,312.2,316.9,318.3,10835,326727905.0
296030,2015-05-22,ZEEL,505537,A ,318.5,322.5,316.9,318.85,316.9,2937,59608940.0
299007,2015-05-25,ZEEL,505537,A ,318.85,321.7,315.55,320.05,318.85,1224,19478248.0
301970,2015-05-26,ZEEL,505537,A ,320.05,320.75,316.6,319.1,320.05,643,10761181.0
304913,2015-05-27,ZEEL,505537,A ,325.0,325.0,316.7,320.05,319.1,1547,34952434.0
307797,2015-05-28,ZEEL,505537,A ,321.0,322.45,317.2,318.1,320.05,1419,41169440.0
310725,2015-05-29,ZEEL,505537,A ,319.45,326.15,318.25,323.8,318.1,2055,34524819.0
313677,2015-06-01,ZEEL,505537,A ,323.0,323.65,319.05,319.7,323.8,992,12770763.0
316696,2015-06-02,ZEEL,505537,A ,318.0,329.8,318.0,326.95,319.7,3312,58143783.0
319640,2015-06-03,ZEEL,505537,A ,329.55,332.2,318.15,321.95,326.95,2508,44194827.0
322617,2015-06-04,ZEEL,505537,A ,324.0,327.5,320.0,325.45,321.95,2686,25883522.0
325538,2015-06-05,ZEEL,505537,A ,323.0,338.1,320.6,336.4,325.45,3735,49884415.0
328489,2015-06-08,ZEEL,505537,A ,338.9,341.85,330.5,331.5,336.4,2945,34714823.0
331404,2015-06-09,ZEEL,505537,A ,332.0,335.0,325.5,327.6,331.5,1612,19639066.0
334324,2015-06-10,ZEEL,505537,A ,328.7,336.0,326.7,334.25,327.6,1133,14821923.0
337250,2015-06-11,ZEEL,505537,A ,339.2,340.2,330.45,332.2,334.25,1249,15512112.0
340172,2015-06-12,ZEEL,505537,A ,333.25,335.95,331.0,333.05,332.2,1071,12925946.0
343084,2015-06-15,ZEEL,505537,A ,333.5,340.55,331.7,338.8,333.05,2045,41605878.0
346013,2015-06-16,ZEEL,505537,A ,338.9,347.35,334.7,345.35,338.8,2018,26671863.0
348954,2015-06-17,ZEEL,505537,A ,346.5,352.65,341.5,350.8,345.35,3285,43261455.0
351901,2015-06-18,ZEEL,505537,A ,351.0,353.65,345.55,346.65,350.8,1705,17142163.0
354906,2015-06-19,ZEEL,505537,A ,348.6,349.15,339.9,340.9,346.65,1250,9223488.0
357867,2015-06-22,ZEEL,505537,A ,340.0,346.9,339.45,345.5,340.9,2078,20821801.0
360858,2015-06-23,ZEEL,505537,A ,346.35,346.8,338.8,344.6,345.5,1341,13706191.0
363822,2015-06-24,ZEEL,505537,A ,344.0,357.65,344.0,354.25,344.6,3292,44188681.0
366813,2015-06-25,ZEEL,505537,A ,354.85,363.0,352.65,359.05,354.25,2845,36974119.0
369755,2015-06-26,ZEEL,505537,A ,357.0,360.95,353.8,359.45,359.05,1977,29971412.0
372702,2015-06-29,ZEEL,505537,A ,351.75,357.7,349.75,356.05,359.45,1175,13674482.0
375675,2015-06-30,ZEEL,505537,A ,356.7,368.2,355.55,366.9,356.05,2881,50102836.0
378669,2015-07-01,ZEEL,505537,A ,367.6,367.75,362.4,363.75,366.9,1077,14766022.0
381696,2015-07-02,ZEEL,505537,A ,364.0,371.0,364.0,369.35,363.75,2589,36074042.0
384748,2015-07-03,ZEEL,505537,A ,369.55,370.3,367.75,369.15,369.35,1220,22807506.0
388029,2015-07-06,ZEEL,505537,A ,370.0,373.9,363.0,373.1,369.15,2110,34800501.0
391144,2015-07-07,ZEEL,505537,A ,374.2,374.4,365.45,368.15,373.1,1562,29029831.0
394235,2015-07-08,ZEEL,505537,A ,367.0,367.0,354.7,356.15,368.15,2197,39507762.0
397281,2015-07-09,ZEEL,505537,A ,358.0,358.0,350.2,352.55,356.15,921,11833650.0
400373,2015-07-10,ZEEL,505537,A ,354.1,363.95,352.0,361.1,352.55,1318,20105808.0
403436,2015-07-13,ZEEL,505537,A ,361.15,379.65,361.0,373.6,361.1,2886,130930226.0
406521,2015-07-14,ZEEL,505537,A ,373.75,375.75,367.4,374.65,373.6,1829,35973072.0
409642,2015-07-15,ZEEL,505537,A ,374.65,385.7,373.5,375.75,374.65,8303,147996183.0
412753,2015-07-16,ZEEL,505537,A ,381.0,382.7,376.25,381.9,375.75,1978,37976106.0
415843,2015-07-17,ZEEL,505537,A ,381.0,384.65,374.0,377.3,381.9,1936,32488606.0
418966,2015-07-20,ZEEL,505537,A ,377.5,381.2,371.15,378.75,377.3,1426,19843035.0
422035,2015-07-21,ZEEL,505537,A ,379.85,388.85,378.4,386.7,378.75,2432,43329662.0
425116,2015-07-22,ZEEL,505537,A ,386.75,407.2,386.0,406.0,386.7,5162,93869708.0
428228,2015-07-23,ZEEL,505537,A ,409.9,410.45,394.1,395.45,406.0,2041,37448741.0
431334,2015-07-24,ZEEL,505537,A ,395.75,402.4,388.65,391.6,395.45,2842,25038402.0
434455,2015-07-27,ZEEL,505537,A ,391.95,400.1,390.35,393.05,391.6,1829,29538630.0
437512,2015-07-28,ZEEL,505537,A ,399.85,400.4,389.3,391.9,393.05,2012,24702224.0
440531,2015-07-29,ZEEL,505537,A ,395.1,401.15,392.7,400.05,391.9,1470,23021697.0
443627,2015-07-30,ZEEL,505537,A ,401.0,404.25,395.95,399.1,400.05,1311,25620836.0
446736,2015-07-31,ZEEL,505537,A ,405.0,405.0,394.35,398.4,399.1,1328,17803075.0
449884,2015-08-03,ZEEL,505537,A ,399.35,402.0,396.6,398.3,398.4,857,14324421.0
453064,2015-08-04,ZEEL,505537,A ,395.0,405.2,395.0,402.8,398.3,2483,39279420.0
456256,2015-08-05,ZEEL,505537,A ,408.0,415.75,407.7,413.2,402.8,2978,59581854.0
459475,2015-08-06,ZEEL,505537,A ,413.05,419.4,409.0,414.75,413.2,1879,37410507.0
462665,2015-08-07,ZEEL,505537,A ,415.0,417.4,407.5,410.1,414.75,1384,21649191.0
465870,2015-08-10,ZEEL,505537,A ,410.0,414.95,405.9,408.9,410.1,1137,23352012.0
469096,2015-08-11,ZEEL,505537,A ,409.4,419.0,409.25,415.15,408.9,1476,26156578.0
472261,2015-08-12,ZEEL,505537,A ,412.6,418.95,399.6,401.4,415.15,2053,41350437.0
475388,2015-08-13,ZEEL,505537,A ,401.5,410.9,399.2,400.85,401.4,1480,24298224.0
478504,2015-08-14,ZEEL,505537,A ,400.0,419.9,400.0,418.4,400.85,2509,34869995.0
481605,2015-08-17,ZEEL,505537,A ,419.6,419.6,406.7,409.35,418.4,1512,16827159.0
484754,2015-08-18,ZEEL,505537,A ,414.95,414.95,404.2,406.3,409.35,1143,17907963.0
487880,2015-08-19,ZEEL,505537,A ,411.0,411.0,399.0,405.55,406.3,939,12968694.0
491010,2015-08-20,ZEEL,505537,A ,408.0,408.0,391.4,394.4,405.55,1748,24984951.0
494084,2015-08-21,ZEEL,505537,A ,390.05,390.05,377.6,383.05,394.4,2439,51819369.0
497145,2015-08-24,ZEEL,505537,A ,374.0,374.0,347.0,359.65,383.05,3406,39000201.0
500177,2015-08-25,ZEEL,505537,A ,360.0,371.8,355.6,367.15,359.65,4232,49140584.0
503197,2015-08-26,ZEEL,505537,A ,365.15,377.45,361.4,368.45,367.15,2093,25596111.0
506114,2015-08-27,ZEEL,505537,A ,371.9,374.75,363.1,371.3,368.45,1769,22875365.0
509038,2015-08-28,ZEEL,505537,A ,374.75,392.75,374.75,387.6,371.3,2718,35750529.0
511984,2015-08-31,ZEEL,505537,A ,389.4,389.4,379.1,385.6,387.6,1314,19643488.0
514915,2015-09-01,ZEEL,505537,A ,385.0,385.0,366.25,371.55,385.6,1360,18054034.0
517878,2015-09-02,ZEEL,505537,A ,372.0,376.5,359.95,360.75,371.55,2127,20782778.0
520784,2015-09-03,ZEEL,505537,A ,361.55,371.0,360.5,369.1,360.75,1736,18206842.0
523760,2015-09-04,ZEEL,505537,A ,367.0,373.9,359.85,361.2,369.1,1511,15121747.0
526701,2015-09-07,ZEEL,505537,A ,362.05,365.0,358.55,360.9,361.2,1333,15515130.0
529628,2015-09-08,ZEEL,505537,A ,361.0,380.0,358.1,370.4,360.9,1745,27353195.0
532570,2015-09-09,ZEEL,505537,A ,365.0,386.15,365.0,384.3,370.4,2717,29872547.0
535538,2015-09-10,ZEEL,505537,A ,385.0,394.25,376.3,390.85,384.3,2704,33843798.0
538414,2015-09-11,ZEEL,505537,A ,390.85,398.45,388.1,390.35,390.85,2592,38072405.0
541321,2015-09-14,ZEEL,505537,A ,392.05,396.15,392.05,395.2,390.35,2009,19108976.0
544225,2015-09-15,ZEEL,505537,A ,396.1,398.2,392.15,393.9,395.2,859,13844482.0
547117,2015-09-16,ZEEL,505537,A ,395.3,398.3,394.1,395.4,393.9,659,9372137.0
550043,2015-09-18,ZEEL,505537,A ,395.0,406.85,395.0,398.7,395.4,3979,46522274.0
552937,2015-09-21,ZEEL,505537,A ,397.55,403.0,396.15,402.05,398.7,1470,15024748.0
555842,2015-09-22,ZEEL,505537,A ,405.0,405.1,385.9,389.4,402.05,2901,22427142.0
558803,2015-09-23,ZEEL,505537,A ,386.0,390.4,378.15,387.3,389.4,1734,22228795.0
561731,2015-09-24,ZEEL,505537,A ,387.05,399.45,384.7,393.9,387.3,2140,31545192.0
564707,2015-09-28,ZEEL,505537,A ,394.55,395.0,382.75,383.4,393.9,1653,27728271.0
567718,2015-09-29,ZEEL,505537,A ,383.4,393.45,376.5,390.75,383.4,2302,36612348.0
570603,2015-09-30,ZEEL,505537,A ,391.1,395.8,388.75,392.7,390.75,2243,43337967.0
573536,2015-10-01,ZEEL,505537,A ,394.0,402.35,384.55,400.35,392.7,4331,77253988.0
576506,2015-10-05,ZEEL,505537,A ,404.5,406.25,400.3,402.2,400.35,1876,35491390.0
579542,2015-10-06,ZEEL,505537,A ,403.75,403.75,397.25,398.15,402.2,965,14446026.0
582554,2015-10-07,ZEEL,505537,A ,398.3,401.7,393.0,399.5,398.15,1169,14661961.0
585566,2015-10-08,ZEEL,505537,A ,398.1,404.2,395.15,396.9,399.5,1331,19625102.0
588580,2015-10-09,ZEEL,505537,A ,401.85,402.3,398.15,400.7,396.9,779,11289775.0
591628,2015-10-12,ZEEL,505537,A ,402.0,405.85,398.8,401.55,400.7,1662,21331974.0
594656,2015-10-13,ZEEL,505537,A ,402.15,403.9,397.6,401.15,401.55,780,12054344.0
597677,2015-10-14,ZEEL,505537,A ,400.8,400.8,381.0,385.6,401.15,9961,196648579.0
600738,2015-10-15,ZEEL,505537,A ,389.0,422.5,388.1,418.5,385.6,13416,318955231.0
603764,2015-10-16,ZEEL,505537,A ,420.45,426.1,414.3,422.15,418.5,5001,99429086.0
606810,2015-10-19,ZEEL,505537,A ,422.0,432.4,416.0,429.45,422.15,4508,78616315.0
609847,2015-10-20,ZEEL,505537,A ,427.1,436.0,427.1,434.65,429.45,3267,48786571.0
612930,2015-10-21,ZEEL,505537,A ,434.0,440.3,432.3,433.95,434.65,3765,61252225.0
615961,2015-10-23,ZEEL,505537,A ,439.8,439.8,430.0,432.3,433.95,2951,257245821.0
618982,2015-10-26,ZEEL,505537,A ,436.0,436.0,423.8,424.65,432.3,1504,49827874.0
622003,2015-10-28,ZEEL,505537,A ,424.55,426.6,417.65,420.35,424.65,1763,40404760.0
624999,2015-10-29,ZEEL,505537,A ,422.0,422.75,414.45,415.55,420.35,2055,37470811.0
628000,2015-10-30,ZEEL,505537,A ,415.5,421.2,406.1,408.4,415.55,2420,37201120.0
630954,2015-11-02,ZEEL,505537,A ,415.0,415.95,405.15,413.5,408.4,2252,29861842.0
633901,2015-11-03,ZEEL,505537,A ,413.5,416.5,412.05,415.05,413.5,1973,24670096.0
636887,2015-11-04,ZEEL,505537,A ,415.05,417.8,412.95,414.9,415.05,2759,128819880.0
639892,2015-11-05,ZEEL,505537,A ,413.2,414.9,404.5,405.9,414.9,955,52289872.0
642841,2015-11-06,ZEEL,505537,A ,407.95,410.4,395.4,398.6,405.9,2268,35940467.0
645781,2015-11-09,ZEEL,505537,A ,396.0,396.0,386.0,390.7,398.6,1512,25723831.0
648663,2015-11-10,ZEEL,505537,A ,390.0,397.75,384.55,386.8,390.7,3722,51418864.0
651528,2015-11-11,ZEEL,505537,A ,395.0,395.5,390.6,391.8,386.8,409,7380832.0
654103,2015-11-13,ZEEL,505537,A ,383.0,388.05,376.0,377.35,391.8,2604,29447160.0
657005,2015-11-16,ZEEL,505537,A ,378.0,382.8,375.0,378.75,377.35,2485,31989166.0
659985,2015-11-17,ZEEL,505537,A ,382.1,384.0,376.5,379.75,378.75,2487,49371707.0
663018,2015-11-18,ZEEL,505537,A ,379.9,383.6,378.0,379.2,379.75,5195,65323458.0
666032,2015-11-19,ZEEL,505537,A ,381.7,391.6,379.75,390.45,379.2,4654,75497322.0
669073,2015-11-20,ZEEL,505537,A ,391.0,400.0,389.6,395.5,390.45,1768,35562579.0
672118,2015-11-23,ZEEL,505537,A ,399.0,409.05,396.0,407.3,395.5,3450,50860526.0
675106,2015-11-24,ZEEL,505537,A ,403.5,409.15,399.1,401.4,407.3,1835,19518482.0
678125,2015-11-26,ZEEL,505537,A ,401.4,414.95,401.4,408.95,401.4,2601,32507561.0
681176,2015-11-27,ZEEL,505537,A ,410.25,414.0,406.85,411.2,408.95,1291,16205161.0
684187,2015-11-30,ZEEL,505537,A ,412.4,417.0,406.55,408.35,411.2,2264,18535677.0
687263,2015-12-01,ZEEL,505537,A ,414.0,416.5,407.85,414.85,408.35,2026,26506538.0
690407,2015-12-02,ZEEL,505537,A ,415.0,418.6,412.1,413.95,414.85,1615,14358890.0
693482,2015-12-03,ZEEL,505537,A ,410.0,415.35,408.6,410.15,413.95,1430,13051280.0
696561,2015-12-04,ZEEL,505537,A ,410.0,410.0,394.0,395.65,410.15,3026,26024984.0
699625,2015-12-07,ZEEL,505537,A ,398.0,401.9,394.9,400.2,395.65,1566,28073550.0
702731,2015-12-08,ZEEL,505537,A ,394.0,405.5,394.0,400.7,400.2,1587,21914857.0
705795,2015-12-09,ZEEL,505537,A ,399.55,403.15,393.1,395.45,400.7,1071,13617565.0
708869,2015-12-10,ZEEL,505537,A ,392.0,403.95,387.5,401.95,395.45,1915,24715346.0
711870,2015-12-11,ZEEL,505537,A ,403.0,404.35,394.5,396.7,401.95,869,13148222.0
714894,2015-12-14,ZEEL,505537,A ,395.55,407.8,395.55,406.3,396.7,1028,12470249.0
717913,2015-12-15,ZEEL,505537,A ,407.75,411.9,405.65,407.35,406.3,2167,24820195.0
720941,2015-12-16,ZEEL,505537,A ,408.35,411.7,406.15,408.3,407.35,1306,18234038.0
724012,2015-12-17,ZEEL,505537,A ,409.0,416.3,404.1,415.4,408.3,1820,38046216.0
727052,2015-12-18,ZEEL,505537,A ,413.1,418.5,412.4,413.95,415.4,1347,19201391.0
730100,2015-12-21,ZEEL,505537,A ,413.15,418.2,413.15,416.7,413.95,1680,207519948.0
733176,2015-12-22,ZEEL,505537,A ,413.0,418.0,412.05,415.6,416.7,1216,19599510.0
736231,2015-12-23,ZEEL,505537,A ,407.0,420.25,407.0,418.55,415.6,1448,16493704.0
739307,2015-12-24,ZEEL,505537,A ,417.0,417.85,410.0,410.65,418.55,1716,16309841.0
742337,2015-12-28,ZEEL,505537,A ,410.75,415.9,409.5,411.1,410.65,1094,11486994.0
745437,2015-12-29,ZEEL,505537,A ,408.0,417.8,408.0,415.25,411.1,1314,16490351.0
748512,2015-12-30,ZEEL,505537,A ,415.25,429.4,415.25,427.95,415.25,3242,46143213.0
751633,2015-12-31,ZEEL,505537,A ,429.0,439.45,425.4,437.05,427.95,3888,48559012.0
754678,2016-01-01,ZEEL,505537,A ,437.5,437.5,430.75,432.75,437.05,1077,10588189.0
757756,2016-01-04,ZEEL,505537,A ,432.75,432.75,420.85,422.05,432.75,1282,10937483.0
760910,2016-01-05,ZEEL,505537,A ,422.0,430.15,421.4,424.75,422.05,2045,13948085.0
764080,2016-01-06,ZEEL,505537,A ,424.75,425.5,417.6,422.85,424.75,1127,9237602.0
767267,2016-01-07,ZEEL,505537,A ,420.55,421.5,413.1,415.2,422.85,1887,17655101.0
770421,2016-01-08,ZEEL,505537,A ,418.95,419.6,409.75,412.45,415.2,3835,49790184.0
773508,2016-01-11,ZEEL,505537,A ,408.0,415.2,404.45,409.75,412.45,2460,44155464.0
776593,2016-01-12,ZEEL,505537,A ,407.55,411.2,404.35,406.95,409.75,1215,8486729.0
779703,2016-01-13,ZEEL,505537,A ,408.6,417.0,406.1,414.3,406.95,2768,33584288.0
782816,2016-01-14,ZEEL,505537,A ,406.0,421.3,406.0,415.8,414.3,2864,204849467.0
785816,2016-01-15,ZEEL,505537,A ,420.0,422.0,395.0,401.8,415.8,11680,135150595.0
788826,2016-01-18,ZEEL,505537,A ,397.0,401.2,378.1,394.45,401.8,2870,48736025.0
791872,2016-01-19,ZEEL,505537,A ,393.5,401.6,388.5,395.35,394.45,1984,20140673.0
794861,2016-01-20,ZEEL,505537,A ,390.0,390.0,375.1,383.95,395.35,3123,22515522.0
797769,2016-01-21,ZEEL,505537,A ,386.0,396.5,384.0,385.55,383.95,825,10407725.0
800707,2016-01-22,ZEEL,505537,A ,388.7,401.0,388.7,397.0,385.55,3115,242189076.0
803680,2016-01-25,ZEEL,505537,A ,397.55,404.55,390.2,391.15,397.0,1850,16420039.0
806643,2016-01-27,ZEEL,505537,A ,392.55,398.7,392.55,396.35,391.15,1616,15884011.0
809570,2016-01-28,ZEEL,505537,A ,398.0,408.2,396.35,404.65,396.35,3891,29740575.0
812461,2016-01-29,ZEEL,505537,A ,404.65,422.3,404.4,420.45,404.65,1823,29077837.0
815388,2016-02-01,ZEEL,505537,A ,423.0,423.0,411.35,416.2,420.45,1210,12186845.0
818379,2016-02-02,ZEEL,505537,A ,415.85,416.8,400.25,402.2,416.2,1463,16065340.0
821363,2016-02-03,ZEEL,505537,A ,402.0,412.15,401.3,403.45,402.2,1891,24543927.0
824289,2016-02-04,ZEEL,505537,A ,407.05,411.9,396.4,399.5,403.45,1904,30550251.0
827219,2016-02-05,ZEEL,505537,A ,403.0,409.8,393.0,407.45,399.5,1751,23971210.0
830159,2016-02-08,ZEEL,505537,A ,409.0,414.35,400.6,402.7,407.45,2641,41809938.0
833135,2016-02-09,ZEEL,505537,A ,402.7,402.7,388.1,389.4,402.7,4109,56136453.0
836030,2016-02-10,ZEEL,505537,A ,390.1,390.1,376.3,379.4,389.4,2128,26909448.0
838984,2016-02-11,ZEEL,505537,A ,380.0,380.0,364.65,369.4,379.4,2787,31189796.0
841966,2016-02-12,ZEEL,505537,A ,369.0,374.3,361.0,370.2,369.4,1753,23103007.0
844861,2016-02-15,ZEEL,505537,A ,374.0,384.8,374.0,383.3,370.2,3590,634431404.0
847813,2016-02-16,ZEEL,505537,A ,383.2,384.75,360.1,362.45,383.3,2532,32015396.0
850730,2016-02-17,ZEEL,505537,A ,364.0,372.65,350.15,370.65,362.45,2796,41008028.0
853585,2016-02-18,ZEEL,505537,A ,374.5,382.75,373.65,380.75,370.65,2130,29951436.0
856426,2016-02-19,ZEEL,505537,A ,375.0,387.05,372.9,383.4,380.75,1733,21506463.0
859252,2016-02-22,ZEEL,505537,A ,384.8,394.25,383.65,391.75,383.4,2171,26991051.0
862114,2016-02-23,ZEEL,505537,A ,392.0,393.85,382.35,387.05,391.75,1350,20964553.0
865028,2016-02-24,ZEEL,505537,A ,387.0,391.2,379.15,387.2,387.05,903,12100147.0
867878,2016-02-25,ZEEL,505537,A ,388.45,388.55,376.65,379.9,387.2,1019,7978831.0
870665,2016-02-26,ZEEL,505537,A ,385.0,386.2,376.6,380.75,379.9,988,13306844.0
873456,2016-02-29,ZEEL,505537,A ,381.25,382.0,364.5,372.7,380.75,2840,40338298.0
876261,2016-03-01,ZEEL,505537,A ,375.4,393.7,373.9,391.8,372.7,2251,25265129.0
879139,2016-03-02,ZEEL,505537,A ,393.5,401.0,391.65,399.3,391.8,3069,21373845.0
882103,2016-03-03,ZEEL,505537,A ,398.7,401.4,388.0,394.45,399.3,2398,25105729.0
885056,2016-03-04,ZEEL,505537,A ,399.9,399.9,391.95,396.3,394.45,1045,13484065.0
887965,2016-03-08,ZEEL,505537,A ,393.8,401.0,384.5,390.7,396.3,1680,23381099.0
890954,2016-03-09,ZEEL,505537,A ,390.7,396.5,386.15,395.2,390.7,2721,28234402.0
893843,2016-03-10,ZEEL,505537,A ,395.35,397.55,389.9,392.6,395.2,961,13031028.0
896750,2016-03-11,ZEEL,505537,A ,392.0,402.0,390.3,398.95,392.6,1693,64909937.0
899654,2016-03-14,ZEEL,505537,A ,398.95,407.6,398.6,401.6,398.95,2648,34355004.0
902644,2016-03-15,ZEEL,505537,A ,399.8,401.0,384.3,386.8,401.6,3144,35548338.0
905612,2016-03-16,ZEEL,505537,A ,384.5,387.0,380.55,384.85,386.8,1591,18212212.0
908522,2016-03-17,ZEEL,505537,A ,388.0,392.9,383.6,386.2,384.85,1695,22609335.0
911514,2016-03-18,ZEEL,505537,A ,387.0,401.0,384.5,392.35,386.2,1942,34799816.0
914499,2016-03-21,ZEEL,505537,A ,392.6,393.4,385.3,390.9,392.35,2019,23750768.0
917554,2016-03-22,ZEEL,505537,A ,390.0,395.55,386.7,389.95,390.9,1416,21901127.0
920528,2016-03-23,ZEEL,505537,A ,390.2,394.7,387.0,388.4,389.95,3086,29197868.0
923500,2016-03-28,ZEEL,505537,A ,391.8,392.85,385.55,388.35,388.4,1751,20747246.0
926549,2016-03-29,ZEEL,505537,A ,387.1,387.75,379.7,381.5,388.35,1636,20748477.0
929549,2016-03-30,ZEEL,505537,A ,386.9,386.9,375.55,377.15,381.5,2844,32263020.0
932446,2016-03-31,ZEEL,505537,A ,377.2,387.85,372.85,386.4,377.15,2334,28522472.0
935345,2016-04-01,ZEEL,505537,A ,385.0,389.6,383.3,386.65,386.4,1829,18213040.0
938133,2016-04-05,ZEEL,505537,A ,395.0,395.6,382.15,384.2,395.6,3848,29004371.0
940963,2016-04-06,ZEEL,505537,A ,384.35,389.65,384.35,387.4,384.2,1708,11572286.0
943843,2016-04-07,ZEEL,505537,A ,387.4,389.15,382.5,384.0,387.4,1513,8324561.0
946704,2016-04-08,ZEEL,505537,A ,383.95,390.85,382.85,388.85,384.0,1248,390835548.0
949554,2016-04-11,ZEEL,505537,A ,385.3,396.0,385.3,394.35,388.85,3587,40575473.0
952457,2016-04-12,ZEEL,505537,A ,392.8,405.95,392.8,404.45,394.35,1906,21149159.0
955380,2016-04-13,ZEEL,505537,A ,405.6,409.9,400.55,401.6,404.45,1900,18923308.0
958390,2016-04-18,ZEEL,505537,A ,402.6,409.45,398.0,408.15,401.6,1112,15911486.0
961350,2016-04-20,ZEEL,505537,A ,409.4,409.4,398.85,401.3,408.15,2029,15592387.0
964330,2016-04-21,ZEEL,505537,A ,401.9,404.2,395.7,398.5,401.3,1441,21618117.0
967238,2016-04-22,ZEEL,505537,A ,399.1,404.0,398.6,400.3,398.5,1001,11681865.0
970126,2016-04-25,ZEEL,505537,A ,401.05,402.35,396.0,400.5,400.3,664,11192016.0
973065,2016-04-26,ZEEL,505537,A ,400.0,414.5,399.55,413.2,400.5,3077,27515647.0
975995,2016-04-27,ZEEL,505537,A ,414.0,416.55,406.45,407.7,413.2,2476,25353474.0
978922,2016-04-28,ZEEL,505537,A ,407.7,410.1,401.8,404.95,407.7,2187,16217302.0
981766,2016-04-29,ZEEL,505537,A ,403.0,416.0,402.3,414.9,404.95,1723,18567016.0
984593,2016-05-02,ZEEL,505537,A ,414.9,417.2,411.6,415.8,414.9,1512,21981291.0
987496,2016-05-03,ZEEL,505537,A ,417.85,423.0,415.55,418.45,415.8,2021,25076358.0
990441,2016-05-04,ZEEL,505537,A ,418.0,418.0,402.7,404.4,418.45,1244,15230604.0
993287,2016-05-05,ZEEL,505537,A ,409.0,409.0,396.3,402.15,404.4,1431,17920738.0
996177,2016-05-06,ZEEL,505537,A ,403.05,406.0,397.65,402.9,402.15,1166,9997855.0
999053,2016-05-09,ZEEL,505537,A ,405.0,422.9,405.0,420.85,402.9,1939,23088766.0
1002017,2016-05-10,ZEEL,505537,A ,423.9,423.9,414.7,417.7,420.85,3656,56933693.0
1004934,2016-05-11,ZEEL,505537,A ,421.2,449.5,420.75,447.5,417.7,19181,360329537.0
1007818,2016-05-12,ZEEL,505537,A ,449.4,450.6,440.6,446.85,447.5,4522,138626369.0
1010734,2016-05-13,ZEEL,505537,A ,445.0,453.8,441.25,448.95,446.85,3192,51033767.0
1013601,2016-05-16,ZEEL,505537,A ,452.0,459.2,445.5,447.15,448.95,3150,56228266.0
1016490,2016-05-17,ZEEL,505537,A ,450.0,453.6,443.0,445.3,447.15,1430,24720325.0
1019447,2016-05-18,ZEEL,505537,A ,447.8,447.8,433.2,435.8,445.3,6127,371068736.0
1022320,2016-05-19,ZEEL,505537,A ,436.5,440.25,430.5,437.75,435.8,1709,24399697.0
1025213,2016-05-20,ZEEL,505537,A ,436.9,441.0,433.0,434.35,437.75,784,10799516.0
1028115,2016-05-23,ZEEL,505537,A ,437.35,444.4,434.65,435.55,434.35,2122,27925909.0
1031019,2016-05-24,ZEEL,505537,A ,436.15,440.0,431.35,438.4,435.55,1362,14746824.0
1033899,2016-05-25,ZEEL,505537,A ,447.0,447.0,439.25,442.25,438.4,1361,20215450.0
1036760,2016-05-26,ZEEL,505537,A ,441.0,446.55,439.15,444.25,442.25,4332,281750882.0
1039664,2016-05-27,ZEEL,505537,A ,444.8,454.85,443.4,451.85,444.25,2327,28911117.0
1042587,2016-05-30,ZEEL,505537,A ,454.0,455.0,441.75,444.15,451.85,2124,22098030.0
1045553,2016-05-31,ZEEL,505537,A ,445.95,448.8,440.7,443.7,444.15,1213,14236709.0
1048468,2016-06-01,ZEEL,505537,A ,445.0,452.3,442.5,449.3,443.7,1598,17232011.0
1051412,2016-06-02,ZEEL,505537,A ,449.8,459.0,446.35,455.65,449.3,2269,32740726.0
1054357,2016-06-03,ZEEL,505537,A ,456.65,461.9,454.25,456.3,455.65,1758,26671272.0
1057308,2016-06-06,ZEEL,505537,A ,454.75,463.0,451.45,456.3,456.3,2769,47399410.0
1060268,2016-06-07,ZEEL,505537,A ,458.0,465.95,453.4,461.95,456.3,3155,40537232.0
1063230,2016-06-08,ZEEL,505537,A ,456.0,459.55,452.55,455.8,461.95,1905,20488388.0
1066170,2016-06-09,ZEEL,505537,A ,459.6,464.05,458.0,461.95,455.8,1391,15518688.0
1069096,2016-06-10,ZEEL,505537,A ,462.0,464.2,457.0,458.25,461.95,1357,14056355.0
1072022,2016-06-13,ZEEL,505537,A ,459.0,464.5,451.5,462.55,458.25,1773,19198700.0
1074937,2016-06-14,ZEEL,505537,A ,464.0,466.5,452.55,455.2,462.55,3163,34974886.0
1077858,2016-06-15,ZEEL,505537,A ,452.7,461.1,452.7,458.2,455.2,912,12584842.0
1080813,2016-06-16,ZEEL,505537,A ,455.15,455.85,447.7,451.8,458.2,1589,22885632.0
1083748,2016-06-17,ZEEL,505537,A ,454.8,458.0,448.1,449.7,451.8,1610,17156354.0
1086675,2016-06-20,ZEEL,505537,A ,447.4,452.5,446.05,450.1,449.7,625,8284353.0
1089628,2016-06-21,ZEEL,505537,A ,452.0,454.95,446.0,447.85,450.1,1043,11623228.0
1092601,2016-06-22,ZEEL,505537,A ,445.8,452.55,445.8,448.95,447.85,1989,33531563.0
1095541,2016-06-23,ZEEL,505537,A ,448.0,453.55,446.15,448.3,448.95,1350,13861264.0
1098477,2016-06-24,ZEEL,505537,A ,445.0,450.0,435.35,448.95,448.3,2279,31625154.0
1101323,2016-06-27,ZEEL,505537,A ,441.0,443.9,437.4,441.45,448.95,4434,49375126.0
1104264,2016-06-28,ZEEL,505537,A ,441.0,441.4,434.0,437.4,441.45,1551,20497029.0
1107202,2016-06-29,ZEEL,505537,A ,438.0,446.65,438.0,446.05,437.4,5145,97308283.0
1110149,2016-06-30,ZEEL,505537,A ,438.2,461.0,438.2,455.7,446.05,3502,33901987.0
1113123,2016-07-01,ZEEL,505537,A ,458.45,460.3,451.95,453.25,455.7,1211,11796762.0
1116120,2016-07-04,ZEEL,505537,A ,454.05,462.75,452.3,461.9,453.25,2141,28213853.0
1119181,2016-07-05,ZEEL,505537,A ,461.05,469.75,456.65,461.4,461.9,3319,40596243.0
1122245,2016-07-07,ZEEL,505537,A ,460.0,463.9,446.3,447.8,461.4,2615,36834436.0
1125329,2016-07-08,ZEEL,505537,A ,450.9,455.6,448.1,451.95,447.8,1014,13908008.0
1128340,2016-07-11,ZEEL,505537,A ,455.2,456.0,449.2,454.1,451.95,958,18355132.0
1131475,2016-07-12,ZEEL,505537,A ,455.1,456.0,451.7,454.85,454.1,865,12291164.0
1134580,2016-07-13,ZEEL,505537,A ,454.35,461.35,452.75,457.05,454.85,1840,22049894.0
1137655,2016-07-14,ZEEL,505537,A ,453.0,466.75,448.35,465.1,457.05,2655,35326336.0
1140690,2016-07-15,ZEEL,505537,A ,466.0,472.85,464.0,470.2,465.1,3136,37332227.0
1143732,2016-07-18,ZEEL,505537,A ,472.0,474.7,459.0,461.0,470.2,2247,27025757.0
1146832,2016-07-19,ZEEL,505537,A ,462.05,470.55,460.55,466.2,461.0,2049,26168035.0
1149828,2016-07-20,ZEEL,505537,A ,466.0,470.55,459.55,463.85,466.2,1683,20422782.0
1152867,2016-07-21,ZEEL,505537,A ,463.85,463.85,451.0,453.1,463.85,2608,24689256.0
1155919,2016-07-22,ZEEL,505537,A ,455.0,467.9,452.45,466.1,453.1,1866,29298489.0
1158953,2016-07-25,ZEEL,505537,A ,464.0,477.0,462.45,474.95,466.1,2203,39962047.0
1162039,2016-07-26,ZEEL,505537,A ,474.95,478.0,469.1,474.55,474.95,2604,437019139.0
1165115,2016-07-27,ZEEL,505537,A ,490.2,493.65,476.1,487.9,474.55,7973,155232583.0
1168140,2016-07-28,ZEEL,505537,A ,489.0,490.85,482.0,485.05,487.9,2239,40405472.0
1171169,2016-07-29,ZEEL,505537,A ,493.0,499.3,479.7,496.6,485.05,1804,32283832.0
1174212,2016-08-01,ZEEL,505537,A ,497.7,508.95,492.6,503.15,496.6,3192,59831816.0
1177292,2016-08-02,ZEEL,505537,A ,508.0,508.0,494.4,499.95,503.15,1875,26255912.0
1180333,2016-08-03,ZEEL,505537,A ,490.1,497.7,482.75,492.8,499.95,1448,54574492.0
1183368,2016-08-04,ZEEL,505537,A ,497.9,497.9,483.85,487.4,492.8,3017,34102104.0
1186395,2016-08-05,ZEEL,505537,A ,476.0,498.0,476.0,497.0,487.4,3671,45732711.0
1189461,2016-08-08,ZEEL,505537,A ,500.0,503.4,495.75,500.7,497.0,884,20270083.0
1192528,2016-08-09,ZEEL,505537,A ,499.8,513.45,494.85,511.9,500.7,2526,50709609.0
1195581,2016-08-10,ZEEL,505537,A ,511.9,516.85,508.5,513.7,511.9,2117,54437980.0
1198602,2016-08-11,ZEEL,505537,A ,513.7,513.7,498.6,502.95,513.7,1654,22843180.0
1201598,2016-08-12,ZEEL,505537,A ,497.0,507.2,497.0,505.75,502.95,928,14225190.0
1204567,2016-08-16,ZEEL,505537,A ,505.0,507.7,498.95,505.8,505.75,2234,26961876.0
1207609,2016-08-17,ZEEL,505537,A ,505.05,506.0,495.45,497.35,505.8,1313,22020329.0
1210651,2016-08-18,ZEEL,505537,A ,500.2,504.65,498.5,501.4,497.35,936,13585731.0
1213670,2016-08-19,ZEEL,505537,A ,501.75,505.0,499.3,503.35,501.4,1528,17102614.0
1216755,2016-08-22,ZEEL,505537,A ,503.5,511.95,501.8,509.55,503.35,1789,38429535.0
1219835,2016-08-23,ZEEL,505537,A ,507.8,518.95,505.8,514.2,509.55,1574,22834435.0
1222851,2016-08-24,ZEEL,505537,A ,514.0,523.65,510.6,522.0,514.2,2635,49964593.0
1225916,2016-08-25,ZEEL,505537,A ,525.0,525.0,508.05,511.45,522.0,1911,17577331.0
1228927,2016-08-26,ZEEL,505537,A ,518.0,518.0,505.0,507.55,511.45,1422,38345687.0
1231927,2016-08-29,ZEEL,505537,A ,507.6,532.9,505.3,529.5,507.55,4681,107912954.0
1234964,2016-08-30,ZEEL,505537,A ,535.0,535.4,522.65,529.2,529.5,4069,74275304.0
1238039,2016-08-31,ZEEL,505537,A ,526.0,543.85,523.85,539.65,529.2,8815,184288634.0
1241097,2016-09-01,ZEEL,505537,A ,545.0,545.0,532.95,535.4,539.65,4056,80898709.0
1244153,2016-09-02,ZEEL,505537,A ,539.0,539.0,530.3,532.5,535.4,1779,26547197.0
1247175,2016-09-06,ZEEL,505537,A ,534.0,539.2,531.2,538.15,532.5,1732,31633197.0
1250319,2016-09-07,ZEEL,505537,A ,536.0,538.45,530.0,534.8,538.15,4450,65307860.0
1253381,2016-09-08,ZEEL,505537,A ,537.1,542.0,533.8,538.7,534.8,2066,37584811.0
1256467,2016-09-09,ZEEL,505537,A ,537.0,538.75,532.0,533.45,538.7,744,14592742.0
1259556,2016-09-12,ZEEL,505537,A ,533.45,533.45,512.05,515.6,533.45,2908,29598804.0
1262600,2016-09-14,ZEEL,505537,A ,515.25,521.0,507.15,519.1,515.6,2030,33723166.0
1265670,2016-09-15,ZEEL,505537,A ,518.4,535.05,513.55,531.65,519.1,2768,43124843.0
1268778,2016-09-16,ZEEL,505537,A ,531.65,536.3,517.8,520.15,531.65,3019,56050630.0
1271871,2016-09-19,ZEEL,505537,A ,520.0,528.3,519.0,525.45,520.15,2472,43391503.0
1275040,2016-09-20,ZEEL,505537,A ,525.45,529.15,522.0,525.65,525.45,1557,41901934.0
1278135,2016-09-21,ZEEL,505537,A ,526.0,528.0,520.15,526.0,525.65,2356,52507992.0
1281214,2016-09-22,ZEEL,505537,A ,528.9,536.45,524.3,526.7,526.0,1942,37928429.0
1284366,2016-09-23,ZEEL,505537,A ,535.0,535.0,522.6,525.05,526.7,1873,37873484.0
1287450,2016-09-26,ZEEL,505537,A ,526.45,532.0,525.75,530.6,525.05,1056,15994583.0
1290527,2016-09-27,ZEEL,505537,A ,528.0,543.15,528.0,531.5,530.6,2486,52622363.0
1293592,2016-09-28,ZEEL,505537,A ,519.0,551.7,519.0,548.5,531.5,2146,46642370.0
1296644,2016-09-29,ZEEL,505537,A ,556.0,558.35,523.0,548.7,548.5,2996,59867587.0
1299746,2016-09-30,ZEEL,505537,A ,547.0,553.45,540.65,546.7,548.7,2095,38489487.0
1302809,2016-10-03,ZEEL,505537,A ,550.0,588.8,549.65,579.1,546.7,5158,108339877.0
1305995,2016-10-04,ZEEL,505537,A ,580.0,580.0,559.3,563.75,579.1,2897,55196029.0
1309162,2016-10-05,ZEEL,505537,A ,579.0,579.0,561.75,566.45,563.75,3208,79237267.0
1312349,2016-10-06,ZEEL,505537,A ,567.0,569.8,552.05,554.6,566.45,2923,60923657.0
1315534,2016-10-07,ZEEL,505537,A ,557.95,573.0,556.4,570.95,554.6,3020,77776015.0
1318700,2016-10-10,ZEEL,505537,A ,565.0,575.3,562.4,567.95,570.95,2322,48269542.0
1321872,2016-10-13,ZEEL,505537,A ,568.0,568.0,540.0,546.9,567.95,2514,54707824.0
1325012,2016-10-14,ZEEL,505537,A ,549.6,549.6,525.4,528.15,546.9,2797,111901002.0
1328153,2016-10-17,ZEEL,505537,A ,527.5,531.0,498.1,503.2,528.15,4646,114786715.0
1331323,2016-10-18,ZEEL,505537,A ,500.8,519.8,499.0,514.3,503.2,5315,208940586.0
1334541,2016-10-19,ZEEL,505537,A ,512.0,517.95,505.0,509.3,514.3,2385,100535279.0
1337718,2016-10-20,ZEEL,505537,A ,511.85,521.5,509.3,519.5,509.3,2989,43324770.0
1340945,2016-10-21,ZEEL,505537,A ,522.0,528.6,518.0,521.6,519.5,2890,55914999.0
1344137,2016-10-24,ZEEL,505537,A ,525.0,525.0,510.25,512.15,521.6,2277,38071287.0
1347390,2016-10-25,ZEEL,505537,A ,515.0,522.5,507.7,515.15,512.15,6546,144068219.0
1350574,2016-10-26,ZEEL,505537,A ,515.9,518.95,509.3,516.35,515.15,1668,39770722.0
1353732,2016-10-27,ZEEL,505537,A ,519.9,520.0,500.7,505.6,516.35,2470,45417722.0
1356823,2016-10-28,ZEEL,505537,A ,505.2,522.4,505.0,520.1,505.6,3182,42710279.0
1359885,2016-10-30,ZEEL,505537,A ,524.0,524.05,516.2,519.15,520.1,464,7718386.0
1362634,2016-11-01,ZEEL,505537,A ,524.85,524.85,507.3,509.6,519.15,2004,32334597.0
1365816,2016-11-02,ZEEL,505537,A ,504.8,504.8,499.05,500.6,509.6,1809,28461117.0
1369027,2016-11-03,ZEEL,505537,A ,500.3,506.85,496.65,502.9,500.6,1530,28817827.0
1372260,2016-11-04,ZEEL,505537,A ,504.0,509.1,500.0,505.65,502.9,1782,40719391.0
1375452,2016-11-07,ZEEL,505537,A ,509.0,516.2,503.5,506.95,505.65,1594,46487663.0
1378633,2016-11-08,ZEEL,505537,A ,508.0,512.8,500.75,505.2,506.95,913,19184548.0
1381804,2016-11-09,ZEEL,505537,A ,480.0,515.55,455.0,504.95,505.2,5971,60542148.0
1384801,2016-11-10,ZEEL,505537,A ,513.0,521.35,503.0,506.6,504.95,3040,43492876.0
1387807,2016-11-11,ZEEL,505537,A ,500.0,504.0,479.0,481.9,506.6,4028,33677923.0
1390769,2016-11-15,ZEEL,505537,A ,483.0,483.0,450.0,453.6,481.9,2704,35126302.0
1393753,2016-11-16,ZEEL,505537,A ,457.0,482.15,457.0,475.65,453.6,5502,404439486.0
1396661,2016-11-17,ZEEL,505537,A ,475.65,479.45,456.15,459.7,475.65,2005,32760198.0
1399591,2016-11-18,ZEEL,505537,A ,460.75,461.0,442.65,446.25,459.7,2092,32674265.0
1402501,2016-11-21,ZEEL,505537,A ,450.55,452.35,430.1,434.15,446.25,4059,55289613.0
1405447,2016-11-22,ZEEL,505537,A ,440.0,450.9,438.1,449.5,434.15,2514,41827861.0
1408367,2016-11-23,ZEEL,505537,A ,449.5,462.85,440.0,458.35,449.5,2538,43258111.0
1411281,2016-11-24,ZEEL,505537,A ,460.6,460.8,438.0,440.05,458.35,4155,66513910.0
1414176,2016-11-25,ZEEL,505537,A ,445.0,451.25,433.05,439.85,440.05,4032,69050001.0
1417138,2016-11-28,ZEEL,505537,A ,440.1,461.9,440.1,456.7,439.85,3151,62371428.0
1420060,2016-11-29,ZEEL,505537,A ,456.0,466.0,453.6,457.3,456.7,2406,48061805.0
1423023,2016-11-30,ZEEL,505537,A ,457.0,462.6,450.7,455.75,457.3,2363,49590088.0
1425977,2016-12-01,ZEEL,505537,A ,459.8,463.05,454.65,456.8,455.75,2617,49839646.0
1428931,2016-12-02,ZEEL,505537,A ,455.75,456.45,441.3,443.35,456.8,1779,41968909.0
1431884,2016-12-05,ZEEL,505537,A ,444.0,446.9,430.85,443.35,443.35,3351,49337015.0
1434816,2016-12-06,ZEEL,505537,A ,445.0,454.2,443.5,444.3,443.35,2899,281297693.0
1437777,2016-12-07,ZEEL,505537,A ,446.0,447.45,436.65,441.5,444.3,3766,37851922.0
1440731,2016-12-08,ZEEL,505537,A ,446.0,454.6,444.25,452.85,441.5,2053,43502689.0
1443693,2016-12-09,ZEEL,505537,A ,458.9,463.9,455.65,460.1,452.85,4970,97113496.0
1446666,2016-12-12,ZEEL,505537,A ,461.85,467.4,449.45,451.45,460.1,2158,45506318.0
1449604,2016-12-13,ZEEL,505537,A ,449.55,449.55,439.3,441.8,451.45,3719,52325652.0
1452529,2016-12-14,ZEEL,505537,A ,446.8,446.8,439.2,442.35,441.8,2584,40498611.0
1455463,2016-12-15,ZEEL,505537,A ,438.9,448.0,434.45,437.5,442.35,3688,47311853.0
1458372,2016-12-16,ZEEL,505537,A ,439.3,446.3,438.0,441.9,437.5,2243,45948639.0
1461311,2016-12-19,ZEEL,505537,A ,441.7,447.65,439.3,440.55,441.9,1353,90968993.0
1464285,2016-12-20,ZEEL,505537,A ,444.9,449.4,440.05,447.9,440.55,2910,33162710.0
1467208,2016-12-21,ZEEL,505537,A ,449.0,449.75,440.25,441.3,447.9,1585,25432433.0
1470137,2016-12-22,ZEEL,505537,A ,442.0,445.2,438.15,440.35,441.3,2142,34038326.0
1473081,2016-12-23,ZEEL,505537,A ,438.0,444.25,428.5,442.25,440.35,3526,60968841.0
1475971,2016-12-26,ZEEL,505537,A ,440.05,442.15,430.55,432.1,442.25,1371,26383250.0
1478913,2016-12-27,ZEEL,505537,A ,434.25,438.6,430.6,436.55,432.1,1021,21068419.0
1481808,2016-12-28,ZEEL,505537,A ,439.35,447.85,438.7,443.45,436.55,3119,54310222.0
1484758,2016-12-29,ZEEL,505537,A ,441.55,449.5,437.25,447.3,443.45,2539,36254326.0
1487660,2016-12-30,ZEEL,505537,A ,447.85,454.7,447.2,452.15,447.3,1721,31435910.0
1490635,2017-01-02,ZEEL,505537,A ,453.3,458.15,451.3,452.6,452.15,1308,21170343.0
1493624,2017-01-03,ZEEL,505537,A ,453.0,459.5,450.7,458.2,452.6,1855,27554743.0
1496677,2017-01-04,ZEEL,505537,A ,460.0,462.6,453.5,457.6,458.2,1583,22116823.0
1499773,2017-01-05,ZEEL,505537,A ,469.5,474.0,459.6,470.95,457.6,2336,56011286.0
1502921,2017-01-06,ZEEL,505537,A ,472.0,474.15,461.45,463.3,470.95,2332,39869035.0
1505989,2017-01-09,ZEEL,505537,A ,464.0,467.9,462.15,464.0,463.3,1048,10774594.0
1509091,2017-01-10,ZEEL,505537,A ,468.0,468.7,464.4,467.25,464.0,2536,31699213.0
1512217,2017-01-11,ZEEL,505537,A ,467.8,481.8,467.8,478.95,467.25,6281,103551900.0
1515332,2017-01-12,ZEEL,505537,A ,480.0,485.6,473.4,475.95,478.95,5424,81505395.0
1518419,2017-01-13,ZEEL,505537,A ,478.0,479.4,466.0,477.75,475.95,5910,58970559.0
1521514,2017-01-16,ZEEL,505537,A ,478.0,485.8,478.0,480.95,477.75,4495,58406547.0
1524632,2017-01-17,ZEEL,505537,A ,482.0,488.5,477.0,480.0,480.95,6603,149427829.0
1527723,2017-01-18,ZEEL,505537,A ,481.05,484.45,476.55,481.95,480.0,4058,62353115.0
1530806,2017-01-19,ZEEL,505537,A ,483.0,483.0,476.15,477.45,481.95,2895,44524517.0
1533896,2017-01-20,ZEEL,505537,A ,482.5,482.5,465.05,467.3,477.45,2582,49263925.0
1536955,2017-01-23,ZEEL,505537,A ,467.4,485.0,467.4,483.0,467.3,2973,41666141.0
1540061,2017-01-24,ZEEL,505537,A ,488.0,488.6,473.5,479.6,483.0,5465,85665284.0
1543171,2017-01-25,ZEEL,505537,A ,483.4,503.3,481.5,498.1,479.6,7928,98393253.0
1546287,2017-01-27,ZEEL,505537,A ,495.0,510.9,485.0,495.9,498.1,2914,66679655.0
1549444,2017-01-30,ZEEL,505537,A ,498.0,502.15,491.15,496.3,495.9,3372,63978914.0
1552580,2017-01-31,ZEEL,505537,A ,497.0,497.0,487.3,489.85,496.3,3262,65789129.0
1555690,2017-02-01,ZEEL,505537,A ,492.55,505.4,487.5,504.15,489.85,1500,29618696.0
1558781,2017-02-02,ZEEL,505537,A ,504.0,510.0,494.0,506.95,504.15,2323,28746345.0
1561889,2017-02-03,ZEEL,505537,A ,508.0,514.75,492.0,495.8,506.95,3961,58012998.0
1565035,2017-02-06,ZEEL,505537,A ,498.0,506.7,496.95,504.45,495.8,1886,49967479.0
1568292,2017-02-07,ZEEL,505537,A ,504.45,504.75,494.0,502.8,504.45,2604,46666022.0
1571488,2017-02-08,ZEEL,505537,A ,504.5,514.3,502.0,512.5,502.8,1720,92900663.0
1574690,2017-02-09,ZEEL,505537,A ,512.5,522.25,509.0,520.65,512.5,2643,52997852.0
1577930,2017-02-10,ZEEL,505537,A ,525.0,525.0,511.1,518.35,520.65,4666,98846770.0
1581138,2017-02-13,ZEEL,505537,A ,518.0,524.5,516.1,522.95,518.35,2272,47992693.0
1584371,2017-02-14,ZEEL,505537,A ,520.75,520.75,513.05,514.55,522.95,1304,20186178.0
1587551,2017-02-15,ZEEL,505537,A ,514.55,526.5,512.85,520.95,514.55,1893,48009529.0
1590712,2017-02-16,ZEEL,505537,A ,515.9,520.9,508.65,519.15,520.95,2705,42166180.0
1593857,2017-02-17,ZEEL,505537,A ,520.0,524.7,517.25,520.8,519.15,1023,18804385.0
1597051,2017-02-20,ZEEL,505537,A ,522.0,532.5,518.5,528.7,520.8,1469,27023777.0
1600266,2017-02-21,ZEEL,505537,A ,524.6,525.85,520.25,524.65,528.7,1674,36267330.0
1603447,2017-02-22,ZEEL,505537,A ,524.65,525.0,513.7,517.45,524.65,1242,20017505.0
1606644,2017-02-23,ZEEL,505537,A ,517.45,522.5,513.55,518.4,517.45,1454,23193706.0
1609779,2017-02-27,ZEEL,505537,A ,517.9,517.9,501.25,503.35,518.4,2981,50332809.0
1613012,2017-02-28,ZEEL,505537,A ,504.0,513.0,504.0,508.65,503.35,1947,31853807.0
1616198,2017-03-01,ZEEL,505537,A ,510.9,511.05,504.85,508.05,508.65,1236,22932162.0
1619417,2017-03-02,ZEEL,505537,A ,508.5,512.0,498.8,501.1,508.05,1742,22034726.0
1622623,2017-03-03,ZEEL,505537,A ,502.05,506.25,494.15,503.65,501.1,1211,21391006.0
1625815,2017-03-06,ZEEL,505537,A ,502.5,508.7,495.0,506.8,503.65,1688,46203676.0
1629119,2017-03-07,ZEEL,505537,A ,509.9,511.9,503.1,506.8,506.8,1487,32521873.0
1632342,2017-03-08,ZEEL,505537,A ,507.85,514.8,505.55,513.4,506.8,1753,30146592.0
1635524,2017-03-09,ZEEL,505537,A ,513.4,518.65,512.5,517.05,513.4,2193,62099376.0
1638677,2017-03-10,ZEEL,505537,A ,517.05,522.45,511.5,513.4,517.05,1302,28282317.0
1641842,2017-03-14,ZEEL,505537,A ,520.0,538.1,519.3,522.85,513.4,2129,32883085.0
1645083,2017-03-15,ZEEL,505537,A ,521.7,527.5,520.0,525.25,522.85,1813,20250012.0
1648289,2017-03-16,ZEEL,505537,A ,527.0,550.0,521.75,524.7,525.25,1190,18565546.0
1651488,2017-03-17,ZEEL,505537,A ,525.55,525.9,515.75,519.45,524.7,1046,165298105.0
1654707,2017-03-20,ZEEL,505537,A ,520.55,524.6,516.95,521.5,519.45,1238,22673509.0
1657924,2017-03-21,ZEEL,505537,A ,520.1,524.25,516.6,522.9,521.5,1046,17126583.0
1661102,2017-03-22,ZEEL,505537,A ,520.5,526.0,517.5,520.45,522.9,1352,22719918.0
1664298,2017-03-23,ZEEL,505537,A ,523.2,524.85,518.85,523.75,520.45,1017,96908206.0
1667516,2017-03-24,ZEEL,505537,A ,524.25,525.65,516.05,517.95,523.75,1162,24086093.0
1670741,2017-03-27,ZEEL,505537,A ,518.1,518.6,512.0,516.7,517.95,1355,21467019.0
1673987,2017-03-28,ZEEL,505537,A ,519.1,532.4,516.8,531.1,516.7,1939,69994736.0
1677259,2017-03-29,ZEEL,505537,A ,531.5,536.0,524.0,532.0,531.1,2500,80396739.0
1680541,2017-03-30,ZEEL,505537,A ,532.0,538.1,529.1,532.2,532.0,1273,27152235.0
1683655,2017-03-31,ZEEL,505537,A ,532.2,540.0,530.0,534.65,532.2,2552,116899546.0
1686815,2017-04-03,ZEEL,505537,A ,538.0,538.85,528.0,530.05,534.65,1966,34486445.0
1690061,2017-04-05,ZEEL,505537,A ,531.0,544.3,527.55,543.05,530.05,1547,29699394.0
1693365,2017-04-06,ZEEL,505537,A ,543.05,553.2,540.0,552.25,543.05,2283,34157329.0
1696585,2017-04-07,ZEEL,505537,A ,552.0,552.0,540.5,547.45,552.25,1122,21279654.0
1699826,2017-04-10,ZEEL,505537,A ,547.45,554.3,544.3,551.55,547.45,766,15855943.0
1703089,2017-04-11,ZEEL,505537,A ,553.75,553.95,538.3,541.4,551.55,1114,19172681.0
1706315,2017-04-12,ZEEL,505537,A ,541.4,541.4,528.85,530.55,541.4,1534,26896572.0
1709534,2017-04-13,ZEEL,505537,A ,530.2,534.4,520.4,522.2,530.55,1636,33057951.0
1712779,2017-04-17,ZEEL,505537,A ,522.45,527.4,518.1,521.1,522.2,622,12453053.0
1716063,2017-04-18,ZEEL,505537,A ,524.85,532.7,515.5,517.65,521.1,4129,402869869.0
1719285,2017-04-19,ZEEL,505537,A ,519.0,525.0,517.0,521.95,517.65,2441,71092978.0
1722493,2017-04-20,ZEEL,505537,A ,523.0,537.15,520.95,533.65,521.95,1182,24017162.0
1725722,2017-04-21,ZEEL,505537,A ,535.6,537.3,525.4,528.55,533.65,612,15401796.0
1728933,2017-04-24,ZEEL,505537,A ,528.75,531.45,521.0,524.4,528.55,577,10495497.0
1732204,2017-04-25,ZEEL,505537,A ,529.0,529.1,525.05,528.0,524.4,514,11301153.0
1735461,2017-04-26,ZEEL,505537,A ,529.4,533.15,523.0,528.05,528.0,1114,48832138.0
1738716,2017-04-27,ZEEL,505537,A ,530.25,536.0,525.7,528.75,528.05,1274,28446798.0
1741937,2017-04-28,ZEEL,505537,A ,528.0,529.5,519.45,526.05,528.75,842,15927100.0
1745113,2017-05-02,ZEEL,505537,A ,531.8,537.0,524.6,534.8,526.05,1617,28810434.0
1748357,2017-05-03,ZEEL,505537,A ,538.8,538.8,526.05,528.95,534.8,1397,31145042.0
1751571,2017-05-04,ZEEL,505537,A ,530.0,533.4,519.45,521.9,528.95,1493,27131705.0
1754774,2017-05-05,ZEEL,505537,A ,520.0,523.0,505.05,507.25,521.9,1471,29932027.0
1757971,2017-05-08,ZEEL,505537,A ,507.0,510.0,500.2,501.75,507.25,1484,38029528.0
1761133,2017-05-09,ZEEL,505537,A ,502.5,502.8,494.5,496.3,501.75,2413,38598330.0
1764335,2017-05-10,ZEEL,505537,A ,496.3,521.5,496.3,516.05,496.3,5792,152123883.0
1767545,2017-05-11,ZEEL,505537,A ,524.5,549.9,524.0,545.35,516.05,8147,249160105.0
1770749,2017-05-12,ZEEL,505537,A ,545.0,545.0,524.9,526.55,545.35,7030,109274787.0
1773920,2017-05-15,ZEEL,505537,A ,530.0,531.25,521.55,525.15,526.55,2259,43988254.0
1777095,2017-05-16,ZEEL,505537,A ,529.05,529.05,512.0,522.15,525.15,2143,61953030.0
1780261,2017-05-17,ZEEL,505537,A ,522.3,527.0,516.55,524.2,522.15,3059,61926755.0
1783428,2017-05-18,ZEEL,505537,A ,523.9,525.5,513.1,515.35,524.2,1694,188692803.0
1786512,2017-05-19,ZEEL,505537,A ,516.95,519.9,507.0,510.65,515.35,2151,42256066.0
1789630,2017-05-22,ZEEL,505537,A ,514.35,521.95,507.0,520.2,510.65,2153,41656556.0
1792737,2017-05-23,ZEEL,505537,A ,520.0,520.65,510.5,512.6,520.2,1168,25026541.0
1795806,2017-05-24,ZEEL,505537,A ,512.6,513.55,503.0,509.75,512.6,1260,24327570.0
1798880,2017-05-25,ZEEL,505537,A ,510.1,516.85,504.0,511.05,509.75,848,20714182.0
1801887,2017-05-26,ZEEL,505537,A ,510.5,523.0,510.5,520.0,511.05,1245,29788203.0
1804930,2017-05-29,ZEEL,505537,A ,518.0,525.75,514.55,522.5,520.0,1001,60171431.0
1807983,2017-05-30,ZEEL,505537,A ,520.45,525.0,510.2,523.05,522.5,1311,27119759.0
1811009,2017-05-31,ZEEL,505537,A ,522.55,525.35,512.25,514.75,523.05,1895,59118244.0
1814056,2017-06-01,ZEEL,505537,A ,515.0,523.5,515.0,521.9,514.75,1059,22083147.0
1817100,2017-06-02,ZEEL,505537,A ,525.5,528.7,521.3,522.65,521.9,1160,130608803.0
1820137,2017-06-05,ZEEL,505537,A ,521.0,529.1,521.0,524.05,522.65,629,14226834.0
1823211,2017-06-06,ZEEL,505537,A ,527.0,527.0,518.2,519.95,524.05,940,21830308.0
1826250,2017-06-07,ZEEL,505537,A ,519.95,520.7,514.35,519.55,519.95,1514,34011419.0
1829250,2017-06-08,ZEEL,505537,A ,522.0,527.25,519.75,521.15,519.55,1019,24245383.0
1832290,2017-06-09,ZEEL,505537,A ,521.75,524.0,518.5,522.0,521.15,696,17864173.0
1835335,2017-06-12,ZEEL,505537,A ,522.0,522.1,509.65,512.3,522.0,890,19296714.0
1838390,2017-06-13,ZEEL,505537,A ,513.3,514.35,505.5,508.15,512.3,803,20187242.0
1841424,2017-06-14,ZEEL,505537,A ,506.0,514.9,506.0,513.05,508.15,760,28799832.0
1844442,2017-06-15,ZEEL,505537,A ,513.05,513.05,506.1,508.35,513.05,1495,14409199.0
1847445,2017-06-16,ZEEL,505537,A ,509.1,514.2,507.5,508.3,508.35,709,14688397.0
1850448,2017-06-19,ZEEL,505537,A ,509.4,511.95,507.65,508.8,508.3,536,7969053.0
1853510,2017-06-20,ZEEL,505537,A ,512.0,512.0,503.05,504.85,508.8,1008,18284757.0
1856547,2017-06-21,ZEEL,505537,A ,504.85,507.45,499.0,504.35,504.85,1579,20721952.0
1859537,2017-06-22,ZEEL,505537,A ,508.0,512.0,507.55,509.65,504.35,980,13810185.0
1862551,2017-06-23,ZEEL,505537,A ,510.0,515.45,506.1,509.0,509.65,1707,392994153.0
1865508,2017-06-27,ZEEL,505537,A ,510.0,511.6,488.0,491.6,509.0,1790,109633302.0
1868491,2017-06-28,ZEEL,505537,A ,492.0,492.0,479.95,484.65,491.6,1386,22020708.0
1871451,2017-06-29,ZEEL,505537,A ,487.0,493.9,486.4,489.5,484.65,1574,23727477.0
1874352,2017-06-30,ZEEL,505537,A ,487.05,492.5,486.7,491.65,489.5,820,11158286.0
1877308,2017-07-03,ZEEL,505537,A ,495.0,495.0,489.1,490.65,491.65,1495,31980871.0
1880309,2017-07-04,ZEEL,505537,A ,488.0,495.2,488.0,491.75,490.65,830,21319654.0
1883293,2017-07-05,ZEEL,505537,A ,491.4,501.8,488.85,499.7,491.75,926,20216411.0
1886310,2017-07-06,ZEEL,505537,A ,500.1,504.4,499.4,501.3,499.7,421,8691106.0
1889315,2017-07-07,ZEEL,505537,A ,501.0,508.25,499.7,506.65,501.3,512,12084104.0
1892338,2017-07-10,ZEEL,505537,A ,508.0,514.0,504.05,506.85,506.65,20049,421068460.0
1895357,2017-07-11,ZEEL,505537,A ,508.25,510.15,504.55,506.55,506.85,907,453891289.0
1898434,2017-07-12,ZEEL,505537,A ,508.15,511.75,507.85,510.2,506.55,682,14228985.0
1901465,2017-07-13,ZEEL,505537,A ,511.7,518.0,510.0,515.05,510.2,1109,23515853.0
1904547,2017-07-14,ZEEL,505537,A ,515.0,516.3,510.0,514.5,515.05,681,12214013.0
1907581,2017-07-17,ZEEL,505537,A ,515.85,524.4,515.75,523.15,514.5,1476,32866746.0
1910620,2017-07-18,ZEEL,505537,A ,525.0,535.7,522.9,530.1,523.15,2169,51812214.0
1913651,2017-07-19,ZEEL,505537,A ,530.2,550.0,529.0,543.2,530.1,3857,267352011.0
1916702,2017-07-20,ZEEL,505537,A ,546.0,549.2,535.9,538.55,543.2,1101,98476945.0
1919740,2017-07-21,ZEEL,505537,A ,541.15,556.0,539.95,554.45,538.55,3449,206317333.0
1922755,2017-07-24,ZEEL,505537,A ,558.0,561.0,546.5,550.35,554.45,3197,96017495.0
1925835,2017-07-25,ZEEL,505537,A ,557.5,558.9,535.0,538.65,550.35,2700,87138019.0
1928868,2017-07-26,ZEEL,505537,A ,538.65,538.65,525.7,529.2,538.65,1990,41318192.0
1931908,2017-07-27,ZEEL,505537,A ,532.4,540.3,527.95,537.95,529.2,1246,27235995.0
1934930,2017-07-28,ZEEL,505537,A ,537.2,543.7,537.2,539.25,537.95,925,19363125.0
1937911,2017-07-31,ZEEL,505537,A ,542.25,545.0,539.1,541.5,539.25,851,1168357756.0
1940969,2017-08-01,ZEEL,505537,A ,543.05,550.0,538.65,543.75,541.5,1310,35762281.0
1943990,2017-08-02,ZEEL,505537,A ,541.5,546.0,539.15,540.1,543.75,925,545081578.0
1947016,2017-08-03,ZEEL,505537,A ,550.0,550.0,536.4,539.75,540.1,1233,90583305.0
1949975,2017-08-04,ZEEL,505537,A ,539.85,548.0,538.65,541.95,539.75,1675,175739631.0
1952922,2017-08-07,ZEEL,505537,A ,544.0,545.25,540.0,540.95,541.95,540,10024327.0
1955918,2017-08-08,ZEEL,505537,A ,539.3,542.45,537.55,538.45,540.95,519,14848492.0
1958814,2017-08-09,ZEEL,505537,A ,541.0,541.8,536.1,538.75,538.45,414,11815636.0
1961695,2017-08-10,ZEEL,505537,A ,540.0,542.6,503.8,522.25,538.75,989,33481754.0
1964572,2017-08-11,ZEEL,505537,A ,520.05,520.05,503.85,506.6,522.25,925,33167800.0
1967446,2017-08-14,ZEEL,505537,A ,506.6,520.0,501.0,516.0,506.6,662,15615383.0
1970366,2017-08-16,ZEEL,505537,A ,515.5,522.65,509.55,517.5,516.0,566,39779147.0
1973258,2017-08-17,ZEEL,505537,A ,513.5,529.5,510.35,526.75,517.5,724,15295271.0
1976117,2017-08-18,ZEEL,505537,A ,529.9,529.9,509.0,512.95,526.75,902,21082163.0
1978953,2017-08-21,ZEEL,505537,A ,513.1,514.95,506.15,510.15,512.95,647,43987930.0
1981884,2017-08-22,ZEEL,505537,A ,514.5,517.5,510.5,516.6,510.15,508,18928089.0
1984793,2017-08-23,ZEEL,505537,A ,516.5,517.0,508.1,514.25,516.6,719,13270997.0
1987698,2017-08-24,ZEEL,505537,A ,512.65,550.9,510.5,512.85,514.25,505,10737731.0
1990583,2017-08-28,ZEEL,505537,A ,513.8,520.95,511.35,518.4,512.85,829,20482254.0
1993498,2017-08-29,ZEEL,505537,A ,514.7,521.25,513.0,518.0,518.4,712,49026830.0
1996367,2017-08-30,ZEEL,505537,A ,519.2,524.05,512.75,521.3,518.0,758,16414571.0
1999229,2017-08-31,ZEEL,505537,A ,516.75,524.05,516.75,519.85,521.3,1685,53870197.0
2002130,2017-09-01,ZEEL,505537,A ,520.45,527.0,520.45,522.7,519.85,731,134062123.0
2005065,2017-09-04,ZEEL,505537,A ,527.0,527.0,517.75,519.65,522.7,702,27663693.0
2008049,2017-09-05,ZEEL,505537,A ,523.0,524.5,519.15,520.45,519.65,475,9594311.0
2010948,2017-09-06,ZEEL,505537,A ,520.0,521.1,518.25,520.05,520.45,730,38335876.0
2013843,2017-09-07,ZEEL,505537,A ,524.3,525.0,520.1,522.05,520.05,385,32545316.0
2016757,2017-09-08,ZEEL,505537,A ,518.1,524.5,518.0,519.95,522.05,596,39395058.0
2019704,2017-09-11,ZEEL,505537,A ,517.2,525.0,517.2,520.0,519.95,1101,2340065912.0
2022710,2017-09-12,ZEEL,505537,A ,524.0,535.85,521.9,531.75,520.0,1361,57181110.0
2025681,2017-09-13,ZEEL,505537,A ,535.0,536.45,528.05,532.45,531.75,452,11506267.0
2028643,2017-09-14,ZEEL,505537,A ,540.0,540.0,525.0,529.75,532.45,1417,190920543.0
2031614,2017-09-15,ZEEL,505537,A ,528.15,535.75,521.9,533.35,529.75,795,24254219.0
2034541,2017-09-18,ZEEL,505537,A ,533.0,546.95,533.0,542.85,533.35,1392,32460607.0
2037552,2017-09-19,ZEEL,505537,A ,546.05,546.05,541.55,545.1,542.85,492,12569537.0
2040506,2017-09-20,ZEEL,505537,A ,547.0,549.75,543.0,549.1,545.1,520,16735480.0
2043423,2017-09-21,ZEEL,505537,A ,550.0,551.15,528.25,535.6,549.1,4009,38006036.0
2046310,2017-09-22,ZEEL,505537,A ,530.0,533.35,520.0,521.8,535.6,2284,183668951.0
2049244,2017-09-25,ZEEL,505537,A ,521.8,528.6,518.35,527.25,521.8,1394,765215021.0
2052171,2017-09-26,ZEEL,505537,A ,522.05,526.6,520.0,524.95,527.25,745,99978000.0
2055071,2017-09-27,ZEEL,505537,A ,526.15,528.35,521.05,524.2,524.95,693,19186995.0
2057916,2017-09-28,ZEEL,505537,A ,521.15,525.0,518.75,520.3,524.2,916,85005713.0
2060750,2017-09-29,ZEEL,505537,A ,515.0,524.4,515.0,520.95,520.3,302,7326754.0
2063607,2017-10-03,ZEEL,505537,A ,520.15,524.5,520.15,523.25,520.95,1524,64804919.0
2066618,2017-10-04,ZEEL,505537,A ,518.5,522.6,518.5,521.9,523.25,692,17363408.0
2069575,2017-10-05,ZEEL,505537,A ,520.15,523.95,520.0,521.9,521.9,277,4142380.0
2072519,2017-10-06,ZEEL,505537,A ,517.0,524.5,517.0,522.8,521.9,1368,68538134.0
2075487,2017-10-09,ZEEL,505537,A ,533.0,533.0,524.0,525.5,522.8,2629,40281652.0
2078539,2017-10-10,ZEEL,505537,A ,532.0,532.0,518.95,522.4,525.5,699,20797833.0
2081574,2017-10-11,ZEEL,505537,A ,525.0,525.0,507.5,514.5,522.4,1531,151005403.0
2084597,2017-10-12,ZEEL,505537,A ,516.0,519.0,510.55,517.4,514.5,621,12026699.0
2087569,2017-10-13,ZEEL,505537,A ,517.55,517.55,509.7,510.3,517.4,1405,41662081.0
2090596,2017-10-16,ZEEL,505537,A ,511.0,515.5,506.65,514.1,510.3,940,16500578.0
2093609,2017-10-17,ZEEL,505537,A ,510.0,515.45,492.5,495.05,514.1,2346,48032983.0
2096591,2017-10-18,ZEEL,505537,A ,492.0,492.35,477.25,490.95,495.05,4791,281334328.0
2099554,2017-10-19,ZEEL,505537,A ,494.7,495.2,488.0,490.4,490.95,427,10089878.0
2102242,2017-10-23,ZEEL,505537,A ,493.65,500.85,486.1,492.85,490.4,1047,41273909.0
2105285,2017-10-24,ZEEL,505537,A ,498.0,537.5,493.0,525.5,492.85,10838,346086327.0
2108359,2017-10-25,ZEEL,505537,A ,533.0,541.35,518.0,530.8,525.5,3855,248266825.0
2111385,2017-10-26,ZEEL,505537,A ,532.0,539.85,524.3,530.7,530.8,1212,39308728.0
2114409,2017-10-27,ZEEL,505537,A ,533.9,544.5,531.55,541.7,530.7,1143,39683093.0
2117457,2017-10-30,ZEEL,505537,A ,541.7,549.9,540.1,548.55,541.7,729,26468614.0
2120516,2017-10-31,ZEEL,505537,A ,550.0,550.0,538.6,542.1,548.55,689,13276016.0
2123587,2017-11-01,ZEEL,505537,A ,543.4,543.4,531.25,535.3,542.1,2079,24220043.0
2126721,2017-11-02,ZEEL,505537,A ,535.45,535.45,525.0,529.8,535.3,2307,23740024.0
2129799,2017-11-03,ZEEL,505537,A ,530.0,541.15,527.55,539.75,529.8,2497,30544404.0
2132889,2017-11-06,ZEEL,505537,A ,537.25,537.9,528.15,531.2,539.75,602,18237979.0
2136062,2017-11-07,ZEEL,505537,A ,534.2,545.0,529.95,538.0,531.2,1127,42934368.0
2139114,2017-11-08,ZEEL,505537,A ,540.0,543.1,530.4,540.8,538.0,1126,16487576.0
2142142,2017-11-09,ZEEL,505537,A ,539.75,541.35,530.85,539.05,540.8,1108,61076750.0
2145183,2017-11-10,ZEEL,505537,A ,540.65,547.0,539.0,542.35,539.05,684,23952767.0
2148207,2017-11-13,ZEEL,505537,A ,544.0,547.35,540.0,542.65,542.35,902,68131492.0
2151255,2017-11-14,ZEEL,505537,A ,542.85,544.3,540.0,541.95,542.65,825,18628449.0
2154281,2017-11-15,ZEEL,505537,A ,540.0,542.5,537.0,540.7,541.95,917,729238358.0
2157272,2017-11-16,ZEEL,505537,A ,535.0,543.0,534.0,539.15,540.7,349,54873757.0
2160307,2017-11-17,ZEEL,505537,A ,542.5,542.65,532.0,535.55,539.15,490,10533962.0
2163400,2017-11-20,ZEEL,505537,A ,530.15,534.4,527.95,533.0,535.55,421,17758696.0
2166438,2017-11-21,ZEEL,505537,A ,533.15,546.25,533.15,539.9,533.0,684,381590486.0
2169475,2017-11-22,ZEEL,505537,A ,540.55,566.5,540.55,562.05,539.9,4136,111002192.0
2172535,2017-11-23,ZEEL,505537,A ,562.8,567.2,556.75,564.15,562.05,2100,223757491.0
2175573,2017-11-24,ZEEL,505537,A ,564.25,569.6,556.75,563.75,564.15,1640,31223723.0
2178658,2017-11-27,ZEEL,505537,A ,559.9,578.3,559.9,575.9,563.75,1333,35460618.0
2181704,2017-11-28,ZEEL,505537,A ,576.0,588.0,570.0,585.3,575.9,1091,37026781.0
2184754,2017-11-29,ZEEL,505537,A ,585.0,595.85,572.55,576.15,585.3,3415,89952422.0
2187789,2017-11-30,ZEEL,505537,A ,576.15,577.5,566.4,569.15,576.15,629,35602743.0
2190772,2017-12-01,ZEEL,505537,A ,570.05,579.95,555.25,557.9,569.15,843,30473801.0
2193820,2017-12-04,ZEEL,505537,A ,557.1,572.0,554.0,565.5,557.9,816,24037337.0
2196895,2017-12-05,ZEEL,505537,A ,563.0,569.9,556.8,568.55,565.5,542,13407413.0
2199875,2017-12-06,ZEEL,505537,A ,566.0,573.8,566.0,569.15,568.55,582,21019437.0
2202852,2017-12-07,ZEEL,505537,A ,568.0,575.0,566.6,572.3,569.15,514,11198290.0
2205866,2017-12-08,ZEEL,505537,A ,571.0,579.0,560.5,561.65,572.3,708,160047638.0
2208891,2017-12-11,ZEEL,505537,A ,564.1,576.05,564.0,567.7,561.65,2017,56138959.0
2211949,2017-12-12,ZEEL,505537,A ,568.0,575.9,565.65,569.0,567.7,397,14233275.0
2214914,2017-12-13,ZEEL,505537,A ,568.0,572.2,562.8,565.95,569.0,330,12862075.0
2217878,2017-12-14,ZEEL,505537,A ,568.9,571.25,562.0,568.65,565.95,1305,150533560.0
2220835,2017-12-15,ZEEL,505537,A ,576.0,579.85,567.05,571.05,568.65,1927,179094202.0
2223809,2017-12-18,ZEEL,505537,A ,570.0,587.5,558.8,573.3,571.05,1438,53225109.0
2226819,2017-12-19,ZEEL,505537,A ,577.8,583.3,574.2,578.7,573.3,860,45664199.0
2229839,2017-12-20,ZEEL,505537,A ,575.0,585.0,575.0,579.65,578.7,551,26709462.0
2232910,2017-12-21,ZEEL,505537,A ,580.0,593.5,571.7,574.0,579.65,1368,52389435.0
2235981,2017-12-22,ZEEL,505537,A ,570.1,579.9,570.0,574.1,574.0,610,23321577.0
2239097,2017-12-26,ZEEL,505537,A ,573.5,587.0,573.5,581.8,574.1,509,20195201.0
2242274,2017-12-27,ZEEL,505537,A ,582.0,589.6,578.6,586.55,581.8,669,20234061.0
2245416,2017-12-28,ZEEL,505537,A ,589.0,592.45,583.25,586.95,586.55,942,108632366.0
2248562,2017-12-29,ZEEL,505537,A ,586.0,587.4,579.55,582.2,586.95,180,5098702.0
2251719,2018-01-01,ZEEL,505537,A ,580.9,587.65,575.7,580.35,582.2,451,16645140.0
2254940,2018-01-02,ZEEL,505537,A ,580.0,583.5,576.05,578.5,580.35,195,5618527.0
2258090,2018-01-03,ZEEL,505537,A ,578.0,581.75,577.0,580.35,578.5,284,6958648.0
2261272,2018-01-04,ZEEL,505537,A ,576.65,581.0,575.0,580.15,580.35,349,8342957.0
2264501,2018-01-05,ZEEL,505537,A ,582.0,591.75,578.75,589.05,580.15,1282,48894281.0
2267770,2018-01-08,ZEEL,505537,A ,592.0,599.0,588.7,594.3,589.05,1226,46634753.0
2271081,2018-01-09,ZEEL,505537,A ,595.0,595.0,579.1,580.35,594.3,1481,33819280.0
2274396,2018-01-10,ZEEL,505537,A ,580.35,587.7,579.0,582.65,580.35,1270,257123152.0
2277628,2018-01-11,ZEEL,505537,A ,582.65,583.0,578.1,581.55,582.65,524,31364449.0
2280883,2018-01-12,ZEEL,505537,A ,577.0,598.4,577.0,592.2,581.55,4997,171797091.0
2284152,2018-01-15,ZEEL,505537,A ,594.8,610.15,594.8,605.85,592.2,5152,97282563.0
2287442,2018-01-16,ZEEL,505537,A ,610.0,618.15,608.0,613.1,605.85,2859,70496326.0
2290711,2018-01-17,ZEEL,505537,A ,617.9,619.35,585.1,592.95,613.1,5783,658196933.0
2293928,2018-01-18,ZEEL,505537,A ,606.0,606.0,589.55,595.35,592.95,2115,87405393.0
2297187,2018-01-19,ZEEL,505537,A ,592.3,601.95,585.65,599.65,595.35,1296,28522472.0
2300382,2018-01-22,ZEEL,505537,A ,597.0,616.8,597.0,609.15,599.65,1084,38294926.0
2303630,2018-01-23,ZEEL,505537,A ,606.0,606.0,589.95,593.8,609.15,10389,9467675719.0
2306876,2018-01-24,ZEEL,505537,A ,594.0,610.0,589.55,601.75,593.8,2295,73412945.0
2310082,2018-01-25,ZEEL,505537,A ,609.8,609.8,593.25,595.4,601.75,1158,58927031.0
2313290,2018-01-29,ZEEL,505537,A ,600.0,619.0,598.55,608.15,595.4,2017,74706383.0
2316480,2018-01-30,ZEEL,505537,A ,608.0,608.7,597.5,603.0,608.15,1047,31738359.0
2319670,2018-01-31,ZEEL,505537,A ,602.95,607.1,590.0,594.55,603.0,1103,28597955.0
2322826,2018-02-01,ZEEL,505537,A ,596.1,600.5,586.2,595.1,594.55,3442,363374011.0
2325919,2018-02-02,ZEEL,505537,A ,592.1,594.95,580.0,583.4,595.1,1001,72896567.0
2329056,2018-02-05,ZEEL,505537,A ,582.5,585.0,573.35,581.1,583.4,1296,106144008.0
2332222,2018-02-06,ZEEL,505537,A ,574.0,577.0,557.5,572.9,581.1,788,33297194.0
2335329,2018-02-07,ZEEL,505537,A ,575.2,585.5,575.2,579.5,572.9,1386,48594888.0
2338368,2018-02-08,ZEEL,505537,A ,587.4,591.5,580.55,583.5,579.5,536,23898791.0
2341460,2018-02-09,ZEEL,505537,A ,580.4,583.9,576.5,581.15,583.5,261,6956467.0
2344550,2018-02-12,ZEEL,505537,A ,581.15,589.0,579.6,584.95,581.15,914,17425679.0
2347726,2018-02-14,ZEEL,505537,A ,580.0,586.45,572.1,576.5,584.95,558,23163347.0
2350881,2018-02-15,ZEEL,505537,A ,578.0,580.45,565.4,571.0,576.5,500,14999668.0
2354022,2018-02-16,ZEEL,505537,A ,575.05,581.4,566.0,569.3,571.0,591,22442695.0
2357129,2018-02-19,ZEEL,505537,A ,570.0,571.1,554.0,566.4,569.3,554,17464595.0
2360227,2018-02-20,ZEEL,505537,A ,566.55,574.0,562.4,570.7,566.4,540,9307133.0
2363312,2018-02-21,ZEEL,505537,A ,571.4,577.65,570.1,573.0,570.7,1664,15385885.0
2366351,2018-02-22,ZEEL,505537,A ,573.1,573.1,566.05,566.5,573.0,291,3549455.0
2369405,2018-02-23,ZEEL,505537,A ,571.6,573.9,560.1,570.2,566.5,703,11714432.0
2372454,2018-02-26,ZEEL,505537,A ,571.9,586.95,569.0,585.75,570.2,610,12108706.0
2375566,2018-02-27,ZEEL,505537,A ,589.8,589.8,573.4,576.1,585.75,430,10066703.0
2378620,2018-02-28,ZEEL,505537,A ,574.0,574.0,564.0,566.05,576.1,331,7779964.0
2381650,2018-03-01,ZEEL,505537,A ,564.0,568.45,552.0,556.7,566.05,558,14493053.0
2384680,2018-03-05,ZEEL,505537,A ,550.0,557.25,547.2,551.55,556.7,1003,8620496.0
2387788,2018-03-06,ZEEL,505537,A ,555.0,568.95,554.6,559.7,551.55,1357,25568669.0
2390815,2018-03-07,ZEEL,505537,A ,560.0,567.85,555.75,563.3,559.7,825,18134348.0
2393856,2018-03-08,ZEEL,505537,A ,565.5,569.6,561.0,564.2,563.3,400,8129154.0
2396907,2018-03-09,ZEEL,505537,A ,565.7,572.75,564.65,568.45,564.2,573,18295461.0
2399949,2018-03-12,ZEEL,505537,A ,575.0,578.0,565.0,575.7,568.45,426,11525865.0
2403026,2018-03-13,ZEEL,505537,A ,572.1,579.75,570.85,578.15,575.7,474,12795444.0
2406060,2018-03-14,ZEEL,505537,A ,578.5,581.5,571.9,576.45,578.15,295,5580036.0
2409057,2018-03-15,ZEEL,505537,A ,577.3,578.05,569.0,570.75,576.45,627,75950326.0
2412084,2018-03-16,ZEEL,505537,A ,571.2,581.2,569.65,570.85,570.75,756,19142633.0
2415107,2018-03-19,ZEEL,505537,A ,571.55,571.55,563.6,565.1,570.85,433,11339351.0
2418230,2018-03-20,ZEEL,505537,A ,566.95,576.2,561.0,573.0,565.1,2078,190630067.0
2421275,2018-03-21,ZEEL,505537,A ,577.0,578.3,565.55,567.6,573.0,307,8065670.0
2424329,2018-03-22,ZEEL,505537,A ,573.45,577.0,554.0,558.3,567.6,1592,88928824.0
2427366,2018-03-23,ZEEL,505537,A ,558.3,572.05,551.85,569.7,558.3,1607,481389979.0
2430443,2018-03-26,ZEEL,505537,A ,570.0,589.9,567.6,585.6,569.7,909,22939641.0
2433560,2018-03-27,ZEEL,505537,A ,585.6,595.9,584.55,586.9,585.6,621,13934834.0
2436526,2018-03-28,ZEEL,505537,A ,586.0,587.9,574.05,576.3,586.9,510,11030797.0
2439509,2018-04-02,ZEEL,505537,A ,576.3,583.0,574.0,579.85,576.3,499,16091180.0
2442478,2018-04-03,ZEEL,505537,A ,580.1,585.95,569.9,581.6,579.85,627,12227609.0
2445449,2018-04-04,ZEEL,505537,A ,589.7,589.7,572.05,573.75,581.6,263,6848696.0
2448408,2018-04-05,ZEEL,505537,A ,583.9,587.75,580.0,586.55,573.75,323,4614877.0
2451409,2018-04-06,ZEEL,505537,A ,586.0,587.9,581.55,584.3,586.55,173,2612887.0
2454409,2018-04-09,ZEEL,505537,A ,581.3,588.5,570.2,572.9,584.3,1897,17524789.0
2457477,2018-04-10,ZEEL,505537,A ,575.0,577.55,569.3,574.55,572.9,684,11783190.0
2460482,2018-04-11,ZEEL,505537,A ,576.9,577.55,570.0,575.45,574.55,526,69061495.0
2463469,2018-04-12,ZEEL,505537,A ,575.5,580.95,569.5,570.65,575.45,522,20213572.0
2466454,2018-04-13,ZEEL,505537,A ,572.3,576.45,572.2,573.35,570.65,254,8035171.0
2469483,2018-04-16,ZEEL,505537,A ,573.55,580.15,573.55,578.7,573.35,512,17803048.0
2472534,2018-04-17,ZEEL,505537,A ,576.25,576.95,574.0,575.75,578.7,180,4263826.0
2475499,2018-04-18,ZEEL,505537,A ,575.2,593.85,574.35,587.6,575.75,1153,36962932.0
2478483,2018-04-19,ZEEL,505537,A ,591.4,598.5,590.15,591.75,587.6,868,20253863.0
2481486,2018-04-20,ZEEL,505537,A ,590.85,592.95,585.45,587.1,591.75,285,7300587.0
2484447,2018-04-23,ZEEL,505537,A ,590.0,601.5,590.0,593.8,587.1,659,17156406.0
2487492,2018-04-24,ZEEL,505537,A ,603.9,603.9,587.25,588.85,593.8,859,28236774.0
2490487,2018-04-25,ZEEL,505537,A ,588.75,588.75,572.45,584.5,588.85,839,23259903.0
2493434,2018-04-26,ZEEL,505537,A ,589.35,591.15,578.05,582.6,584.5,985,14343925.0
2496347,2018-04-27,ZEEL,505537,A ,585.95,594.0,582.35,591.7,582.6,456,13550245.0
2499277,2018-04-30,ZEEL,505537,A ,590.0,599.7,584.0,586.85,591.7,778,23084055.0
2502226,2018-05-02,ZEEL,505537,A ,590.0,609.75,590.0,595.85,586.85,2276,64888875.0
2505241,2018-05-03,ZEEL,505537,A ,596.0,608.45,588.75,593.0,595.85,1756,52620540.0
2508210,2018-05-04,ZEEL,505537,A ,598.4,598.4,584.7,585.85,593.0,538,18475920.0
2511182,2018-05-07,ZEEL,505537,A ,589.0,602.95,581.7,599.8,585.85,548,14295587.0
2514183,2018-05-08,ZEEL,505537,A ,604.8,604.8,590.0,594.85,599.8,451,27287522.0
2517152,2018-05-09,ZEEL,505537,A ,591.65,594.95,589.5,591.35,594.85,1000,12960871.0
2520121,2018-05-10,ZEEL,505537,A ,594.9,604.6,581.1,589.0,591.35,1341,81156924.0
2523080,2018-05-11,ZEEL,505537,A ,584.7,598.5,584.0,593.0,589.0,1145,34118294.0
2526035,2018-05-14,ZEEL,505537,A ,591.9,596.2,572.0,577.65,593.0,717,810323386.0
2529042,2018-05-15,ZEEL,505537,A ,576.8,583.45,567.45,573.0,577.65,1464,2608354470.0
2531966,2018-05-16,ZEEL,505537,A ,571.95,581.3,569.15,576.9,573.0,352,10490839.0
2534869,2018-05-17,ZEEL,505537,A ,578.4,580.95,566.9,571.15,576.9,543,17687334.0
2537784,2018-05-18,ZEEL,505537,A ,570.0,570.2,562.55,566.85,571.15,393,12176563.0
2540710,2018-05-21,ZEEL,505537,A ,574.5,574.5,551.75,555.3,566.85,480,12508615.0
2543694,2018-05-22,ZEEL,505537,A ,551.35,567.05,546.75,565.35,555.3,794,20670639.0
2546610,2018-05-23,ZEEL,505537,A ,568.0,568.0,551.35,552.95,565.35,725,1149660620.0
2549564,2018-05-24,ZEEL,505537,A ,552.15,558.4,549.1,554.45,552.95,608,20405307.0
2552504,2018-05-25,ZEEL,505537,A ,555.0,565.0,552.25,561.2,554.45,547,16761938.0
2555475,2018-05-28,ZEEL,505537,A ,559.25,580.0,555.0,574.35,561.2,725,26532147.0
2558479,2018-05-29,ZEEL,505537,A ,576.65,579.2,552.8,556.3,574.35,970,17085930.0
2561473,2018-05-30,ZEEL,505537,A ,555.05,559.55,552.9,555.25,556.3,1172,17274118.0
2564477,2018-05-31,ZEEL,505537,A ,559.95,560.0,554.35,557.45,555.25,724,64656860.0
2567411,2018-06-01,ZEEL,505537,A ,554.0,564.8,552.25,555.35,557.45,383,8260876.0
2570396,2018-06-04,ZEEL,505537,A ,553.25,566.0,553.25,560.3,555.35,709,739453721.0
2573429,2018-06-05,ZEEL,505537,A ,555.0,558.3,539.5,543.4,560.3,796,504028849.0
2576409,2018-06-06,ZEEL,505537,A ,539.1,558.0,534.5,550.65,543.4,1316,137298396.0
2579330,2018-06-07,ZEEL,505537,A ,545.25,561.45,545.25,549.1,550.65,1395,18818631.0
2582296,2018-06-08,ZEEL,505537,A ,545.0,560.0,545.0,556.5,549.1,1652,491017630.0
2585220,2018-06-11,ZEEL,505537,A ,554.1,570.15,553.5,567.05,556.5,1913,30497623.0
2588207,2018-06-12,ZEEL,505537,A ,564.1,570.0,563.3,564.55,567.05,445,14762248.0
2591198,2018-06-13,ZEEL,505537,A ,564.1,564.1,555.2,559.0,564.55,596,17447706.0
2594188,2018-06-14,ZEEL,505537,A ,553.2,559.85,552.0,554.6,559.0,509,966148526.0
2597106,2018-06-15,ZEEL,505537,A ,550.0,559.0,550.0,554.75,554.6,675,13746011.0
2600035,2018-06-18,ZEEL,505537,A ,555.0,567.0,555.0,560.8,554.75,985,29189334.0
2602997,2018-06-19,ZEEL,505537,A ,560.9,560.9,553.0,554.5,560.8,320,7973913.0
2605942,2018-06-20,ZEEL,505537,A ,550.55,566.85,550.55,560.9,554.5,631,18013308.0
2608872,2018-06-21,ZEEL,505537,A ,555.0,575.0,555.0,563.45,560.9,3505,1302236053.0
2611756,2018-06-22,ZEEL,505537,A ,565.05,569.45,560.95,565.6,563.45,653,452875549.0
2614625,2018-06-25,ZEEL,505537,A ,567.0,569.05,557.1,559.25,565.6,469,7562962.0
2617535,2018-06-26,ZEEL,505537,A ,555.0,567.75,554.0,561.15,559.25,1037,36256896.0
2620462,2018-06-27,ZEEL,505537,A ,561.15,562.0,539.3,545.3,561.15,784,25668035.0
2623438,2018-06-28,ZEEL,505537,A ,547.2,552.9,535.5,537.7,545.3,1039,43484147.0
2626364,2018-06-29,ZEEL,505537,A ,544.9,546.75,535.0,544.0,537.7,757,13905273.0
2629278,2018-07-02,ZEEL,505537,A ,540.1,550.05,533.75,539.0,544.0,508,12097878.0
2632194,2018-07-03,ZEEL,505537,A ,539.25,544.9,533.0,543.65,539.0,401,7493594.0
2635098,2018-07-04,ZEEL,505537,A ,541.6,544.2,537.25,541.4,543.65,186,3712988.0
2638031,2018-07-05,ZEEL,505537,A ,541.55,552.95,537.4,550.3,541.4,525,10230583.0
2640953,2018-07-06,ZEEL,505537,A ,553.95,553.95,541.15,543.9,550.3,628,176123930.0
2643885,2018-07-09,ZEEL,505537,A ,544.0,544.6,539.4,541.25,543.9,486,9247855.0
2646826,2018-07-10,ZEEL,505537,A ,540.1,544.5,537.35,538.45,541.25,405,8818927.0
2649756,2018-07-11,ZEEL,505537,A ,538.2,544.7,537.1,540.75,538.45,599,23908506.0
2652678,2018-07-12,ZEEL,505537,A ,541.05,542.35,532.0,533.45,540.75,682,17237099.0
2655649,2018-07-13,ZEEL,505537,A ,535.55,536.5,507.15,508.65,533.45,2832,47660162.0
2658568,2018-07-16,ZEEL,505537,A ,510.7,519.45,505.05,508.4,508.65,923,21854301.0
2661531,2018-07-17,ZEEL,505537,A ,514.0,522.0,507.9,517.3,508.4,2054,49376855.0
2664413,2018-07-18,ZEEL,505537,A ,520.0,533.7,515.9,521.4,517.3,5216,138028139.0
2667311,2018-07-19,ZEEL,505537,A ,520.0,527.0,513.5,520.5,521.4,704,15465679.0
2670186,2018-07-20,ZEEL,505537,A ,520.0,521.0,511.7,515.6,520.5,632,13838523.0
2673066,2018-07-23,ZEEL,505537,A ,515.6,519.55,505.4,514.3,515.6,851,22573280.0
2676022,2018-07-24,ZEEL,505537,A ,515.75,532.0,515.75,523.65,514.3,1159,39955299.0
2678945,2018-07-25,ZEEL,505537,A ,528.0,528.85,514.4,521.65,523.65,998,6533211053.0
2681878,2018-07-26,ZEEL,505537,A ,524.4,526.5,515.25,518.35,521.65,888,12997323.0
2684761,2018-07-27,ZEEL,505537,A ,518.5,526.35,516.2,518.5,518.35,755,14348368.0
2687707,2018-07-30,ZEEL,505537,A ,519.0,526.0,517.9,524.55,518.5,667,16754161.0
2690729,2018-07-31,ZEEL,505537,A ,524.0,529.0,522.0,526.5,524.55,833,2658460942.0
2693698,2018-08-01,ZEEL,505537,A ,527.85,533.7,522.5,525.0,526.5,1026,18772891.0
2696696,2018-08-02,ZEEL,505537,A ,523.7,528.0,517.0,519.15,525.0,897,15063914.0
2699707,2018-08-03,ZEEL,505537,A ,518.95,525.5,518.95,520.8,519.15,387,536578886.0
2702742,2018-08-06,ZEEL,505537,A ,521.0,527.25,520.5,524.0,520.8,763,211622052.0
2705836,2018-08-07,ZEEL,505537,A ,526.0,532.5,525.2,530.35,524.0,3163,51752704.0
2708889,2018-08-08,ZEEL,505537,A ,530.3,540.4,521.45,528.45,530.35,1124,32240581.0
2711927,2018-08-09,ZEEL,505537,A ,536.0,536.0,520.25,521.6,528.45,748,21591480.0
2714936,2018-08-10,ZEEL,505537,A ,525.0,525.0,511.0,517.8,521.6,451,11234228.0
2717971,2018-08-13,ZEEL,505537,A ,516.0,519.85,505.45,506.9,517.8,1574,551912683.0
2720990,2018-08-14,ZEEL,505537,A ,507.0,518.7,506.55,513.65,506.9,1302,19439457.0
2724001,2018-08-16,ZEEL,505537,A ,510.95,514.75,493.95,501.2,513.65,1206,277153865.0
2727023,2018-08-17,ZEEL,505537,A ,502.0,506.5,499.75,504.35,501.2,538,14827606.0
2730061,2018-08-20,ZEEL,505537,A ,508.95,509.2,504.55,506.15,504.35,740,26719387.0
2733182,2018-08-21,ZEEL,505537,A ,506.0,515.5,505.2,514.6,506.15,1078,46055222.0
2736260,2018-08-23,ZEEL,505537,A ,516.7,516.7,504.05,505.25,514.6,830,996444848.0
2739349,2018-08-24,ZEEL,505537,A ,505.15,510.9,501.75,509.1,505.25,838,17187779.0
2742406,2018-08-27,ZEEL,505537,A ,510.0,516.2,506.1,510.45,509.1,1118,34755030.0
2745507,2018-08-28,ZEEL,505537,A ,514.05,518.0,509.1,510.55,510.45,996,23949960.0
2748575,2018-08-29,ZEEL,505537,A ,518.0,518.0,503.1,505.75,510.55,905,29840353.0
2751632,2018-08-30,ZEEL,505537,A ,509.0,509.5,504.7,508.35,505.75,689,17910486.0
2754693,2018-08-31,ZEEL,505537,A ,512.0,512.0,496.3,498.9,508.35,2119,74245147.0
2757705,2018-09-03,ZEEL,505537,A ,505.0,505.1,497.5,500.25,498.9,612,764017411.0
2760851,2018-09-04,ZEEL,505537,A ,500.95,501.0,484.5,492.35,500.25,1049,24522950.0
2763927,2018-09-05,ZEEL,505537,A ,493.0,494.25,477.2,483.25,492.35,1164,22798234.0
2767040,2018-09-06,ZEEL,505537,A ,475.5,479.3,436.8,470.3,483.25,15123,350908241.0
2770088,2018-09-07,ZEEL,505537,A ,472.0,476.0,460.3,469.55,470.3,2597,91246397.0
2773159,2018-09-10,ZEEL,505537,A ,469.6,477.5,464.75,471.7,469.55,1385,1069038919.0
2776263,2018-09-11,ZEEL,505537,A ,476.8,479.8,458.45,466.0,471.7,1395,31753356.0
2779300,2018-09-12,ZEEL,505537,A ,466.45,472.45,456.0,464.8,466.0,1325,41742263.0
2782309,2018-09-14,ZEEL,505537,A ,468.0,473.65,466.65,471.75,464.8,1635,43011448.0
2785289,2018-09-17,ZEEL,505537,A ,472.5,477.45,465.45,473.45,471.75,2157,81763067.0
2788353,2018-09-18,ZEEL,505537,A ,474.05,476.95,460.0,463.2,473.45,847,23699385.0
2791369,2018-09-19,ZEEL,505537,A ,468.0,468.0,450.4,451.9,463.2,1300,38576519.0
2794386,2018-09-21,ZEEL,505537,A ,456.7,458.25,434.85,452.1,451.9,1500,47302230.0
2797447,2018-09-24,ZEEL,505537,A ,442.0,460.0,440.65,446.6,452.1,1451,27016080.0
2800502,2018-09-25,ZEEL,505537,A ,453.9,453.9,437.55,450.2,446.6,1069,35892170.0
2803550,2018-09-26,ZEEL,505537,A ,455.7,455.7,445.0,447.7,450.2,585,17484214.0
2806529,2018-09-27,ZEEL,505537,A ,446.25,460.75,440.05,445.8,447.7,894,26036647.0
2809443,2018-09-28,ZEEL,505537,A ,445.5,451.5,428.9,438.95,445.8,1838,56317385.0
2812434,2018-10-01,ZEEL,505537,A ,438.5,443.0,415.0,439.65,438.95,909,19039208.0
2815482,2018-10-03,ZEEL,505537,A ,439.0,443.75,433.5,438.25,439.65,1413,41244174.0
2818506,2018-10-04,ZEEL,505537,A ,434.9,451.55,431.95,439.15,438.25,1979,25952754.0
2821527,2018-10-05,ZEEL,505537,A ,437.4,438.0,410.3,418.55,439.15,1595,26095339.0
2824509,2018-10-08,ZEEL,505537,A ,421.0,422.5,410.9,414.6,418.55,917,15969554.0
2827550,2018-10-09,ZEEL,505537,A ,418.2,434.05,417.3,431.75,414.6,3381,59941580.0
2830530,2018-10-10,ZEEL,505537,A ,435.95,465.9,435.0,459.2,431.75,3306,81765881.0
2833505,2018-10-11,ZEEL,505537,A ,448.0,478.85,434.75,465.1,459.2,4549,115383202.0
2836425,2018-10-12,ZEEL,505537,A ,470.0,479.45,463.35,466.25,465.1,4756,96927550.0
2839452,2018-10-15,ZEEL,505537,A ,469.2,474.65,463.85,472.05,466.25,1106,28651323.0
2842422,2018-10-16,ZEEL,505537,A ,476.1,477.0,467.9,470.35,472.05,1270,30380337.0
2845377,2018-10-17,ZEEL,505537,A ,472.1,476.85,460.75,463.5,470.35,643,15414229.0
2848290,2018-10-19,ZEEL,505537,A ,462.0,469.75,452.1,455.2,463.5,1029,21183303.0
2851238,2018-10-22,ZEEL,505537,A ,459.45,461.65,442.05,446.3,455.2,3125,416372333.0
2854194,2018-10-23,ZEEL,505537,A ,447.0,450.15,431.5,438.0,446.3,950,16714284.0
2857128,2018-10-24,ZEEL,505537,A ,444.15,444.15,428.0,435.65,438.0,1972,32063782.0
2860014,2018-10-25,ZEEL,505537,A ,430.4,437.6,427.85,431.35,435.65,977,12776588.0
2862832,2018-10-26,ZEEL,505537,A ,432.0,432.0,415.7,421.15,431.35,2510,66298667.0
2865725,2018-10-29,ZEEL,505537,A ,422.95,433.55,421.6,430.8,421.15,727,22085196.0
2868660,2018-10-30,ZEEL,505537,A ,430.5,446.5,424.8,444.25,430.8,2017,41913123.0
2871530,2018-10-31,ZEEL,505537,A ,449.0,455.05,431.6,451.7,444.25,1326,25236410.0
2874396,2018-11-01,ZEEL,505537,A ,460.0,460.0,442.5,447.7,451.7,1332,19432758.0
2877289,2018-11-02,ZEEL,505537,A ,450.05,454.0,440.25,442.1,447.7,1137,19808755.0
2880267,2018-11-05,ZEEL,505537,A ,435.1,447.8,432.5,437.8,442.1,914,19536540.0
2883235,2018-11-06,ZEEL,505537,A ,443.55,451.2,438.9,448.2,437.8,1449,33190505.0
2886083,2018-11-07,ZEEL,505537,A ,459.9,459.9,447.0,449.1,448.2,182,2976762.0
2888674,2018-11-09,ZEEL,505537,A ,449.5,451.85,443.5,450.5,449.1,561,21064362.0
2891515,2018-11-12,ZEEL,505537,A ,450.05,450.05,435.4,438.25,450.5,900,19284162.0
2894460,2018-11-13,ZEEL,505537,A ,434.2,441.5,432.8,438.2,438.25,937,23029820.0
2897396,2018-11-14,ZEEL,505537,A ,441.5,470.0,420.3,434.25,438.2,14603,342882181.0
2900301,2018-11-15,ZEEL,505537,A ,442.9,445.05,432.95,442.45,434.25,1903,43435196.0
2903207,2018-11-16,ZEEL,505537,A ,443.75,451.5,436.1,443.95,442.45,4702,84391406.0
2906152,2018-11-19,ZEEL,505537,A ,453.0,453.0,438.5,447.6,443.95,1689,43593720.0
2909132,2018-11-20,ZEEL,505537,A ,448.0,451.3,441.3,448.85,447.6,657,18184939.0
2912025,2018-11-21,ZEEL,505537,A ,450.7,450.7,436.65,438.75,448.85,1498,32978015.0
2914923,2018-11-22,ZEEL,505537,A ,443.85,460.3,442.5,458.5,438.75,4339,223013288.0
2917833,2018-11-26,ZEEL,505537,A ,465.0,470.0,459.15,461.45,458.5,3398,76753918.0
2920781,2018-11-27,ZEEL,505537,A ,459.25,463.4,452.6,459.4,461.45,1329,101810041.0
2923701,2018-11-28,ZEEL,505537,A ,460.0,481.4,460.0,477.75,459.4,3979,107580431.0
2926630,2018-11-29,ZEEL,505537,A ,481.7,496.0,479.0,482.15,477.75,3705,201905024.0
2929555,2018-11-30,ZEEL,505537,A ,487.65,496.4,485.0,488.55,482.15,1608,40543266.0
2932478,2018-12-03,ZEEL,505537,A ,493.15,498.95,473.7,475.8,488.55,1694,41079767.0
2935439,2018-12-04,ZEEL,505537,A ,480.0,487.9,472.2,484.45,475.8,978,20866164.0
2938317,2018-12-05,ZEEL,505537,A ,481.75,483.8,475.0,477.75,484.45,1326,32586875.0
2941221,2018-12-06,ZEEL,505537,A ,473.7,480.25,462.75,467.95,477.75,1296,33054622.0
2944097,2018-12-07,ZEEL,505537,A ,469.0,483.65,469.0,477.75,467.95,1658,55070313.0
2947002,2018-12-10,ZEEL,505537,A ,472.05,473.15,464.1,466.1,477.75,1788,51477545.0
2949831,2018-12-11,ZEEL,505537,A ,464.1,482.2,462.95,478.5,466.1,1793,39677785.0
2952571,2018-12-12,ZEEL,505537,A ,478.1,483.85,476.3,481.75,478.5,915,27874366.0
2955440,2018-12-13,ZEEL,505537,A ,490.0,495.55,484.0,493.6,481.75,2377,61255437.0
2958289,2018-12-14,ZEEL,505537,A ,496.0,496.0,482.5,489.1,493.6,1120,167715910.0
2961164,2018-12-17,ZEEL,505537,A ,490.9,506.1,484.65,502.65,489.1,1567,61029262.0
2964112,2018-12-18,ZEEL,505537,A ,500.0,500.0,454.4,462.6,502.65,11116,264335986.0
2967023,2018-12-19,ZEEL,505537,A ,461.4,472.2,447.25,465.15,462.6,8804,261048127.0
2969975,2018-12-20,ZEEL,505537,A ,464.0,470.0,457.65,462.5,465.15,2643,90075865.0
2972878,2018-12-21,ZEEL,505537,A ,459.2,465.3,444.7,447.3,462.5,3521,111762748.0
2975779,2018-12-24,ZEEL,505537,A ,449.05,449.8,434.45,437.4,447.3,2518,79847507.0
2978654,2018-12-26,ZEEL,505537,A ,437.0,455.9,431.35,453.65,437.4,4960,155015570.0
2981547,2018-12-27,ZEEL,505537,A ,458.0,467.0,451.8,463.6,453.65,3304,95649252.0
2984479,2018-12-28,ZEEL,505537,A ,469.0,477.95,461.1,473.2,463.6,4443,105234316.0
2987445,2018-12-31,ZEEL,505537,A ,475.0,482.6,473.15,475.7,473.2,1231,35082899.0
2990409,2019-01-01,ZEEL,505537,A ,478.5,482.0,470.8,479.8,475.7,1552,49179344.0
2993276,2019-01-02,ZEEL,505537,A ,477.0,480.5,463.45,469.1,479.8,1933,83354106.0
2996173,2019-01-03,ZEEL,505537,A ,469.65,472.95,458.3,462.65,469.1,1825,56856941.0
2999092,2019-01-04,ZEEL,505537,A ,462.65,468.75,455.7,464.8,462.65,1635,54494934.0
3002033,2019-01-07,ZEEL,505537,A ,472.0,472.0,457.8,462.45,464.8,1854,62054865.0
3005027,2019-01-08,ZEEL,505537,A ,460.55,465.0,449.0,451.55,462.45,1387,68556772.0
3007976,2019-01-09,ZEEL,505537,A ,452.9,461.4,446.5,451.9,451.55,2659,79410916.0
3010913,2019-01-10,ZEEL,505537,A ,454.0,455.35,449.15,451.95,451.9,920,26851535.0
3013832,2019-01-11,ZEEL,505537,A ,453.5,455.2,449.4,451.1,451.95,800,27095629.0
3016789,2019-01-14,ZEEL,505537,A ,451.0,451.45,442.7,448.3,451.1,2106,45360155.0
3019695,2019-01-15,ZEEL,505537,A ,450.3,463.25,450.3,456.7,448.3,3666,90129529.0
3022602,2019-01-16,ZEEL,505537,A ,468.0,475.9,448.6,452.1,456.7,11734,360538024.0
3025514,2019-01-17,ZEEL,505537,A ,454.0,456.95,434.35,441.0,452.1,5846,134947882.0
3028415,2019-01-18,ZEEL,505537,A ,443.5,445.0,437.0,440.15,441.0,2735,80658608.0
3031301,2019-01-21,ZEEL,505537,A ,441.0,443.2,434.35,436.75,440.15,1702,49520952.0
3034249,2019-01-22,ZEEL,505537,A ,435.0,437.0,420.1,425.2,436.75,2470,72014559.0
3037164,2019-01-23,ZEEL,505537,A ,425.9,439.5,424.55,432.8,425.2,4549,328480767.0
3040011,2019-01-24,ZEEL,505537,A ,437.5,439.15,424.65,434.1,432.8,3614,92650399.0
3042838,2019-01-25,ZEEL,505537,A ,438.0,439.7,288.95,319.35,434.1,65315,2004732998.0
3045729,2019-01-28,ZEEL,505537,A ,351.25,380.8,319.6,372.5,319.35,139202,4092444974.0
3048637,2019-01-29,ZEEL,505537,A ,371.7,388.0,362.6,377.7,372.5,37440,975244599.0
3051487,2019-01-30,ZEEL,505537,A ,379.8,391.45,374.0,389.25,377.7,12720,360737785.0
3054362,2019-01-31,ZEEL,505537,A ,391.0,391.9,362.4,380.45,389.25,21643,507152090.0
3057263,2019-02-01,ZEEL,505537,A ,380.0,399.5,350.15,356.5,380.45,19592,420482061.0
3060138,2019-02-04,ZEEL,505537,A ,345.0,361.6,328.8,348.5,356.5,19420,417180077.0
3063151,2019-02-05,ZEEL,505537,A ,348.0,369.65,340.7,365.3,348.5,11309,262276935.0
3066100,2019-02-06,ZEEL,505537,A ,365.55,396.45,365.55,387.95,365.3,18729,496096035.0
3069005,2019-02-07,ZEEL,505537,A ,390.0,411.75,384.55,408.9,387.95,14033,356581485.0
3071933,2019-02-08,ZEEL,505537,A ,405.95,407.75,396.45,399.35,408.9,6904,163902270.0
3074782,2019-02-11,ZEEL,505537,A ,402.85,406.0,393.0,402.5,399.35,4459,93963112.0
3077688,2019-02-12,ZEEL,505537,A ,408.6,418.65,401.7,414.9,402.5,7392,162897765.0
3080564,2019-02-13,ZEEL,505537,A ,417.4,417.85,386.55,408.05,414.9,14189,334309711.0
3083392,2019-02-14,ZEEL,505537,A ,413.0,439.6,406.6,433.3,408.05,12617,363964233.0
3086224,2019-02-15,ZEEL,505537,A ,439.2,440.1,420.8,429.85,433.3,8269,241414673.0
3089078,2019-02-18,ZEEL,505537,A ,430.1,439.5,424.3,437.65,429.85,4399,107986225.0
3092005,2019-02-19,ZEEL,505537,A ,436.7,450.5,432.95,446.1,437.65,5069,168516816.0
3094855,2019-02-20,ZEEL,505537,A ,445.0,451.5,438.9,444.9,446.1,3809,102101997.0
3097810,2019-02-21,ZEEL,505537,A ,445.05,454.7,441.05,446.55,444.9,3113,101587804.0
3100718,2019-02-22,ZEEL,505537,A ,448.9,450.8,441.2,448.6,446.55,2494,255353816.0
3103573,2019-02-25,ZEEL,505537,A ,450.0,454.05,438.35,445.6,448.6,2946,75951071.0
3106513,2019-02-26,ZEEL,505537,A ,442.0,489.75,440.1,469.2,445.6,12486,386978631.0
3109354,2019-02-27,ZEEL,505537,A ,471.55,479.4,454.45,463.65,469.2,12480,336578933.0
3112247,2019-02-28,ZEEL,505537,A ,469.0,470.0,458.5,466.55,463.65,4661,137382002.0
3115079,2019-03-01,ZEEL,505537,A ,465.0,489.0,465.0,486.55,466.55,7607,253320768.0
3117988,2019-03-05,ZEEL,505537,A ,487.0,487.0,479.8,484.65,486.55,3600,142436557.0
3121102,2019-03-06,ZEEL,505537,A ,485.0,486.35,466.7,470.75,484.65,3439,95930024.0
3124161,2019-03-07,ZEEL,505537,A ,472.6,478.05,455.0,458.55,470.75,5083,124765889.0
3127151,2019-03-08,ZEEL,505537,A ,462.0,462.0,451.2,454.9,458.55,2454,178304173.0
3130140,2019-03-11,ZEEL,505537,A ,459.0,459.95,451.2,452.85,454.9,2059,51449739.0
3133196,2019-03-12,ZEEL,505537,A ,456.0,472.35,453.4,463.65,452.85,5917,567869241.0
3136259,2019-03-13,ZEEL,505537,A ,463.65,463.65,445.65,448.1,463.65,4344,164936751.0
3139339,2019-03-14,ZEEL,505537,A ,453.0,463.0,448.05,450.55,448.1,4497,131963394.0
3142414,2019-03-15,ZEEL,505537,A ,451.0,469.25,441.15,454.8,450.55,9160,273809942.0
3145477,2019-03-18,ZEEL,505537,A ,457.0,463.45,452.1,457.5,454.8,3155,88867420.0
3148585,2019-03-19,ZEEL,505537,A ,463.75,468.0,457.65,466.55,457.5,3214,107313975.0
3151689,2019-03-20,ZEEL,505537,A ,461.8,461.8,440.9,443.25,466.55,9181,260208606.0
3154754,2019-03-22,ZEEL,505537,A ,446.85,448.85,431.9,435.25,443.25,6823,197322051.0
3157826,2019-03-25,ZEEL,505537,A ,434.0,439.95,414.9,417.25,435.25,7135,221094678.0
3160933,2019-03-26,ZEEL,505537,A ,418.0,427.05,416.65,422.3,417.25,4743,125960661.0
3164012,2019-03-27,ZEEL,505537,A ,423.95,428.35,419.8,424.2,422.3,3569,116173023.0
3167128,2019-03-28,ZEEL,505537,A ,426.0,444.35,426.0,441.9,424.2,5387,160480693.0
3170136,2019-03-29,ZEEL,505537,A ,444.25,453.45,437.25,444.3,441.9,4691,135313175.0
3173124,2019-04-01,ZEEL,505537,A ,448.45,448.45,427.8,430.95,444.3,3854,128989780.0
3176102,2019-04-02,ZEEL,505537,A ,425.0,434.9,403.2,418.1,430.95,14902,350601399.0
3179058,2019-04-03,ZEEL,505537,A ,421.0,423.85,400.4,403.7,418.1,9665,244639900.0
3182035,2019-04-04,ZEEL,505537,A ,403.7,419.95,391.5,417.3,403.7,14847,403054100.0
3184922,2019-04-05,ZEEL,505537,A ,422.5,422.5,409.25,411.35,417.3,5711,168073813.0
3187882,2019-04-08,ZEEL,505537,A ,412.35,418.9,403.25,404.65,411.35,4077,109507947.0
3190842,2019-04-09,ZEEL,505537,A ,406.1,412.5,405.0,410.8,404.65,6401,133726348.0
3193727,2019-04-10,ZEEL,505537,A ,410.5,416.65,406.5,411.6,410.8,5180,110362840.0
3196635,2019-04-11,ZEEL,505537,A ,412.95,415.55,406.0,410.35,411.6,3690,101616720.0
3199515,2019-04-12,ZEEL,505537,A ,410.5,420.0,409.0,417.75,410.35,2894,90021862.0
3202435,2019-04-15,ZEEL,505537,A ,418.1,421.8,413.1,415.7,417.75,2174,50086568.0
3205421,2019-04-16,ZEEL,505537,A ,417.95,424.1,414.15,415.85,415.7,2661,77620482.0
3208330,2019-04-18,ZEEL,505537,A ,418.0,418.0,401.25,402.45,415.85,3750,90255524.0
3211244,2019-04-22,ZEEL,505537,A ,402.5,405.8,394.5,396.65,402.45,2794,72774696.0
3214158,2019-04-23,ZEEL,505537,A ,400.0,420.9,400.0,409.4,396.65,8458,236716959.0
3217012,2019-04-24,ZEEL,505537,A ,410.05,419.4,405.35,417.95,409.4,2997,79947969.0
3219840,2019-04-25,ZEEL,505537,A ,418.25,424.5,412.65,416.9,417.95,3818,106542588.0
3222691,2019-04-26,ZEEL,505537,A ,419.9,425.9,415.25,418.0,416.9,2420,68286431.0
3225573,2019-04-30,ZEEL,505537,A ,419.1,439.95,414.75,432.25,418.0,9393,218359337.0
3228498,2019-05-02,ZEEL,505537,A ,431.55,434.9,417.1,418.45,432.25,2163,69277658.0
3231406,2019-05-03,ZEEL,505537,A ,418.45,422.45,410.0,411.1,418.45,2091,64390784.0
3234307,2019-05-06,ZEEL,505537,A ,410.7,410.9,385.6,388.15,411.1,4429,116268956.0
3237206,2019-05-07,ZEEL,505537,A ,391.0,393.4,347.05,369.2,388.15,15004,385515379.0
3240084,2019-05-08,ZEEL,505537,A ,371.0,372.5,322.45,333.3,369.2,43184,1053371912.0
3242937,2019-05-09,ZEEL,505537,A ,341.0,362.45,336.15,357.65,333.3,26856,663330870.0
3245768,2019-05-10,ZEEL,505537,A ,361.1,372.8,360.85,370.3,357.65,9347,229782281.0
3248640,2019-05-13,ZEEL,505537,A ,372.8,372.85,338.7,342.05,370.3,8733,239470236.0
3251507,2019-05-14,ZEEL,505537,A ,343.1,352.2,332.15,345.95,342.05,10455,248654264.0
3254365,2019-05-15,ZEEL,505537,A ,348.0,349.45,309.6,323.1,345.95,29371,854044982.0
3257327,2019-05-16,ZEEL,505537,A ,325.0,350.0,318.2,345.55,323.1,19827,454526917.0
3260157,2019-05-17,ZEEL,505537,A ,350.1,378.4,347.3,372.2,345.55,16019,519904904.0
3263024,2019-05-20,ZEEL,505537,A ,382.05,394.65,355.6,363.45,372.2,15239,316872966.0
3266023,2019-05-21,ZEEL,505537,A ,362.9,367.5,344.85,348.1,363.45,8515,221727020.0
3268937,2019-05-22,ZEEL,505537,A ,350.8,350.8,340.35,342.8,348.1,5886,186426333.0
3271847,2019-05-23,ZEEL,505537,A ,350.0,364.9,349.0,360.95,342.8,9354,347962266.0
3274698,2019-05-24,ZEEL,505537,A ,362.5,380.3,355.9,375.9,360.95,12239,348218879.0
3277562,2019-05-27,ZEEL,505537,A ,374.8,376.5,358.0,361.05,375.9,6839,183752110.0
3280539,2019-05-28,ZEEL,505537,A ,370.9,384.25,353.0,382.0,361.05,24703,698465487.0
3283508,2019-05-29,ZEEL,505537,A ,377.7,379.3,368.0,372.2,382.0,6773,173118546.0
3286447,2019-05-30,ZEEL,505537,A ,375.0,375.0,361.7,365.7,372.2,4686,114197702.0
3289380,2019-05-31,ZEEL,505537,A ,369.1,372.2,352.75,357.45,365.7,5612,148766345.0
3292316,2019-06-03,ZEEL,505537,A ,360.0,366.0,353.3,359.35,357.45,5487,140162876.0
3295293,2019-06-04,ZEEL,505537,A ,360.0,360.0,345.0,346.15,359.35,5730,137663936.0
3298243,2019-06-06,ZEEL,505537,A ,339.8,345.5,333.75,341.1,346.15,7521,233278733.0
3301183,2019-06-07,ZEEL,505537,A ,343.5,346.3,336.0,340.0,341.1,3616,94683368.0
3304068,2019-06-10,ZEEL,505537,A ,345.0,346.0,329.75,335.7,340.0,6623,131407895.0
3307098,2019-06-11,ZEEL,505537,A ,336.1,349.3,332.15,345.75,335.7,4469,146717995.0
3310047,2019-06-12,ZEEL,505537,A ,345.1,349.25,339.45,342.45,345.75,2790,65478628.0
3312944,2019-06-13,ZEEL,505537,A ,340.65,354.25,337.4,352.35,342.45,5089,183032074.0
3315872,2019-06-14,ZEEL,505537,A ,352.2,352.5,326.2,336.8,352.35,9976,269767757.0
3318767,2019-06-17,ZEEL,505537,A ,340.5,341.3,334.05,338.05,336.8,2726,78977776.0
3321669,2019-06-18,ZEEL,505537,A ,340.2,349.7,333.85,339.75,338.05,7254,199588737.0
3324544,2019-06-19,ZEEL,505537,A ,343.8,358.15,340.7,353.2,339.75,5730,127738397.0
3327458,2019-06-20,ZEEL,505537,A ,352.0,355.85,342.15,351.85,353.2,3837,99083031.0
3330373,2019-06-21,ZEEL,505537,A ,351.0,356.0,343.65,345.75,351.85,3177,85913508.0
3333251,2019-06-24,ZEEL,505537,A ,346.5,351.0,334.0,341.2,345.75,2508,59445804.0
3336173,2019-06-25,ZEEL,505537,A ,337.5,345.35,325.0,343.0,341.2,10601,242934311.0
3339068,2019-06-26,ZEEL,505537,A ,340.95,346.3,338.9,342.95,343.0,2501,78746090.0
3341960,2019-06-27,ZEEL,505537,A ,343.0,347.0,337.8,343.55,342.95,2756,68941820.0
3344893,2019-06-28,ZEEL,505537,A ,342.1,344.05,335.35,338.4,343.55,3217,91049822.0
3347808,2019-07-01,ZEEL,505537,A ,337.0,367.0,330.55,358.85,338.4,7295,224098035.0
3350763,2019-07-02,ZEEL,505537,A ,360.0,368.8,352.7,356.2,358.85,9202,282687711.0
3353612,2019-07-03,ZEEL,505537,A ,354.4,365.0,352.5,360.75,356.2,4534,157881547.0
3356497,2019-07-04,ZEEL,505537,A ,362.0,366.9,355.6,356.4,360.75,4526,131949874.0
3359332,2019-07-05,ZEEL,505537,A ,358.6,360.0,343.85,345.75,356.4,2901,68814441.0
3362148,2019-07-08,ZEEL,505537,A ,346.0,347.75,332.0,334.35,345.75,3272,85544144.0
3365027,2019-07-09,ZEEL,505537,A ,338.0,340.45,327.05,331.6,334.35,6717,371794034.0
3367834,2019-07-10,ZEEL,505537,A ,333.0,340.7,330.4,332.8,331.6,5585,316868357.0
3370615,2019-07-11,ZEEL,505537,A ,334.05,358.5,334.05,354.65,332.8,6741,195518277.0
3373414,2019-07-12,ZEEL,505537,A ,356.5,357.25,348.0,350.5,354.65,3222,94605562.0
3376222,2019-07-15,ZEEL,505537,A ,348.7,349.75,340.9,345.6,350.5,15074,158400634.0
3379078,2019-07-16,ZEEL,505537,A ,349.8,352.65,339.25,346.55,345.6,4442,93823641.0
3381935,2019-07-17,ZEEL,505537,A ,345.1,356.05,345.1,353.55,346.55,7311,123171769.0
3384814,2019-07-18,ZEEL,505537,A ,353.55,365.1,349.25,359.75,353.55,5002,154460964.0
3387676,2019-07-19,ZEEL,505537,A ,361.95,363.5,343.9,353.3,359.75,5368,123434860.0
3390580,2019-07-22,ZEEL,505537,A ,350.1,366.7,349.6,363.35,353.3,5512,498842605.0
3393483,2019-07-23,ZEEL,505537,A ,363.5,367.15,354.75,360.95,363.35,4337,104944155.0
3396307,2019-07-24,ZEEL,505537,A ,366.0,383.55,358.55,379.25,360.95,14366,435070059.0
3399134,2019-07-25,ZEEL,505537,A ,375.35,394.5,375.25,392.2,379.25,10131,285972662.0
3401951,2019-07-26,ZEEL,505537,A ,390.55,405.5,389.65,403.95,392.2,12151,345163738.0
3404808,2019-07-29,ZEEL,505537,A ,405.0,405.0,384.3,387.35,403.95,4891,139359484.0
3407601,2019-07-30,ZEEL,505537,A ,389.9,392.1,379.0,381.2,387.35,3942,143580356.0
3410463,2019-07-31,ZEEL,505537,A ,381.5,391.65,357.55,361.45,381.2,9997,325560730.0
3413328,2019-08-01,ZEEL,505537,A ,359.0,361.0,336.0,346.7,361.45,18017,513722643.0
3416143,2019-08-02,ZEEL,505537,A ,347.85,352.95,340.05,341.5,346.7,6573,178464422.0
3418940,2019-08-05,ZEEL,505537,A ,336.1,341.2,325.35,330.9,341.5,4928,137681167.0
3421726,2019-08-06,ZEEL,505537,A ,328.9,328.9,305.05,312.5,330.9,12418,368637627.0
3424516,2019-08-07,ZEEL,505537,A ,314.0,340.6,313.65,328.0,312.5,11524,328487893.0
3427370,2019-08-08,ZEEL,505537,A ,321.05,334.4,320.25,332.3,328.0,5423,193824919.0
3430148,2019-08-09,ZEEL,505537,A ,332.3,338.7,324.65,328.25,332.3,3060,97129899.0
3433020,2019-08-13,ZEEL,505537,A ,330.0,337.5,325.6,327.4,328.25,4594,141527999.0
3435902,2019-08-14,ZEEL,505537,A ,332.0,346.7,332.0,341.5,327.4,5073,133763917.0
3438737,2019-08-16,ZEEL,505537,A ,342.0,347.4,336.35,346.5,341.5,3591,85967877.0
3441593,2019-08-19,ZEEL,505537,A ,346.5,352.1,342.75,348.05,346.5,3234,111615697.0
3444472,2019-08-20,ZEEL,505537,A ,348.05,354.85,346.8,350.55,348.05,2702,90021922.0
3447278,2019-08-21,ZEEL,505537,A ,350.9,351.75,342.75,344.05,350.55,3254,65307448.0
3450120,2019-08-22,ZEEL,505537,A ,344.9,344.9,323.5,328.4,344.05,3582,91923803.0
3452968,2019-08-23,ZEEL,505537,A ,325.0,353.95,325.0,351.2,328.4,5602,124277072.0
3455778,2019-08-26,ZEEL,505537,A ,354.0,369.4,346.75,364.85,351.2,5289,112627807.0
3458663,2019-08-27,ZEEL,505537,A ,364.0,367.4,361.5,363.95,364.85,3573,301212432.0
3461557,2019-08-28,ZEEL,505537,A ,363.9,370.0,360.95,364.25,363.95,4308,69358140.0
3464454,2019-08-29,ZEEL,505537,A ,362.9,366.95,358.55,362.4,364.25,2090,36883614.0
3467319,2019-08-30,ZEEL,505537,A ,363.6,376.2,362.25,373.45,362.4,3302,63498255.0
3470247,2019-09-03,ZEEL,505537,A ,371.7,371.7,359.45,361.0,373.45,2053,48640139.0
3473072,2019-09-04,ZEEL,505537,A ,363.5,366.25,348.55,355.4,361.0,2947,87447032.0
3475850,2019-09-05,ZEEL,505537,A ,355.4,363.15,354.65,360.6,355.4,3390,53570438.0
3478654,2019-09-06,ZEEL,505537,A ,361.3,366.6,358.8,361.35,360.6,2476,39782744.0
3481545,2019-09-09,ZEEL,505537,A ,363.9,367.1,357.2,363.05,361.35,1823,52520448.0
3484504,2019-09-11,ZEEL,505537,A ,366.55,367.2,352.4,354.45,363.05,3902,90895204.0
3487486,2019-09-12,ZEEL,505537,A ,355.6,359.0,335.5,346.45,354.45,3500,107437179.0
3490335,2019-09-13,ZEEL,505537,A ,347.0,352.65,344.0,350.3,346.45,2964,86100229.0
3493197,2019-09-16,ZEEL,505537,A ,350.3,356.5,344.4,344.95,350.3,1988,58593691.0
3496090,2019-09-17,ZEEL,505537,A ,347.0,348.5,333.9,336.15,344.95,2034,55932457.0
3498999,2019-09-18,ZEEL,505537,A ,337.0,342.35,333.8,335.3,336.15,1584,40210926.0
3501851,2019-09-19,ZEEL,505537,A ,336.0,336.0,306.25,308.8,335.3,9230,185061729.0
3504709,2019-09-20,ZEEL,505537,A ,309.2,316.45,272.0,301.1,308.8,34396,2248368423.0
3507686,2019-09-23,ZEEL,505537,A ,308.8,311.6,268.55,272.1,301.1,18949,515994096.0
3510706,2019-09-24,ZEEL,505537,A ,274.3,286.8,256.1,279.3,272.1,46985,1586734738.0
3513621,2019-09-25,ZEEL,505537,A ,289.3,293.3,268.85,271.9,279.3,40340,1365924454.0
3516522,2019-09-26,ZEEL,505537,A ,275.0,289.45,270.35,286.7,271.9,33365,1232233508.0
3519396,2019-09-27,ZEEL,505537,A ,285.45,289.5,271.4,273.75,286.7,15120,376696408.0
3522313,2019-09-30,ZEEL,505537,A ,273.0,275.05,251.6,265.3,273.75,12359,319528089.0
3525194,2019-10-01,ZEEL,505537,A ,263.55,271.45,211.8,232.95,265.3,24511,496557501.0
3528056,2019-10-03,ZEEL,505537,A ,236.35,256.3,225.5,251.4,232.95,23080,434236559.0
3530984,2019-10-04,ZEEL,505537,A ,249.9,253.7,233.0,236.8,251.4,16280,345351422.0
3534085,2019-10-07,ZEEL,505537,A ,213.15,256.45,203.7,251.5,236.8,35345,733247044.0
3537056,2019-10-09,ZEEL,505537,A ,250.25,257.8,240.7,245.9,251.5,15786,382790069.0
3539974,2019-10-10,ZEEL,505537,A ,245.0,248.1,242.45,244.95,245.9,6288,98405770.0
3542864,2019-10-11,ZEEL,505537,A ,246.0,249.3,235.1,242.45,244.95,7694,172080250.0
3545733,2019-10-14,ZEEL,505537,A ,250.0,250.0,237.45,242.55,242.45,5628,113150143.0
3548677,2019-10-15,ZEEL,505537,A ,237.95,253.35,234.85,250.8,242.55,11601,183159385.0
3551565,2019-10-16,ZEEL,505537,A ,252.0,267.3,250.4,259.75,250.8,12760,300689031.0
3554467,2019-10-17,ZEEL,505537,A ,261.0,273.75,256.0,264.7,259.75,14444,306247118.0
3557373,2019-10-18,ZEEL,505537,A ,247.95,262.8,239.85,250.0,264.7,31669,854357982.0
3560317,2019-10-22,ZEEL,505537,A ,251.95,254.9,247.5,250.35,250.0,14093,238653356.0
3563296,2019-10-23,ZEEL,505537,A ,253.0,253.0,240.2,241.9,250.35,6637,142573542.0
3566179,2019-10-24,ZEEL,505537,A ,244.0,245.6,236.15,237.45,241.9,4366,97723800.0
3569008,2019-10-25,ZEEL,505537,A ,240.0,243.7,233.5,239.6,237.45,6821,112763675.0
3571789,2019-10-27,ZEEL,505537,A ,242.0,243.5,237.0,238.2,239.6,1062,11989715.0
3574230,2019-10-29,ZEEL,505537,A ,240.9,241.25,235.35,236.45,238.2,4082,88920112.0
3577136,2019-10-30,ZEEL,505537,A ,238.95,245.9,234.0,235.35,236.45,7289,185881238.0
3580039,2019-10-31,ZEEL,505537,A ,235.35,263.9,234.95,260.8,235.35,16173,360287967.0
3582966,2019-11-01,ZEEL,505537,A ,263.0,314.05,261.7,309.5,260.8,37080,1001894830.0
3585951,2019-11-04,ZEEL,505537,A ,302.0,307.8,290.25,296.0,309.5,21364,510143241.0
3588960,2019-11-05,ZEEL,505537,A ,297.0,299.25,282.0,286.2,296.0,11735,522335034.0
3591853,2019-11-06,ZEEL,505537,A ,286.0,303.65,282.65,285.8,286.2,23505,533660605.0
3594790,2019-11-07,ZEEL,505537,A ,287.0,292.75,282.3,285.75,285.8,9212,215526331.0
3597741,2019-11-08,ZEEL,505537,A ,289.0,295.0,284.65,287.6,285.75,9224,207011779.0
3600651,2019-11-11,ZEEL,505537,A ,290.0,307.7,286.0,305.5,287.6,11943,291212414.0
3603608,2019-11-13,ZEEL,505537,A ,303.4,303.4,290.0,290.55,305.5,12248,303839765.0
3606614,2019-11-14,ZEEL,505537,A ,291.0,295.35,281.0,281.95,290.55,8829,200873746.0
3609542,2019-11-15,ZEEL,505537,A ,286.0,293.0,278.7,287.5,281.95,5967,186013113.0
3612567,2019-11-18,ZEEL,505537,A ,290.8,298.1,287.45,294.05,287.5,5218,130196816.0
3615572,2019-11-19,ZEEL,505537,A ,294.05,295.0,282.6,285.75,294.05,8623,182538116.0
3618545,2019-11-20,ZEEL,505537,A ,289.8,310.2,283.05,307.15,285.75,20756,542714880.0
3621562,2019-11-21,ZEEL,505537,A ,337.85,353.2,320.3,345.25,307.15,62140,2382691572.0
3624565,2019-11-22,ZEEL,505537,A ,347.0,362.5,334.35,357.9,345.25,29359,992046811.0
3627547,2019-11-25,ZEEL,505537,A ,354.8,354.8,338.75,343.65,357.9,15000,379251639.0
3630496,2019-11-26,ZEEL,505537,A ,340.5,342.45,312.5,319.7,343.65,39803,981105372.0
3633425,2019-11-27,ZEEL,505537,A ,315.9,329.85,311.5,319.5,319.7,21262,612552652.0
3636384,2019-11-28,ZEEL,505537,A ,313.5,327.05,302.3,310.8,319.5,23693,757832431.0
3639261,2019-11-29,ZEEL,505537,A ,316.5,323.95,285.0,293.55,310.8,20037,521426734.0
3642244,2019-12-02,ZEEL,505537,A ,289.95,307.0,284.4,292.85,293.55,20400,678813785.0
3645216,2019-12-03,ZEEL,505537,A ,296.0,299.0,271.2,279.65,292.85,19803,527170039.0
3648148,2019-12-04,ZEEL,505537,A ,281.9,286.9,276.1,281.15,279.65,14649,391586347.0
3651056,2019-12-05,ZEEL,505537,A ,286.95,302.25,283.5,300.2,281.15,24715,609308393.0
3653962,2019-12-06,ZEEL,505537,A ,299.0,302.0,283.6,287.75,300.2,14535,407803506.0
3656924,2019-12-09,ZEEL,505537,A ,291.0,297.0,282.9,284.1,287.75,12249,261073353.0
3659852,2019-12-10,ZEEL,505537,A ,288.4,288.4,268.8,270.6,284.1,11956,466171539.0
3662810,2019-12-11,ZEEL,505537,A ,272.8,285.4,269.35,283.35,270.6,14918,374158024.0
3665723,2019-12-12,ZEEL,505537,A ,283.35,286.6,277.3,284.1,283.35,9305,186691397.0
3668571,2019-12-13,ZEEL,505537,A ,284.5,286.1,278.1,279.6,284.1,6510,180107529.0
3671498,2019-12-16,ZEEL,505537,A ,284.7,284.7,276.9,278.15,279.6,4535,80111699.0
3674472,2019-12-17,ZEEL,505537,A ,278.2,286.55,278.2,279.7,278.15,7545,147868827.0
3677431,2019-12-18,ZEEL,505537,A ,280.45,280.9,274.4,279.45,279.7,6408,113970772.0
3680338,2019-12-19,ZEEL,505537,A ,281.75,282.3,277.35,279.55,279.45,6323,93395724.0
3683242,2019-12-20,ZEEL,505537,A ,282.35,287.9,280.0,284.05,279.55,9891,187076269.0
3686178,2019-12-23,ZEEL,505537,A ,285.0,296.5,284.05,294.75,284.05,10733,242699252.0
3689133,2019-12-24,ZEEL,505537,A ,295.0,303.2,294.0,297.0,294.75,9085,232023804.0
3692032,2019-12-26,ZEEL,505537,A ,298.8,298.8,291.2,297.0,297.0,5845,142382430.0
3694982,2019-12-27,ZEEL,505537,A ,296.55,304.7,295.85,298.9,297.0,4982,130070636.0
3697930,2019-12-30,ZEEL,505537,A ,297.95,304.5,295.65,302.7,298.9,3839,89510211.0
3700937,2019-12-31,ZEEL,505537,A ,303.25,304.0,290.4,292.2,302.7,4698,97633597.0
5330601,2020-01-01,ZEEL,505537,A,293.25,296.2,286.85,288.5,292.2,373548,108679557.0
5330602,2020-01-02,ZEEL,505537,A,283.9,291.55,279.85,289.8,288.5,483549,138654187.0
5330603,2020-01-03,ZEEL,505537,A,290.0,290.0,272.25,273.75,289.8,838430,232690292.0
5330604,2020-01-06,ZEEL,505537,A,276.0,276.0,260.4,261.65,273.75,544013,144465316.0
5330605,2020-01-07,ZEEL,505537,A,264.45,271.25,263.6,267.7,261.65,542924,145150747.0
5330606,2020-01-08,ZEEL,505537,A,264.5,266.05,260.75,264.45,267.7,381705,100538122.0
5330607,2020-01-09,ZEEL,505537,A,268.9,275.0,268.9,272.05,264.45,326139,88844664.0
5330608,2020-01-10,ZEEL,505537,A,273.2,273.45,262.1,263.05,272.05,399041,106498513.0
5330609,2020-01-13,ZEEL,505537,A,264.1,267.15,260.3,265.0,263.05,383039,101047048.0
5330610,2020-01-14,ZEEL,505537,A,265.2,271.6,263.9,269.5,265.0,351162,94463316.0
5330611,2020-01-15,ZEEL,505537,A,269.0,274.0,265.4,272.75,269.5,281876,76389757.0
5330612,2020-01-16,ZEEL,505537,A,272.05,280.45,272.0,279.65,272.75,366226,101350966.0
5330613,2020-01-17,ZEEL,505537,A,284.0,284.35,277.5,281.7,279.65,296254,83139705.0
5330614,2020-01-20,ZEEL,505537,A,280.35,284.2,269.4,270.8,281.7,283904,77954844.0
5330615,2020-01-21,ZEEL,505537,A,269.5,286.5,267.6,283.95,270.8,795350,223153566.0
5330616,2020-01-22,ZEEL,505537,A,276.4,303.95,272.45,300.25,283.95,1609391,462267868.0
5330617,2020-01-23,ZEEL,505537,A,296.5,296.5,277.8,279.1,300.25,907607,257325463.0
5330618,2020-01-24,ZEEL,505537,A,282.0,285.6,279.1,280.8,279.1,437477,123684393.0
5330619,2020-01-27,ZEEL,505537,A,280.05,281.8,275.45,278.95,280.8,277584,77412085.0
5330620,2020-01-28,ZEEL,505537,A,279.95,281.5,271.9,272.5,278.95,232768,64262687.0
5330621,2020-01-29,ZEEL,505537,A,276.7,277.0,271.75,274.05,272.5,255048,70035901.0
5330622,2020-01-30,ZEEL,505537,A,274.05,274.4,266.05,267.65,274.05,263133,70775706.0
5330623,2020-01-31,ZEEL,505537,A,270.0,272.85,267.35,269.0,267.65,218640,59021983.0
5330624,2020-02-01,ZEEL,505537,A,266.1,269.0,251.2,252.9,269.0,230625,60116650.0
5330625,2020-02-03,ZEEL,505537,A,257.0,260.65,250.95,255.7,252.9,379154,97117301.0
5330626,2020-02-04,ZEEL,505537,A,262.8,267.95,238.9,245.05,255.7,1401816,353709011.0
5330627,2020-02-05,ZEEL,505537,A,248.0,250.25,220.25,226.7,245.05,1791212,409567706.0
5330628,2020-02-06,ZEEL,505537,A,230.5,241.0,230.1,235.75,226.7,1980429,464965260.0
5330629,2020-02-07,ZEEL,505537,A,235.8,251.45,235.8,249.75,235.75,1557567,380982424.0
5330630,2020-02-10,ZEEL,505537,A,249.8,249.8,228.1,230.5,249.75,721955,169683581.0
5330631,2020-02-11,ZEEL,505537,A,233.0,237.35,227.9,231.3,230.5,923487,215632408.0
5330632,2020-02-12,ZEEL,505537,A,233.0,234.75,231.1,232.05,231.3,269995,62855899.0
5330633,2020-02-13,ZEEL,505537,A,233.0,241.0,231.3,237.25,232.05,1020382,242041711.0
5330634,2020-02-14,ZEEL,505537,A,238.0,242.4,237.0,238.7,237.25,378636,90560800.0
5330635,2020-02-17,ZEEL,505537,A,239.3,242.0,233.5,239.4,238.7,479943,114562270.0
5330636,2020-02-18,ZEEL,505537,A,240.3,247.1,238.65,245.55,239.4,350889,85160153.0
5330637,2020-02-19,ZEEL,505537,A,247.0,255.25,244.65,252.3,245.55,440255,110648511.0
5330638,2020-02-20,ZEEL,505537,A,252.0,260.9,251.25,256.8,252.3,261801,67383519.0
5330639,2020-02-24,ZEEL,505537,A,252.2,257.0,248.2,249.05,256.8,180363,45512357.0
5330640,2020-02-25,ZEEL,505537,A,251.1,255.05,249.75,252.0,249.05,167072,42176362.0
5330641,2020-02-26,ZEEL,505537,A,251.9,253.5,247.0,251.65,252.0,308640,76810891.0
5330642,2020-02-27,ZEEL,505537,A,253.35,253.45,243.3,244.35,251.65,116957,28914626.0
5330643,2020-02-28,ZEEL,505537,A,242.95,244.45,232.5,239.85,244.35,298058,70491780.0
5330644,2020-03-02,ZEEL,505537,A,241.75,248.75,230.15,233.25,239.85,908725,219145814.0
5330645,2020-03-03,ZEEL,505537,A,236.0,255.8,235.35,251.15,233.25,740917,182257010.0
5330646,2020-03-04,ZEEL,505537,A,246.0,254.45,244.05,251.7,251.15,671796,167445713.0
5330647,2020-03-05,ZEEL,505537,A,251.6,253.35,235.75,238.05,251.7,466593,111805251.0
5330648,2020-03-06,ZEEL,505537,A,230.0,230.25,216.6,221.1,238.05,459954,102685889.0
5330649,2020-03-09,ZEEL,505537,A,217.8,217.8,190.7,194.65,221.1,973201,192691072.0
5330650,2020-03-11,ZEEL,505537,A,192.4,213.6,188.1,209.65,194.65,949303,196226657.0
5330651,2020-03-12,ZEEL,505537,A,194.0,199.75,188.7,190.8,209.65,525111,101898950.0
5330652,2020-03-13,ZEEL,505537,A,178.25,197.1,160.8,182.85,190.8,1369179,253119203.0
5330653,2020-03-16,ZEEL,505537,A,182.8,182.8,162.5,166.7,182.85,246120,41686444.0
5330654,2020-03-17,ZEEL,505537,A,163.0,169.0,131.65,133.2,166.7,1367576,202768746.0
5330655,2020-03-18,ZEEL,505537,A,137.8,177.65,135.75,164.8,133.2,1567544,238392647.0
5330656,2020-03-19,ZEEL,505537,A,151.95,157.7,138.75,141.2,164.8,829086,121143715.0
5330657,2020-03-20,ZEEL,505537,A,143.6,153.25,136.35,144.8,141.2,884714,128003499.0
5330658,2020-03-23,ZEEL,505537,A,134.9,144.45,115.9,123.0,144.8,479160,62362365.0
5330659,2020-03-24,ZEEL,505537,A,128.95,131.0,117.0,119.3,123.0,506696,61736955.0
5330660,2020-03-25,ZEEL,505537,A,118.0,129.9,114.0,125.7,119.3,351411,42548229.0
5330661,2020-03-26,ZEEL,505537,A,125.7,133.0,119.05,128.8,125.7,360210,46051653.0
5330662,2020-03-27,ZEEL,505537,A,129.0,139.5,127.0,128.05,128.8,254652,33719817.0
5330663,2020-03-30,ZEEL,505537,A,126.7,135.0,122.65,125.6,128.05,273083,35121185.0
5330664,2020-03-31,ZEEL,505537,A,128.0,131.15,123.15,124.0,125.6,1625130,206586131.0
5330665,2020-04-01,ZEEL,505537,A,124.0,126.5,120.0,120.8,124.0,242871,29813825.0
5330666,2020-04-03,ZEEL,505537,A,122.0,125.4,119.15,124.2,120.8,225940,27735386.0
5330667,2020-04-07,ZEEL,505537,A,126.0,142.8,126.0,141.15,124.2,326355,43869259.0
5330668,2020-04-08,ZEEL,505537,A,140.0,148.5,135.55,142.8,141.15,353541,50694677.0
5330669,2020-04-09,ZEEL,505537,A,144.0,151.25,144.0,149.95,142.8,317872,47406013.0
5330670,2020-04-13,ZEEL,505537,A,146.0,146.0,128.3,137.1,149.95,1358149,180700654.0
5330671,2020-04-15,ZEEL,505537,A,144.0,144.0,129.15,133.8,137.1,1140998,155220338.0
5330672,2020-04-16,ZEEL,505537,A,130.55,138.8,130.55,135.8,133.8,2543319,347079841.0
5330673,2020-04-17,ZEEL,505537,A,141.5,142.6,137.15,140.1,135.8,1438842,200034144.0
5330674,2020-04-20,ZEEL,505537,A,142.5,149.7,137.65,140.7,140.1,1188963,172703151.0
5330675,2020-04-21,ZEEL,505537,A,138.7,138.75,128.7,129.3,140.7,1023609,134423056.0
5330676,2020-04-22,ZEEL,505537,A,130.0,155.15,130.0,151.5,129.3,1880445,270815369.0
5330677,2020-04-23,ZEEL,505537,A,157.45,172.8,155.5,157.65,151.5,2894911,473075028.0
5330678,2020-04-24,ZEEL,505537,A,151.8,152.8,143.15,145.0,157.65,1593932,234444940.0
5330679,2020-04-27,ZEEL,505537,A,151.9,152.4,146.9,149.6,145.0,564792,84606914.0
5330680,2020-04-28,ZEEL,505537,A,150.85,155.7,150.05,152.5,149.6,1122739,172826008.0
5330681,2020-04-29,ZEEL,505537,A,157.95,166.0,155.15,159.35,152.5,1192523,189481316.0
5330682,2020-04-30,ZEEL,505537,A,164.7,164.7,156.0,159.25,159.35,727579,117203828.0
5330683,2020-05-04,ZEEL,505537,A,156.85,156.85,143.5,146.45,159.25,635368,92530976.0
5330684,2020-05-05,ZEEL,505537,A,151.0,155.4,147.0,148.2,146.45,2073858,312292208.0
5330685,2020-05-06,ZEEL,505537,A,150.9,154.35,146.8,152.9,148.2,1227271,185074854.0
5330686,2020-05-07,ZEEL,505537,A,150.2,154.15,146.25,147.45,152.9,214747,32228764.0
5330687,2020-05-08,ZEEL,505537,A,151.9,158.7,147.2,150.6,147.45,1055729,162111350.0
5330688,2020-05-11,ZEEL,505537,A,155.7,161.8,153.1,155.5,150.6,1033019,162733027.0
5330689,2020-05-12,ZEEL,505537,A,154.25,156.2,148.05,154.95,155.5,798648,120684133.0
5330690,2020-05-13,ZEEL,505537,A,162.8,168.4,155.15,165.45,154.95,911770,147357301.0
5330691,2020-05-14,ZEEL,505537,A,163.8,172.85,156.7,169.55,165.45,1173047,192714274.0
5330692,2020-05-15,ZEEL,505537,A,167.95,172.2,162.6,164.25,169.55,1437577,241563826.0
5330693,2020-05-18,ZEEL,505537,A,164.2,164.2,148.0,149.35,164.25,1064407,162695420.0
5330694,2020-05-19,ZEEL,505537,A,152.6,155.65,148.2,150.25,149.35,542561,82453935.0
5330695,2020-05-20,ZEEL,505537,A,149.6,154.65,149.6,153.5,150.25,505815,77418527.0
5330696,2020-05-21,ZEEL,505537,A,154.5,159.3,152.55,153.7,153.5,556817,87124622.0
5330697,2020-05-22,ZEEL,505537,A,153.7,165.0,152.3,163.15,153.7,1292045,207537733.0
5330698,2020-05-26,ZEEL,505537,A,164.4,166.5,159.4,165.15,163.15,684503,111674633.0
5330699,2020-05-27,ZEEL,505537,A,165.15,166.35,161.8,164.5,165.15,464702,76106454.0
5330700,2020-05-28,ZEEL,505537,A,165.25,186.35,163.55,180.75,164.5,2734072,488632781.0
5330701,2020-05-29,ZEEL,505537,A,176.5,186.65,175.3,183.4,180.75,1225769,224381089.0
5330702,2020-06-01,ZEEL,505537,A,188.5,192.4,184.15,185.9,183.4,887343,167020523.0
5330703,2020-06-02,ZEEL,505537,A,186.8,202.8,185.7,199.05,185.9,1785045,349072313.0
5330704,2020-06-03,ZEEL,505537,A,204.45,205.15,192.75,195.9,199.05,955696,191239364.0
5330705,2020-06-04,ZEEL,505537,A,197.0,207.6,187.4,205.75,195.9,1795103,357718087.0
5330706,2020-06-05,ZEEL,505537,A,209.4,210.3,202.3,206.3,205.75,1534454,316789051.0
5330707,2020-06-08,ZEEL,505537,A,210.0,210.1,194.5,197.0,206.3,1899861,380036415.0
5330708,2020-06-09,ZEEL,505537,A,198.05,202.2,190.65,192.35,197.0,2015918,392378730.0
5330709,2020-06-10,ZEEL,505537,A,194.0,194.65,188.1,189.75,192.35,1253052,238961543.0
5330710,2020-06-11,ZEEL,505537,A,191.0,191.0,175.0,176.0,189.75,1005298,183410373.0
5330711,2020-06-12,ZEEL,505537,A,171.25,171.25,164.35,168.6,176.0,2012422,337668706.0
5330712,2020-06-15,ZEEL,505537,A,168.6,176.95,163.65,165.45,168.6,2330934,397007241.0
5330713,2020-06-16,ZEEL,505537,A,172.3,172.3,161.15,163.85,165.45,1141138,190418295.0
5330714,2020-06-17,ZEEL,505537,A,164.2,169.35,161.25,165.0,163.85,1015597,168904838.0
5330715,2020-06-18,ZEEL,505537,A,167.4,175.5,165.5,174.45,165.0,2837790,487010070.0
5330716,2020-06-19,ZEEL,505537,A,176.15,178.0,169.45,172.85,174.45,1611286,281290686.0
5330717,2020-06-20,ZEEL,505537,A,176.15,178.0,169.45,172.85,172.85,1611286,281290686.0
5330718,2020-06-22,ZEEL,505537,A,174.95,180.0,174.45,177.0,172.85,694524,123406971.0
5330719,2020-06-23,ZEEL,505537,A,178.65,186.9,176.2,182.0,177.0,846177,153703128.0
5330720,2020-06-24,ZEEL,505537,A,183.0,185.3,172.5,174.1,182.0,1525076,274395131.0
5330721,2020-06-25,ZEEL,505537,A,170.35,176.4,168.6,172.25,174.1,1292016,224389756.0
5330722,2020-06-26,ZEEL,505537,A,174.95,180.7,174.2,176.2,172.25,981670,174651845.0
5330723,2020-06-29,ZEEL,505537,A,176.0,176.0,167.8,172.0,176.2,3270631,559833836.0
5330724,2020-06-30,ZEEL,505537,A,175.0,175.75,169.65,171.1,172.0,329270,56899803.0
5330725,2020-07-01,ZEEL,505537,A,166.3,177.85,165.0,175.3,171.1,1637088,283503669.0
5330726,2020-07-02,ZEEL,505537,A,176.5,179.15,173.0,174.4,175.3,500505,87916426.0
5330727,2020-07-03,ZEEL,505537,A,177.0,177.15,171.4,172.3,174.4,393966,68541713.0
5330728,2020-07-06,ZEEL,505537,A,172.3,177.8,172.3,175.05,172.3,1055663,184887316.0
5330729,2020-07-07,ZEEL,505537,A,175.05,181.6,170.85,180.2,175.05,979199,173190854.0
5330730,2020-07-08,ZEEL,505537,A,181.0,183.35,171.25,172.1,180.2,1120841,197915467.0
5330731,2020-07-09,ZEEL,505537,A,174.5,174.5,169.8,171.9,172.1,712890,122648924.0
5330732,2020-07-10,ZEEL,505537,A,171.05,173.5,167.2,170.05,171.9,803296,136163257.0
5330733,2020-07-13,ZEEL,505537,A,173.0,174.8,170.8,173.65,170.05,552682,95706329.0
5330734,2020-07-14,ZEEL,505537,A,173.45,173.45,165.45,166.2,173.65,517565,86705369.0
5330735,2020-07-15,ZEEL,505537,A,168.35,168.85,158.55,160.2,166.2,1156453,189847131.0
5330736,2020-07-16,ZEEL,505537,A,161.3,161.95,154.75,157.4,160.2,618376,96968960.0
5330737,2020-07-17,ZEEL,505537,A,157.4,159.7,155.15,157.4,157.4,579695,91134797.0
5330738,2020-07-20,ZEEL,505537,A,158.7,159.0,154.25,154.75,157.4,993308,154976315.0
5330739,2020-07-21,ZEEL,505537,A,155.5,156.3,152.05,153.65,154.75,773971,118898492.0
5330740,2020-07-22,ZEEL,505537,A,154.0,158.95,149.0,157.05,153.65,1307455,202016494.0
5330741,2020-07-23,ZEEL,505537,A,160.0,167.6,157.75,159.0,157.05,4111653,670499636.0
5330742,2020-07-24,ZEEL,505537,A,158.4,158.9,150.65,151.65,159.0,2221911,339956831.0
5330743,2020-07-27,ZEEL,505537,A,148.4,154.95,144.75,145.4,151.65,1278904,190188124.0
5330744,2020-07-28,ZEEL,505537,A,146.3,148.0,141.1,144.4,145.4,913841,131331694.0
5330745,2020-07-29,ZEEL,505537,A,145.5,147.15,141.45,142.35,144.4,654523,94555318.0
5330746,2020-07-30,ZEEL,505537,A,144.9,145.5,138.2,140.25,142.35,895317,127252382.0
5330747,2020-07-31,ZEEL,505537,A,141.8,141.8,138.15,138.8,140.25,1634873,227357040.0
5330748,2020-08-03,ZEEL,505537,A,138.5,139.9,134.75,134.95,138.8,1126062,154383881.0
5330749,2020-08-04,ZEEL,505537,A,135.25,144.9,135.25,143.35,134.95,1191583,169246919.0
5330750,2020-08-05,ZEEL,505537,A,145.45,147.3,141.8,145.5,143.35,1017707,147186705.0
5330751,2020-08-06,ZEEL,505537,A,145.0,152.55,145.0,148.65,145.5,1128405,169219180.0
5330752,2020-08-07,ZEEL,505537,A,151.0,151.2,148.75,150.2,148.65,699936,105165506.0
5330753,2020-08-10,ZEEL,505537,A,149.7,153.95,148.9,151.2,150.2,1350004,204585005.0
5330754,2020-08-11,ZEEL,505537,A,153.0,160.9,152.45,159.85,151.2,2144339,340712278.0
5330755,2020-08-12,ZEEL,505537,A,158.8,164.2,156.4,161.35,159.85,2362237,381984112.0
5330756,2020-08-13,ZEEL,505537,A,162.0,164.1,160.1,162.3,161.35,1661717,269912968.0
5330757,2020-08-14,ZEEL,505537,A,162.55,167.5,158.1,161.3,162.3,1566310,255773728.0
5330758,2020-08-17,ZEEL,505537,A,163.05,170.95,163.05,169.9,161.3,3526492,592373176.0
5330759,2020-08-18,ZEEL,505537,A,170.25,178.85,165.3,173.95,169.9,2630008,454005267.0
5330760,2020-08-19,ZEEL,505537,A,173.0,200.0,169.35,197.05,173.95,4868391,909717456.0
5330761,2020-08-20,ZEEL,505537,A,193.05,206.9,192.5,199.45,197.05,6550383,1314208704.0
5330762,2020-08-21,ZEEL,505537,A,199.5,204.25,189.25,192.15,199.45,2255158,438981637.0
5330763,2020-08-24,ZEEL,505537,A,195.0,203.35,193.0,201.5,192.15,3506926,700919251.0
5330764,2020-08-25,ZEEL,505537,A,203.55,204.5,197.8,199.85,201.5,849011,170225864.0
5330765,2020-08-26,ZEEL,505537,A,201.5,213.35,197.9,211.45,199.85,2047995,427854725.0
5330766,2020-08-27,ZEEL,505537,A,211.1,216.6,205.15,209.65,211.45,1938593,408282978.0
5330767,2020-08-28,ZEEL,505537,A,211.0,218.5,211.0,213.8,209.65,2275331,489393948.0
5330768,2020-08-31,ZEEL,505537,A,215.55,217.85,201.15,203.5,213.8,1081769,225422269.0
5330769,2020-09-01,ZEEL,505537,A,208.0,208.0,196.3,201.8,203.5,868377,175183605.0
5330770,2020-09-02,ZEEL,505537,A,204.0,220.9,202.55,218.2,201.8,1710856,364529188.0
5330771,2020-09-03,ZEEL,505537,A,218.0,225.1,214.65,220.35,218.2,2069013,456916051.0
5330772,2020-09-04,ZEEL,505537,A,216.5,223.65,210.45,220.4,220.35,1670142,366212985.0
5330773,2020-09-07,ZEEL,505537,A,220.95,225.8,215.95,223.9,220.4,906217,201007942.0
5330774,2020-09-08,ZEEL,505537,A,223.9,225.25,212.0,213.7,223.9,867714,190413313.0
5330775,2020-09-09,ZEEL,505537,A,212.95,223.3,207.25,221.4,213.7,1123612,243010676.0
5330776,2020-09-10,ZEEL,505537,A,220.8,228.85,219.65,222.9,221.4,1025969,230342288.0
5330777,2020-09-11,ZEEL,505537,A,222.0,224.7,216.2,218.0,222.9,635269,139821018.0
5330778,2020-09-14,ZEEL,505537,A,222.0,224.7,214.15,216.05,218.0,496577,108309780.0
5330779,2020-09-15,ZEEL,505537,A,217.9,220.2,216.0,217.25,216.05,457768,99953270.0
5330780,2020-09-16,ZEEL,505537,A,219.7,219.7,213.65,215.95,217.25,404383,87252891.0
5330781,2020-09-17,ZEEL,505537,A,215.25,224.6,215.2,221.15,215.95,1409863,312197250.0
5330782,2020-09-18,ZEEL,505537,A,222.85,226.5,219.15,220.1,221.15,956506,213495428.0
5330783,2020-09-21,ZEEL,505537,A,222.0,224.8,204.45,210.55,220.1,635355,136988293.0
5330784,2020-09-22,ZEEL,505537,A,213.0,213.0,193.55,197.0,210.55,1558260,313169562.0
5330785,2020-09-23,ZEEL,505537,A,200.0,203.1,177.3,191.75,197.0,1597730,302966439.0
5330786,2020-09-24,ZEEL,505537,A,184.0,195.7,183.0,190.05,191.75,936862,177984460.0
5330787,2020-09-25,ZEEL,505537,A,196.0,201.3,183.3,198.35,190.05,1360279,261587301.0
5330788,2020-09-28,ZEEL,505537,A,198.5,209.7,197.25,208.6,198.35,1279444,262769940.0
5330789,2020-09-29,ZEEL,505537,A,208.65,214.5,204.45,207.75,208.6,869354,182131776.0
5330790,2020-09-30,ZEEL,505537,A,209.0,212.85,206.65,209.0,207.75,453633,95243524.0
5330791,2020-10-01,ZEEL,505537,A,210.4,215.0,210.4,214.05,209.0,676613,144320067.0
5330792,2020-10-05,ZEEL,505537,A,214.2,214.8,207.5,208.25,214.05,610971,128945657.0
5330793,2020-10-06,ZEEL,505537,A,210.0,219.5,208.5,216.95,208.25,918836,195629428.0
5330794,2020-10-07,ZEEL,505537,A,217.0,218.3,203.8,206.05,216.95,1080390,227077231.0
5330795,2020-10-08,ZEEL,505537,A,209.2,212.95,204.2,205.8,206.05,1127951,235193911.0
5330796,2020-10-09,ZEEL,505537,A,209.9,209.9,198.05,200.7,205.8,512382,104197479.0
5330797,2020-10-12,ZEEL,505537,A,197.5,197.9,186.5,189.8,200.7,1871900,359345656.0
5330798,2020-10-13,ZEEL,505537,A,191.0,192.15,181.5,182.45,189.8,803518,148566729.0
5330799,2020-10-14,ZEEL,505537,A,183.9,188.05,178.6,186.0,182.45,878657,161955567.0
5330800,2020-10-15,ZEEL,505537,A,186.4,188.45,178.85,179.9,186.0,513572,94244132.0
5330801,2020-10-16,ZEEL,505537,A,183.0,183.0,173.5,175.65,179.9,686716,121309529.0
5330802,2020-10-17,ZEEL,505537,A,183.0,183.0,173.5,175.65,175.65,686716,121309529.0
5330803,2020-10-19,ZEEL,505537,A,176.25,177.9,173.5,174.2,175.65,437908,76632100.0
5330804,2020-10-20,ZEEL,505537,A,173.05,183.85,172.7,183.05,174.2,1630539,294731337.0
5330805,2020-10-21,ZEEL,505537,A,185.9,189.05,176.1,180.55,183.05,1244522,228110188.0
5330806,2020-10-22,ZEEL,505537,A,180.9,185.55,180.9,183.55,180.55,880133,161427656.0
5330807,2020-10-23,ZEEL,505537,A,185.0,187.6,183.55,185.8,183.55,921543,171474856.0
5330808,2020-10-26,ZEEL,505537,A,186.4,187.95,176.15,176.65,185.8,456640,81992399.0
5330809,2020-10-27,ZEEL,505537,A,178.0,189.5,177.95,187.6,176.65,732607,135369751.0
5330810,2020-10-28,ZEEL,505537,A,187.0,187.0,180.5,181.5,187.6,368611,67538284.0
5330811,2020-10-29,ZEEL,505537,A,179.5,181.45,176.3,179.05,181.5,825012,148106315.0
5330812,2020-10-30,ZEEL,505537,A,182.0,189.6,180.55,187.85,179.05,898687,166614924.0
5330813,2020-11-02,ZEEL,505537,A,187.85,187.85,181.2,183.35,187.85,536690,98566520.0
5330814,2020-11-03,ZEEL,505537,A,186.0,191.25,180.75,182.05,183.35,926655,171522596.0
5330815,2020-11-04,ZEEL,505537,A,183.5,185.0,179.3,181.8,182.05,773011,140968973.0
5330816,2020-11-05,ZEEL,505537,A,183.95,191.95,183.5,190.6,181.8,699552,131757755.0
5330817,2020-11-06,ZEEL,505537,A,191.4,194.9,190.7,192.9,190.6,885586,170744000.0
5330818,2020-11-09,ZEEL,505537,A,193.5,196.5,190.2,191.7,192.9,317591,61390449.0
5330819,2020-11-10,ZEEL,505537,A,191.7,195.95,188.4,192.8,191.7,1160930,224387544.0
5330820,2020-11-11,ZEEL,505537,A,195.45,200.05,193.4,195.35,192.8,492045,96669914.0
5330821,2020-11-12,ZEEL,505537,A,195.1,200.0,194.7,198.4,195.35,704555,139094577.0
5330822,2020-11-13,ZEEL,505537,A,199.0,199.0,190.8,192.6,198.4,613281,118193046.0
5330823,2020-11-14,ZEEL,505537,A,195.5,195.5,191.8,193.05,192.6,61146,11836022.0
5330824,2020-11-17,ZEEL,505537,A,195.4,195.4,187.9,189.6,193.05,466472,88716407.0
5330825,2020-11-18,ZEEL,505537,A,189.4,192.1,186.2,190.45,189.6,965252,182584855.0
5330826,2020-11-19,ZEEL,505537,A,190.45,191.85,185.25,186.25,190.45,551193,104209565.0
5330827,2020-11-20,ZEEL,505537,A,188.5,188.9,183.3,185.6,186.25,274982,51112076.0
5330828,2020-11-23,ZEEL,505537,A,187.0,187.95,183.75,187.2,185.6,638722,118691043.0
5330829,2020-11-24,ZEEL,505537,A,188.9,190.8,187.55,188.25,187.2,822518,155383787.0
5330830,2020-11-25,ZEEL,505537,A,188.9,193.5,187.1,188.35,188.25,516912,98483236.0
5330831,2020-11-26,ZEEL,505537,A,188.95,191.1,187.15,189.85,188.35,350021,66178737.0
5330832,2020-11-27,ZEEL,505537,A,190.25,200.95,190.0,192.55,189.85,3344798,657474582.0
5330833,2020-12-01,ZEEL,505537,A,195.0,198.2,190.0,195.6,192.55,523440,101917864.0
5330834,2020-12-02,ZEEL,505537,A,195.6,199.95,193.8,197.85,195.6,474544,93642944.0
5330835,2020-12-03,ZEEL,505537,A,199.1,206.9,199.0,204.5,197.85,1568566,321164769.0
5330836,2020-12-04,ZEEL,505537,A,205.2,212.2,205.2,207.0,204.5,1603651,335634789.0
5330837,2020-12-07,ZEEL,505537,A,208.0,216.55,206.5,215.75,207.0,1568968,332043760.0
5330838,2020-12-08,ZEEL,505537,A,216.3,217.8,208.45,212.55,215.75,620064,132217760.0
5330839,2020-12-09,ZEEL,505537,A,213.75,220.0,213.75,215.55,212.55,587177,127633997.0
5330840,2020-12-10,ZEEL,505537,A,214.0,214.0,208.25,212.5,215.55,764679,161343723.0
5330841,2020-12-11,ZEEL,505537,A,212.95,216.7,209.6,212.55,212.5,592384,126211809.0
5330842,2020-12-14,ZEEL,505537,A,213.15,217.7,213.15,215.45,212.55,358552,77160769.0
5330843,2020-12-15,ZEEL,505537,A,215.95,233.9,213.1,231.8,215.45,2504516,561739274.0
5330844,2020-12-16,ZEEL,505537,A,233.0,236.8,228.85,231.95,231.8,1665257,386343545.0
5330845,2020-12-17,ZEEL,505537,A,230.7,238.1,223.95,225.95,231.95,1606116,373644606.0
5330846,2020-12-18,ZEEL,505537,A,227.0,230.65,216.8,225.3,225.95,1281559,288591612.0
5330847,2020-12-21,ZEEL,505537,A,225.7,228.1,202.8,212.2,225.3,1560406,338894545.0
5330848,2020-12-22,ZEEL,505537,A,213.35,216.45,201.95,214.55,212.2,812305,169154447.0
5330849,2020-12-23,ZEEL,505537,A,214.95,218.25,210.0,217.1,214.55,618405,132801026.0
5330850,2020-12-24,ZEEL,505537,A,221.0,222.4,215.6,217.25,217.1,574679,125623015.0
5330851,2020-12-28,ZEEL,505537,A,218.0,222.6,217.7,220.1,217.25,222126,48915006.0
5330852,2020-12-29,ZEEL,505537,A,220.65,223.25,216.5,218.1,220.1,310852,68216231.0
5330853,2020-12-30,ZEEL,505537,A,219.1,223.7,214.5,218.7,218.1,393179,85526148.0
5330854,2020-12-31,ZEEL,505537,A,217.15,226.7,217.15,223.35,218.7,547804,121755536.0
5330855,2021-01-01,ZEEL,505537,A,223.0,226.2,223.0,225.05,223.35,466376,104959728.0
5330856,2021-01-04,ZEEL,505537,A,225.9,228.0,216.1,219.05,225.05,1252475,276174866.0
5330857,2021-01-05,ZEEL,505537,A,216.45,223.0,215.0,222.3,219.05,1211900,266754218.0
5330858,2021-01-06,ZEEL,505537,A,223.0,225.15,217.0,221.25,222.3,462274,102590312.0
5330859,2021-01-07,ZEEL,505537,A,223.1,224.6,218.2,219.0,221.25,790752,174529843.0
5330860,2021-01-08,ZEEL,505537,A,221.4,236.9,221.15,231.0,219.0,3036352,699701067.0
5330861,2021-01-11,ZEEL,505537,A,232.25,233.35,222.35,223.4,231.0,1182332,266749273.0
5330862,2021-01-12,ZEEL,505537,A,225.8,229.5,223.75,225.95,223.4,374517,84765999.0
5330863,2021-01-13,ZEEL,505537,A,229.5,232.7,223.45,227.95,225.95,546566,125006318.0
5330864,2021-01-14,ZEEL,505537,A,229.0,231.4,226.25,229.35,227.95,1086223,248421010.0
5330865,2021-01-15,ZEEL,505537,A,228.5,233.45,221.6,224.85,229.35,1618070,370100190.0
5330866,2021-01-18,ZEEL,505537,A,228.8,228.8,214.5,217.85,224.85,448167,98132290.0
5330867,2021-01-19,ZEEL,505537,A,220.1,226.9,220.1,225.1,217.85,331857,74323229.0
5330868,2021-01-20,ZEEL,505537,A,225.0,231.15,223.8,228.55,225.1,876681,199829765.0
5330869,2021-01-21,ZEEL,505537,A,230.0,233.75,223.75,225.0,228.55,356671,81594337.0
5330870,2021-01-22,ZEEL,505537,A,227.6,227.6,217.75,218.95,225.0,394929,87743464.0
5330871,2021-01-25,ZEEL,505537,A,220.6,224.6,214.9,223.65,218.95,514545,113430576.0
5330872,2021-01-27,ZEEL,505537,A,225.0,225.0,218.25,221.35,223.65,277627,61623743.0
5330873,2021-01-28,ZEEL,505537,A,218.55,225.15,217.05,220.15,221.35,543604,120646350.0
5330874,2021-01-29,ZEEL,505537,A,224.0,228.85,217.9,220.2,220.15,409977,92028688.0
5330875,2021-02-01,ZEEL,505537,A,223.5,229.4,214.45,227.25,220.2,787643,174536820.0
5330876,2021-02-02,ZEEL,505537,A,227.25,247.55,227.25,243.2,227.25,2044221,487825352.0
5330877,2021-02-03,ZEEL,505537,A,244.5,251.85,238.85,244.05,243.2,1429168,351977432.0
5330878,2021-02-04,ZEEL,505537,A,244.7,261.0,240.0,249.4,244.05,1992619,498583895.0
5330879,2021-02-05,ZEEL,505537,A,252.7,252.7,212.0,215.3,249.4,3551302,791190435.0
5330880,2021-02-08,ZEEL,505537,A,219.3,222.4,210.85,219.75,215.3,1404015,305550772.0
5330881,2021-02-09,ZEEL,505537,A,225.0,225.0,214.0,215.65,219.75,1401948,303403907.0
5330882,2021-02-10,ZEEL,505537,A,218.0,220.2,215.0,217.0,215.65,1715119,372439371.0
5330883,2021-02-11,ZEEL,505537,A,217.0,218.5,214.0,215.2,217.0,388935,84005810.0
5330884,2021-02-12,ZEEL,505537,A,215.2,218.25,211.9,212.5,215.2,2682404,578581054.0
5330885,2021-02-15,ZEEL,505537,A,215.0,215.5,209.6,212.1,212.5,552695,117332520.0
5330886,2021-02-16,ZEEL,505537,A,211.0,213.65,202.85,206.1,212.1,1787164,371977069.0
5330887,2021-02-17,ZEEL,505537,A,209.0,216.0,205.45,215.05,206.1,788866,167575451.0
5330888,2021-02-18,ZEEL,505537,A,215.05,217.9,211.0,211.8,215.05,837439,179203058.0
5330889,2021-02-19,ZEEL,505537,A,212.0,213.65,205.8,208.45,211.8,872940,183431444.0
5330890,2021-02-22,ZEEL,505537,A,209.8,209.8,200.3,201.75,208.45,408525,83298282.0
5330891,2021-02-23,ZEEL,505537,A,203.95,205.8,198.1,201.8,201.75,1037167,208364309.0
5330892,2021-02-24,ZEEL,505537,A,203.0,215.0,200.25,205.65,201.8,4759216,983462509.0
5330893,2021-02-25,ZEEL,505537,A,206.25,210.8,206.25,208.65,205.65,1186998,247566613.0
5330894,2021-02-26,ZEEL,505537,A,203.0,208.5,200.05,201.0,208.65,1032325,210041357.0
5330895,2021-03-01,ZEEL,505537,A,204.7,218.1,202.85,216.6,201.0,1344402,286643282.0
5330896,2021-03-02,ZEEL,505537,A,217.5,221.3,214.4,220.05,216.6,944779,206478587.0
5330897,2021-03-03,ZEEL,505537,A,221.05,225.95,220.95,222.05,220.05,900255,201118305.0
5330898,2021-03-04,ZEEL,505537,A,220.0,231.65,216.55,225.55,222.05,2593680,589416926.0
5330899,2021-03-05,ZEEL,505537,A,225.55,229.35,215.45,218.0,225.55,2272294,506280437.0
5330900,2021-03-08,ZEEL,505537,A,223.0,227.65,218.65,224.8,218.0,743064,166899098.0
5330901,2021-03-09,ZEEL,505537,A,224.0,227.9,214.75,220.35,224.8,1788793,400394245.0
5330902,2021-03-10,ZEEL,505537,A,222.0,224.0,220.4,221.7,220.35,1388592,307749612.0
5330903,2021-03-12,ZEEL,505537,A,222.0,226.4,217.85,218.75,221.7,1980504,442672035.0
5330904,2021-03-15,ZEEL,505537,A,220.6,220.6,209.4,213.25,218.75,3202807,682130478.0
5330905,2021-03-16,ZEEL,505537,A,214.8,215.3,210.0,210.85,213.25,1559412,332294966.0
5330906,2021-03-17,ZEEL,505537,A,210.85,211.8,202.7,203.45,210.85,795773,164171549.0
5330907,2021-03-18,ZEEL,505537,A,205.8,214.75,204.2,207.1,203.45,1496954,314651604.0
5330908,2021-03-19,ZEEL,505537,A,207.1,222.6,203.15,216.95,207.1,2098550,441162441.0
5330909,2021-03-22,ZEEL,505537,A,213.1,217.2,213.1,214.25,216.95,641327,138180884.0
5330910,2021-03-23,ZEEL,505537,A,216.0,216.5,210.6,212.75,214.25,250938,53396391.0
5330911,2021-03-24,ZEEL,505537,A,211.0,212.9,204.45,205.15,212.75,376244,78066957.0
5330912,2021-03-25,ZEEL,505537,A,206.0,206.2,194.35,196.3,205.15,455746,90603230.0
5330913,2021-03-26,ZEEL,505537,A,200.0,203.8,198.2,199.9,196.3,569200,114509523.0
5330914,2021-03-30,ZEEL,505537,A,202.0,203.85,198.0,201.1,199.9,375700,75582174.0
5330915,2021-03-31,ZEEL,505537,A,201.1,204.45,199.0,203.15,201.1,457131,92503704.0
5330916,2021-04-01,ZEEL,505537,A,204.0,210.65,202.2,209.2,203.15,365812,75439948.0
5330917,2021-04-05,ZEEL,505537,A,209.4,209.4,195.7,202.1,209.2,592423,118945260.0
5330918,2021-04-06,ZEEL,505537,A,202.6,204.55,198.95,199.85,202.1,254564,51258708.0
5330919,2021-04-07,ZEEL,505537,A,200.5,204.25,199.8,200.55,199.85,315337,63564051.0
5330920,2021-04-08,ZEEL,505537,A,203.0,205.2,200.7,201.9,200.55,1047864,212087507.0
5330921,2021-04-09,ZEEL,505537,A,202.2,208.0,201.4,206.1,201.9,369691,75992705.0
5330922,2021-04-12,ZEEL,505537,A,201.0,201.1,177.3,180.8,206.1,1595534,298932552.0
5330923,2021-04-13,ZEEL,505537,A,186.5,189.05,182.35,188.2,180.8,371524,69257109.0
5330924,2021-04-15,ZEEL,505537,A,189.25,190.5,184.9,189.1,188.2,516270,97172003.0
5330925,2021-04-16,ZEEL,505537,A,189.1,196.8,189.1,193.95,189.1,267139,51602910.0
5330926,2021-04-19,ZEEL,505537,A,189.65,191.1,185.2,190.35,193.95,547990,103219320.0
5330927,2021-04-20,ZEEL,505537,A,192.0,201.65,192.0,197.25,190.35,452402,89200931.0
5330928,2021-04-22,ZEEL,505537,A,197.0,199.65,191.7,192.35,197.25,524506,102267199.0
5330929,2021-04-23,ZEEL,505537,A,192.45,192.95,187.1,188.0,192.35,392383,74633644.0
5330930,2021-04-26,ZEEL,505537,A,190.1,190.85,185.2,186.4,188.0,271159,50832754.0
5330931,2021-04-27,ZEEL,505537,A,187.1,192.95,186.85,188.3,186.4,331294,62741041.0
5330932,2021-04-28,ZEEL,505537,A,189.8,190.5,187.1,189.1,188.3,436988,82522533.0
5330933,2021-04-29,ZEEL,505537,A,190.9,191.25,186.05,186.6,189.1,268944,50429419.0
5330934,2021-04-30,ZEEL,505537,A,183.4,190.75,183.4,185.6,186.6,632644,118653136.0
5330935,2021-05-03,ZEEL,505537,A,187.8,187.8,181.15,183.75,185.6,289984,53086688.0
5330936,2021-05-04,ZEEL,505537,A,186.0,187.35,180.9,182.1,183.75,412719,76021515.0
5330937,2021-05-05,ZEEL,505537,A,184.0,184.65,181.05,182.95,182.1,412038,75323079.0
5330938,2021-05-06,ZEEL,505537,A,183.55,184.15,179.7,182.25,182.95,344494,62529354.0
5330939,2021-05-07,ZEEL,505537,A,184.0,190.7,181.45,186.05,182.25,1504278,281484449.0
5330940,2021-05-10,ZEEL,505537,A,187.0,193.55,186.7,188.95,186.05,535865,101933025.0
5330941,2021-05-11,ZEEL,505537,A,189.0,189.55,185.2,186.95,188.95,356776,66864219.0
5330942,2021-05-12,ZEEL,505537,A,187.0,198.15,183.05,193.2,186.95,2389468,459822758.0
5330943,2021-05-14,ZEEL,505537,A,194.5,195.2,186.25,191.75,193.2,922238,176488723.0
5330944,2021-05-17,ZEEL,505537,A,191.35,193.8,187.25,188.25,191.75,665336,125826509.0
5330945,2021-05-18,ZEEL,505537,A,190.0,195.0,189.7,190.35,188.25,1362159,262151820.0
5330946,2021-05-19,ZEEL,505537,A,192.85,195.75,190.75,192.65,190.35,661254,127766028.0
5330947,2021-05-20,ZEEL,505537,A,195.0,195.0,189.25,191.6,192.65,707255,135822135.0
5330948,2021-05-21,ZEEL,505537,A,195.7,199.0,190.2,190.7,191.6,1060892,205655009.0
5330949,2021-05-24,ZEEL,505537,A,193.0,200.65,190.9,198.05,190.7,853784,168057611.0
5330950,2021-05-25,ZEEL,505537,A,200.0,204.2,198.6,201.5,198.05,898443,181007543.0
5330951,2021-05-26,ZEEL,505537,A,204.5,207.1,203.3,205.9,201.5,579267,119101761.0
5330952,2021-05-27,ZEEL,505537,A,206.9,214.25,203.75,210.15,205.9,1152808,241207002.0
5330953,2021-05-28,ZEEL,505537,A,213.25,216.15,210.2,211.8,210.15,1412405,301850743.0
5330954,2021-05-31,ZEEL,505537,A,211.0,214.8,208.2,209.3,211.8,894021,189371288.0
5330955,2021-06-01,ZEEL,505537,A,209.55,214.2,204.65,213.25,209.3,808840,169737263.0
5330956,2021-06-02,ZEEL,505537,A,212.9,215.25,210.8,212.8,213.25,793032,168980012.0
5330957,2021-06-03,ZEEL,505537,A,212.0,220.75,212.0,219.45,212.8,2031030,443082824.0
5330958,2021-06-04,ZEEL,505537,A,217.0,221.45,216.15,218.15,219.45,606861,132694315.0
5330959,2021-06-07,ZEEL,505537,A,219.95,222.65,217.15,217.55,218.15,507838,111437673.0
5330960,2021-06-08,ZEEL,505537,A,218.05,221.2,214.55,220.0,217.55,493684,107864487.0
5330961,2021-06-09,ZEEL,505537,A,220.15,226.25,214.45,216.45,220.0,764651,169305485.0
5330962,2021-06-10,ZEEL,505537,A,217.25,224.4,215.6,222.3,216.45,702716,154487064.0
5330963,2021-06-11,ZEEL,505537,A,223.95,225.9,219.5,220.45,222.3,615693,136806767.0
5330964,2021-06-14,ZEEL,505537,A,221.5,221.5,213.75,218.15,220.45,443992,96655230.0
5330965,2021-06-15,ZEEL,505537,A,220.8,234.35,218.65,230.5,218.15,1380893,315225162.0
5330966,2021-06-16,ZEEL,505537,A,229.55,231.75,226.0,227.45,230.5,1036584,237629620.0
5330967,2021-06-17,ZEEL,505537,A,225.1,231.5,222.4,223.7,227.45,1333652,303411806.0
5330968,2021-06-18,ZEEL,505537,A,227.0,227.55,212.9,221.8,223.7,463883,101963866.0
5330969,2021-06-21,ZEEL,505537,A,219.0,224.05,216.15,221.8,221.8,520985,115179258.0
5330970,2021-06-22,ZEEL,505537,A,223.5,223.5,217.1,218.05,221.8,361524,79884945.0
5330971,2021-06-23,ZEEL,505537,A,219.6,221.85,216.0,216.4,218.05,259298,56565756.0
5330972,2021-06-24,ZEEL,505537,A,217.8,218.5,213.75,214.85,216.4,233560,50410189.0
5330973,2021-06-25,ZEEL,505537,A,215.8,219.7,215.8,218.3,214.85,399711,87099362.0
5330974,2021-06-28,ZEEL,505537,A,218.3,221.4,217.2,219.05,218.3,200199,43877752.0
5330975,2021-06-29,ZEEL,505537,A,219.15,220.75,215.5,216.0,219.05,166199,36209133.0
5330976,2021-06-30,ZEEL,505537,A,217.0,217.6,213.55,214.65,216.0,207456,44733725.0
5330977,2021-07-01,ZEEL,505537,A,215.9,218.0,214.4,215.2,214.65,181992,39291771.0
5330978,2021-07-02,ZEEL,505537,A,217.5,218.25,214.8,217.25,215.2,134492,29133744.0
5330979,2021-07-05,ZEEL,505537,A,218.55,219.65,217.2,218.8,217.25,310323,67799950.0
5330980,2021-07-06,ZEEL,505537,A,218.8,223.55,218.5,219.35,218.8,383194,84809122.0
5330981,2021-07-07,ZEEL,505537,A,220.0,220.15,217.5,219.7,219.35,601679,131772346.0
5330982,2021-07-08,ZEEL,505537,A,219.65,223.0,214.7,215.95,219.7,384069,84029743.0
5330983,2021-07-09,ZEEL,505537,A,216.95,217.25,214.6,216.65,215.95,215409,46586370.0
5330984,2021-07-12,ZEEL,505537,A,217.45,218.65,215.0,215.35,216.65,306050,66304462.0
5330985,2021-07-13,ZEEL,505537,A,216.35,216.7,213.45,214.4,215.35,102581,22032858.0
5330986,2021-07-14,ZEEL,505537,A,214.35,214.85,213.0,214.15,214.4,107757,23045576.0
5330987,2021-07-15,ZEEL,505537,A,214.15,214.95,209.2,209.75,214.15,229161,48427128.0
5330988,2021-07-16,ZEEL,505537,A,210.5,212.35,206.7,209.0,209.75,209979,43983962.0
5330989,2021-07-19,ZEEL,505537,A,208.75,210.25,205.65,206.5,209.0,258987,53719631.0
5330990,2021-07-20,ZEEL,505537,A,206.7,207.45,200.0,201.5,206.5,291203,59201183.0
5330991,2021-07-22,ZEEL,505537,A,202.05,205.5,202.05,204.9,201.5,247829,50503278.0
5330992,2021-07-23,ZEEL,505537,A,205.0,207.3,204.65,205.85,204.9,215205,44294967.0
5330993,2021-07-26,ZEEL,505537,A,206.95,209.2,204.7,205.55,205.85,2244853,465998241.0
5330994,2021-07-27,ZEEL,505537,A,204.6,206.35,200.25,200.6,205.55,201832,40963705.0
5330995,2021-07-28,ZEEL,505537,A,200.3,201.9,198.3,200.6,200.6,320349,64247849.0
5330996,2021-07-29,ZEEL,505537,A,200.35,202.1,198.5,199.05,200.6,236150,47165350.0
5330997,2021-07-30,ZEEL,505537,A,198.3,205.95,197.1,202.85,199.05,343470,69410053.0
5330998,2021-08-02,ZEEL,505537,A,205.0,205.0,201.75,202.4,202.85,271309,55042331.0
5330999,2021-08-03,ZEEL,505537,A,203.5,205.2,200.95,204.15,202.4,201019,40739727.0
5331000,2021-08-04,ZEEL,505537,A,207.0,213.75,201.0,201.85,204.15,789419,163490883.0
5331001,2021-08-05,ZEEL,505537,A,204.0,204.0,199.4,201.7,201.85,372327,75032161.0
5331002,2021-08-06,ZEEL,505537,A,201.0,204.45,195.8,196.65,201.7,756207,151051614.0
5331003,2021-08-09,ZEEL,505537,A,191.35,198.7,190.0,191.2,196.65,1108494,215499410.0
5331004,2021-08-10,ZEEL,505537,A,193.0,193.0,182.45,183.45,191.2,539446,100786690.0
5331005,2021-08-11,ZEEL,505537,A,184.25,184.65,177.55,181.55,183.45,1101252,198749417.0
5331006,2021-08-12,ZEEL,505537,A,183.45,186.45,180.8,184.9,181.55,607368,112138670.0
5331007,2021-08-13,ZEEL,505537,A,185.55,185.6,181.65,183.25,184.9,365068,67017431.0
5331008,2021-08-16,ZEEL,505537,A,182.7,184.5,180.7,181.05,183.25,352129,64026918.0
5331009,2021-08-17,ZEEL,505537,A,181.25,182.45,177.25,178.65,181.05,303891,54570737.0
5331010,2021-08-18,ZEEL,505537,A,179.0,179.25,175.0,176.65,178.65,203089,35946134.0
5331011,2021-08-20,ZEEL,505537,A,176.0,176.0,170.0,170.5,176.65,311597,53638925.0
5331012,2021-08-23,ZEEL,505537,A,171.05,173.9,166.8,170.0,170.5,643035,109833302.0
5331013,2021-08-24,ZEEL,505537,A,170.0,172.9,169.65,172.05,170.0,308272,52775935.0
5331014,2021-08-25,ZEEL,505537,A,173.0,174.5,169.6,170.2,172.05,413659,70987134.0
5331015,2021-08-26,ZEEL,505537,A,170.5,171.35,167.6,168.0,170.2,354596,59981497.0
5331016,2021-08-27,ZEEL,505537,A,168.0,171.65,167.8,170.65,168.0,158424,26980292.0
5331017,2021-08-30,ZEEL,505537,A,172.4,174.05,171.55,172.95,170.65,175365,30227122.0
5331018,2021-08-31,ZEEL,505537,A,174.0,174.2,171.0,171.75,172.95,148853,25657172.0
5331019,2021-09-01,ZEEL,505537,A,172.1,174.8,171.75,173.9,171.75,391440,67862126.0
5331020,2021-09-02,ZEEL,505537,A,172.0,173.3,170.6,172.65,173.9,284724,48939139.0
5331021,2021-09-03,ZEEL,505537,A,173.0,178.1,172.65,176.4,172.65,644074,113283996.0
5331022,2021-09-06,ZEEL,505537,A,178.4,182.45,177.35,179.5,176.4,797546,143530808.0
5331023,2021-09-07,ZEEL,505537,A,180.1,181.1,177.3,177.9,179.5,487438,87209941.0
5331024,2021-09-08,ZEEL,505537,A,178.5,180.0,176.65,177.45,177.9,360612,64301239.0
5331025,2021-09-09,ZEEL,505537,A,177.4,183.7,176.85,182.95,177.45,820948,148920157.0
5331026,2021-09-13,ZEEL,505537,A,183.95,188.65,181.75,186.8,182.95,432840,80442315.0
5331027,2021-09-14,ZEEL,505537,A,205.45,270.85,205.45,261.5,186.8,6363704,1533613162.0
5331028,2021-09-15,ZEEL,505537,A,263.8,295.15,251.2,255.95,261.5,6888201,1869756955.0
5331029,2021-09-16,ZEEL,505537,A,256.95,262.6,245.0,247.05,255.95,3088305,778149604.0
5331030,2021-09-17,ZEEL,505537,A,249.5,262.0,242.2,255.3,247.05,3244768,823081631.0
5331031,2021-09-20,ZEEL,505537,A,252.0,267.6,250.35,255.3,255.3,1959785,509688113.0
5331032,2021-09-21,ZEEL,505537,A,258.0,261.0,248.2,255.65,255.3,892256,226673404.0
5331033,2021-09-22,ZEEL,505537,A,281.2,355.4,281.2,337.1,255.65,7459284,2408073978.0
5331034,2021-09-23,ZEEL,505537,A,343.0,362.85,315.0,318.3,337.1,7604287,2560841971.0
5331035,2021-09-24,ZEEL,505537,A,322.35,333.0,306.4,318.85,318.3,4462672,1432418073.0
5331036,2021-09-27,ZEEL,505537,A,306.95,328.0,302.05,322.35,318.85,3235167,1022697196.0
5331037,2021-09-28,ZEEL,505537,A,322.35,323.0,307.35,308.95,322.35,2267810,709362702.0
5331038,2021-09-29,ZEEL,505537,A,306.2,312.55,304.0,309.8,308.95,843594,261309158.0
5331039,2021-09-30,ZEEL,505537,A,304.0,309.5,300.05,302.95,309.8,1059257,322992701.0
5331040,2021-10-01,ZEEL,505537,A,301.0,302.9,284.4,295.55,302.95,1509272,446917510.0
5331041,2021-10-04,ZEEL,505537,A,295.5,306.7,292.05,300.95,295.55,830097,249057083.0
5331042,2021-10-05,ZEEL,505537,A,300.5,303.05,294.15,299.55,300.95,744602,222481218.0
5331043,2021-10-06,ZEEL,505537,A,302.4,306.85,292.5,294.3,299.55,1360853,406908084.0
5331044,2021-10-07,ZEEL,505537,A,295.1,297.7,291.4,292.9,294.3,453508,133683523.0
5331045,2021-10-08,ZEEL,505537,A,294.0,299.0,292.25,294.4,292.9,866028,255415946.0
5331046,2021-10-11,ZEEL,505537,A,297.15,315.1,285.45,304.45,294.4,1159413,343717174.0
5331047,2021-10-12,ZEEL,505537,A,309.0,313.5,297.0,306.15,304.45,1357718,412754952.0
5331048,2021-10-13,ZEEL,505537,A,303.9,321.6,298.8,317.25,306.15,1840609,574499807.0
5331049,2021-10-14,ZEEL,505537,A,319.6,321.35,311.5,319.3,317.25,2728354,862094083.0
5331050,2021-10-18,ZEEL,505537,A,320.0,324.1,308.2,310.8,319.3,796527,250479607.0
5331051,2021-10-19,ZEEL,505537,A,311.2,321.0,301.35,309.75,310.8,1224945,380825292.0
5331052,2021-10-20,ZEEL,505537,A,309.5,325.0,306.65,320.25,309.75,2376220,752693090.0
5331053,2021-10-21,ZEEL,505537,A,325.0,331.85,316.75,321.4,320.25,2821221,914606583.0
5331054,2021-10-22,ZEEL,505537,A,322.0,329.2,304.25,308.25,321.4,2407276,768047720.0
5331055,2021-10-25,ZEEL,505537,A,310.0,311.45,293.0,304.45,308.25,1260385,380125805.0
5331056,2021-10-26,ZEEL,505537,A,304.5,325.0,300.0,317.45,304.45,2034410,637807389.0
5331057,2021-10-27,ZEEL,505537,A,318.0,318.0,301.7,303.4,317.45,641915,197275035.0
5331058,2021-10-28,ZEEL,505537,A,302.95,305.5,295.25,297.6,303.4,914328,274178659.0
5331059,2021-10-29,ZEEL,505537,A,296.0,309.6,296.0,300.95,297.6,1164528,354384037.0
5331060,2021-11-01,ZEEL,505537,A,304.0,312.7,301.5,311.0,300.95,444999,136846748.0
5331061,2021-11-02,ZEEL,505537,A,311.0,316.85,311.0,313.95,311.0,394913,123997466.0
5331062,2021-11-03,ZEEL,505537,A,314.0,315.3,305.1,306.8,313.95,452787,140728976.0
5331063,2021-11-04,ZEEL,505537,A,307.0,315.0,307.0,309.85,306.8,64270,19940689.0
5331064,2021-11-08,ZEEL,505537,A,308.8,320.8,308.8,316.8,309.85,532807,168770359.0
5331065,2021-11-09,ZEEL,505537,A,316.95,327.8,312.5,324.5,316.8,1153519,370337619.0
5331066,2021-11-10,ZEEL,505537,A,321.05,324.45,313.55,317.65,324.5,358158,114678993.0
5331067,2021-11-11,ZEEL,505537,A,319.0,322.35,310.4,313.95,317.65,687723,216585130.0
5331068,2021-11-12,ZEEL,505537,A,323.0,323.0,308.75,312.65,313.95,463436,145138281.0
5331069,2021-11-15,ZEEL,505537,A,315.0,327.8,312.15,324.7,312.65,657462,209507213.0
5331070,2021-11-16,ZEEL,505537,A,327.9,336.75,323.05,324.85,324.7,1367963,452795430.0
5331071,2021-11-17,ZEEL,505537,A,323.0,326.5,318.1,320.2,324.85,641495,206622400.0
5331072,2021-11-18,ZEEL,505537,A,320.2,322.4,306.65,314.0,320.2,1646850,517914925.0
5331073,2021-11-22,ZEEL,505537,A,316.5,316.5,292.85,298.8,314.0,1112639,337497214.0
5331074,2021-11-23,ZEEL,505537,A,295.75,313.85,295.75,312.45,298.8,1050325,321986536.0
5331075,2021-11-24,ZEEL,505537,A,315.55,337.7,314.45,334.4,312.45,2705816,893468475.0
5331076,2021-11-25,ZEEL,505537,A,337.25,343.65,330.8,341.1,334.4,1679152,567020724.0
5331077,2021-11-26,ZEEL,505537,A,334.05,351.0,325.95,342.45,341.1,2944872,1000941665.0
5331078,2021-11-29,ZEEL,505537,A,344.0,345.75,328.6,329.95,342.45,1017190,343026193.0
5331079,2021-11-30,ZEEL,505537,A,332.0,336.2,321.5,324.35,329.95,986877,324404069.0
5331080,2021-12-01,ZEEL,505537,A,325.2,338.9,324.65,337.0,324.35,813739,269895099.0
5331081,2021-12-02,ZEEL,505537,A,337.0,343.7,331.4,342.15,337.0,551385,185673699.0
5331082,2021-12-03,ZEEL,505537,A,347.0,356.0,345.3,350.0,342.15,1956009,686659403.0
5331083,2021-12-06,ZEEL,505537,A,352.0,363.9,351.75,355.9,350.0,2238623,801398175.0
5331084,2021-12-07,ZEEL,505537,A,361.5,361.8,349.0,350.6,355.9,632779,224070525.0
5331085,2021-12-08,ZEEL,505537,A,353.8,360.7,351.4,356.55,350.6,623852,222109769.0
5331086,2021-12-09,ZEEL,505537,A,358.0,370.95,354.75,367.7,356.55,954595,349089809.0
5331087,2021-12-10,ZEEL,505537,A,369.0,373.45,366.5,371.15,367.7,602644,223224754.0
5331088,2021-12-13,ZEEL,505537,A,373.7,374.7,355.0,358.8,371.15,1193876,432262977.0
5331089,2021-12-14,ZEEL,505537,A,357.5,372.5,353.0,370.3,358.8,1190599,431182343.0
5331090,2021-12-15,ZEEL,505537,A,371.0,378.6,362.1,367.45,370.3,1413931,526443445.0
5331091,2021-12-16,ZEEL,505537,A,372.0,372.0,360.25,368.25,367.45,763091,278798265.0
5331092,2021-12-17,ZEEL,505537,A,367.0,367.0,338.85,342.4,368.25,1550776,540792130.0
5331093,2021-12-20,ZEEL,505537,A,337.15,350.7,322.5,331.55,342.4,1515638,508100893.0
5331094,2021-12-21,ZEEL,505537,A,334.0,356.0,329.2,349.0,331.55,1838426,634816153.0
5331095,2021-12-22,ZEEL,505537,A,347.0,358.0,332.75,348.7,349.0,3578062,1236486113.0
5331096,2021-12-23,ZEEL,505537,A,355.8,357.0,335.3,338.1,348.7,1509883,525374025.0
5331097,2021-12-24,ZEEL,505537,A,342.0,342.2,330.0,331.7,338.1,682237,228450721.0
5331098,2021-12-27,ZEEL,505537,A,331.0,333.55,315.6,317.75,331.7,854113,276256491.0
5331099,2021-12-28,ZEEL,505537,A,318.0,325.35,317.75,321.55,317.75,501156,161328881.0
5331100,2021-12-30,ZEEL,505537,A,319.8,321.5,314.0,318.0,317.9,969459,308715770.0
5331101,2021-12-31,ZEEL,505537,A,318.55,323.05,318.3,320.9,318.0,402920,129143434.0
5331102,2022-01-03,ZEEL,505537,A,319.8,324.25,319.1,322.9,320.9,421593,136054752.0
5331103,2022-01-04,ZEEL,505537,A,330.0,330.0,321.45,322.35,322.9,438575,142630613.0
5331104,2022-01-05,ZEEL,505537,A,323.4,323.4,317.4,319.1,322.35,425245,135940587.0
5331105,2022-01-06,ZEEL,505537,A,315.25,325.6,315.25,324.5,319.1,593081,190326478.0
5331106,2022-01-07,ZEEL,505537,A,326.0,327.8,318.9,320.65,324.5,294844,95398334.0
5331107,2022-01-10,ZEEL,505537,A,324.5,330.35,320.95,328.25,320.65,362853,118498501.0
5331108,2022-01-11,ZEEL,505537,A,330.0,332.0,323.5,324.95,328.25,260442,85363870.0
5331109,2022-01-12,ZEEL,505537,A,325.15,328.15,323.55,325.85,324.95,325236,106010540.0
5331110,2022-01-13,ZEEL,505537,A,326.95,328.6,323.3,325.35,325.85,122602,39936564.0
5331111,2022-01-14,ZEEL,505537,A,325.55,326.5,321.45,322.6,325.35,172876,55991309.0
5331112,2022-01-17,ZEEL,505537,A,322.65,324.7,320.55,323.55,322.6,293510,94836532.0
5331113,2022-01-18,ZEEL,505537,A,323.55,324.7,315.35,316.35,323.55,530270,169289759.0
5331114,2022-01-19,ZEEL,505537,A,316.35,318.45,308.55,317.6,316.35,391651,123001592.0
5331115,2022-01-20,ZEEL,505537,A,317.0,317.35,307.35,308.55,317.6,533060,165802985.0
5331116,2022-01-21,ZEEL,505537,A,308.5,308.5,286.3,289.4,308.55,860083,255295469.0
5331117,2022-01-24,ZEEL,505537,A,289.4,290.8,262.6,268.05,289.4,1684999,458226743.0
5331118,2022-01-25,ZEEL,505537,A,269.8,289.7,264.3,288.7,268.05,870931,244725386.0
5331119,2022-01-27,ZEEL,505537,A,285.8,286.5,278.8,283.25,288.7,702035,198677951.0
5331120,2022-01-28,ZEEL,505537,A,286.55,292.7,284.05,285.6,283.25,649773,187277554.0
5331121,2022-01-31,ZEEL,505537,A,290.0,294.4,288.8,289.6,285.6,565084,164573112.0
5331122,2022-02-01,ZEEL,505537,A,294.0,294.55,284.95,289.45,289.6,650222,187605418.0
5331123,2022-02-02,ZEEL,505537,A,294.5,296.0,290.9,292.8,289.45,541136,158986044.0
5331124,2022-02-03,ZEEL,505537,A,284.85,292.1,280.15,287.55,292.8,680309,195726543.0
5331125,2022-02-04,ZEEL,505537,A,288.95,288.95,276.75,278.3,287.55,773122,216875265.0
5331126,2022-02-07,ZEEL,505537,A,278.0,280.65,266.1,273.55,278.3,420863,116583797.0
5331127,2022-02-08,ZEEL,505537,A,278.5,278.5,267.5,270.75,273.55,329781,89826090.0
5331128,2022-02-09,ZEEL,505537,A,275.45,276.0,267.4,268.05,270.75,258667,70125635.0
5331129,2022-02-10,ZEEL,505537,A,270.0,270.45,262.8,263.55,268.05,683685,182251087.0
5331130,2022-02-11,ZEEL,505537,A,266.0,267.45,260.9,261.85,263.55,1465580,388397703.0
5331131,2022-02-14,ZEEL,505537,A,259.6,260.1,248.2,249.5,261.85,612144,154996814.0
5331132,2022-02-15,ZEEL,505537,A,250.1,268.9,250.1,267.65,249.5,1591803,417658132.0
5331133,2022-02-16,ZEEL,505537,A,269.0,272.95,266.0,267.55,267.65,561662,150862009.0
5331134,2022-02-17,ZEEL,505537,A,268.0,268.95,261.9,262.9,267.55,231954,61663959.0
5331135,2022-02-18,ZEEL,505537,A,261.2,267.8,260.55,261.35,262.9,318812,84151540.0
5331136,2022-02-21,ZEEL,505537,A,258.45,261.7,253.05,254.3,261.35,339974,87364507.0
5331137,2022-02-22,ZEEL,505537,A,242.5,250.75,237.15,240.4,254.3,747682,182070699.0
5331138,2022-02-23,ZEEL,505537,A,246.4,246.4,239.5,240.35,240.4,436981,105881623.0
5331139,2022-02-24,ZEEL,505537,A,233.0,233.7,219.0,221.0,240.35,1229403,278748932.0
5331140,2022-02-25,ZEEL,505537,A,227.6,239.0,227.5,231.4,221.0,747904,174672004.0
5331141,2022-02-28,ZEEL,505537,A,226.1,232.9,219.7,228.9,231.4,1130944,253271677.0
5331142,2022-03-02,ZEEL,505537,A,228.9,241.2,227.95,237.65,228.9,775537,182960187.0
5331143,2022-03-03,ZEEL,505537,A,240.2,244.0,235.75,237.95,237.65,501591,120217512.0
5331144,2022-03-04,ZEEL,505537,A,237.75,238.55,221.2,224.5,237.95,738950,171168972.0
5331145,2022-03-07,ZEEL,505537,A,220.15,240.0,215.3,237.85,224.5,2241103,507623988.0
5331146,2022-03-08,ZEEL,505537,A,234.8,240.0,228.9,236.25,237.85,933677,219408494.0
5331147,2022-03-09,ZEEL,505537,A,238.1,253.0,235.8,250.65,236.25,1145221,283063728.0
5331148,2022-03-10,ZEEL,505537,A,257.0,257.15,245.0,246.85,250.65,799108,200340950.0
5331149,2022-03-11,ZEEL,505537,A,248.0,253.2,241.2,242.4,246.85,861235,212438934.0
5331150,2022-03-14,ZEEL,505537,A,242.6,262.25,242.6,258.85,242.4,3067445,792813861.0
5331151,2022-03-15,ZEEL,505537,A,260.0,263.9,252.95,254.15,258.85,800554,207735416.0
5331152,2022-03-16,ZEEL,505537,A,259.5,259.5,253.0,254.2,254.15,464880,118437874.0
5331153,2022-03-17,ZEEL,505537,A,257.8,261.5,255.85,258.65,254.2,617416,160020529.0
5331154,2022-03-21,ZEEL,505537,A,259.0,263.4,256.15,256.85,258.65,813421,211031210.0
5331155,2022-03-22,ZEEL,505537,A,255.65,258.65,243.2,248.55,256.85,1194053,297132504.0
5331156,2022-03-23,ZEEL,505537,A,250.0,260.8,244.35,256.05,248.55,1016922,256779767.0
5331157,2022-03-24,ZEEL,505537,A,281.65,307.25,281.65,299.15,256.05,4115768,1224531008.0
5331158,2022-03-25,ZEEL,505537,A,303.85,303.85,292.8,295.4,299.15,1851881,550294488.0
5331159,2022-03-28,ZEEL,505537,A,295.0,297.3,288.3,289.85,295.4,1360072,396066231.0
5331160,2022-03-29,ZEEL,505537,A,294.0,295.25,282.1,284.4,289.85,1427104,412031615.0
5331161,2022-03-30,ZEEL,505537,A,287.95,298.55,284.4,294.0,284.4,699851,204481600.0
5331162,2022-03-31,ZEEL,505537,A,294.7,295.4,287.0,288.25,294.0,454212,131849191.0
5331163,2022-04-01,ZEEL,505537,A,288.3,301.75,285.15,299.75,288.25,1381117,405835090.0
5331164,2022-04-04,ZEEL,505537,A,300.0,308.65,297.65,302.8,299.75,834112,253256547.0
5331165,2022-04-05,ZEEL,505537,A,305.0,306.85,298.35,300.05,302.8,755372,228344577.0
5331166,2022-04-06,ZEEL,505537,A,297.5,304.95,287.2,290.95,300.05,717417,211505463.0
5331167,2022-04-07,ZEEL,505537,A,285.35,296.85,281.1,284.85,290.95,95270446,26999634548.0
5331168,2022-04-08,ZEEL,505537,A,287.4,289.8,283.0,286.0,284.85,890523,254166987.0
5331169,2022-04-11,ZEEL,505537,A,287.0,292.25,284.55,290.85,286.0,569412,164390417.0
5331170,2022-04-12,ZEEL,505537,A,290.0,290.0,279.45,282.2,290.85,758171,214855102.0
5331171,2022-04-13,ZEEL,505537,A,283.2,285.55,278.0,279.2,282.2,473568,133098426.0
5331172,2022-04-18,ZEEL,505537,A,274.7,276.9,267.3,274.25,279.2,505452,137540532.0
5331173,2022-04-19,ZEEL,505537,A,275.0,280.5,262.0,267.85,274.25,675372,185094036.0
5331174,2022-04-20,ZEEL,505537,A,270.25,271.9,263.7,265.65,267.85,373764,100218855.0
5331175,2022-04-21,ZEEL,505537,A,268.0,270.25,266.05,266.8,265.65,167062,44696627.0
5331176,2022-04-22,ZEEL,505537,A,265.85,276.4,264.55,269.8,266.8,365333,99263695.0
5331177,2022-04-25,ZEEL,505537,A,265.85,268.15,256.6,259.45,269.8,1107346,289897086.0
5331178,2022-04-26,ZEEL,505537,A,263.0,264.0,259.45,260.8,259.45,231005,60497777.0
5331179,2022-04-27,ZEEL,505537,A,259.25,261.2,252.3,253.7,260.8,304690,77780774.0
5331180,2022-04-28,ZEEL,505537,A,254.1,256.7,247.7,255.6,253.7,386829,97378460.0
5331181,2022-04-29,ZEEL,505537,A,258.7,259.4,247.1,248.25,255.6,267776,67438485.0
5331182,2022-05-02,ZEEL,505537,A,246.55,257.5,243.15,255.7,248.25,2145507,538918748.0
5331183,2022-05-04,ZEEL,505537,A,258.5,258.55,242.65,243.8,255.7,1757280,447416138.0
5331184,2022-05-05,ZEEL,505537,A,245.8,252.25,242.45,244.4,243.8,396861,98112263.0
5331185,2022-05-06,ZEEL,505537,A,240.0,249.5,237.65,248.35,244.4,575662,140512481.0
5331186,2022-05-09,ZEEL,505537,A,246.75,248.35,232.25,234.7,248.35,815565,195970897.0
5331187,2022-05-10,ZEEL,505537,A,237.95,238.9,231.6,232.65,234.7,918780,216511602.0
5331188,2022-05-11,ZEEL,505537,A,234.2,241.3,229.5,239.45,232.65,698371,165194221.0
5331189,2022-05-12,ZEEL,505537,A,238.0,240.45,233.15,235.9,239.45,358688,84990594.0
5331190,2022-05-13,ZEEL,505537,A,237.6,247.3,237.6,239.45,235.9,282344,68829587.0
5331191,2022-05-16,ZEEL,505537,A,240.0,241.9,235.6,239.75,239.45,423168,101352540.0
5331192,2022-05-17,ZEEL,505537,A,242.8,246.75,239.45,246.1,239.75,270931,65956003.0
5331193,2022-05-18,ZEEL,505537,A,247.4,248.15,241.0,242.4,246.1,1289474,315798948.0
5331194,2022-05-19,ZEEL,505537,A,235.0,238.7,227.2,230.3,242.4,1114057,260179055.0
5331195,2022-05-20,ZEEL,505537,A,234.9,239.25,233.35,238.6,230.3,626338,147332323.0
5331196,2022-05-23,ZEEL,505537,A,239.2,244.0,233.8,237.9,238.6,260592,62165134.0
5331197,2022-05-24,ZEEL,505537,A,239.4,240.5,234.0,237.0,237.9,965158,228191340.0
5331198,2022-05-25,ZEEL,505537,A,237.3,238.95,224.25,228.1,237.0,894736,208075111.0
5331199,2022-05-26,ZEEL,505537,A,229.5,231.65,222.6,229.75,228.1,423063,96349634.0
5331200,2022-05-27,ZEEL,505537,A,229.0,238.9,228.35,237.35,229.75,827308,194839671.0
5331201,2022-05-30,ZEEL,505537,A,240.3,245.55,237.0,244.7,237.35,571569,137845723.0
5331202,2022-05-31,ZEEL,505537,A,243.0,257.0,240.0,252.85,244.7,725016,182290852.0
5331203,2022-06-01,ZEEL,505537,A,252.85,256.4,251.0,253.1,252.85,924357,234629476.0
5331204,2022-06-02,ZEEL,505537,A,252.0,257.45,250.8,255.25,253.1,1325256,336025377.0
5331205,2022-06-03,ZEEL,505537,A,256.5,259.3,250.4,251.4,255.25,936175,238545361.0
5331206,2022-06-06,ZEEL,505537,A,250.0,252.15,244.45,248.9,251.4,226079,56017280.0
5331207,2022-06-07,ZEEL,505537,A,247.35,248.05,237.2,238.0,248.9,315507,76077906.0
5331208,2022-06-08,ZEEL,505537,A,238.8,243.25,238.1,238.95,238.0,1005411,243126075.0
5331209,2022-06-09,ZEEL,505537,A,238.95,241.0,236.5,240.35,238.95,731830,174913116.0
5331210,2022-06-10,ZEEL,505537,A,236.65,239.25,235.2,236.2,240.35,237883,56347511.0
5331211,2022-06-13,ZEEL,505537,A,233.9,233.9,220.0,227.05,236.2,1212380,273250640.0
5331212,2022-06-14,ZEEL,505537,A,225.4,230.4,220.1,222.9,227.05,578841,129085336.0
5331213,2022-06-15,ZEEL,505537,A,226.95,229.3,220.25,221.15,222.9,366586,81578823.0
5331214,2022-06-16,ZEEL,505537,A,225.0,225.0,212.0,213.7,221.15,836816,181090847.0
5331215,2022-06-17,ZEEL,505537,A,213.7,217.8,209.7,215.25,213.7,688812,146862258.0
5331216,2022-06-20,ZEEL,505537,A,217.0,217.0,200.5,207.9,215.25,723240,151099577.0
5331217,2022-06-21,ZEEL,505537,A,211.2,222.5,211.2,221.4,207.9,373034,81548591.0
5331218,2022-06-22,ZEEL,505537,A,218.0,221.25,210.05,211.3,221.4,374362,80765153.0
5331219,2022-06-23,ZEEL,505537,A,211.2,218.5,210.3,214.8,211.3,566869,121840176.0
5331220,2022-06-24,ZEEL,505537,A,217.0,222.25,216.05,220.85,214.8,330596,72688638.0
5331221,2022-06-27,ZEEL,505537,A,225.5,225.5,221.1,222.0,220.85,204286,45581922.0
5331222,2022-06-28,ZEEL,505537,A,222.1,222.1,215.3,217.3,222.0,195391,42373689.0
5331223,2022-06-29,ZEEL,505537,A,214.25,216.55,212.5,212.95,217.3,242541,52025652.0
5331224,2022-06-30,ZEEL,505537,A,214.2,216.15,212.15,214.05,212.95,339571,72740066.0
5331225,2022-07-01,ZEEL,505537,A,213.65,215.9,210.7,215.35,214.05,268326,57289135.0
5331226,2022-07-04,ZEEL,505537,A,216.5,219.95,213.15,219.2,215.35,287937,62488571.0
5331227,2022-07-05,ZEEL,505537,A,220.4,221.2,214.05,215.45,219.2,222322,48557462.0
5331228,2022-07-06,ZEEL,505537,A,216.0,224.85,213.5,223.55,215.45,446584,97731411.0
5331229,2022-07-07,ZEEL,505537,A,224.9,226.0,219.25,222.85,223.55,671068,148959765.0
5331230,2022-07-08,ZEEL,505537,A,225.0,229.45,222.75,223.95,222.85,401453,91134452.0
5331231,2022-07-11,ZEEL,505537,A,222.0,225.7,220.7,224.15,223.95,262307,58725130.0
5331232,2022-07-12,ZEEL,505537,A,224.15,225.55,220.0,220.75,224.15,114463,25493786.0
5331233,2022-07-13,ZEEL,505537,A,221.5,225.25,220.55,223.15,220.75,189151,42225343.0
5331234,2022-07-14,ZEEL,505537,A,223.0,227.1,222.5,224.35,223.15,276161,62059220.0
5331235,2022-07-15,ZEEL,505537,A,224.4,226.8,222.6,224.6,224.35,119476,26865147.0
5331236,2022-07-18,ZEEL,505537,A,226.6,232.25,225.2,230.85,224.6,292575,66870064.0
5331237,2022-07-19,ZEEL,505537,A,228.6,233.55,228.6,230.6,230.85,445163,103014192.0
5331238,2022-07-20,ZEEL,505537,A,231.6,235.35,229.7,230.4,230.6,270024,62789333.0
5331239,2022-07-21,ZEEL,505537,A,229.05,236.8,229.05,235.2,230.4,221977,52173214.0
5331240,2022-07-22,ZEEL,505537,A,236.4,238.1,231.45,235.8,235.2,328753,77170190.0
5331241,2022-07-25,ZEEL,505537,A,237.0,237.0,230.7,233.45,235.8,395545,92169173.0
5331242,2022-07-26,ZEEL,505537,A,233.75,240.05,230.05,235.15,233.45,333103,78412637.0
5331243,2022-07-27,ZEEL,505537,A,238.7,240.55,235.55,239.9,235.15,388786,92639336.0
5331244,2022-07-28,ZEEL,505537,A,239.85,249.2,236.2,248.15,239.9,737582,178633587.0
5331245,2022-07-29,ZEEL,505537,A,250.0,252.95,244.65,247.1,248.15,929716,231037622.0
5331246,2022-08-01,ZEEL,505537,A,248.65,259.4,246.35,252.85,247.1,858967,217732045.0
5331247,2022-08-02,ZEEL,505537,A,253.5,253.5,245.75,246.95,252.85,288327,71582188.0
5331248,2022-08-03,ZEEL,505537,A,247.0,248.7,239.15,240.95,246.95,284426,68716661.0
5331249,2022-08-04,ZEEL,505537,A,241.05,244.8,236.5,242.65,240.95,451946,108999094.0
5331250,2022-08-05,ZEEL,505537,A,243.0,247.0,241.5,243.9,242.65,326963,80031102.0
5331251,2022-08-08,ZEEL,505537,A,242.15,253.2,242.15,251.85,243.9,582045,144805964.0
5331252,2022-08-10,ZEEL,505537,A,253.8,254.3,247.05,250.05,251.85,673645,168666405.0
5331253,2022-08-11,ZEEL,505537,A,251.8,252.9,246.6,248.0,250.05,228413,57195322.0
5331254,2022-08-12,ZEEL,505537,A,247.9,248.8,241.15,241.8,248.0,328682,80409941.0
5331255,2022-08-16,ZEEL,505537,A,236.0,245.6,236.0,237.85,241.8,707758,171182622.0
5331256,2022-08-17,ZEEL,505537,A,240.5,256.35,237.5,252.25,237.85,1591290,398349602.0
5331257,2022-08-18,ZEEL,505537,A,252.45,255.3,248.65,252.7,252.25,446805,112729666.0
5331258,2022-08-19,ZEEL,505537,A,251.7,263.3,251.4,260.2,252.7,1288958,333446643.0
5331259,2022-08-22,ZEEL,505537,A,258.9,265.65,254.2,259.35,260.2,659609,171693906.0
5331260,2022-08-23,ZEEL,505537,A,255.0,261.4,252.2,256.95,259.35,639689,163828969.0
5331261,2022-08-24,ZEEL,505537,A,256.95,264.75,256.1,263.9,256.95,583743,152606635.0
5331262,2022-08-25,ZEEL,505537,A,266.0,269.0,261.3,262.4,263.9,693721,184260736.0
5331263,2022-08-26,ZEEL,505537,A,263.0,266.5,256.0,258.15,262.4,525496,137544436.0
5331264,2022-08-29,ZEEL,505537,A,249.25,254.75,248.65,251.55,258.15,283268,71472739.0
5331265,2022-08-30,ZEEL,505537,A,253.05,257.85,252.4,256.9,251.55,360275,91876558.0
5331266,2022-09-01,ZEEL,505537,A,248.0,255.8,241.75,244.7,256.9,1171831,288407535.0
5331267,2022-09-02,ZEEL,505537,A,246.0,252.4,242.75,248.7,244.7,636650,157818939.0
5331268,2022-09-05,ZEEL,505537,A,248.1,254.2,248.1,251.15,248.7,414404,104119780.0
5331269,2022-09-06,ZEEL,505537,A,251.3,254.45,247.3,248.5,251.15,550047,137805872.0
5331270,2022-09-07,ZEEL,505537,A,247.0,262.0,246.4,260.7,248.5,690747,175956478.0
5331271,2022-09-08,ZEEL,505537,A,267.0,267.0,253.95,257.15,260.7,1032750,267224003.0
5331272,2022-09-09,ZEEL,505537,A,257.15,264.5,253.5,263.4,257.15,1319612,343109192.0
5331273,2022-09-12,ZEEL,505537,A,265.0,273.15,262.85,270.4,263.4,1316948,355096694.0
5331274,2022-09-13,ZEEL,505537,A,271.95,274.65,266.5,271.4,270.4,1025681,278579601.0
5331275,2022-09-14,ZEEL,505537,A,265.05,280.45,265.05,278.65,271.4,1144257,315563670.0
5331276,2022-09-15,ZEEL,505537,A,279.0,279.0,272.0,273.85,278.65,668778,183948955.0
5331277,2022-09-16,ZEEL,505537,A,272.0,275.85,260.0,261.25,273.85,768718,205925082.0
5331278,2022-09-19,ZEEL,505537,A,261.6,272.2,257.9,266.65,261.25,1704154,449374832.0
5331279,2022-09-20,ZEEL,505537,A,269.9,275.85,267.7,270.6,266.65,437561,119143721.0
5331280,2022-09-21,ZEEL,505537,A,271.0,276.65,268.95,271.45,270.6,558625,152585778.0
5331281,2022-09-22,ZEEL,505537,A,271.0,278.2,270.5,273.5,271.45,756999,207757582.0
5331282,2022-09-23,ZEEL,505537,A,274.9,275.3,259.0,261.05,273.5,762740,202157592.0
5331283,2022-09-26,ZEEL,505537,A,258.0,259.8,248.35,257.8,261.05,1083131,276007525.0
5331284,2022-09-27,ZEEL,505537,A,259.95,264.65,254.35,263.25,257.8,885561,231130549.0
5331285,2022-09-28,ZEEL,505537,A,260.0,268.25,254.4,256.95,263.25,718070,188772491.0
5331286,2022-09-29,ZEEL,505537,A,260.5,264.75,247.8,251.05,256.95,1239041,314219396.0
5331287,2022-09-30,ZEEL,505537,A,252.95,260.5,251.3,258.2,251.05,724058,186554527.0
5331288,2022-10-03,ZEEL,505537,A,258.65,263.75,249.75,252.1,258.2,516034,132275306.0
5331289,2022-10-04,ZEEL,505537,A,258.0,271.5,255.4,267.5,252.1,2114117,548624680.0
5331290,2022-10-06,ZEEL,505537,A,272.3,286.9,272.0,279.95,267.5,2527368,707997286.0
5331291,2022-10-07,ZEEL,505537,A,281.0,284.45,277.35,281.85,279.95,620283,174222611.0
5331292,2022-10-10,ZEEL,505537,A,276.2,283.4,276.2,278.6,281.85,609725,170682640.0
5331293,2022-10-11,ZEEL,505537,A,279.35,280.3,269.0,272.45,278.6,1647535,457829089.0
5331294,2022-10-12,ZEEL,505537,A,273.95,273.95,262.95,268.45,272.45,726072,194423389.0
5331295,2022-10-13,ZEEL,505537,A,269.05,275.25,266.0,273.15,268.45,1022061,276787280.0
5331296,2022-10-14,ZEEL,505537,A,276.5,277.75,266.85,267.4,273.15,436103,118701572.0
5331297,2022-10-17,ZEEL,505537,A,269.25,272.0,261.95,263.3,267.4,471184,125332252.0
5331298,2022-10-18,ZEEL,505537,A,278.7,279.75,269.95,270.65,263.3,1401038,383792298.0
5331299,2022-10-19,ZEEL,505537,A,271.55,273.7,266.75,270.9,270.65,520427,140181133.0
5331300,2022-10-20,ZEEL,505537,A,271.0,273.25,269.5,271.15,270.9,357502,97077838.0
5331301,2022-10-21,ZEEL,505537,A,271.0,272.1,265.6,266.95,271.15,617304,166111837.0
5331302,2022-10-24,ZEEL,505537,A,269.5,270.0,266.5,267.5,266.95,84849,22776060.0
5331303,2022-10-25,ZEEL,505537,A,268.05,269.7,262.5,262.95,267.5,1540497,411163494.0
5331304,2022-10-27,ZEEL,505537,A,264.25,266.8,263.45,265.95,262.95,485384,128637082.0
5331305,2022-10-28,ZEEL,505537,A,266.0,268.35,261.0,263.05,265.95,312378,82526819.0
5331306,2022-10-31,ZEEL,505537,A,265.0,265.0,261.9,262.4,263.05,193254,50924486.0
5331307,2022-11-01,ZEEL,505537,A,263.8,264.65,261.25,262.6,262.4,506313,133230033.0
5331308,2022-11-02,ZEEL,505537,A,262.6,267.9,262.25,265.0,262.6,360437,95829205.0
5331309,2022-11-03,ZEEL,505537,A,263.25,269.3,263.25,267.4,265.0,1660069,440561580.0
5331310,2022-11-04,ZEEL,505537,A,268.0,268.9,264.2,265.05,267.4,219027,58454945.0
5331311,2022-11-07,ZEEL,505537,A,265.15,267.6,260.8,264.35,265.05,220727,58159103.0
5331312,2022-11-09,ZEEL,505537,A,264.55,266.1,261.7,262.6,264.35,788247,208518975.0
5331313,2022-11-10,ZEEL,505537,A,260.35,263.5,259.65,261.65,262.6,363686,95086992.0
5331314,2022-11-11,ZEEL,505537,A,263.0,267.3,261.1,265.95,261.65,545383,144275011.0
5331315,2022-11-14,ZEEL,505537,A,263.1,264.35,256.1,259.55,265.95,538260,139370525.0
5331316,2022-11-15,ZEEL,505537,A,257.5,262.0,257.5,260.0,259.55,194303,50575597.0
5331317,2022-11-16,ZEEL,505537,A,260.1,261.25,254.05,254.6,260.0,176538,45384915.0
5331318,2022-11-17,ZEEL,505537,A,253.8,256.1,252.55,252.95,254.6,148903,37796373.0
5331319,2022-11-18,ZEEL,505537,A,254.0,255.1,249.2,250.8,252.95,219780,55262800.0
5331320,2022-11-21,ZEEL,505537,A,250.2,250.45,246.45,247.05,250.8,210602,52248510.0
5331321,2022-11-22,ZEEL,505537,A,248.5,252.45,246.8,252.2,247.05,382949,95935086.0
5331322,2022-11-23,ZEEL,505537,A,254.0,257.45,252.2,253.8,252.2,383261,97791937.0
5331323,2022-11-24,ZEEL,505537,A,254.95,255.0,250.7,252.8,253.8,219023,55282546.0
5331324,2022-11-25,ZEEL,505537,A,255.15,261.0,252.35,259.35,252.8,601499,154794039.0
5331325,2022-11-28,ZEEL,505537,A,259.4,262.9,258.65,260.45,259.35,245778,64157184.0
5331326,2022-11-29,ZEEL,505537,A,258.3,262.65,258.3,261.95,260.45,133195,34780601.0
5331327,2022-11-30,ZEEL,505537,A,261.35,265.85,260.0,264.8,261.95,354811,93720139.0
5331328,2022-12-01,ZEEL,505537,A,266.65,268.85,263.2,266.35,264.8,389088,103586793.0
5331329,2022-12-02,ZEEL,505537,A,267.85,271.85,265.45,271.05,266.35,277272,74514655.0
5331330,2022-12-05,ZEEL,505537,A,271.0,271.0,266.6,268.2,271.05,102221,27443991.0
5331331,2022-12-06,ZEEL,505537,A,265.15,267.6,263.6,264.5,268.2,102892,27317726.0
5331332,2022-12-07,ZEEL,505537,A,265.05,266.0,259.6,261.3,264.5,408794,107551704.0
5331333,2022-12-08,ZEEL,505537,A,261.3,263.95,259.8,262.6,261.3,140530,36847973.0
5331334,2022-12-09,ZEEL,505537,A,263.1,264.8,258.4,260.65,262.6,183331,47983849.0
5331335,2022-12-12,ZEEL,505537,A,261.2,264.2,260.25,262.4,260.65,416051,108907140.0
5331336,2022-12-13,ZEEL,505537,A,264.4,264.5,259.7,260.7,262.4,380284,99947282.0
5331337,2022-12-14,ZEEL,505537,A,262.0,263.95,260.85,262.45,260.7,170029,44590030.0
5331338,2022-12-15,ZEEL,505537,A,261.1,263.25,257.5,258.35,262.45,245924,64134757.0
5331339,2022-12-16,ZEEL,505537,A,256.0,257.9,249.55,250.5,258.35,336075,85271141.0
5331340,2022-12-19,ZEEL,505537,A,250.5,253.3,250.0,252.0,250.5,72824,18330378.0
5331341,2022-12-20,ZEEL,505537,A,250.15,252.3,247.95,251.2,252.0,119400,29830009.0
5331342,2022-12-21,ZEEL,505537,A,251.35,255.25,246.0,247.2,251.2,127381,31967707.0
5331343,2022-12-22,ZEEL,505537,A,248.1,250.1,242.05,245.15,247.2,705040,173386503.0
5331344,2022-12-23,ZEEL,505537,A,243.0,245.15,233.8,235.05,245.15,102790,24571570.0
5331345,2022-12-26,ZEEL,505537,A,233.15,241.7,230.85,239.1,235.05,186767,44616188.0
5331346,2022-12-27,ZEEL,505537,A,239.15,242.9,236.6,239.1,239.1,176622,42287427.0
5331347,2022-12-28,ZEEL,505537,A,239.55,240.65,237.85,239.05,239.1,142991,34192795.0
5331348,2022-12-29,ZEEL,505537,A,238.0,240.25,236.1,239.3,239.05,58046,13846419.0
5331349,2022-12-30,ZEEL,505537,A,241.65,242.65,238.95,239.9,239.3,193595,46638443.0
5331350,2023-01-02,ZEEL,505537,A,239.1,244.0,238.95,243.15,239.9,91566,22192609.0
5331351,2023-01-03,ZEEL,505537,A,240.75,242.9,239.15,240.15,243.15,187206,44986847.0
5331352,2023-01-04,ZEEL,505537,A,240.0,240.0,234.25,236.9,240.15,294913,69810623.0
5331353,2023-01-05,ZEEL,505537,A,236.5,240.25,235.85,239.95,236.9,998355,237148502.0
5331354,2023-01-06,ZEEL,505537,A,239.9,240.25,236.2,237.75,239.95,116717,27808628.0
5331355,2023-01-09,ZEEL,505537,A,240.7,240.7,235.7,236.8,237.75,137860,32821502.0
5331356,2023-01-10,ZEEL,505537,A,238.9,238.9,230.45,231.6,236.8,684458,161852688.0
5331357,2023-01-11,ZEEL,505537,A,233.45,233.45,227.95,228.8,231.6,240452,55369875.0
5331358,2023-01-12,ZEEL,505537,A,230.0,230.25,224.6,227.55,228.8,1006003,229780626.0
5331359,2023-01-13,ZEEL,505537,A,228.0,230.8,227.3,230.15,227.55,284608,65139631.0
5331360,2023-01-16,ZEEL,505537,A,228.55,231.65,228.55,229.6,230.15,346044,79894458.0
5331361,2023-01-17,ZEEL,505537,A,227.65,229.8,227.5,228.35,229.6,40554,9259732.0
5331362,2023-01-18,ZEEL,505537,A,228.25,230.65,226.6,230.15,228.35,167252,38326356.0
5331363,2023-01-19,ZEEL,505537,A,228.65,229.2,223.75,224.3,230.15,256130,57742442.0
5331364,2023-01-20,ZEEL,505537,A,225.0,226.35,222.45,222.75,224.3,144754,32519204.0
5331365,2023-01-23,ZEEL,505537,A,222.85,225.2,221.8,223.85,222.75,125396,28088736.0
5331366,2023-01-24,ZEEL,505537,A,224.05,224.95,222.3,222.9,223.85,110328,24638221.0
5331367,2023-01-25,ZEEL,505537,A,222.3,222.75,219.0,220.05,222.9,163634,36042819.0
5331368,2023-01-27,ZEEL,505537,A,220.15,220.95,214.6,215.35,220.05,337526,73259294.0
5331369,2023-01-30,ZEEL,505537,A,215.35,220.0,213.7,219.3,215.35,284425,61780371.0
5331370,2023-01-31,ZEEL,505537,A,221.25,227.45,218.1,226.75,219.3,262211,58958986.0
5331371,2023-02-01,ZEEL,505537,A,226.75,227.9,215.8,221.1,226.75,239397,53375964.0
5331372,2023-02-02,ZEEL,505537,A,216.1,224.0,216.1,222.15,221.1,96406,21384496.0
5331373,2023-02-03,ZEEL,505537,A,223.95,223.95,216.7,220.45,222.15,244816,53655237.0
5331374,2023-02-06,ZEEL,505537,A,216.35,225.4,216.35,223.85,220.45,222549,49617070.0
5331375,2023-02-07,ZEEL,505537,A,223.0,223.5,220.15,221.25,223.85,139667,30930528.0
5331376,2023-02-08,ZEEL,505537,A,221.5,223.9,221.05,223.3,221.25,128625,28647319.0
5331377,2023-02-09,ZEEL,505537,A,221.7,225.0,220.5,224.55,223.3,276555,61738623.0
5331378,2023-02-10,ZEEL,505537,A,222.05,228.7,222.05,226.35,224.55,469164,106311199.0
5331379,2023-02-13,ZEEL,505537,A,226.4,227.4,217.5,218.55,226.35,310523,68516782.0
5331380,2023-02-14,ZEEL,505537,A,215.05,217.5,210.4,216.4,218.55,625586,134509447.0
5331381,2023-02-15,ZEEL,505537,A,216.4,217.9,213.3,214.4,216.4,252900,54494445.0
5331382,2023-02-16,ZEEL,505537,A,216.25,216.25,212.6,214.05,214.4,102987,22052164.0
5331383,2023-02-17,ZEEL,505537,A,214.8,216.9,213.5,215.25,214.05,194518,41896154.0
5331384,2023-02-20,ZEEL,505537,A,215.3,216.0,212.8,214.9,215.25,189334,40623235.0
5331385,2023-02-21,ZEEL,505537,A,214.95,215.45,210.0,210.95,214.9,83944,17801010.0
5331386,2023-02-22,ZEEL,505537,A,211.15,211.15,201.0,205.9,210.95,478492,99749381.0
5331387,2023-02-23,ZEEL,505537,A,195.3,201.75,176.6,198.75,205.9,2667071,508319545.0
5331388,2023-02-24,ZEEL,505537,A,189.7,204.6,189.6,195.6,198.75,1090711,214680835.0
5331389,2023-02-27,ZEEL,505537,A,193.75,194.6,176.6,183.0,195.6,712467,130887473.0
5331390,2023-02-28,ZEEL,505537,A,190.0,197.75,188.4,195.25,183.0,981932,190379405.0
5331391,2023-03-01,ZEEL,505537,A,193.6,200.05,192.75,199.3,195.25,361662,71369451.0
5331392,2023-03-02,ZEEL,505537,A,198.95,199.9,194.55,196.35,199.3,784644,154201044.0
5331393,2023-03-03,ZEEL,505537,A,196.15,202.25,195.9,199.95,196.35,555059,110532255.0
5331394,2023-03-06,ZEEL,505537,A,199.05,200.95,194.7,195.35,199.95,381638,75049840.0
5331395,2023-03-08,ZEEL,505537,A,198.85,201.6,195.45,196.5,195.35,295867,58396198.0
5331396,2023-03-09,ZEEL,505537,A,197.95,197.95,192.75,194.0,196.5,144084,28200228.0
5331397,2023-03-10,ZEEL,505537,A,191.3,195.35,190.3,193.65,194.0,542269,104632620.0
5331398,2023-03-13,ZEEL,505537,A,192.6,194.35,186.5,188.2,193.65,348942,66146017.0
5331399,2023-03-14,ZEEL,505537,A,187.95,193.85,187.65,192.4,188.2,383705,73460902.0
5331400,2023-03-15,ZEEL,505537,A,193.0,193.9,187.5,189.05,192.4,166643,31808395.0
5331401,2023-03-16,ZEEL,505537,A,188.15,207.95,187.5,206.55,189.05,1323212,265333665.0
5331402,2023-03-17,ZEEL,505537,A,206.0,209.25,198.3,206.95,206.55,819168,165687621.0
5331403,2023-03-20,ZEEL,505537,A,205.95,207.8,201.8,207.05,206.95,361765,74121566.0
5331404,2023-03-21,ZEEL,505537,A,206.1,215.3,206.1,213.7,207.05,587598,124540642.0
5331405,2023-03-22,ZEEL,505537,A,213.05,217.2,211.55,214.35,213.7,261445,55996056.0
5331406,2023-03-23,ZEEL,505537,A,214.75,218.8,212.5,216.1,214.35,194407,42043503.0
5331407,2023-03-24,ZEEL,505537,A,216.5,217.7,210.65,211.5,216.1,350716,75028726.0
5331408,2023-03-27,ZEEL,505537,A,208.15,215.8,208.15,210.65,211.5,215352,45908113.0
5331409,2023-03-28,ZEEL,505537,A,211.0,213.15,206.5,208.9,210.65,269269,56429917.0
5331410,2023-03-29,ZEEL,505537,A,208.85,219.45,208.7,216.0,208.9,986351,211364448.0
5331411,2023-03-31,ZEEL,505537,A,218.95,218.95,207.95,211.7,216.0,479993,102386204.0
5331412,2023-04-03,ZEEL,505537,A,212.05,214.9,211.95,213.75,211.7,110172,23515974.0
5331413,2023-04-05,ZEEL,505537,A,214.0,214.75,212.9,214.0,213.75,75769,16203493.0
5331414,2023-04-06,ZEEL,505537,A,214.0,214.05,211.1,212.55,214.0,55523,11792308.0
5331415,2023-04-10,ZEEL,505537,A,212.5,213.8,210.5,211.3,212.55,108486,23006078.0
5331416,2023-04-11,ZEEL,505537,A,211.55,216.1,211.55,213.55,211.3,105672,22619883.0
5331417,2023-04-12,ZEEL,505537,A,215.15,215.15,211.2,211.65,213.55,87395,18569127.0
5331418,2023-04-13,ZEEL,505537,A,210.25,212.45,203.0,208.2,211.65,375000,77494396.0
5331419,2023-04-17,ZEEL,505537,A,205.4,213.8,201.7,203.8,208.2,57667998,11801878344.0
5331420,2023-04-18,ZEEL,505537,A,206.0,207.25,203.25,203.8,203.8,248527,50995007.0
5331421,2023-04-19,ZEEL,505537,A,205.2,205.2,196.4,197.8,203.8,869764,173732341.0
5331422,2023-04-20,ZEEL,505537,A,198.2,199.95,193.9,196.85,197.8,885024,174576031.0
5331423,2023-04-21,ZEEL,505537,A,197.95,198.8,194.7,195.9,196.85,291966,57367049.0
5331424,2023-04-24,ZEEL,505537,A,196.85,197.25,191.65,192.8,195.9,428270,82744339.0
5331425,2023-04-25,ZEEL,505537,A,194.35,194.35,186.3,187.15,192.8,726415,137673357.0
5331426,2023-04-26,ZEEL,505537,A,187.15,191.55,183.8,189.65,187.15,691749,130265673.0
5331427,2023-04-27,ZEEL,505537,A,191.3,191.35,185.3,186.15,189.65,785076,147820427.0
5331428,2023-04-28,ZEEL,505537,A,187.75,197.9,187.75,196.85,186.15,1334166,259251225.0
5331429,2023-05-02,ZEEL,505537,A,197.1,199.4,195.7,196.35,196.85,469506,92630006.0
5331430,2023-05-03,ZEEL,505537,A,195.45,197.5,194.55,195.8,196.35,168393,32966059.0
5331431,2023-05-04,ZEEL,505537,A,195.5,196.65,193.7,195.1,195.8,203137,39577818.0
5331432,2023-05-05,ZEEL,505537,A,193.35,194.85,190.6,192.6,195.1,252879,48752016.0
5331433,2023-05-08,ZEEL,505537,A,192.6,193.5,191.1,191.45,192.6,139232,26754332.0
5331434,2023-05-09,ZEEL,505537,A,192.25,192.7,189.0,189.45,191.45,291819,55589490.0
5331435,2023-05-10,ZEEL,505537,A,189.55,194.85,189.55,192.65,189.45,496735,95714732.0
5331436,2023-05-11,ZEEL,505537,A,193.95,193.95,191.5,191.95,192.65,393072,75707474.0
5331437,2023-05-12,ZEEL,505537,A,186.0,187.0,179.35,185.95,191.95,800608,147221325.0
5331438,2023-05-15,ZEEL,505537,A,187.15,191.2,185.3,190.15,185.95,532804,100278668.0
5331439,2023-05-16,ZEEL,505537,A,191.5,191.5,188.7,189.1,190.15,152193,28911590.0
5331440,2023-05-17,ZEEL,505537,A,190.35,190.35,184.4,187.05,189.1,312848,58448757.0
5331441,2023-05-18,ZEEL,505537,A,188.0,188.8,184.6,185.25,187.05,308257,57776319.0
5331442,2023-05-19,ZEEL,505537,A,186.5,189.5,183.65,185.65,185.25,587826,109669442.0
5331443,2023-05-22,ZEEL,505537,A,186.05,186.35,184.35,185.85,185.65,150408,27866092.0
5331444,2023-05-23,ZEEL,505537,A,185.8,185.95,183.15,183.55,185.85,393018,72510853.0
5331445,2023-05-24,ZEEL,505537,A,183.5,184.9,180.2,180.95,183.55,539973,98500529.0
5331446,2023-05-25,ZEEL,505537,A,181.1,182.1,177.7,178.75,180.95,736575,132406575.0
5331447,2023-05-26,ZEEL,505537,A,175.8,192.8,175.8,190.7,178.75,2105098,393272678.0
5331448,2023-05-29,ZEEL,505537,A,192.0,194.6,190.4,192.5,190.7,622361,119895243.0
5331449,2023-05-30,ZEEL,505537,A,190.95,196.4,190.95,195.1,192.5,944125,183693010.0
5331450,2023-05-31,ZEEL,505537,A,194.9,196.8,193.05,194.95,195.1,753469,147180452.0
5331451,2023-06-01,ZEEL,505537,A,194.3,196.5,191.6,192.15,194.95,203218,39428091.0
5331452,2023-06-02,ZEEL,505537,A,192.6,194.95,192.6,193.45,192.15,108917,21096134.0
5331453,2023-06-05,ZEEL,505537,A,193.65,202.5,193.65,201.3,193.45,1139693,227977992.0
5331454,2023-06-06,ZEEL,505537,A,201.3,201.3,196.8,197.8,201.3,522105,103496158.0
5331455,2023-06-07,ZEEL,505537,A,198.4,201.9,197.85,200.9,197.8,525450,105313688.0
5331456,2023-06-08,ZEEL,505537,A,202.45,202.45,195.85,196.15,200.9,368577,72804517.0
5331457,2023-06-09,ZEEL,505537,A,198.35,198.4,193.5,193.9,196.15,372250,72866399.0
5331458,2023-06-12,ZEEL,505537,A,194.0,196.4,192.75,194.85,193.9,206696,40305783.0
5331459,2023-06-13,ZEEL,505537,A,184.95,194.55,182.6,194.0,194.85,2203070,417729752.0
5331460,2023-06-14,ZEEL,505537,A,196.0,198.9,194.4,195.05,194.0,593010,116225698.0
5331461,2023-06-15,ZEEL,505537,A,195.05,195.9,184.7,186.65,195.05,968623,184074146.0
5331462,2023-06-16,ZEEL,505537,A,188.0,190.45,186.1,187.2,186.65,656491,123623686.0
5331463,2023-06-19,ZEEL,505537,A,186.05,188.7,184.5,185.3,187.2,544779,101353542.0
5331464,2023-06-20,ZEEL,505537,A,185.3,185.95,172.25,173.35,185.3,2752894,487365244.0
5331465,2023-06-21,ZEEL,505537,A,176.0,188.35,176.0,180.35,173.35,3940341,723148954.0
5331466,2023-06-22,ZEEL,505537,A,184.1,185.75,178.8,179.5,180.35,1387038,252363702.0
5331467,2023-06-23,ZEEL,505537,A,182.0,182.0,176.0,176.65,179.5,740356,131454105.0
5331468,2023-06-26,ZEEL,505537,A,176.65,180.05,174.7,177.85,176.65,776095,137755337.0
5331469,2023-06-27,ZEEL,505537,A,178.75,182.0,177.5,178.9,177.85,611887,109644566.0
5331470,2023-06-28,ZEEL,505537,A,179.8,179.95,176.55,177.5,178.9,261651,46512285.0
5331471,2023-06-30,ZEEL,505537,A,177.95,179.7,177.0,177.35,177.5,436110,77820304.0
5331472,2023-07-03,ZEEL,505537,A,177.05,184.95,176.4,180.75,177.35,1276280,231359548.0
5331473,2023-07-04,ZEEL,505537,A,183.35,185.75,179.25,182.45,180.75,479030,87631548.0
5331474,2023-07-05,ZEEL,505537,A,182.6,185.1,181.6,183.05,182.45,567853,104170495.0
5331475,2023-07-06,ZEEL,505537,A,184.45,192.6,182.7,188.7,183.05,886856,166094199.0
5331476,2023-07-07,ZEEL,505537,A,190.1,207.55,186.25,206.45,188.7,2689760,536938519.0
5331477,2023-07-10,ZEEL,505537,A,207.2,209.45,194.45,201.5,206.45,2382721,484596436.0
5331478,2023-07-11,ZEEL,505537,A,202.35,204.3,198.7,202.0,201.5,915712,184411132.0
5331479,2023-07-12,ZEEL,505537,A,201.05,204.2,200.8,202.0,202.0,468329,94805931.0
5331480,2023-07-13,ZEEL,505537,A,201.95,202.85,197.7,198.65,202.0,585871,117398249.0
5331481,2023-07-14,ZEEL,505537,A,200.0,217.4,196.1,216.1,198.65,1150258,240741139.0
5331482,2023-07-17,ZEEL,505537,A,216.0,234.3,213.7,229.65,216.1,3761668,850402465.0
5331483,2023-07-18,ZEEL,505537,A,233.1,233.8,222.35,224.05,229.65,1145464,258292654.0
5331484,2023-07-19,ZEEL,505537,A,224.95,229.15,220.7,223.05,224.05,909914,204321888.0
5331485,2023-07-20,ZEEL,505537,A,224.0,225.9,221.35,223.3,223.05,316877,70973205.0
5331486,2023-07-21,ZEEL,505537,A,222.0,226.45,219.8,220.5,223.3,435679,97478083.0
5331487,2023-07-24,ZEEL,505537,A,220.85,224.4,215.75,221.85,220.5,921373,203861275.0
5331488,2023-07-25,ZEEL,505537,A,222.1,241.0,219.15,235.35,221.85,1408941,323646397.0
5331489,2023-07-26,ZEEL,505537,A,235.0,243.4,232.4,236.4,235.35,1256413,298669812.0
5331490,2023-07-27,ZEEL,505537,A,238.0,242.5,235.15,236.5,236.4,564284,134641167.0
5331491,2023-07-28,ZEEL,505537,A,236.0,247.15,235.5,245.1,236.5,991918,240434200.0
5331492,2023-07-31,ZEEL,505537,A,245.0,246.75,240.5,242.25,245.1,504376,122733936.0
5331493,2023-08-01,ZEEL,505537,A,242.7,246.0,235.35,237.15,242.25,499371,119429774.0
5331494,2023-08-02,ZEEL,505537,A,236.9,238.35,225.1,226.65,237.15,1106990,255004681.0
5331495,2023-08-03,ZEEL,505537,A,228.45,236.15,226.65,233.9,226.65,968096,224662426.0
5331496,2023-08-04,ZEEL,505537,A,235.95,237.0,225.0,234.25,233.9,1426605,331165319.0
5331497,2023-08-07,ZEEL,505537,A,234.25,238.7,232.55,235.9,234.25,613482,145048940.0
5331498,2023-08-08,ZEEL,505537,A,236.9,242.4,235.8,238.25,235.9,823682,196558786.0
5331499,2023-08-09,ZEEL,505537,A,238.55,244.4,230.6,242.1,238.25,841593,199071758.0
5331500,2023-08-10,ZEEL,505537,A,243.05,290.5,239.15,285.55,242.1,6343566,1705094789.0
5331501,2023-08-11,ZEEL,505537,A,288.9,288.9,267.0,271.05,285.55,4232345,1181556865.0
5331502,2023-08-14,ZEEL,505537,A,271.1,279.2,265.65,271.75,271.05,1696646,462776786.0
5331503,2023-08-16,ZEEL,505537,A,276.9,279.7,270.15,275.85,271.75,1181198,323339587.0
5331504,2023-08-17,ZEEL,505537,A,276.0,276.55,271.6,274.25,275.85,589023,161524828.0
5331505,2023-08-18,ZEEL,505537,A,272.0,278.25,272.0,273.65,274.25,1454950,400104057.0
5331506,2023-08-21,ZEEL,505537,A,273.75,275.4,268.5,271.15,273.65,458079,124179573.0
5331507,2023-08-22,ZEEL,505537,A,272.95,274.45,271.25,272.35,271.15,654575,178456161.0
5331508,2023-08-23,ZEEL,505537,A,274.75,275.45,271.6,273.95,272.35,438143,119996352.0
5331509,2023-08-24,ZEEL,505537,A,276.1,280.5,270.5,272.3,273.95,972670,267973267.0
5331510,2023-08-25,ZEEL,505537,A,272.3,272.3,261.5,265.65,272.3,858224,229212384.0
5331511,2023-08-28,ZEEL,505537,A,265.0,271.0,261.65,263.0,265.65,209822,55841738.0
5331512,2023-08-29,ZEEL,505537,A,263.95,268.75,263.25,264.8,263.0,4573201,1215151383.0
5331513,2023-08-30,ZEEL,505537,A,264.9,270.45,263.55,266.2,264.8,387847,103470766.0
5331514,2023-08-31,ZEEL,505537,A,267.95,268.2,260.1,262.25,266.2,862311,227556385.0
5331515,2023-09-01,ZEEL,505537,A,262.3,265.6,261.45,262.55,262.25,548014,144377648.0
5331516,2023-09-04,ZEEL,505537,A,262.9,267.1,262.7,265.45,262.55,446144,118167662.0
5331517,2023-09-05,ZEEL,505537,A,267.9,283.85,265.9,274.85,265.45,948669,262713394.0
5331518,2023-09-06,ZEEL,505537,A,274.7,281.85,269.5,277.35,274.85,805126,223020455.0
5331519,2023-09-07,ZEEL,505537,A,277.3,284.5,274.6,283.3,277.35,801270,223848501.0
5331520,2023-09-08,ZEEL,505537,A,283.35,285.75,276.1,277.0,283.3,459483,129303180.0
5331521,2023-09-11,ZEEL,505537,A,278.9,282.2,275.3,279.7,277.0,368765,103045574.0
5331522,2023-09-12,ZEEL,505537,A,280.0,281.8,269.65,271.9,279.7,447289,123084358.0
5331523,2023-09-13,ZEEL,505537,A,270.85,277.85,270.15,275.8,271.9,426324,116737365.0
5331524,2023-09-14,ZEEL,505537,A,275.05,280.0,268.65,272.75,275.8,589310,162467644.0
5331525,2023-09-15,ZEEL,505537,A,272.5,276.15,267.7,273.8,272.75,378260,102767124.0
5331526,2023-09-18,ZEEL,505537,A,272.55,274.35,265.55,268.15,273.8,269437,72654652.0
5331527,2023-09-20,ZEEL,505537,A,267.05,269.55,263.45,264.45,268.15,320850,85426533.0
5331528,2023-09-21,ZEEL,505537,A,262.75,268.4,261.5,267.25,264.45,182162,48400846.0
5331529,2023-09-22,ZEEL,505537,A,263.65,267.55,261.5,265.3,267.25,249424,66077739.0
5331530,2023-09-25,ZEEL,505537,A,265.3,269.95,261.55,262.4,265.3,235839,62598365.0
5331531,2023-09-26,ZEEL,505537,A,264.0,266.0,261.15,262.25,262.4,177501,46710393.0
5331532,2023-09-27,ZEEL,505537,A,263.95,263.95,256.15,261.55,262.25,336475,87737679.0
5331533,2023-09-28,ZEEL,505537,A,263.5,263.5,253.0,254.1,261.55,243163,62579457.0
5331534,2023-09-29,ZEEL,505537,A,257.45,266.75,254.7,264.6,254.1,636092,165653422.0
5331535,2023-10-03,ZEEL,505537,A,264.75,266.6,260.85,263.4,264.6,300193,79108549.0
5331536,2023-10-04,ZEEL,505537,A,261.5,262.25,255.1,257.65,263.4,161613,41784351.0
5331537,2023-10-05,ZEEL,505537,A,259.95,262.8,257.55,258.3,257.65,211180,54986277.0
5331538,2023-10-06,ZEEL,505537,A,259.0,261.65,258.5,260.5,258.3,222274,57876786.0
5331539,2023-10-09,ZEEL,505537,A,258.8,259.1,252.5,255.25,260.5,171346,43974359.0
5331540,2023-10-10,ZEEL,505537,A,256.4,260.75,256.4,259.15,255.25,180328,46716887.0
5331541,2023-10-11,ZEEL,505537,A,261.15,263.7,258.7,259.55,259.15,349873,91253126.0
5331542,2023-10-12,ZEEL,505537,A,258.1,266.75,258.1,262.3,259.55,268924,70528388.0
5331543,2023-10-13,ZEEL,505537,A,262.0,263.5,257.85,258.35,262.3,159913,41685898.0
5331544,2023-10-16,ZEEL,505537,A,258.45,258.45,255.0,255.6,258.35,98360,25206284.0
5331545,2023-10-17,ZEEL,505537,A,256.8,257.95,253.75,255.55,255.6,154322,39486537.0
5331546,2023-10-18,ZEEL,505537,A,259.05,263.45,256.0,256.75,255.55,536341,139140690.0
5331547,2023-10-19,ZEEL,505537,A,256.05,261.8,254.2,259.3,256.75,706517,181639951.0
5331548,2023-10-20,ZEEL,505537,A,259.8,265.25,258.7,261.45,259.3,259179,68090219.0
5331549,2023-10-23,ZEEL,505537,A,262.45,262.45,248.3,249.5,261.45,148429,37797025.0
5331550,2023-10-25,ZEEL,505537,A,249.55,252.15,240.95,243.05,249.5,215960,53088538.0
5331551,2023-10-26,ZEEL,505537,A,241.05,241.65,237.0,238.65,243.05,156274,37380928.0
5331552,2023-10-27,ZEEL,505537,A,239.95,251.35,239.95,249.1,238.65,370225,91619748.0
5331553,2023-10-30,ZEEL,505537,A,249.2,258.2,247.25,250.45,249.1,359891,90959687.0
5331554,2023-10-31,ZEEL,505537,A,253.4,265.15,247.7,259.05,250.45,450781,115792856.0
5331555,2023-11-01,ZEEL,505537,A,259.9,272.3,255.1,267.7,259.05,486177,128918756.0
5331556,2023-11-02,ZEEL,505537,A,268.5,273.55,268.5,269.3,267.7,343908,93073544.0
5331557,2023-11-03,ZEEL,505537,A,272.5,276.75,269.35,275.45,269.3,380078,104072119.0
5331558,2023-11-06,ZEEL,505537,A,275.0,275.0,267.1,268.4,275.45,2224315,601594628.0
5331559,2023-11-07,ZEEL,505537,A,269.9,269.9,260.0,262.25,268.4,1458223,381844643.0
5331560,2023-11-08,ZEEL,505537,A,265.45,266.5,258.5,259.8,262.25,226083,59176501.0
5331561,2023-11-09,ZEEL,505537,A,261.0,266.0,255.95,262.8,259.8,659442,172255480.0
5331562,2023-11-10,ZEEL,505537,A,264.7,265.6,246.0,248.9,262.8,1845907,461850378.0
5331563,2023-11-12,ZEEL,505537,A,253.7,253.7,249.6,251.95,248.9,60524,15260158.0
5331564,2023-11-13,ZEEL,505537,A,250.25,254.4,249.5,251.8,251.95,208824,52622595.0
5331565,2023-11-15,ZEEL,505537,A,254.75,254.75,247.5,248.1,251.8,215902,54228966.0
5331566,2023-11-16,ZEEL,505537,A,248.5,253.35,246.2,250.1,248.1,269848,67145337.0
5331567,2023-11-17,ZEEL,505537,A,250.05,252.35,244.0,245.7,250.1,284851,70680289.0
5331568,2023-11-20,ZEEL,505537,A,248.0,248.0,243.0,243.35,245.7,146537,35845542.0
5331569,2023-11-21,ZEEL,505537,A,243.95,253.25,242.7,251.65,243.35,413622,103119295.0
5331570,2023-11-22,ZEEL,505537,A,251.0,257.0,248.15,249.3,251.65,469217,118769324.0
5331571,2023-11-23,ZEEL,505537,A,248.15,253.0,248.15,249.95,249.3,133185,33429865.0
5331572,2023-11-24,ZEEL,505537,A,251.9,254.75,250.15,252.9,249.95,464765,117544644.0
5331573,2023-11-28,ZEEL,505537,A,253.2,256.9,253.2,255.7,252.9,495731,126619809.0
5331574,2023-11-29,ZEEL,505537,A,255.75,259.0,244.25,249.6,255.7,714142,178224447.0
5331575,2023-11-30,ZEEL,505537,A,252.05,256.5,248.8,252.9,249.6,561650,141392116.0
5331576,2023-12-01,ZEEL,505537,A,256.0,270.0,254.0,267.2,252.9,1284325,339727558.0
5331577,2023-12-04,ZEEL,505537,A,268.05,268.6,254.4,255.9,267.2,2773266,714298057.0
5331578,2023-12-05,ZEEL,505537,A,257.85,259.1,249.25,251.7,255.9,393298,99635317.0
5331579,2023-12-06,ZEEL,505537,A,252.05,259.25,252.05,258.2,251.7,459279,117863814.0
5331580,2023-12-07,ZEEL,505537,A,260.3,272.4,256.9,271.5,258.2,1562060,415719872.0
5331581,2023-12-08,ZEEL,505537,A,278.6,283.85,271.65,278.4,271.5,1423905,396462784.0
5331582,2023-12-11,ZEEL,505537,A,280.65,288.0,277.6,286.25,278.4,793226,225524702.0
5331583,2023-12-12,ZEEL,505537,A,285.05,299.5,282.55,289.0,286.25,2616221,765136579.0
5331584,2023-12-13,ZEEL,505537,A,292.5,292.5,282.6,284.1,289.0,444828,127494372.0
5331585,2023-12-14,ZEEL,505537,A,286.05,288.1,259.1,278.25,284.1,1070498,297323357.0
5331586,2023-12-15,ZEEL,505537,A,281.05,286.5,273.2,277.35,278.25,1526471,430527651.0
5331587,2023-12-18,ZEEL,505537,A,270.15,282.0,266.05,280.55,277.35,1068859,292678118.0
5331588,2023-12-19,ZEEL,505537,A,277.0,277.0,267.25,271.65,280.55,1498216,406266480.0
5331589,2023-12-20,ZEEL,505537,A,272.15,276.65,248.45,251.8,271.65,917639,241520957.0
5331590,2023-12-21,ZEEL,505537,A,258.45,266.95,256.45,261.95,251.8,1062304,277975977.0
5331591,2023-12-22,ZEEL,505537,A,266.0,272.6,263.95,267.35,261.95,709835,190830941.0
5331592,2023-12-26,ZEEL,505537,A,269.8,270.3,261.85,264.35,267.35,378608,100948552.0
5331593,2023-12-27,ZEEL,505537,A,266.5,268.6,261.45,265.85,264.35,304044,80871436.0
5331594,2023-12-28,ZEEL,505537,A,267.75,272.85,261.15,271.05,265.85,442555,118388270.0
5331595,2023-12-29,ZEEL,505537,A,274.55,278.15,269.8,274.65,271.05,681788,186823691.0
5331596,2024-01-01,ZEEL,505537,A,272.9,287.75,272.9,285.0,274.65,633107,177202309.0
5331597,2024-01-02,ZEEL,505537,A,286.45,291.2,278.9,287.25,285.0,785030,224481427.0
5331598,2024-01-03,ZEEL,505537,A,286.4,290.95,282.2,285.7,287.25,505301,144672202.0
5331599,2024-01-04,ZEEL,505537,A,285.5,292.55,284.4,290.65,285.7,814106,234984679.0
5331600,2024-01-05,ZEEL,505537,A,291.2,293.1,280.6,282.65,290.65,736654,210504615.0
5331601,2024-01-08,ZEEL,505537,A,286.75,286.75,274.85,277.45,282.65,433006,121863547.0
5331602,2024-01-09,ZEEL,505537,A,249.75,268.7,242.3,256.25,277.45,10573910,2692932636.0
5331603,2024-01-10,ZEEL,505537,A,260.0,267.85,256.5,259.6,256.25,1969141,515605714.0
5331604,2024-01-11,ZEEL,505537,A,261.0,262.4,249.75,251.3,259.6,720898,184558445.0
5331605,2024-01-12,ZEEL,505537,A,253.35,257.2,248.5,250.05,251.3,1276868,323870730.0
5331606,2024-01-15,ZEEL,505537,A,251.55,252.75,242.0,242.75,250.05,1397591,344613275.0
5331607,2024-01-16,ZEEL,505537,A,243.8,254.9,243.4,253.45,242.75,1137916,284750535.0
5331608,2024-01-17,ZEEL,505537,A,248.1,257.4,245.0,245.75,253.45,1661704,417327435.0
5331609,2024-01-18,ZEEL,505537,A,245.1,263.9,233.75,248.15,245.75,1983529,497850589.0
5331610,2024-01-19,ZEEL,505537,A,252.95,252.95,229.25,235.5,248.15,2539395,606497828.0
5331611,2024-01-20,ZEEL,505537,A,238.3,242.5,230.05,231.75,235.5,1696416,400832960.0
5331612,2024-01-23,ZEEL,505537,A,208.6,208.6,152.5,155.9,231.75,14562006,2394434248.0
5331613,2024-01-24,ZEEL,505537,A,158.0,170.2,158.0,166.35,155.9,6374812,1049404440.0
5331614,2024-01-25,ZEEL,505537,A,167.3,167.95,158.2,163.25,166.35,1599757,259599333.0
5331615,2024-01-29,ZEEL,505537,A,163.55,167.85,161.0,161.6,163.25,2660332,437474070.0
5331616,2024-01-30,ZEEL,505537,A,162.9,176.1,161.4,170.9,161.6,1971118,336376000.0
5331617,2024-01-31,ZEEL,505537,A,172.3,174.15,167.65,173.05,170.9,945029,161267236.0
5331618,2024-02-01,ZEEL,505537,A,176.7,176.95,169.5,170.45,173.05,414172,71677742.0
5331619,2024-02-02,ZEEL,505537,A,173.0,178.9,169.4,173.05,170.45,915614,160537294.0
5331620,2024-02-05,ZEEL,505537,A,179.0,181.5,175.35,178.0,173.05,1970612,350216550.0
5331621,2024-02-06,ZEEL,505537,A,178.5,181.2,174.6,175.8,178.0,763084,135394379.0
5331622,2024-02-07,ZEEL,505537,A,178.8,183.9,178.5,182.45,175.8,805341,145829673.0
5331623,2024-02-08,ZEEL,505537,A,185.65,195.0,184.2,193.45,182.45,3423981,651428009.0
5331624,2024-02-09,ZEEL,505537,A,195.0,206.1,185.3,203.15,193.45,4151191,817452216.0
5331625,2024-02-12,ZEEL,505537,A,206.3,209.6,184.05,187.15,203.15,1392958,276509585.0
5331626,2024-02-13,ZEEL,505537,A,188.85,190.4,180.9,188.6,187.15,598146,111663620.0
5331627,2024-02-14,ZEEL,505537,A,184.7,202.65,180.35,200.4,188.6,1421463,276565376.0
5331628,2024-02-15,ZEEL,505537,A,203.0,203.05,186.45,187.95,200.4,2331532,446633233.0
5331629,2024-02-16,ZEEL,505537,A,188.0,190.95,182.5,183.5,187.95,1690065,313821403.0
5331630,2024-02-19,ZEEL,505537,A,183.65,185.4,177.8,178.65,183.5,702337,126316075.0
5331631,2024-02-20,ZEEL,505537,A,187.7,199.85,184.0,193.0,178.65,6004332,1154975218.0
5331632,2024-02-21,ZEEL,505537,A,173.7,176.35,164.1,164.5,193.0,14603111,2478266161.0
5331633,2024-02-22,ZEEL,505537,A,166.0,169.65,163.3,168.1,164.5,1638447,273978361.0
5331634,2024-02-23,ZEEL,505537,A,170.35,177.0,169.1,173.3,168.1,1131282,196424793.0
5331635,2024-02-26,ZEEL,505537,A,174.8,176.85,170.3,171.65,173.3,486315,84392923.0
5331636,2024-02-27,ZEEL,505537,A,171.2,176.8,170.75,173.0,171.65,1380912,240636756.0
5331637,2024-02-28,ZEEL,505537,A,174.0,174.65,159.55,162.0,173.0,1065771,176922385.0
5331638,2024-02-29,ZEEL,505537,A,163.0,164.7,154.7,161.05,162.0,4526125,719636184.0
5331639,2024-03-01,ZEEL,505537,A,160.9,162.0,154.65,155.35,161.05,2555528,402502494.0
5331640,2024-03-02,ZEEL,505537,A,158.55,159.9,156.6,158.35,155.35,371624,58895701.0
5331641,2024-03-04,ZEEL,505537,A,158.95,159.95,154.0,155.0,158.35,694660,108459740.0
5331642,2024-03-05,ZEEL,505537,A,156.5,156.85,153.25,154.95,155.0,1125688,174736808.0
5331643,2024-03-06,ZEEL,505537,A,155.5,156.45,150.0,154.05,154.95,633379,96644840.0
5331644,2024-03-07,ZEEL,505537,A,155.75,163.0,152.5,160.6,154.05,2345062,372938978.0
5331645,2024-03-11,ZEEL,505537,A,161.55,164.35,155.0,156.2,160.6,744015,118554443.0
5331646,2024-03-12,ZEEL,505537,A,156.65,161.2,153.55,156.4,156.2,1864493,293926198.0
5331647,2024-03-13,ZEEL,505537,A,157.25,159.45,141.85,144.65,156.4,2914966,435666043.0
5331648,2024-03-14,ZEEL,505537,A,146.0,152.2,145.05,147.25,144.65,778963,115394239.0
5331649,2024-03-15,ZEEL,505537,A,146.65,149.05,141.0,142.25,147.25,2535959,364429525.0
5331650,2024-03-18,ZEEL,505537,A,142.55,145.5,142.1,143.1,142.25,1392980,200180857.0
5331651,2024-03-19,ZEEL,505537,A,143.5,144.75,140.0,140.9,143.1,1369058,194679508.0
5331652,2024-03-20,ZEEL,505537,A,141.55,143.65,138.35,140.7,140.9,1724133,243815260.0
5331653,2024-03-21,ZEEL,505537,A,143.25,143.65,140.5,141.2,140.7,5235598,740063789.0
5331654,2024-03-22,ZEEL,505537,A,141.3,144.65,140.65,142.45,141.2,2795574,400307323.0
5331655,2024-03-26,ZEEL,505537,A,142.85,143.4,138.55,139.5,142.45,7623028,1067837553.0
5331656,2024-03-27,ZEEL,505537,A,140.85,145.5,139.4,141.35,139.5,15477537,2198657768.0
5331657,2024-03-28,ZEEL,505537,A,142.95,144.55,138.0,138.7,141.35,1177251,165581317.0
5331658,2024-04-01,ZEEL,505537,A,142.0,148.0,139.0,147.0,138.7,1973683,283316073.0
5331659,2024-04-02,ZEEL,505537,A,147.1,154.75,147.1,153.35,147.0,1130161,169872247.0
5331660,2024-04-03,ZEEL,505537,A,155.15,157.2,151.85,152.8,153.35,1650828,254576768.0
5331661,2024-04-04,ZEEL,505537,A,154.7,154.7,151.75,153.05,152.8,420263,64275951.0
5331662,2024-04-05,ZEEL,505537,A,153.05,153.5,151.2,152.3,153.05,237408,36116704.0
5331663,2024-04-08,ZEEL,505537,A,154.95,154.95,148.9,149.6,152.3,253904,38618075.0
5331664,2024-04-09,ZEEL,505537,A,151.3,151.65,146.2,146.55,149.6,357923,53338621.0
5331665,2024-04-10,ZEEL,505537,A,147.55,152.25,145.55,150.25,146.55,1031215,153672078.0
5331666,2024-04-12,ZEEL,505537,A,150.25,150.5,146.3,146.55,150.25,310470,46025967.0
5331667,2024-04-15,ZEEL,505537,A,143.65,145.0,141.35,141.95,146.55,504049,72037561.0
5331668,2024-04-16,ZEEL,505537,A,141.15,148.8,141.15,147.7,141.95,1135507,165512668.0
5331669,2024-04-18,ZEEL,505537,A,149.5,149.5,144.1,144.95,147.7,557480,81975883.0
5331670,2024-04-19,ZEEL,505537,A,143.0,144.25,142.0,142.85,144.95,513190,73482534.0
5331671,2024-04-22,ZEEL,505537,A,143.45,144.95,141.05,142.15,142.85,388507,55450010.0
5331672,2024-04-23,ZEEL,505537,A,142.05,144.95,142.05,143.7,142.15,703568,100885741.0
5331673,2024-04-24,ZEEL,505537,A,144.75,144.75,139.5,140.1,143.7,1040249,147137719.0
5331674,2024-04-25,ZEEL,505537,A,141.2,145.05,140.8,142.75,140.1,1075282,153776141.0
5331675,2024-04-26,ZEEL,505537,A,143.55,148.9,143.15,145.95,142.75,2438723,357564677.0
5331676,2024-04-29,ZEEL,505537,A,147.0,151.35,146.5,149.35,145.95,2108271,315255405.0
5331677,2024-04-30,ZEEL,505537,A,150.25,152.65,146.15,147.0,149.35,1377534,207132364.0
5331678,2024-05-02,ZEEL,505537,A,147.85,148.5,143.6,143.9,147.0,896313,130769002.0
5331679,2024-05-03,ZEEL,505537,A,145.0,145.75,140.8,143.05,143.9,1099160,156896524.0
5331680,2024-05-06,ZEEL,505537,A,144.55,145.05,136.0,136.65,143.05,1084041,150623602.0
5331681,2024-05-07,ZEEL,505537,A,136.9,141.15,132.55,133.7,136.65,2862727,388403441.0
5331682,2024-05-08,ZEEL,505537,A,134.3,136.7,133.65,134.6,133.7,657772,88692711.0
5331683,2024-05-09,ZEEL,505537,A,134.9,137.7,130.6,132.0,134.6,1915585,257613684.0
5331684,2024-05-10,ZEEL,505537,A,133.45,133.75,130.45,131.35,132.0,395746,52286102.0
5331685,2024-05-13,ZEEL,505537,A,132.05,132.7,129.4,129.85,131.35,969714,126923650.0
5331686,2024-05-14,ZEEL,505537,A,130.5,133.6,130.0,131.9,129.85,994166,130662302.0
5331687,2024-05-15,ZEEL,505537,A,133.0,133.35,130.2,131.05,131.9,727275,96011402.0
5331688,2024-05-16,ZEEL,505537,A,131.65,134.6,130.35,133.1,131.05,927824,122910305.0
5331689,2024-05-17,ZEEL,505537,A,133.8,136.05,133.2,134.95,133.1,931674,125578521.0
5331690,2024-05-18,ZEEL,505537,A,139.1,141.65,139.1,140.7,134.95,755380,106347172.0
5331691,2024-05-21,ZEEL,505537,A,141.95,148.5,139.05,147.65,140.7,1081626,156629895.0
5331692,2024-05-22,ZEEL,505537,A,149.25,151.65,145.65,151.25,147.65,2071848,309505770.0
5331693,2024-05-23,ZEEL,505537,A,152.3,152.5,148.15,148.5,151.25,1152822,172909566.0
5331694,2024-05-24,ZEEL,505537,A,148.7,152.85,148.2,151.65,148.5,879615,133248240.0
5331695,2024-05-27,ZEEL,505537,A,152.1,152.8,148.0,148.95,151.65,1857193,279146393.0
5331696,2024-05-28,ZEEL,505537,A,148.95,152.75,145.9,150.9,148.95,1089774,163045461.0
5331697,2024-05-29,ZEEL,505537,A,150.4,154.5,149.3,151.0,150.9,913044,138965026.0
5331698,2024-05-30,ZEEL,505537,A,151.0,155.9,150.0,152.05,151.0,2848081,436079619.0
5331699,2024-05-31,ZEEL,505537,A,153.55,154.2,147.85,148.75,152.05,540676,80984269.0
5331700,2024-06-03,ZEEL,505537,A,155.85,160.0,151.55,156.35,148.75,1235379,192737990.0
5331701,2024-06-04,ZEEL,505537,A,158.95,158.95,126.15,138.7,156.35,3294553,479030864.0
5331702,2024-06-05,ZEEL,505537,A,142.05,148.9,138.15,147.0,138.7,851154,122823882.0
5331703,2024-06-06,ZEEL,505537,A,150.95,157.55,150.55,153.45,147.0,2693635,414070988.0
5331704,2024-06-07,ZEEL,505537,A,153.75,157.9,151.55,156.55,153.45,824631,128014794.0
5331705,2024-06-10,ZEEL,505537,A,157.05,165.35,154.35,164.1,156.55,3588714,579494756.0
5331706,2024-06-11,ZEEL,505537,A,164.55,168.65,163.6,165.5,164.1,1611536,267525932.0
5331707,2024-06-12,ZEEL,505537,A,165.6,168.05,163.95,166.85,165.5,1349749,224059377.0
5331708,2024-06-13,ZEEL,505537,A,168.15,168.7,163.55,164.95,166.85,1442024,238286965.0
5331709,2024-06-14,ZEEL,505537,A,165.5,165.5,162.75,164.0,164.95,670683,109729000.0
5331710,2024-06-18,ZEEL,505537,A,164.05,165.1,159.55,160.85,164.0,1151425,186440450.0
5331711,2024-06-19,ZEEL,505537,A,161.85,161.85,154.0,154.35,160.85,582854,91175612.0
5331712,2024-06-20,ZEEL,505537,A,155.0,156.8,154.6,155.55,154.35,738193,115053175.0
5331713,2024-06-21,ZEEL,505537,A,155.6,157.5,153.65,154.3,155.55,307015,47787665.0
5331714,2024-06-24,ZEEL,505537,A,154.45,154.45,150.95,151.15,154.3,718426,109118125.0
5331715,2024-06-25,ZEEL,505537,A,153.45,153.8,148.1,148.8,151.15,979761,147367915.0
5331716,2024-06-26,ZEEL,505537,A,150.0,157.4,149.2,155.6,148.8,2121888,327409593.0
5331717,2024-06-27,ZEEL,505537,A,157.7,160.2,150.05,151.3,155.6,2811014,436310410.0
5331718,2024-06-28,ZEEL,505537,A,152.9,154.9,150.75,151.9,151.3,1082086,165241338.0
5331719,2024-07-01,ZEEL,505537,A,151.8,154.35,151.1,152.95,151.9,923398,141426742.0
5331720,2024-07-02,ZEEL,505537,A,153.4,156.25,152.65,153.35,152.95,805978,124351654.0
5331721,2024-07-03,ZEEL,505537,A,154.25,154.9,150.5,150.95,153.35,819939,124628688.0
5331722,2024-07-04,ZEEL,505537,A,151.2,152.15,148.35,150.05,150.95,952563,142689173.0
5331723,2024-07-05,ZEEL,505537,A,152.0,153.0,149.4,150.95,150.05,1049885,158749322.0
5331724,2024-07-08,ZEEL,505537,A,151.8,152.55,148.5,150.8,150.95,630774,94787365.0
5331725,2024-07-09,ZEEL,505537,A,151.5,153.15,150.25,150.85,150.8,832721,126478084.0
5331726,2024-07-10,ZEEL,505537,A,150.9,151.8,145.8,146.5,150.85,930366,137300429.0
5331727,2024-07-11,ZEEL,505537,A,147.05,148.25,146.4,147.15,146.5,550698,81039791.0
5331728,2024-07-12,ZEEL,505537,A,149.0,159.25,148.65,155.55,147.15,1550324,241339178.0
5331729,2024-07-15,ZEEL,505537,A,156.65,161.5,154.9,160.05,155.55,1916395,303858057.0
5331730,2024-07-16,ZEEL,505537,A,161.55,163.9,154.65,155.45,160.05,941443,149669377.0
5331731,2024-07-18,ZEEL,505537,A,149.95,149.95,142.1,142.45,155.45,2233323,323273138.0
5331732,2024-07-19,ZEEL,505537,A,143.5,144.05,137.0,137.55,142.45,1808905,252354945.0
5331733,2024-07-22,ZEEL,505537,A,137.75,139.4,134.0,134.6,137.55,2367531,321806875.0
5331734,2024-07-23,ZEEL,505537,A,135.45,136.35,129.75,134.75,134.6,1691519,225807773.0
5331735,2024-07-24,ZEEL,505537,A,135.65,138.65,134.75,136.75,134.75,868698,119203797.0
5331736,2024-07-25,ZEEL,505537,A,136.05,143.2,135.5,140.0,136.75,1458424,205148842.0
5331737,2024-07-26,ZEEL,505537,A,141.75,144.5,140.45,142.6,140.0,479491,68533838.0
5331738,2024-07-29,ZEEL,505537,A,143.05,147.85,143.05,143.9,142.6,676250,98129219.0
5331739,2024-07-30,ZEEL,505537,A,144.05,146.95,143.65,145.1,143.9,463894,67473248.0
5331740,2024-07-31,ZEEL,505537,A,145.85,153.45,145.4,148.85,145.1,2046935,306424018.0
5331741,2024-08-01,ZEEL,505537,A,149.55,150.2,141.15,141.8,148.85,2017144,292612641.0
5331742,2024-08-02,ZEEL,505537,A,140.05,145.4,139.05,142.7,141.8,1383297,196765003.0
5331743,2024-08-05,ZEEL,505537,A,138.15,139.95,133.8,134.25,142.7,1585135,216700433.0
5331744,2024-08-06,ZEEL,505537,A,135.35,138.7,134.0,134.3,134.25,949978,129634153.0
5331745,2024-08-07,ZEEL,505537,A,136.25,138.0,135.25,136.95,134.3,675264,92392866.0
5331746,2024-08-08,ZEEL,505537,A,137.2,141.3,136.5,138.2,136.95,410235,57171962.0
5331747,2024-08-09,ZEEL,505537,A,139.35,140.05,137.2,137.6,138.2,299095,41476254.0
5331748,2024-08-12,ZEEL,505537,A,137.55,138.1,135.6,136.15,137.6,748218,102324363.0
5331749,2024-08-13,ZEEL,505537,A,136.85,137.55,135.25,135.65,136.15,610480,83308873.0
5331750,2024-08-14,ZEEL,505537,A,136.9,136.9,133.5,133.9,135.65,174753,23515452.0
5331751,2024-08-16,ZEEL,505537,A,134.95,136.4,134.15,134.45,133.9,185043,24995892.0
5331752,2024-08-19,ZEEL,505537,A,135.4,136.4,134.55,135.15,134.45,419914,56871132.0
5331753,2024-08-20,ZEEL,505537,A,135.15,136.15,135.0,135.35,135.15,719361,97429540.0
5331754,2024-08-21,ZEEL,505537,A,135.9,142.65,135.35,139.35,135.35,1692188,236197216.0
5331755,2024-08-22,ZEEL,505537,A,140.0,141.5,138.8,139.45,139.35,555058,77760999.0
5331756,2024-08-23,ZEEL,505537,A,139.45,139.95,135.65,136.6,139.45,625117,86098743.0
5331757,2024-08-26,ZEEL,505537,A,137.35,138.5,135.0,135.35,136.6,297811,40559109.0
5331758,2024-08-27,ZEEL,505537,A,136.35,154.65,134.8,150.85,135.35,7186785,1067775820.0
5331759,2024-08-28,ZEEL,505537,A,152.9,154.85,144.4,145.65,150.85,4481558,675055637.0
5331760,2024-08-29,ZEEL,505537,A,145.9,148.15,141.5,142.3,145.65,537552,77413789.0
5331761,2024-08-30,ZEEL,505537,A,144.3,144.75,140.25,140.8,142.3,456590,65248368.0
5331762,2024-09-02,ZEEL,505537,A,141.65,143.15,140.0,141.95,140.8,795354,112479944.0
5331763,2024-09-03,ZEEL,505537,A,141.9,142.95,136.75,136.95,141.95,677822,93859087.0
5331764,2024-09-04,ZEEL,505537,A,136.15,137.7,135.2,135.65,136.95,1028077,140443606.0
5331765,2024-09-05,ZEEL,505537,A,136.35,138.3,135.05,135.5,135.65,908257,123778833.0
5331766,2024-09-06,ZEEL,505537,A,136.85,136.9,133.55,134.4,135.5,530453,71585032.0
5331767,2024-09-09,ZEEL,505537,A,134.05,135.4,132.65,133.05,134.4,228832,30603355.0
5331768,2024-09-10,ZEEL,505537,A,133.95,141.95,133.6,138.9,133.05,2552960,354223743.0
5331769,2024-09-11,ZEEL,505537,A,139.4,139.55,135.0,135.5,138.9,673990,92511447.0
5331770,2024-09-12,ZEEL,505537,A,136.0,136.55,134.0,134.75,135.5,691025,93312238.0
5331771,2024-09-13,ZEEL,505537,A,137.55,139.8,135.7,135.95,134.75,1607118,220871929.0
5331772,2024-09-16,ZEEL,505537,A,136.7,136.85,134.75,134.9,135.95,689408,93347877.0
5331773,2024-09-17,ZEEL,505537,A,134.9,135.85,132.9,133.05,134.9,747796,100225630.0
5331774,2024-09-18,ZEEL,505537,A,133.05,134.35,131.0,131.25,133.05,1227840,162298415.0
5331775,2024-09-19,ZEEL,505537,A,131.95,132.25,125.85,126.15,131.25,1743440,223913334.0
5331776,2024-09-20,ZEEL,505537,A,127.2,129.6,125.55,128.15,126.15,1204113,153447010.0
5331777,2024-09-23,ZEEL,505537,A,129.35,130.1,127.0,127.35,128.15,554202,71133917.0
5331778,2024-09-24,ZEEL,505537,A,127.35,128.5,127.0,127.3,127.35,617892,78807248.0
5331779,2024-09-25,ZEEL,505537,A,127.8,136.85,127.3,133.75,127.3,2828964,376994060.0
5331780,2024-09-26,ZEEL,505537,A,134.85,138.9,134.05,136.0,133.75,1663141,227798599.0
5331781,2024-09-27,ZEEL,505537,A,136.0,138.7,135.0,135.9,136.0,761703,103814470.0
5331782,2024-09-30,ZEEL,505537,A,136.9,138.4,132.8,137.65,135.9,1634148,221774834.0
5331783,2024-10-01,ZEEL,505537,A,137.65,142.0,137.25,140.05,137.65,1060965,148277037.0
5331784,2024-10-03,ZEEL,505537,A,138.05,143.5,135.0,135.85,140.05,1500440,206488083.0
5331785,2024-10-04,ZEEL,505537,A,135.8,137.9,130.8,131.85,135.85,1175020,157662267.0
5331786,2024-10-07,ZEEL,505537,A,132.45,133.35,125.45,126.05,131.85,1592280,203645685.0
5331787,2024-10-08,ZEEL,505537,A,126.05,130.2,125.2,126.8,126.05,1293626,164869745.0
5331788,2024-10-09,ZEEL,505537,A,127.15,131.65,126.9,128.9,126.8,1352435,174787402.0
5331789,2024-10-10,ZEEL,505537,A,131.15,133.05,129.0,129.4,128.9,655355,85779696.0
5331790,2024-10-11,ZEEL,505537,A,129.45,132.35,128.9,130.1,129.4,943980,123215626.0
5331791,2024-10-14,ZEEL,505537,A,130.5,131.95,129.2,131.2,130.1,322461,42093746.0
5331792,2024-10-15,ZEEL,505537,A,131.2,131.3,128.75,129.6,131.2,255719,33205189.0
5331793,2024-10-16,ZEEL,505537,A,129.9,130.3,128.0,128.9,129.6,513235,66246851.0
5331794,2024-10-17,ZEEL,505537,A,128.85,130.05,125.5,125.75,128.9,853816,108766179.0
5331795,2024-10-18,ZEEL,505537,A,125.7,134.05,125.0,132.4,125.75,1090718,142543694.0
5331796,2024-10-21,ZEEL,505537,A,134.45,136.3,125.8,126.2,132.4,901701,117626891.0
5331797,2024-10-22,ZEEL,505537,A,126.5,127.6,122.0,123.6,126.2,542710,68058880.0
5331798,2024-10-23,ZEEL,505537,A,123.35,125.4,121.65,123.6,123.6,900804,111573027.0
5331799,2024-10-24,ZEEL,505537,A,123.35,126.35,123.0,124.25,123.6,836293,104417726.0
5331800,2024-10-25,ZEEL,505537,A,123.9,124.6,118.8,119.65,124.25,1644556,197898152.0
5331801,2024-10-28,ZEEL,505537,A,119.7,122.0,119.3,120.6,119.65,706454,85255855.0
5331802,2024-10-29,ZEEL,505537,A,120.75,121.9,117.1,119.05,120.6,621029,74236405.0
5331803,2024-10-30,ZEEL,505537,A,119.2,122.85,118.9,122.15,119.05,416706,50409809.0
5331804,2024-10-31,ZEEL,505537,A,122.1,123.0,120.9,122.1,122.15,177678,21650875.0
5331805,2024-11-01,ZEEL,505537,A,123.05,123.6,122.75,123.2,122.1,42969,5292009.0
5331806,2024-11-04,ZEEL,505537,A,123.9,123.9,119.3,120.4,123.2,638258,76882071.0
5331807,2024-11-05,ZEEL,505537,A,120.2,123.3,119.55,121.4,120.4,276785,33671505.0
5331808,2024-11-06,ZEEL,505537,A,121.55,123.75,121.55,123.35,121.4,155158,19028335.0
5331809,2024-11-07,ZEEL,505537,A,123.5,126.7,123.1,124.85,123.35,625207,78176064.0
5331810,2024-11-08,ZEEL,505537,A,124.9,125.0,122.35,122.55,124.85,136064,16798435.0
5331811,2024-11-11,ZEEL,505537,A,122.5,123.1,120.5,120.7,122.55,132387,16074837.0
5331812,2024-11-12,ZEEL,505537,A,121.7,122.2,118.9,119.05,120.7,197862,23867298.0
5331813,2024-11-13,ZEEL,505537,A,118.15,120.9,114.4,114.95,119.05,764442,89129658.0
5331814,2024-11-14,ZEEL,505537,A,114.6,116.8,114.6,115.6,114.95,533969,61826569.0
5331815,2024-11-18,ZEEL,505537,A,115.7,116.65,114.6,115.5,115.6,539190,62339701.0
5331816,2024-11-19,ZEEL,505537,A,118.05,126.0,118.05,122.65,115.5,3239663,401112269.0
5331817,2024-11-21,ZEEL,505537,A,123.0,123.1,117.65,118.55,122.65,1018200,122163428.0
5331818,2024-11-22,ZEEL,505537,A,118.0,119.45,116.9,117.15,118.55,774969,91520922.0
5331819,2024-11-25,ZEEL,505537,A,119.15,120.95,118.2,118.6,117.15,223350,26679042.0
5331820,2024-11-26,ZEEL,505537,A,118.5,122.3,118.5,120.6,118.6,564544,67938664.0
5331821,2024-11-27,ZEEL,505537,A,120.05,124.2,119.95,122.25,120.6,924491,113302249.0
5331822,2024-11-28,ZEEL,505537,A,122.85,124.8,122.15,123.15,122.25,579876,71545947.0
5331823,2024-11-29,ZEEL,505537,A,127.55,132.6,127.55,129.1,123.15,2993717,388752988.0
5331824,2024-12-02,ZEEL,505537,A,130.0,131.5,129.45,130.65,129.1,523876,68266035.0
5331825,2024-12-03,ZEEL,505537,A,131.0,138.95,130.65,138.1,130.65,2757821,375440011.0
5331826,2024-12-04,ZEEL,505537,A,139.0,141.75,136.75,141.1,138.1,1173019,163531020.0
5331827,2024-12-05,ZEEL,505537,A,141.1,143.5,138.05,142.8,141.1,1490437,210222067.0
5331828,2024-12-06,ZEEL,505537,A,142.8,144.25,140.85,143.55,142.8,652698,93179264.0
5331829,2024-12-09,ZEEL,505537,A,143.05,143.45,140.65,141.25,143.55,284326,40277397.0
5331830,2024-12-10,ZEEL,505537,A,140.6,142.5,138.9,139.6,141.25,400078,56145712.0
5331831,2024-12-11,ZEEL,505537,A,139.5,140.5,137.7,138.0,139.6,157262,21861047.0
5331832,2024-12-12,ZEEL,505537,A,138.5,139.8,134.15,134.55,138.0,275762,37619096.0
5331833,2024-12-13,ZEEL,505537,A,134.05,134.95,130.7,132.75,134.55,227799,30149919.0
5331834,2024-12-16,ZEEL,505537,A,132.95,138.65,132.85,135.6,132.75,714298,97425250.0
5331835,2024-12-17,ZEEL,505537,A,136.0,138.15,135.15,135.7,135.6,297264,40533268.0
5331836,2024-12-18,ZEEL,505537,A,135.35,135.65,131.3,131.7,135.7,181616,24159625.0
5331837,2024-12-19,ZEEL,505537,A,129.85,132.85,129.55,130.45,131.7,605295,79276866.0
5331838,2024-12-20,ZEEL,505537,A,130.45,132.1,124.5,125.05,130.45,919670,116865193.0
5331839,2024-12-23,ZEEL,505537,A,128.0,129.55,125.45,125.7,125.05,350545,44641366.0
5331840,2024-12-24,ZEEL,505537,A,125.95,127.5,125.7,126.15,125.7,346628,43800851.0
5331841,2024-12-26,ZEEL,505537,A,126.9,126.9,124.5,124.9,126.15,324859,40702915.0
5331842,2024-12-27,ZEEL,505537,A,124.9,125.7,124.15,124.8,124.9,261520,32705398.0
5331843,2024-12-30,ZEEL,505537,A,124.1,124.8,121.65,122.15,124.8,363608,44788407.0
5331844,2024-12-31,ZEEL,505537,A,121.85,122.35,120.1,121.35,122.15,347842,42180740.0
5331845,2025-01-01,ZEEL,505537,A,121.0,126.0,121.0,123.05,121.35,858424,106614867.0
5331846,2025-01-02,ZEEL,505537,A,123.25,125.45,123.25,123.95,123.05,394229,48900178.0
5331847,2025-01-03,ZEEL,505537,A,123.9,132.8,123.9,125.6,123.95,1010543,130073645.0
5331848,2025-01-06,ZEEL,505537,A,125.95,126.3,121.85,122.55,125.6,1427670,176108393.0
5331849,2025-01-07,ZEEL,505537,A,122.65,130.75,122.6,129.25,122.55,637652,80385767.0
5331850,2025-01-08,ZEEL,505537,A,131.15,136.45,129.4,133.75,129.25,1337907,179180554.0
5331851,2025-01-09,ZEEL,505537,A,133.4,136.25,131.7,132.85,133.75,461400,61828634.0
5331852,2025-01-10,ZEEL,505537,A,132.15,132.15,124.75,125.2,132.85,989650,126417057.0
5331853,2025-01-13,ZEEL,505537,A,124.7,126.5,118.55,119.35,125.2,936785,114513677.0
5331854,2025-01-14,ZEEL,505537,A,120.95,125.45,120.2,124.55,119.35,709080,86826844.0
5331855,2025-01-15,ZEEL,505537,A,124.3,125.65,120.9,122.5,124.55,583753,71918063.0
5331856,2025-01-16,ZEEL,505537,A,124.3,125.3,122.35,122.8,122.5,585146,72533917.0
5331857,2025-01-17,ZEEL,505537,A,122.95,123.8,121.1,121.4,122.8,557695,68038841.0
5331858,2025-01-20,ZEEL,505537,A,121.9,123.5,120.65,120.95,121.4,453531,55036231.0
5331859,2025-01-21,ZEEL,505537,A,121.5,124.05,120.1,120.6,120.95,743008,90450336.0
5331860,2025-01-22,ZEEL,505537,A,121.2,121.2,116.35,118.05,120.6,755809,89490613.0
5331861,2025-01-23,ZEEL,505537,A,118.85,123.45,117.95,120.65,118.05,1075987,129897528.0
5331862,2025-01-24,ZEEL,505537,A,121.8,122.5,115.3,116.3,120.65,667414,79080355.0
5331863,2025-01-27,ZEEL,505537,A,116.1,116.7,107.75,108.55,116.3,2575896,285200284.0
5331864,2025-01-28,ZEEL,505537,A,109.25,109.9,103.4,103.65,108.55,2068553,220398677.0
5331865,2025-01-29,ZEEL,505537,A,104.8,106.95,103.8,106.2,103.65,641129,67617627.0
5331866,2025-01-30,ZEEL,505537,A,106.2,108.6,103.9,104.5,106.2,990919,105238644.0
5331867,2025-01-31,ZEEL,505537,A,105.15,106.45,104.5,105.6,104.5,1399080,147970879.0
5331868,2025-02-01,ZEEL,505537,A,105.75,111.6,104.5,109.05,105.6,1042318,112139556.0
5331869,2025-02-03,ZEEL,505537,A,107.85,108.15,105.4,106.3,109.05,852261,91016978.0
5331870,2025-02-04,ZEEL,505537,A,106.75,108.9,106.75,107.8,106.3,226010,24381186.0
5331871,2025-02-05,ZEEL,505537,A,108.0,111.2,107.8,109.85,107.8,653440,71577993.0
5331872,2025-02-06,ZEEL,505537,A,110.4,110.65,108.0,108.35,109.85,165896,18150714.0
5331873,2025-02-07,ZEEL,505537,A,108.4,110.9,107.45,109.35,108.35,218344,23800215.0
5331874,2025-02-10,ZEEL,505537,A,109.4,109.4,104.65,105.05,109.35,313204,33173031.0
5331875,2025-02-11,ZEEL,505537,A,105.95,105.95,99.75,100.25,105.05,1461043,147928419.0
5331876,2025-02-12,ZEEL,505537,A,101.95,101.95,96.25,99.8,100.25,1089858,108066531.0
5331877,2025-02-13,ZEEL,505537,A,99.95,102.2,99.75,99.95,99.8,539259,54462293.0
5331878,2025-02-14,ZEEL,505537,A,100.95,101.0,95.7,96.65,99.95,871067,84817478.0
5331879,2025-02-17,ZEEL,505537,A,96.8,98.95,94.5,97.0,96.65,1950424,189318443.0
5331880,2025-02-18,ZEEL,505537,A,97.0,99.65,96.25,98.25,97.0,1076618,105548156.0
5331881,2025-02-19,ZEEL,505537,A,97.7,101.0,97.55,99.05,98.25,756113,75364566.0
5331882,2025-02-20,ZEEL,505537,A,98.5,100.9,98.25,100.6,99.05,472522,47187830.0
5331883,2025-02-21,ZEEL,505537,A,100.6,101.95,97.45,97.8,100.6,549453,54509826.0
5331884,2025-02-24,ZEEL,505537,A,96.55,97.25,95.6,96.45,97.8,233304,22517331.0
5331885,2025-02-25,ZEEL,505537,A,96.35,100.0,96.35,99.8,96.45,735360,72889274.0
5331886,2025-02-27,ZEEL,505537,A,100.25,100.45,96.5,97.1,99.8,650341,63883688.0
5331887,2025-02-28,ZEEL,505537,A,95.9,96.65,92.35,93.0,97.1,670150,62965147.0
5331888,2025-03-03,ZEEL,505537,A,93.38,94.77,89.56,90.24,93.0,965317,88651288.0
5331889,2025-03-04,ZEEL,505537,A,89.88,93.06,89.29,92.68,90.24,1051404,96424072.0
5331890,2025-03-05,ZEEL,505537,A,92.61,98.87,92.51,98.43,92.68,1516934,146247286.0
5331891,2025-03-06,ZEEL,505537,A,98.66,101.0,97.5,98.13,98.43,2920518,289564624.0
5331892,2025-03-07,ZEEL,505537,A,98.39,104.66,98.39,103.89,98.13,1525657,155931350.0
5331893,2025-03-10,ZEEL,505537,A,104.98,108.3,104.34,107.42,103.89,1865572,198795896.0
5331894,2025-03-11,ZEEL,505537,A,105.96,106.9,104.5,106.02,107.42,2775782,294197928.0
5331895,2025-03-12,ZEEL,505537,A,106.03,108.0,103.25,104.69,106.02,916641,96196280.0
5331896,2025-03-13,ZEEL,505537,A,104.69,105.62,99.64,100.2,104.69,857885,87436913.0
5331897,2025-03-17,ZEEL,505537,A,100.26,101.87,98.63,99.18,100.2,978818,98056387.0
5331898,2025-03-18,ZEEL,505537,A,100.02,104.17,99.84,102.93,99.18,685335,69873730.0
5331899,2025-03-19,ZEEL,505537,A,103.0,104.5,99.85,100.2,102.93,862157,87986547.0
5331900,2025-03-20,ZEEL,505537,A,103.12,106.8,102.45,103.09,100.2,1002848,104476959.0
5331901,2025-03-21,ZEEL,505537,A,104.32,107.95,103.3,106.29,103.09,2433414,257218736.0
5331902,2025-03-24,ZEEL,505537,A,107.06,108.2,105.09,105.34,106.29,1141713,120815453.0
5331903,2025-03-25,ZEEL,505537,A,106.69,106.69,102.5,102.76,105.34,430106,44675693.0
5331904,2025-03-26,ZEEL,505537,A,102.83,103.9,100.07,100.61,102.76,2201463,223657172.0
5331905,2025-03-27,ZEEL,505537,A,100.09,102.95,100.09,101.66,100.61,2338873,237861472.0
5331906,2025-03-28,ZEEL,505537,A,101.77,103.07,97.78,98.33,101.66,1462676,146024409.0
5331907,2025-04-01,ZEEL,505537,A,98.42,101.79,98.19,101.54,98.33,323770,32486124.0
5331908,2025-04-02,ZEEL,505537,A,101.54,102.36,99.67,102.1,101.54,196301,19924372.0
5331909,2025-04-03,ZEEL,505537,A,101.62,110.56,100.01,107.8,102.1,543951,57422962.0
5331910,2025-04-04,ZEEL,505537,A,107.95,110.3,102.25,104.57,107.8,1387914,147023285.0
5331911,2025-04-07,ZEEL,505537,A,96.99,98.43,95.2,97.18,104.57,998909,96720872.0
5331912,2025-04-08,ZEEL,505537,A,100.0,109.98,98.29,107.74,97.18,2048275,215178594.0
5331913,2025-04-09,ZEEL,505537,A,107.29,107.46,103.08,104.08,107.74,866621,90563596.0
5331914,2025-04-11,ZEEL,505537,A,105.24,106.0,103.2,103.75,104.08,885955,92364037.0
5331915,2025-04-15,ZEEL,505537,A,104.76,108.7,104.49,107.9,103.75,344825,36802024.0
5331916,2025-04-16,ZEEL,505537,A,107.91,114.36,107.47,112.66,107.9,956843,106788862.0
5331917,2025-04-17,ZEEL,505537,A,112.66,114.9,112.01,114.29,112.66,1204839,136927492.0
5331918,2025-04-21,ZEEL,505537,A,114.36,119.55,113.38,118.75,114.29,1791750,210493252.0
5331919,2025-04-22,ZEEL,505537,A,118.85,119.7,115.05,115.55,118.75,1356080,158564794.0
5331920,2025-04-23,ZEEL,505537,A,116.36,116.74,111.89,114.61,115.55,919830,104959582.0
5331921,2025-04-24,ZEEL,505537,A,114.5,116.07,113.51,113.93,114.61,609431,69887026.0
5331922,2025-04-25,ZEEL,505537,A,114.74,114.74,106.65,108.22,113.93,784011,85698782.0
5331923,2025-04-28,ZEEL,505537,A,107.81,110.76,107.44,109.6,108.22,269487,29502664.0
5331924,2025-04-29,ZEEL,505537,A,110.29,111.01,105.59,106.2,109.6,882200,95483236.0
5331925,2025-04-30,ZEEL,505537,A,106.51,109.3,104.9,106.32,106.2,491707,52670384.0
5331926,2025-05-02,ZEEL,505537,A,106.5,107.6,105.5,106.25,106.32,171613,18272466.0
5331927,2025-05-05,ZEEL,505537,A,106.6,109.5,106.1,108.6,106.25,425370,45992324.0
5331928,2025-05-06,ZEEL,505537,A,108.6,108.6,105.4,106.15,108.6,260712,27838293.0
5331929,2025-05-07,ZEEL,505537,A,104.45,109.95,104.45,109.65,106.15,653416,70303737.0
5331930,2025-05-08,ZEEL,505537,A,109.35,115.8,108.8,111.1,109.65,2131924,240942988.0
5331931,2025-05-09,ZEEL,505537,A,109.4,116.5,109.1,115.85,111.1,1474025,166627675.0
5331932,2025-05-12,ZEEL,505537,A,118.05,120.0,116.65,117.15,115.85,1409333,166876929.0
5331933,2025-05-13,ZEEL,505537,A,117.45,123.55,115.85,123.15,117.15,2935142,354934351.0
5331934,2025-05-14,ZEEL,505537,A,125.0,125.6,123.05,123.85,123.15,1451101,180443913.0
5331935,2025-05-15,ZEEL,505537,A,124.0,128.4,123.85,126.95,123.85,609842,77417561.0
5331936,2025-05-16,ZEEL,505537,A,127.15,129.9,125.9,129.55,126.95,790835,101633078.0
5331937,2025-05-19,ZEEL,505537,A,130.15,131.75,127.2,128.5,129.55,546740,70383596.0
5331938,2025-05-20,ZEEL,505537,A,128.55,129.7,121.85,122.65,128.5,807330,100934225.0
5331939,2025-05-21,ZEEL,505537,A,124.4,125.35,122.6,124.25,122.65,343819,42588928.0
5331940,2025-05-22,ZEEL,505537,A,124.4,128.4,124.05,127.5,124.25,1241916,157179019.0
5331941,2025-05-23,ZEEL,505537,A,126.4,129.25,126.0,128.0,127.5,685521,88046725.0
5331942,2025-05-26,ZEEL,505537,A,128.5,128.65,126.4,127.6,128.0,221010,28173915.0
5331943,2025-05-27,ZEEL,505537,A,127.4,129.5,126.35,126.85,127.6,439937,56456474.0
5331944,2025-05-28,ZEEL,505537,A,127.05,128.65,126.15,128.45,126.85,333762,42655831.0
5331945,2025-05-29,ZEEL,505537,A,129.05,129.2,126.8,128.0,128.45,335956,43001950.0
5331946,2025-05-30,ZEEL,505537,A,127.15,131.3,126.25,130.2,128.0,321316,41304370.0
5331947,2025-06-02,ZEEL,505537,A,130.85,131.2,127.4,127.85,130.2,296118,38136460.0
5331948,2025-06-03,ZEEL,505537,A,128.4,131.7,128.15,130.5,127.85,375665,48855988.0
5331949,2025-06-04,ZEEL,505537,A,131.3,131.7,127.55,127.95,130.5,162215,20978299.0
5331950,2025-06-05,ZEEL,505537,A,128.0,130.05,127.2,127.7,127.95,298440,38444162.0
5331951,2025-06-06,ZEEL,505537,A,128.4,128.55,126.15,126.55,127.7,180839,22954861.0
5331952,2025-06-09,ZEEL,505537,A,127.2,128.9,126.55,127.4,126.55,135330,17249966.0
5331953,2025-06-10,ZEEL,505537,A,129.55,135.5,129.05,131.05,127.4,993937,131823919.0
5331954,2025-06-11,ZEEL,505537,A,131.7,134.25,130.85,132.5,131.05,453589,60152919.0
5331955,2025-06-12,ZEEL,505537,A,133.85,138.3,133.25,134.55,132.5,994984,134960628.0
5331956,2025-06-13,ZEEL,505537,A,131.6,138.1,131.2,137.35,134.55,1568961,212733541.0
5331957,2025-06-16,ZEEL,505537,A,138.55,140.95,136.0,137.95,137.35,1770539,245129710.0
5331958,2025-06-17,ZEEL,505537,A,141.95,143.35,136.25,137.35,137.95,3584448,502982181.0
5331959,2025-06-18,ZEEL,505537,A,137.7,138.3,132.95,133.75,137.35,1021177,138114489.0
5331960,2025-06-19,ZEEL,505537,A,133.25,134.75,126.7,127.6,133.75,706404,91519329.0
5331961,2025-06-20,ZEEL,505537,A,127.15,134.4,127.15,132.95,127.6,1033041,134756406.0
5331962,2025-06-23,ZEEL,505537,A,132.3,151.45,131.1,149.5,132.95,10639789,1552363725.0
5331963,2025-06-24,ZEEL,505537,A,149.95,150.6,143.05,143.65,149.5,2456164,360337041.0
5331964,2025-06-25,ZEEL,505537,A,144.35,147.15,143.2,146.3,143.65,2047446,298222242.0
5331965,2025-06-26,ZEEL,505537,A,146.75,147.25,143.05,143.75,146.3,430699,62281369.0
5331966,2025-06-27,ZEEL,505537,A,144.7,146.2,143.1,144.25,143.75,537946,77918783.0
5331967,2025-06-30,ZEEL,505537,A,144.5,147.85,144.0,146.2,144.25,487316,71158052.0
5331968,2025-07-01,ZEEL,505537,A,147.4,147.4,141.5,142.2,146.2,373115,53572707.0
5331969,2025-07-02,ZEEL,505537,A,142.95,143.45,139.95,141.0,142.2,790972,111940760.0
5331970,2025-07-03,ZEEL,505537,A,141.35,144.7,140.05,143.8,141.0,961063,136671299.0
5331971,2025-07-04,ZEEL,505537,A,144.8,151.7,143.95,147.2,143.8,1633231,241445379.0
5331972,2025-07-07,ZEEL,505537,A,147.3,147.4,143.9,145.0,147.2,611363,88776856.0
5331973,2025-07-08,ZEEL,505537,A,144.55,147.2,141.2,145.65,145.0,1021563,147192329.0
5331974,2025-07-09,ZEEL,505537,A,145.65,146.5,141.2,141.7,145.65,537836,76787831.0
5331975,2025-07-10,ZEEL,505537,A,141.85,143.2,138.75,141.9,141.7,661579,93555038.0
5331976,2025-07-11,ZEEL,505537,A,135.1,139.0,133.05,137.4,141.9,2166766,297042116.0
5331977,2025-07-14,ZEEL,505537,A,137.35,144.95,136.1,143.0,137.4,1844792,262830136.0
5331978,2025-07-15,ZEEL,505537,A,143.3,146.8,143.0,143.25,143.0,977053,141038606.0
5331979,2025-07-16,ZEEL,505537,A,143.4,145.35,142.7,144.1,143.25,725357,104709990.0
5331980,2025-07-17,ZEEL,505537,A,144.0,145.7,142.0,142.25,144.1,330245,47413251.0
5331981,2025-07-18,ZEEL,505537,A,145.15,145.15,141.15,141.65,142.25,301389,42871347.0
5331982,2025-07-21,ZEEL,505537,A,141.7,143.65,140.8,141.9,141.65,729968,103938225.0
5331983,2025-07-22,ZEEL,505537,A,141.15,143.85,133.0,133.75,141.9,1729107,237715849.0
5331984,2025-07-23,ZEEL,505537,A,133.45,135.4,127.85,128.6,133.75,970782,126761201.0
5331985,2025-07-24,ZEEL,505537,A,129.65,131.15,127.3,129.3,128.6,545189,70721747.0
5331986,2025-07-25,ZEEL,505537,A,129.5,129.6,123.25,123.75,129.3,465140,58444960.0
5331987,2025-07-28,ZEEL,505537,A,123.7,123.7,118.15,118.6,123.75,993416,119700836.0
5331988,2025-07-29,ZEEL,505537,A,118.85,120.35,116.75,118.75,118.6,791253,93827904.0
5331989,2025-07-30,ZEEL,505537,A,119.05,119.4,116.15,116.65,118.75,530023,62148738.0
5331990,2025-07-31,ZEEL,505537,A,115.35,119.65,115.25,118.15,116.65,409228,48365764.0
5331991,2025-08-01,ZEEL,505537,A,118.55,118.9,116.0,116.35,118.15,199011,23434229.0
5331992,2025-08-04,ZEEL,505537,A,117.0,119.8,115.85,119.15,116.35,570829,67420352.0
5331993,2025-08-05,ZEEL,505537,A,119.2,119.45,116.5,116.75,119.15,178293,20972775.0
5331994,2025-08-06,ZEEL,505537,A,117.1,118.15,112.0,112.3,116.75,920264,104850676.0
5331995,2025-08-07,ZEEL,505537,A,112.3,115.0,112.0,114.65,112.3,374653,42665568.0
5331996,2025-08-08,ZEEL,505537,A,115.35,115.35,112.1,112.75,114.65,263747,29887478.0
5331997,2025-08-11,ZEEL,505537,A,113.75,113.95,111.7,113.25,112.75,267050,30065646.0
5331998,2025-08-12,ZEEL,505537,A,113.0,115.7,112.7,113.3,113.25,372757,42543658.0
5331999,2025-08-13,ZEEL,505537,A,114.0,118.3,113.15,116.75,113.3,633489,73393036.0
5332000,2025-08-14,ZEEL,505537,A,117.4,117.4,115.55,116.2,116.75,174179,20250412.0
5332001,2025-08-18,ZEEL,505537,A,117.95,118.7,115.8,116.05,116.2,258694,30278521.0
5332002,2025-08-19,ZEEL,505537,A,118.7,118.7,116.2,117.9,116.05,175237,20558762.0
5332003,2025-08-20,ZEEL,505537,A,117.85,119.15,117.3,117.65,117.9,232989,27527820.0
5332004,2025-08-21,ZEEL,505537,A,117.65,118.8,116.9,117.05,117.65,291325,34349270.0
5332005,2025-08-22,ZEEL,505537,A,116.95,124.15,116.95,123.45,117.05,1539662,188091505.0
5332006,2025-08-25,ZEEL,505537,A,123.75,123.75,120.15,120.4,123.45,341743,41343516.0
5332007,2025-08-26,ZEEL,505537,A,120.0,120.75,117.4,118.2,120.4,499741,59149814.0
5332008,2025-08-28,ZEEL,505537,A,118.65,119.85,117.2,118.2,118.2,208335,24714459.0
5332009,2025-08-29,ZEEL,505537,A,117.35,119.7,115.65,116.1,118.2,287380,33799234.0
5332010,2025-09-01,ZEEL,505537,A,116.3,117.3,113.8,114.0,116.1,463326,53343463.0
5332011,2025-09-02,ZEEL,505537,A,114.65,116.65,114.15,115.3,114.0,437388,50577473.0
5332012,2025-09-03,ZEEL,505537,A,115.9,117.25,115.45,116.2,115.3,178190,20730784.0
5332013,2025-09-04,ZEEL,505537,A,117.7,117.95,114.4,114.75,116.2,240625,28012705.0
5332014,2025-09-05,ZEEL,505537,A,115.85,116.6,114.5,115.95,114.75,393242,45432390.0
5332015,2025-09-08,ZEEL,505537,A,117.3,117.3,115.7,116.05,115.95,341892,39752112.0
5332016,2025-09-09,ZEEL,505537,A,116.1,116.7,114.8,115.1,116.05,119857,13872888.0
5332017,2025-09-10,ZEEL,505537,A,115.55,117.25,113.15,114.35,115.1,706692,81521759.0
5332018,2025-09-11,ZEEL,505537,A,114.4,119.15,114.4,116.65,114.35,754460,88493298.0
5332019,2025-09-12,ZEEL,505537,A,117.25,117.4,115.5,116.2,116.65,189922,22080629.0
5332020,2025-09-15,ZEEL,505537,A,116.25,117.25,114.8,115.05,116.2,292999,33921136.0
5332021,2025-09-16,ZEEL,505537,A,115.85,116.95,115.15,115.5,115.05,129283,14964275.0
5332022,2025-09-17,ZEEL,505537,A,116.05,116.7,115.7,116.1,115.5,373254,43333755.0
5332023,2025-09-18,ZEEL,505537,A,116.6,116.85,115.2,115.6,116.1,140996,16322193.0
5332024,2025-09-19,ZEEL,505537,A,115.9,118.95,115.6,116.65,115.6,414566,48681513.0
5332025,2025-09-22,ZEEL,505537,A,116.3,121.75,116.3,119.9,116.65,1106546,132644657.0
5332026,2025-09-23,ZEEL,505537,A,119.95,120.9,117.7,118.2,119.9,200337,23752002.0
5332027,2025-09-24,ZEEL,505537,A,118.2,118.4,115.8,116.05,118.2,308917,36100322.0
5332028,2025-09-25,ZEEL,505537,A,116.6,116.65,114.55,114.9,116.05,132543,15305775.0
5332029,2025-09-26,ZEEL,505537,A,114.6,115.4,112.2,112.6,114.9,497320,56602310.0
5332030,2025-09-29,ZEEL,505537,A,112.85,114.6,111.85,112.75,112.6,384848,43597352.0
5332031,2025-09-30,ZEEL,505537,A,112.95,113.4,112.0,112.4,112.75,360844,40594628.0
5332032,2025-10-01,ZEEL,505537,A,112.7,114.95,112.7,114.25,112.4,636951,72665693.0
5332033,2025-10-03,ZEEL,505537,A,114.35,115.1,112.7,113.9,114.25,659328,75051095.0
5332034,2025-10-06,ZEEL,505537,A,113.9,114.7,112.6,112.8,113.9,320501,36398356.0
5332035,2025-10-07,ZEEL,505537,A,112.95,113.7,111.9,112.35,112.8,94988,10713384.0
5332036,2025-10-08,ZEEL,505537,A,112.45,113.6,108.85,109.25,112.35,302094,33546882.0
5332037,2025-10-09,ZEEL,505537,A,109.65,110.65,109.45,109.9,109.25,394263,43343532.0
5332038,2025-10-10,ZEEL,505537,A,109.95,113.3,109.4,111.4,109.9,712825,79289903.0
5332039,2025-10-13,ZEEL,505537,A,111.45,111.75,109.95,110.4,111.4,210447,23269081.0
5332040,2025-10-14,ZEEL,505537,A,111.0,111.25,108.65,109.1,110.4,212035,23208595.0
5332041,2025-10-15,ZEEL,505537,A,110.3,110.3,108.25,109.95,109.1,273042,29929913.0
5332042,2025-10-16,ZEEL,505537,A,110.1,111.55,108.35,109.35,109.95,609324,67196665.0
5332043,2025-10-17,ZEEL,505537,A,108.0,108.0,104.5,105.4,109.35,1126795,119121195.0
5332044,2025-10-20,ZEEL,505537,A,105.4,105.9,103.55,104.15,105.4,591580,61628275.0
5332045,2025-10-21,ZEEL,505537,A,104.6,105.45,103.6,104.4,104.15,190772,19964880.0
5332046,2025-10-23,ZEEL,505537,A,105.15,106.65,104.65,105.75,104.4,193136,20432188.0
5332047,2025-10-24,ZEEL,505537,A,106.15,106.45,104.5,104.8,105.75,307168,32341971.0
5332048,2025-10-27,ZEEL,505537,A,104.65,105.4,103.0,103.1,104.8,944473,98037459.0
5332049,2025-10-28,ZEEL,505537,A,103.3,103.75,102.65,102.8,103.1,186784,19270757.0
5332050,2025-10-29,ZEEL,505537,A,102.9,105.0,102.1,103.8,102.8,374139,38747276.0
5332051,2025-10-30,ZEEL,505537,A,104.2,104.8,101.8,101.9,103.8,271711,27904006.0
5332052,2025-10-31,ZEEL,505537,A,102.15,102.3,100.3,100.65,101.9,588313,59526604.0
5332053,2025-11-03,ZEEL,505537,A,100.45,101.5,100.4,100.65,100.65,529435,53409672.0
5332054,2025-11-04,ZEEL,505537,A,100.95,102.85,100.95,101.95,100.65,607816,61930682.0
5332055,2025-11-06,ZEEL,505537,A,101.75,102.1,99.3,99.75,101.95,533299,53491844.0
5332056,2025-11-07,ZEEL,505537,A,99.75,99.8,98.1,98.85,99.75,356972,35262560.0
5332057,2025-11-10,ZEEL,505537,A,99.0,99.75,97.5,97.65,98.85,427344,42091570.0
5332058,2025-11-11,ZEEL,505537,A,97.2,99.3,96.05,98.85,97.65,520111,50819817.0
5332059,2025-11-12,ZEEL,505537,A,99.0,104.45,98.75,103.4,98.85,1185991,121491859.0
5332060,2025-11-13,ZEEL,505537,A,103.35,103.35,99.6,100.1,103.4,233527,23656267.0
5332061,2025-11-14,ZEEL,505537,A,100.1,101.55,99.8,100.45,100.1,150779,15153357.0
5332062,2025-11-17,ZEEL,505537,A,101.0,101.9,99.9,100.1,100.45,124030,12489569.0
5332063,2025-11-18,ZEEL,505537,A,100.25,100.3,99.35,99.65,100.1,296443,29558318.0
5332064,2025-11-19,ZEEL,505537,A,99.8,99.8,98.6,99.05,99.65,303365,30014326.0
5332065,2025-11-20,ZEEL,505537,A,99.15,99.4,98.25,98.4,99.05,272265,26897510.0
5332066,2025-11-21,ZEEL,505537,A,98.85,98.85,97.95,98.05,98.4,305134,29942846.0
5332067,2025-11-24,ZEEL,505537,A,98.05,99.5,97.3,98.35,98.05,232767,22887717.0
5332068,2025-11-25,ZEEL,505537,A,98.05,98.2,96.8,97.0,98.35,318658,31022544.0
5332069,2025-11-26,ZEEL,505537,A,97.25,98.1,97.25,97.8,97.0,116721,11403780.0
5332070,2025-11-27,ZEEL,505537,A,98.0,99.15,97.7,98.15,97.8,104449,10298595.0
5332071,2025-11-28,ZEEL,505537,A,98.25,104.5,97.35,101.45,98.15,1429609,145373196.0
5332072,2025-12-01,ZEEL,505537,A,102.15,102.15,99.4,99.95,101.45,314107,31558051.0
5332073,2025-12-02,ZEEL,505537,A,99.8,100.0,97.0,97.6,99.95,195873,19296949.0
5332074,2025-12-03,ZEEL,505537,A,97.6,100.0,96.95,99.7,97.6,190780,18773496.0
5332075,2025-12-04,ZEEL,505537,A,99.65,99.7,97.5,97.85,99.7,107069,10523125.0
5332076,2025-12-05,ZEEL,505537,A,97.65,98.25,96.9,97.5,97.85,281570,27446883.0
5332077,2025-12-08,ZEEL,505537,A,97.5,98.3,93.25,93.75,97.5,743936,71234923.0
5332078,2025-12-09,ZEEL,505537,A,93.8,94.1,91.7,92.75,93.75,633620,58741405.0
5332079,2025-12-10,ZEEL,505537,A,92.8,95.25,92.8,93.4,92.75,345735,32505812.0
5332080,2025-12-11,ZEEL,505537,A,94.0,94.6,92.95,93.7,93.4,321414,30145932.0
5332081,2025-12-12,ZEEL,505537,A,94.1,95.35,93.8,94.25,93.7,185645,17527794.0
5332082,2025-12-15,ZEEL,505537,A,94.4,95.05,93.5,93.75,94.25,336747,31688085.0
5332083,2025-12-16,ZEEL,505537,A,93.95,94.2,92.65,92.75,93.75,140766,13129135.0
5332084,2025-12-17,ZEEL,505537,A,93.0,94.2,92.4,92.6,92.75,144061,13414377.0
5332085,2025-12-18,ZEEL,505537,A,92.6,93.0,89.75,90.5,92.6,258039,23401131.0
5332086,2025-12-19,ZEEL,505537,A,90.9,92.3,90.3,90.6,90.5,212486,19371994.0
5332087,2025-12-22,ZEEL,505537,A,91.4,93.2,91.15,92.0,90.6,266238,24582191.0
5332088,2025-12-23,ZEEL,505537,A,92.25,92.9,91.4,91.8,92.0,170422,15680556.0
5332089,2025-12-24,ZEEL,505537,A,91.95,93.6,91.7,91.85,91.8,177280,16359720.0
5332090,2025-12-26,ZEEL,505537,A,91.65,92.05,91.1,91.25,91.85,179841,16454450.0
5332091,2025-12-29,ZEEL,505537,A,91.35,91.75,90.35,90.85,91.25,213928,19482121.0
5332092,2025-12-30,ZEEL,505537,A,90.55,91.2,89.55,89.75,90.85,299121,26939177.0
5332093,2025-12-31,ZEEL,505537,A,89.8,90.7,89.8,89.95,89.75,168187,15154275.0
5332094,2026-01-02,ZEEL,505537,A,90.51,91.27,90.25,91.09,90.48,343313,31142495.0
5332095,2026-01-05,ZEEL,505537,A,91.67,93.35,90.75,91.19,91.09,472036,43221869.0
5332096,2026-01-06,ZEEL,505537,A,91.2,92.12,90.98,91.43,91.19,3360534,307173678.0
5332097,2026-01-08,ZEEL,505537,A,92.13,92.75,90.21,90.57,92.19,331553,30353086.0
5332098,2026-01-13,ZEEL,505537,A,90.15,90.67,89.0,89.2,89.92,146565,13129807.0
5332099,2026-01-16,ZEEL,505537,A,90.26,90.5,89.25,89.46,90.26,137111,12292342.0
5332100,2026-01-20,ZEEL,505537,A,88.1,88.1,83.5,83.77,88.16,540014,46160619.0
5332101,2026-01-28,ZEEL,505537,A,79.46,84.4,79.45,83.97,79.24,396860,32946767.0
5332102,2026-01-30,ZEEL,505537,A,82.27,84.95,81.37,84.26,82.98,399417,33503495.0
33636,2026-02-01,ZEEL,505537,A,84.01,84.2,80.3,81.54,84.26,231202,19104614.0
33637,2026-02-02,ZEEL,505537,A,81.59,82.39,79.6,81.35,81.54,249720,20142665.0
33638,2026-02-03,ZEEL,505537,A,83.81,84.58,82.17,82.48,81.35,439731,36480559.0
33639,2026-02-04,ZEEL,505537,A,83.63,85.15,81.74,84.84,82.48,290154,24228690.0
33640,2026-02-05,ZEEL,505537,A,84.84,87.0,84.5,85.83,84.84,462629,39666438.0
33641,2026-02-06,ZEEL,505537,A,86.0,89.79,85.58,89.25,85.83,553266,48425703.0
33642,2026-02-09,ZEEL,505537,A,89.97,93.05,89.6,92.66,89.25,409268,37664238.0
33643,2026-02-10,ZEEL,505537,A,92.7,94.5,92.09,93.67,92.66,275436,25804351.0
33644,2026-02-11,ZEEL,505537,A,93.67,94.02,92.12,92.83,93.67,116206,10788669.0
33645,2026-02-12,ZEEL,505537,A,92.9,94.6,91.6,93.58,92.83,519640,48400884.0
33646,2026-02-13,ZEEL,505537,A,93.46,99.03,92.33,96.2,93.58,1259121,121604924.0
33647,2026-02-16,ZEEL,505537,A,96.3,98.2,94.3,94.7,96.2,257912,24591267.0
33648,2026-02-17,ZEEL,505537,A,94.31,96.82,93.68,94.78,94.7,196453,18746117.0
33649,2026-02-18,ZEEL,505537,A,94.8,95.59,93.95,94.67,94.78,189544,17899405.0
33650,2026-02-19,ZEEL,505537,A,95.18,95.18,91.8,92.81,94.67,128677,12022391.0
33651,2026-02-20,ZEEL,505537,A,91.57,93.28,90.2,90.76,92.81,189440,17381717.0
33652,2026-02-23,ZEEL,505537,A,90.9,91.18,90.1,90.78,90.76,132055,11971324.0
33653,2026-02-24,ZEEL,505537,A,90.59,90.85,87.5,88.03,90.78,159556,14186272.0
33654,2026-02-25,ZEEL,505537,A,88.31,89.6,88.1,88.42,88.03,104508,9273916.0
33655,2026-02-26,ZEEL,505537,A,88.42,88.42,87.1,87.42,88.42,123061,10779718.0
33656,2026-02-27,ZEEL,505537,A,87.43,88.0,86.25,87.47,87.42,233956,20358257.0
33657,2026-03-02,ZEEL,505537,A,83.43,86.23,83.43,84.14,87.47,361155,30583987.0
33658,2026-03-04,ZEEL,505537,A,83.0,83.33,81.3,81.82,84.14,233155,19201282.0
33659,2026-03-05,ZEEL,505537,A,83.49,83.6,80.82,82.54,81.82,273935,22403465.0
33660,2026-03-06,ZEEL,505537,A,82.49,82.66,81.55,81.82,82.54,233764,19175061.0
33661,2026-03-09,ZEEL,505537,A,79.0,81.6,78.55,79.94,81.82,2023996,160432016.0
33662,2026-03-10,ZEEL,505537,A,80.81,81.94,79.6,80.45,79.94,209872,16851707.0
33663,2026-03-11,ZEEL,505537,A,80.4,83.84,80.18,80.42,80.45,2307110,188028603.0
33664,2026-03-12,ZEEL,505537,A,80.9,82.82,78.68,81.98,80.42,6241636,506729897.0
33665,2026-03-13,ZEEL,505537,A,81.69,81.69,77.6,78.03,81.98,2864784,229513525.0
33666,2026-03-16,ZEEL,505537,A,78.1,78.4,74.7,75.42,78.03,474353,36233065.0
33667,2026-03-17,ZEEL,505537,A,75.59,75.87,74.62,75.28,75.42,586622,44112162.0
33668,2026-03-18,ZEEL,505537,A,75.97,77.5,74.87,76.85,75.28,426455,32607696.0
33669,2026-03-19,ZEEL,505537,A,76.0,76.0,73.6,73.96,76.85,370507,27757055.0
33670,2026-03-20,ZEEL,505537,A,74.4,75.45,71.71,72.84,73.96,523327,38486670.0
33671,2026-03-23,ZEEL,505537,A,71.59,72.0,68.1,68.47,72.84,1442230,100693548.0
33672,2026-03-24,ZEEL,505537,A,68.91,72.75,68.91,71.52,68.47,924232,64917568.0
33673,2026-03-25,ZEEL,505537,A,71.76,77.18,71.76,75.85,71.52,1523924,115805286.0
33674,2026-03-27,ZEEL,505537,A,75.03,76.5,73.0,73.81,75.85,1940471,143567610.0
33675,2026-03-30,ZEEL,505537,A,71.55,76.67,71.2,72.02,73.81,1210849,88963762.0
33676,2026-04-01,ZEEL,505537,A,74.85,76.8,73.88,76.07,72.02,314644,23885292.0
33677,2026-04-02,ZEEL,505537,A,74.12,74.99,72.4,74.14,76.07,453397,33224977.0
33678,2026-04-06,ZEEL,505537,A,74.38,74.38,72.1,73.74,74.14,471702,34576032.0
33679,2026-04-07,ZEEL,505537,A,73.79,74.72,73.06,73.58,73.74,246071,18147650.0
33680,2026-04-08,ZEEL,505537,A,76.04,80.2,75.18,79.01,73.58,1163645,90599321.0
33681,2026-04-09,ZEEL,505537,A,78.25,82.23,78.2,79.27,79.01,1104799,88585560.0
33682,2026-04-10,ZEEL,505537,A,79.64,83.93,79.5,82.02,79.27,1100479,89991664.0
33683,2026-04-13,ZEEL,505537,A,79.61,81.25,78.31,79.91,82.02,405473,32351800.0
33684,2026-04-15,ZEEL,505537,A,81.25,83.69,81.25,82.73,79.91,1064306,88060517.0
33685,2026-04-16,ZEEL,505537,A,82.91,84.5,79.23,80.21,82.73,1669919,134553139.0
33686,2026-04-17,ZEEL,505537,A,80.21,81.86,79.91,81.06,80.21,602366,48710905.0
33687,2026-04-20,ZEEL,505537,A,81.29,89.16,80.4,87.7,81.06,3186179,272463364.0
33688,2026-04-21,ZEEL,505537,A,87.54,89.11,86.09,86.75,87.7,893400,78375119.0
33689,2026-04-22,ZEEL,505537,A,86.49,88.61,86.25,87.61,86.75,463490,40669593.0
33690,2026-04-23,ZEEL,505537,A,87.06,93.27,86.96,91.0,87.61,2629518,239187051.0
33691,2026-04-24,ZEEL,505537,A,91.25,92.17,86.63,88.08,91.0,751087,66561642.0
33692,2026-04-27,ZEEL,505537,A,88.01,92.42,88.01,91.43,88.08,762894,69212506.0
33693,2026-04-28,ZEEL,505537,A,90.85,94.3,90.84,93.05,91.43,509553,47300840.0
33694,2026-04-29,ZEEL,505537,A,93.39,93.9,89.87,90.46,93.05,455771,41706003.0
33695,2026-04-30,ZEEL,505537,A,89.9,90.74,88.12,89.78,90.46,315868,28274407.0
33696,2026-05-04,ZEEL,505537,A,90.03,92.34,89.59,90.9,89.78,381251,34642562.0
33697,2026-05-05,ZEEL,505537,A,90.19,93.3,90.0,90.61,90.9,444158,40649769.0
33698,2026-05-06,ZEEL,505537,A,91.2,96.08,89.95,94.53,90.61,1428608,133334524.0
33699,2026-05-07,ZEEL,505537,A,95.01,96.95,94.21,94.54,94.53,529693,50420053.0
33700,2026-05-08,ZEEL,505537,A,94.33,96.3,93.83,95.08,94.54,383324,36472970.0
33701,2026-05-11,ZEEL,505537,A,94.49,94.49,90.0,90.28,95.08,400049,36765864.0
33702,2026-05-12,ZEEL,505537,A,90.76,90.76,85.36,86.13,90.28,477940,42071475.0
33703,2026-05-13,ZEEL,505537,A,86.18,90.11,85.45,88.42,86.13,736682,64730333.0
33704,2026-05-14,ZEEL,505537,A,89.83,91.3,88.56,90.7,88.42,588259,53057463.0
33705,2026-05-15,ZEEL,505537,A,90.7,90.7,87.5,88.49,90.7,581083,51881456.0
33706,2026-05-18,ZEEL,505537,A,87.5,87.68,82.5,84.65,88.49,664724,56088002.0
33707,2026-05-19,ZEEL,505537,A,84.6,88.45,84.6,87.68,84.65,614410,53395764.0
33708,2026-05-20,ZEEL,505537,A,82.12,85.2,81.81,83.02,87.68,1384945,115202218.0
33709,2026-05-21,ZEEL,505537,A,83.5,84.85,82.74,83.57,83.02,568741,47603968.0
33710,2026-05-22,ZEEL,505537,A,83.64,84.19,81.89,82.18,83.57,386020,31803833.0
33711,2026-05-25,ZEEL,505537,A,83.38,84.72,82.34,82.69,82.18,513769,42781238.0
33712,2026-05-26,ZEEL,505537,A,82.91,84.55,82.52,82.87,82.69,448499,37401580.0
33713,2026-05-27,ZEEL,505537,A,83.95,93.0,83.2,91.45,82.87,3723718,336596921.0
33714,2026-05-29,ZEEL,505537,A,94.62,95.4,90.55,93.26,91.45,2038039,189694315.0
