date,portfolio_value,cash,invested_value,daily_return,cumulative_return
2015-01-01,100000000.0,100000000.0,0.0,,0.0
2015-01-02,100000000.0,100000000.0,0.0,0.0,0.0
2015-01-05,100000000.0,100000000.0,0.0,0.0,0.0
2015-01-06,100000000.0,100000000.0,0.0,0.0,0.0
2015-01-07,100000000.0,100000000.0,0.0,0.0,0.0
2015-01-08,100000000.0,100000000.0,0.0,0.0,0.0
2015-01-09,100000000.0,100000000.0,0.0,0.0,0.0
2015-01-12,100000000.0,100000000.0,0.0,0.0,0.0
2015-01-13,100000000.0,100000000.0,0.0,0.0,0.0
2015-01-14,100000000.0,100000000.0,0.0,0.0,0.0
2015-01-15,100000000.0,100000000.0,0.0,0.0,0.0
2015-01-16,100000000.0,100000000.0,0.0,0.0,0.0
2015-01-19,100000000.0,100000000.0,0.0,0.0,0.0
2015-01-20,100000000.0,100000000.0,0.0,0.0,0.0
2015-01-21,100000000.0,100000000.0,0.0,0.0,0.0
2015-01-22,100000000.0,100000000.0,0.0,0.0,0.0
2015-01-23,100000000.0,100000000.0,0.0,0.0,0.0
2015-01-27,100000000.0,100000000.0,0.0,0.0,0.0
2015-01-28,100000000.0,100000000.0,0.0,0.0,0.0
2015-01-29,100000000.0,100000000.0,0.0,0.0,0.0
2015-01-30,100000000.0,100000000.0,0.0,0.0,0.0
2015-02-02,100000000.0,100000000.0,0.0,0.0,0.0
2015-02-03,100000000.0,100000000.0,0.0,0.0,0.0
2015-02-04,100000000.0,100000000.0,0.0,0.0,0.0
2015-02-05,100000000.0,100000000.0,0.0,0.0,0.0
2015-02-06,100000000.0,100000000.0,0.0,0.0,0.0
2015-02-09,100000000.0,100000000.0,0.0,0.0,0.0
2015-02-10,100000000.0,100000000.0,0.0,0.0,0.0
2015-02-11,100000000.0,100000000.0,0.0,0.0,0.0
2015-02-12,100000000.0,100000000.0,0.0,0.0,0.0
2015-02-13,100000000.0,100000000.0,0.0,0.0,0.0
2015-02-16,100000000.0,100000000.0,0.0,0.0,0.0
2015-02-18,100000000.0,100000000.0,0.0,0.0,0.0
2015-02-19,100000000.0,100000000.0,0.0,0.0,0.0
2015-02-20,100000000.0,100000000.0,0.0,0.0,0.0
2015-02-23,100000000.0,100000000.0,0.0,0.0,0.0
2015-02-24,100000000.0,100000000.0,0.0,0.0,0.0
2015-02-25,100000000.0,100000000.0,0.0,0.0,0.0
2015-02-26,100000000.0,100000000.0,0.0,0.0,0.0
2015-02-27,100000000.0,100000000.0,0.0,0.0,0.0
2015-02-28,100000000.0,100000000.0,0.0,0.0,0.0
2015-03-02,100000000.0,100000000.0,0.0,0.0,0.0
2015-03-03,100000000.0,100000000.0,0.0,0.0,0.0
2015-03-04,100000000.0,100000000.0,0.0,0.0,0.0
2015-03-05,100000000.0,100000000.0,0.0,0.0,0.0
2015-03-09,100000000.0,100000000.0,0.0,0.0,0.0
2015-03-10,100000000.0,100000000.0,0.0,0.0,0.0
2015-03-11,100000000.0,100000000.0,0.0,0.0,0.0
2015-03-12,100000000.0,100000000.0,0.0,0.0,0.0
2015-03-13,100000000.0,100000000.0,0.0,0.0,0.0
2015-03-16,100000000.0,100000000.0,0.0,0.0,0.0
2015-03-17,100000000.0,100000000.0,0.0,0.0,0.0
2015-03-18,100000000.0,100000000.0,0.0,0.0,0.0
2015-03-19,100000000.0,100000000.0,0.0,0.0,0.0
2015-03-20,100000000.0,100000000.0,0.0,0.0,0.0
2015-03-23,100000000.0,100000000.0,0.0,0.0,0.0
2015-03-24,100000000.0,100000000.0,0.0,0.0,0.0
2015-03-25,100000000.0,100000000.0,0.0,0.0,0.0
2015-03-26,100000000.0,100000000.0,0.0,0.0,0.0
2015-03-27,100000000.0,100000000.0,0.0,0.0,0.0
2015-03-30,100000000.0,100000000.0,0.0,0.0,0.0
2015-03-31,100000000.0,100000000.0,0.0,0.0,0.0
2015-04-01,100000000.0,100000000.0,0.0,0.0,0.0
2015-04-06,100000000.0,100000000.0,0.0,0.0,0.0
2015-04-07,100000000.0,100000000.0,0.0,0.0,0.0
2015-04-08,100000000.0,100000000.0,0.0,0.0,0.0
2015-04-09,100000000.0,100000000.0,0.0,0.0,0.0
2015-04-10,100000000.0,100000000.0,0.0,0.0,0.0
2015-04-13,100000000.0,100000000.0,0.0,0.0,0.0
2015-04-15,100000000.0,100000000.0,0.0,0.0,0.0
2015-04-16,100000000.0,100000000.0,0.0,0.0,0.0
2015-04-17,100000000.0,100000000.0,0.0,0.0,0.0
2015-04-20,100000000.0,100000000.0,0.0,0.0,0.0
2015-04-21,100000000.0,100000000.0,0.0,0.0,0.0
2015-04-22,100000000.0,100000000.0,0.0,0.0,0.0
2015-04-23,100000000.0,100000000.0,0.0,0.0,0.0
2015-04-24,100000000.0,100000000.0,0.0,0.0,0.0
2015-04-27,100000000.0,100000000.0,0.0,0.0,0.0
2015-04-28,100000000.0,100000000.0,0.0,0.0,0.0
2015-04-29,100000000.0,100000000.0,0.0,0.0,0.0
2015-04-30,100000000.0,100000000.0,0.0,0.0,0.0
2015-05-04,100000000.0,100000000.0,0.0,0.0,0.0
2015-05-05,100000000.0,100000000.0,0.0,0.0,0.0
2015-05-06,100000000.0,100000000.0,0.0,0.0,0.0
2015-05-07,100000000.0,100000000.0,0.0,0.0,0.0
2015-05-08,100000000.0,100000000.0,0.0,0.0,0.0
2015-05-11,100000000.0,100000000.0,0.0,0.0,0.0
2015-05-12,100000000.0,100000000.0,0.0,0.0,0.0
2015-05-13,100000000.0,100000000.0,0.0,0.0,0.0
2015-05-14,100000000.0,100000000.0,0.0,0.0,0.0
2015-05-15,100000000.0,100000000.0,0.0,0.0,0.0
2015-05-18,100000000.0,100000000.0,0.0,0.0,0.0
2015-05-19,100000000.0,100000000.0,0.0,0.0,0.0
2015-05-20,100000000.0,100000000.0,0.0,0.0,0.0
2015-05-21,100000000.0,100000000.0,0.0,0.0,0.0
2015-05-22,100000000.0,100000000.0,0.0,0.0,0.0
2015-05-25,100000000.0,100000000.0,0.0,0.0,0.0
2015-05-26,100000000.0,100000000.0,0.0,0.0,0.0
2015-05-27,100000000.0,100000000.0,0.0,0.0,0.0
2015-05-28,100000000.0,100000000.0,0.0,0.0,0.0
2015-05-29,100000000.0,100000000.0,0.0,0.0,0.0
2015-06-01,100000000.0,100000000.0,0.0,0.0,0.0
2015-06-02,100000000.0,100000000.0,0.0,0.0,0.0
2015-06-03,100000000.0,100000000.0,0.0,0.0,0.0
2015-06-04,100000000.0,100000000.0,0.0,0.0,0.0
2015-06-05,100000000.0,100000000.0,0.0,0.0,0.0
2015-06-08,100000000.0,100000000.0,0.0,0.0,0.0
2015-06-09,100000000.0,100000000.0,0.0,0.0,0.0
2015-06-10,100000000.0,100000000.0,0.0,0.0,0.0
2015-06-11,100000000.0,100000000.0,0.0,0.0,0.0
2015-06-12,100000000.0,100000000.0,0.0,0.0,0.0
2015-06-15,100000000.0,100000000.0,0.0,0.0,0.0
2015-06-16,100000000.0,100000000.0,0.0,0.0,0.0
2015-06-17,100000000.0,100000000.0,0.0,0.0,0.0
2015-06-18,100000000.0,100000000.0,0.0,0.0,0.0
2015-06-19,100000000.0,100000000.0,0.0,0.0,0.0
2015-06-22,100000000.0,100000000.0,0.0,0.0,0.0
2015-06-23,100000000.0,100000000.0,0.0,0.0,0.0
2015-06-24,100000000.0,100000000.0,0.0,0.0,0.0
2015-06-25,100000000.0,100000000.0,0.0,0.0,0.0
2015-06-26,100000000.0,100000000.0,0.0,0.0,0.0
2015-06-29,100000000.0,100000000.0,0.0,0.0,0.0
2015-06-30,100000000.0,100000000.0,0.0,0.0,0.0
2015-07-01,100000000.0,100000000.0,0.0,0.0,0.0
2015-07-02,100000000.0,100000000.0,0.0,0.0,0.0
2015-07-03,100000000.0,100000000.0,0.0,0.0,0.0
2015-07-06,100000000.0,100000000.0,0.0,0.0,0.0
2015-07-07,100000000.0,100000000.0,0.0,0.0,0.0
2015-07-08,100000000.0,100000000.0,0.0,0.0,0.0
2015-07-09,100000000.0,100000000.0,0.0,0.0,0.0
2015-07-10,100000000.0,100000000.0,0.0,0.0,0.0
2015-07-13,100000000.0,100000000.0,0.0,0.0,0.0
2015-07-14,100000000.0,100000000.0,0.0,0.0,0.0
2015-07-15,100000000.0,100000000.0,0.0,0.0,0.0
2015-07-16,100000000.0,100000000.0,0.0,0.0,0.0
2015-07-17,100000000.0,100000000.0,0.0,0.0,0.0
2015-07-20,100000000.0,100000000.0,0.0,0.0,0.0
2015-07-21,100000000.0,100000000.0,0.0,0.0,0.0
2015-07-22,100000000.0,100000000.0,0.0,0.0,0.0
2015-07-23,100000000.0,100000000.0,0.0,0.0,0.0
2015-07-24,100000000.0,100000000.0,0.0,0.0,0.0
2015-07-27,100000000.0,100000000.0,0.0,0.0,0.0
2015-07-28,100000000.0,100000000.0,0.0,0.0,0.0
2015-07-29,100000000.0,100000000.0,0.0,0.0,0.0
2015-07-30,100000000.0,100000000.0,0.0,0.0,0.0
2015-07-31,100000000.0,100000000.0,0.0,0.0,0.0
2015-08-03,100000000.0,100000000.0,0.0,0.0,0.0
2015-08-04,100000000.0,100000000.0,0.0,0.0,0.0
2015-08-05,100000000.0,100000000.0,0.0,0.0,0.0
2015-08-06,100000000.0,100000000.0,0.0,0.0,0.0
2015-08-07,100000000.0,100000000.0,0.0,0.0,0.0
2015-08-10,100000000.0,100000000.0,0.0,0.0,0.0
2015-08-11,100000000.0,100000000.0,0.0,0.0,0.0
2015-08-12,100000000.0,100000000.0,0.0,0.0,0.0
2015-08-13,100000000.0,100000000.0,0.0,0.0,0.0
2015-08-14,100000000.0,100000000.0,0.0,0.0,0.0
2015-08-17,100000000.0,100000000.0,0.0,0.0,0.0
2015-08-18,100000000.0,100000000.0,0.0,0.0,0.0
2015-08-19,100000000.0,100000000.0,0.0,0.0,0.0
2015-08-20,100000000.0,100000000.0,0.0,0.0,0.0
2015-08-21,100000000.0,100000000.0,0.0,0.0,0.0
2015-08-24,100000000.0,100000000.0,0.0,0.0,0.0
2015-08-25,100000000.0,100000000.0,0.0,0.0,0.0
2015-08-26,100000000.0,100000000.0,0.0,0.0,0.0
2015-08-27,100000000.0,100000000.0,0.0,0.0,0.0
2015-08-28,100000000.0,100000000.0,0.0,0.0,0.0
2015-08-31,100000000.0,100000000.0,0.0,0.0,0.0
2015-09-01,100000000.0,100000000.0,0.0,0.0,0.0
2015-09-02,100000000.0,100000000.0,0.0,0.0,0.0
2015-09-03,100000000.0,100000000.0,0.0,0.0,0.0
2015-09-04,100000000.0,100000000.0,0.0,0.0,0.0
2015-09-07,100000000.0,100000000.0,0.0,0.0,0.0
2015-09-08,100000000.0,100000000.0,0.0,0.0,0.0
2015-09-09,100000000.0,100000000.0,0.0,0.0,0.0
2015-09-10,100000000.0,100000000.0,0.0,0.0,0.0
2015-09-11,100000000.0,100000000.0,0.0,0.0,0.0
2015-09-14,100000000.0,100000000.0,0.0,0.0,0.0
2015-09-15,100000000.0,100000000.0,0.0,0.0,0.0
2015-09-16,100000000.0,100000000.0,0.0,0.0,0.0
2015-09-18,100000000.0,100000000.0,0.0,0.0,0.0
2015-09-21,100000000.0,100000000.0,0.0,0.0,0.0
2015-09-22,100000000.0,100000000.0,0.0,0.0,0.0
2015-09-23,100000000.0,100000000.0,0.0,0.0,0.0
2015-09-24,100000000.0,100000000.0,0.0,0.0,0.0
2015-09-28,100000000.0,100000000.0,0.0,0.0,0.0
2015-09-29,100000000.0,100000000.0,0.0,0.0,0.0
2015-09-30,100000000.0,100000000.0,0.0,0.0,0.0
2015-10-01,100000000.0,100000000.0,0.0,0.0,0.0
2015-10-05,100000000.0,100000000.0,0.0,0.0,0.0
2015-10-06,100000000.0,100000000.0,0.0,0.0,0.0
2015-10-07,100000000.0,100000000.0,0.0,0.0,0.0
2015-10-08,100000000.0,100000000.0,0.0,0.0,0.0
2015-10-09,100000000.0,100000000.0,0.0,0.0,0.0
2015-10-12,100000000.0,100000000.0,0.0,0.0,0.0
2015-10-13,100000000.0,100000000.0,0.0,0.0,0.0
2015-10-14,100000000.0,100000000.0,0.0,0.0,0.0
2015-10-15,100000000.0,100000000.0,0.0,0.0,0.0
2015-10-16,100000000.0,100000000.0,0.0,0.0,0.0
2015-10-19,100000000.0,100000000.0,0.0,0.0,0.0
2015-10-20,100000000.0,100000000.0,0.0,0.0,0.0
2015-10-21,100000000.0,100000000.0,0.0,0.0,0.0
2015-10-23,100000000.0,100000000.0,0.0,0.0,0.0
2015-10-26,100000000.0,100000000.0,0.0,0.0,0.0
2015-10-28,100000000.0,100000000.0,0.0,0.0,0.0
2015-10-29,100000000.0,100000000.0,0.0,0.0,0.0
2015-10-30,100000000.0,100000000.0,0.0,0.0,0.0
2015-11-02,100000000.0,100000000.0,0.0,0.0,0.0
2015-11-03,100000000.0,100000000.0,0.0,0.0,0.0
2015-11-04,100000000.0,100000000.0,0.0,0.0,0.0
2015-11-05,100000000.0,100000000.0,0.0,0.0,0.0
2015-11-06,100000000.0,100000000.0,0.0,0.0,0.0
2015-11-09,100000000.0,100000000.0,0.0,0.0,0.0
2015-11-10,100000000.0,100000000.0,0.0,0.0,0.0
2015-11-11,100000000.0,100000000.0,0.0,0.0,0.0
2015-11-13,100000000.0,100000000.0,0.0,0.0,0.0
2015-11-16,100000000.0,100000000.0,0.0,0.0,0.0
2015-11-17,100000000.0,100000000.0,0.0,0.0,0.0
2015-11-18,100000000.0,100000000.0,0.0,0.0,0.0
2015-11-19,100000000.0,100000000.0,0.0,0.0,0.0
2015-11-20,100000000.0,100000000.0,0.0,0.0,0.0
2015-11-23,100000000.0,100000000.0,0.0,0.0,0.0
2015-11-24,100000000.0,100000000.0,0.0,0.0,0.0
2015-11-26,100000000.0,100000000.0,0.0,0.0,0.0
2015-11-27,100000000.0,100000000.0,0.0,0.0,0.0
2015-11-30,100000000.0,100000000.0,0.0,0.0,0.0
2015-12-01,100000000.0,100000000.0,0.0,0.0,0.0
2015-12-02,100000000.0,100000000.0,0.0,0.0,0.0
2015-12-03,100000000.0,100000000.0,0.0,0.0,0.0
2015-12-04,100000000.0,100000000.0,0.0,0.0,0.0
2015-12-07,100000000.0,100000000.0,0.0,0.0,0.0
2015-12-08,100000000.0,100000000.0,0.0,0.0,0.0
2015-12-09,100000000.0,100000000.0,0.0,0.0,0.0
2015-12-10,100000000.0,100000000.0,0.0,0.0,0.0
2015-12-11,100000000.0,100000000.0,0.0,0.0,0.0
2015-12-14,100000000.0,100000000.0,0.0,0.0,0.0
2015-12-15,100000000.0,100000000.0,0.0,0.0,0.0
2015-12-16,100000000.0,100000000.0,0.0,0.0,0.0
2015-12-17,100000000.0,100000000.0,0.0,0.0,0.0
2015-12-18,100000000.0,100000000.0,0.0,0.0,0.0
2015-12-21,100000000.0,100000000.0,0.0,0.0,0.0
2015-12-22,100000000.0,100000000.0,0.0,0.0,0.0
2015-12-23,100000000.0,100000000.0,0.0,0.0,0.0
2015-12-24,100000000.0,100000000.0,0.0,0.0,0.0
2015-12-28,100000000.0,100000000.0,0.0,0.0,0.0
2015-12-29,100000000.0,100000000.0,0.0,0.0,0.0
2015-12-30,100000000.0,100000000.0,0.0,0.0,0.0
2015-12-31,100000000.0,100000000.0,0.0,0.0,0.0
2016-01-01,100000000.0,100000000.0,0.0,0.0,0.0
2016-01-04,100000000.0,100000000.0,0.0,0.0,0.0
2016-01-05,100000000.0,100000000.0,0.0,0.0,0.0
2016-01-06,100000000.0,100000000.0,0.0,0.0,0.0
2016-01-07,100000000.0,100000000.0,0.0,0.0,0.0
2016-01-08,100000000.0,100000000.0,0.0,0.0,0.0
2016-01-11,100000000.0,100000000.0,0.0,0.0,0.0
2016-01-12,100000000.0,100000000.0,0.0,0.0,0.0
2016-01-13,100000000.0,100000000.0,0.0,0.0,0.0
2016-01-14,100000000.0,100000000.0,0.0,0.0,0.0
2016-01-15,100000000.0,100000000.0,0.0,0.0,0.0
2016-01-18,100000000.0,100000000.0,0.0,0.0,0.0
2016-01-19,100000000.0,100000000.0,0.0,0.0,0.0
2016-01-20,100000000.0,100000000.0,0.0,0.0,0.0
2016-01-21,100000000.0,100000000.0,0.0,0.0,0.0
2016-01-22,100000000.0,100000000.0,0.0,0.0,0.0
2016-01-25,100000000.0,100000000.0,0.0,0.0,0.0
2016-01-27,100000000.0,100000000.0,0.0,0.0,0.0
2016-01-28,100000000.0,100000000.0,0.0,0.0,0.0
2016-01-29,100000000.0,100000000.0,0.0,0.0,0.0
2016-02-01,100000000.0,100000000.0,0.0,0.0,0.0
2016-02-02,100000000.0,100000000.0,0.0,0.0,0.0
2016-02-03,100000000.0,100000000.0,0.0,0.0,0.0
2016-02-04,100000000.0,100000000.0,0.0,0.0,0.0
2016-02-05,100000000.0,100000000.0,0.0,0.0,0.0
2016-02-08,100000000.0,100000000.0,0.0,0.0,0.0
2016-02-09,100000000.0,100000000.0,0.0,0.0,0.0
2016-02-10,100000000.0,100000000.0,0.0,0.0,0.0
2016-02-11,100000000.0,100000000.0,0.0,0.0,0.0
2016-02-12,100000000.0,100000000.0,0.0,0.0,0.0
2016-02-15,100000000.0,100000000.0,0.0,0.0,0.0
2016-02-16,100000000.0,100000000.0,0.0,0.0,0.0
2016-02-17,100000000.0,100000000.0,0.0,0.0,0.0
2016-02-18,100000000.0,100000000.0,0.0,0.0,0.0
2016-02-19,100000000.0,100000000.0,0.0,0.0,0.0
2016-02-22,100000000.0,100000000.0,0.0,0.0,0.0
2016-02-23,100000000.0,100000000.0,0.0,0.0,0.0
2016-02-24,100000000.0,100000000.0,0.0,0.0,0.0
2016-02-25,100000000.0,100000000.0,0.0,0.0,0.0
2016-02-26,100000000.0,100000000.0,0.0,0.0,0.0
2016-02-29,100000000.0,100000000.0,0.0,0.0,0.0
2016-03-01,100000000.0,100000000.0,0.0,0.0,0.0
2016-03-02,100000000.0,100000000.0,0.0,0.0,0.0
2016-03-03,100000000.0,100000000.0,0.0,0.0,0.0
2016-03-04,100000000.0,100000000.0,0.0,0.0,0.0
2016-03-08,100000000.0,100000000.0,0.0,0.0,0.0
2016-03-09,100000000.0,100000000.0,0.0,0.0,0.0
2016-03-10,100000000.0,100000000.0,0.0,0.0,0.0
2016-03-11,100000000.0,100000000.0,0.0,0.0,0.0
2016-03-14,100000000.0,100000000.0,0.0,0.0,0.0
2016-03-15,100000000.0,100000000.0,0.0,0.0,0.0
2016-03-16,100000000.0,100000000.0,0.0,0.0,0.0
2016-03-17,100000000.0,100000000.0,0.0,0.0,0.0
2016-03-18,100000000.0,100000000.0,0.0,0.0,0.0
2016-03-21,100000000.0,100000000.0,0.0,0.0,0.0
2016-03-22,100000000.0,100000000.0,0.0,0.0,0.0
2016-03-23,100000000.0,100000000.0,0.0,0.0,0.0
2016-03-28,100000000.0,100000000.0,0.0,0.0,0.0
2016-03-29,100000000.0,100000000.0,0.0,0.0,0.0
2016-03-30,100000000.0,100000000.0,0.0,0.0,0.0
2016-03-31,100000000.0,100000000.0,0.0,0.0,0.0
2016-04-01,100000000.0,100000000.0,0.0,0.0,0.0
2016-04-05,100000000.0,100000000.0,0.0,0.0,0.0
2016-04-06,100000000.0,100000000.0,0.0,0.0,0.0
2016-04-07,100000000.0,100000000.0,0.0,0.0,0.0
2016-04-08,100000000.0,100000000.0,0.0,0.0,0.0
2016-04-11,100000000.0,100000000.0,0.0,0.0,0.0
2016-04-12,100000000.0,100000000.0,0.0,0.0,0.0
2016-04-13,100000000.0,100000000.0,0.0,0.0,0.0
2016-04-18,100000000.0,100000000.0,0.0,0.0,0.0
2016-04-20,100000000.0,100000000.0,0.0,0.0,0.0
2016-04-21,100000000.0,100000000.0,0.0,0.0,0.0
2016-04-22,100000000.0,100000000.0,0.0,0.0,0.0
2016-04-25,100000000.0,100000000.0,0.0,0.0,0.0
2016-04-26,100000000.0,100000000.0,0.0,0.0,0.0
2016-04-27,100000000.0,100000000.0,0.0,0.0,0.0
2016-04-28,100000000.0,100000000.0,0.0,0.0,0.0
2016-04-29,100000000.0,100000000.0,0.0,0.0,0.0
2016-05-02,100000000.0,100000000.0,0.0,0.0,0.0
2016-05-03,100000000.0,100000000.0,0.0,0.0,0.0
2016-05-04,100000000.0,100000000.0,0.0,0.0,0.0
2016-05-05,100000000.0,100000000.0,0.0,0.0,0.0
2016-05-06,100000000.0,100000000.0,0.0,0.0,0.0
2016-05-09,100000000.0,100000000.0,0.0,0.0,0.0
2016-05-10,100000000.0,100000000.0,0.0,0.0,0.0
2016-05-11,100000000.0,100000000.0,0.0,0.0,0.0
2016-05-12,100000000.0,100000000.0,0.0,0.0,0.0
2016-05-13,100000000.0,100000000.0,0.0,0.0,0.0
2016-05-16,100000000.0,100000000.0,0.0,0.0,0.0
2016-05-17,100000000.0,100000000.0,0.0,0.0,0.0
2016-05-18,100000000.0,100000000.0,0.0,0.0,0.0
2016-05-19,100000000.0,100000000.0,0.0,0.0,0.0
2016-05-20,100000000.0,100000000.0,0.0,0.0,0.0
2016-05-23,100000000.0,100000000.0,0.0,0.0,0.0
2016-05-24,100000000.0,100000000.0,0.0,0.0,0.0
2016-05-25,100000000.0,100000000.0,0.0,0.0,0.0
2016-05-26,100000000.0,100000000.0,0.0,0.0,0.0
2016-05-27,100000000.0,100000000.0,0.0,0.0,0.0
2016-05-30,100000000.0,100000000.0,0.0,0.0,0.0
2016-05-31,100000000.0,100000000.0,0.0,0.0,0.0
2016-06-01,100000000.0,100000000.0,0.0,0.0,0.0
2016-06-02,100000000.0,100000000.0,0.0,0.0,0.0
2016-06-03,100000000.0,100000000.0,0.0,0.0,0.0
2016-06-06,100000000.0,100000000.0,0.0,0.0,0.0
2016-06-07,100000000.0,100000000.0,0.0,0.0,0.0
2016-06-08,100000000.0,100000000.0,0.0,0.0,0.0
2016-06-09,100000000.0,100000000.0,0.0,0.0,0.0
2016-06-10,100000000.0,100000000.0,0.0,0.0,0.0
2016-06-13,100000000.0,100000000.0,0.0,0.0,0.0
2016-06-14,100000000.0,100000000.0,0.0,0.0,0.0
2016-06-15,100000000.0,100000000.0,0.0,0.0,0.0
2016-06-16,100000000.0,100000000.0,0.0,0.0,0.0
2016-06-17,100000000.0,100000000.0,0.0,0.0,0.0
2016-06-20,100000000.0,100000000.0,0.0,0.0,0.0
2016-06-21,100000000.0,100000000.0,0.0,0.0,0.0
2016-06-22,100000000.0,100000000.0,0.0,0.0,0.0
2016-06-23,100000000.0,100000000.0,0.0,0.0,0.0
2016-06-24,100000000.0,100000000.0,0.0,0.0,0.0
2016-06-27,100000000.0,100000000.0,0.0,0.0,0.0
2016-06-28,100000000.0,100000000.0,0.0,0.0,0.0
2016-06-29,100000000.0,100000000.0,0.0,0.0,0.0
2016-06-30,100000000.0,100000000.0,0.0,0.0,0.0
2016-07-01,100000000.0,100000000.0,0.0,0.0,0.0
2016-07-04,100000000.0,100000000.0,0.0,0.0,0.0
2016-07-05,100000000.0,100000000.0,0.0,0.0,0.0
2016-07-07,100000000.0,100000000.0,0.0,0.0,0.0
2016-07-08,100000000.0,100000000.0,0.0,0.0,0.0
2016-07-11,100000000.0,100000000.0,0.0,0.0,0.0
2016-07-12,100000000.0,100000000.0,0.0,0.0,0.0
2016-07-13,100000000.0,100000000.0,0.0,0.0,0.0
2016-07-14,100000000.0,100000000.0,0.0,0.0,0.0
2016-07-15,100000000.0,100000000.0,0.0,0.0,0.0
2016-07-18,100000000.0,100000000.0,0.0,0.0,0.0
2016-07-19,100000000.0,100000000.0,0.0,0.0,0.0
2016-07-20,100000000.0,100000000.0,0.0,0.0,0.0
2016-07-21,100000000.0,100000000.0,0.0,0.0,0.0
2016-07-22,100000000.0,100000000.0,0.0,0.0,0.0
2016-07-25,100000000.0,100000000.0,0.0,0.0,0.0
2016-07-26,100000000.0,100000000.0,0.0,0.0,0.0
2016-07-27,100000000.0,100000000.0,0.0,0.0,0.0
2016-07-28,100000000.0,100000000.0,0.0,0.0,0.0
2016-07-29,100000000.0,100000000.0,0.0,0.0,0.0
2016-08-01,100000000.0,100000000.0,0.0,0.0,0.0
2016-08-02,100000000.0,100000000.0,0.0,0.0,0.0
2016-08-03,100000000.0,100000000.0,0.0,0.0,0.0
2016-08-04,100000000.0,100000000.0,0.0,0.0,0.0
2016-08-05,100000000.0,100000000.0,0.0,0.0,0.0
2016-08-08,100000000.0,100000000.0,0.0,0.0,0.0
2016-08-09,100000000.0,100000000.0,0.0,0.0,0.0
2016-08-10,100000000.0,100000000.0,0.0,0.0,0.0
2016-08-11,100000000.0,100000000.0,0.0,0.0,0.0
2016-08-12,100000000.0,100000000.0,0.0,0.0,0.0
2016-08-16,100000000.0,100000000.0,0.0,0.0,0.0
2016-08-17,100000000.0,100000000.0,0.0,0.0,0.0
2016-08-18,100000000.0,100000000.0,0.0,0.0,0.0
2016-08-19,100000000.0,100000000.0,0.0,0.0,0.0
2016-08-22,100000000.0,100000000.0,0.0,0.0,0.0
2016-08-23,100000000.0,100000000.0,0.0,0.0,0.0
2016-08-24,100000000.0,100000000.0,0.0,0.0,0.0
2016-08-25,100000000.0,100000000.0,0.0,0.0,0.0
2016-08-26,100000000.0,100000000.0,0.0,0.0,0.0
2016-08-29,100000000.0,100000000.0,0.0,0.0,0.0
2016-08-30,100000000.0,100000000.0,0.0,0.0,0.0
2016-08-31,100000000.0,100000000.0,0.0,0.0,0.0
2016-09-01,100000000.0,100000000.0,0.0,0.0,0.0
2016-09-02,100000000.0,100000000.0,0.0,0.0,0.0
2016-09-06,100000000.0,100000000.0,0.0,0.0,0.0
2016-09-07,100000000.0,100000000.0,0.0,0.0,0.0
2016-09-08,100000000.0,100000000.0,0.0,0.0,0.0
2016-09-09,100000000.0,100000000.0,0.0,0.0,0.0
2016-09-12,100000000.0,100000000.0,0.0,0.0,0.0
2016-09-14,100000000.0,100000000.0,0.0,0.0,0.0
2016-09-15,100000000.0,100000000.0,0.0,0.0,0.0
2016-09-16,100000000.0,100000000.0,0.0,0.0,0.0
2016-09-19,100000000.0,100000000.0,0.0,0.0,0.0
2016-09-20,100000000.0,100000000.0,0.0,0.0,0.0
2016-09-21,100000000.0,100000000.0,0.0,0.0,0.0
2016-09-22,100000000.0,100000000.0,0.0,0.0,0.0
2016-09-23,100000000.0,100000000.0,0.0,0.0,0.0
2016-09-26,100000000.0,100000000.0,0.0,0.0,0.0
2016-09-27,100000000.0,100000000.0,0.0,0.0,0.0
2016-09-28,100000000.0,100000000.0,0.0,0.0,0.0
2016-09-29,100000000.0,100000000.0,0.0,0.0,0.0
2016-09-30,100000000.0,100000000.0,0.0,0.0,0.0
2016-10-03,100000000.0,100000000.0,0.0,0.0,0.0
2016-10-04,100000000.0,100000000.0,0.0,0.0,0.0
2016-10-05,100000000.0,100000000.0,0.0,0.0,0.0
2016-10-06,100000000.0,100000000.0,0.0,0.0,0.0
2016-10-07,100000000.0,100000000.0,0.0,0.0,0.0
2016-10-10,100000000.0,100000000.0,0.0,0.0,0.0
2016-10-13,100000000.0,100000000.0,0.0,0.0,0.0
2016-10-14,100000000.0,100000000.0,0.0,0.0,0.0
2016-10-17,100000000.0,100000000.0,0.0,0.0,0.0
2016-10-18,100000000.0,100000000.0,0.0,0.0,0.0
2016-10-19,100000000.0,100000000.0,0.0,0.0,0.0
2016-10-20,100000000.0,100000000.0,0.0,0.0,0.0
2016-10-21,100000000.0,100000000.0,0.0,0.0,0.0
2016-10-24,100000000.0,100000000.0,0.0,0.0,0.0
2016-10-25,100000000.0,100000000.0,0.0,0.0,0.0
2016-10-26,100000000.0,100000000.0,0.0,0.0,0.0
2016-10-27,100000000.0,100000000.0,0.0,0.0,0.0
2016-10-28,100000000.0,100000000.0,0.0,0.0,0.0
2016-10-30,100000000.0,100000000.0,0.0,0.0,0.0
2016-11-01,100000000.0,84460767.2,15539232.799999997,0.0,0.0
2016-11-02,99725563.0,84460767.2,15264795.799999997,-0.0027443700000000515,-0.0027443700000000515
2016-11-03,99795696.9,84460767.2,15334929.700000003,0.0007032690304291656,-0.0020430309999999174
2016-11-04,99879552.65,84460767.2,15418785.450000003,0.0008402742062518787,-0.0012044734999999696
2016-11-07,99919193.55,84460767.2,15458426.349999994,0.00039688703992202257,-0.0008080645000000386
2016-11-08,99865830.8,84460767.2,15405063.599999994,-0.0005340590541625945,-0.0013416920000000054
2016-11-09,99858207.55,84460767.2,15397440.349999994,-7.633491794878378e-05,-0.0014179245000000007
2016-11-10,99908521.0,84460767.2,15447753.799999997,0.0005038489197275453,-0.0009147900000000542
2016-11-11,99155343.9,84460767.2,14694576.700000003,-0.007538667297457002,-0.008446560999999964
2016-11-15,98292392.0,84460767.2,13831624.799999997,-0.008703029671001006,-0.01707608000000005
2016-11-16,98964762.65,84460767.2,14503995.450000003,0.006840515693218752,-0.010352373499999956
2016-11-17,98478399.3,84460767.2,14017632.099999994,-0.004914510346678558,-0.015216007000000031
2016-11-18,98068268.45,84460767.2,13607501.25,-0.00416467827376632,-0.019317315499999932
2016-11-21,97699303.15,84460767.2,13238535.950000003,-0.003762331137600494,-0.023006968499999947
2016-11-22,98167370.7,84460767.2,13706603.5,0.004790899575622953,-0.018326292999999994
2016-11-23,98437233.75,84460767.2,13976466.549999997,0.002749009656423329,-0.015627662500000028
2016-11-24,97879211.85000001,84460767.2,13418444.650000006,-0.005668809237541095,-0.02120788149999986
2016-11-25,97873113.25,84460767.2,13412346.049999997,-6.230740812829261e-05,-0.02126886750000001
2016-11-28,98386920.3,84460767.2,13926153.099999994,0.005249726231631779,-0.016130796999999975
2016-11-29,98405216.10000001,84460767.2,13944448.900000006,0.00018595764502249423,-0.015947838999999964
2016-11-30,98357951.95,84460767.2,13897184.75,-0.00048030126728215716,-0.0164204805
2016-12-01,98389969.60000001,84460767.2,13929202.400000006,0.0003255217231066254,-0.016100303999999954
2016-12-02,97979838.75,84460767.2,13519071.549999997,-0.004168421350950524,-0.020201612499999966
2016-12-05,97979838.75,84460767.2,13519071.549999997,0.0,-0.020201612499999966
2016-12-06,98008807.10000001,84460767.2,13548039.900000006,0.0002956562326452694,-0.01991192899999994
2016-12-07,97923426.7,84460767.2,13462659.5,-0.0008711502825750062,-0.020765732999999953
2016-12-08,98269522.25,84460767.2,13808755.049999997,0.003534348844432378,-0.017304777500000035
2016-12-09,98490596.5,84460767.2,14029829.299999997,0.002249672583505502,-0.01509403499999995
2016-12-12,98226832.05,84460767.2,13766064.849999994,-0.002678067342195445,-0.017731679499999986
2016-12-13,97932574.60000001,84460767.2,13471807.400000006,-0.002995693171191749,-0.020674253999999892
2016-12-14,97949345.75,84460767.2,13488578.549999997,0.00017125200750101044,-0.020506542499999947
2016-12-15,97801454.7,84460767.2,13340687.5,-0.0015098727701302606,-0.021985452999999988
2016-12-16,97935623.9,84460767.2,13474856.700000003,0.0013718528053754397,-0.020643760999999983
2016-12-19,97894458.35000001,84460767.2,13433691.150000006,-0.0004203327488068176,-0.02105541649999987
2016-12-20,98118581.9,84460767.2,13657814.700000003,0.0022894406259310607,-0.018814180999999985
2016-12-21,97917328.10000001,84460767.2,13456560.900000006,-0.0020511282990729462,-0.020826718999999883
2016-12-22,97888359.75,84460767.2,13427592.549999997,-0.00029584498027179773,-0.02111640250000002
2016-12-23,97946296.45,84460767.2,13485529.25,0.0005918650608507381,-0.020537035499999967
2016-12-26,97636792.5,84460767.2,13176025.299999997,-0.003159935201409114,-0.023632074999999975
2016-12-27,97772486.35000001,84460767.2,13311719.150000006,0.001389781930822842,-0.022275136499999904
2016-12-28,97982888.05,84460767.2,13522120.849999994,0.0021519520251005453,-0.020171119500000056
2016-12-29,98100286.10000001,84460767.2,13639518.900000006,0.0011981484965017941,-0.018997138999999885
2016-12-30,98248177.15,84460767.2,13787409.950000003,0.001507549629867988,-0.017518228499999955
2017-01-02,98261899.0,84460767.2,13801131.799999997,0.00013966518665320393,-0.01738101000000003
2017-01-03,98432659.8,84460767.2,13971892.599999994,0.0017378129441605328,-0.015673402000000003
2017-01-04,98414364.0,84460767.2,13953596.799999997,-0.00018587123457980415,-0.015856360000000014
2017-01-05,98821445.55,84460767.2,14360678.349999994,0.004136403807883049,-0.011785544500000023
2017-01-06,98588174.10000001,84460767.2,14127406.900000006,-0.002360534686592475,-0.014118258999999855
2017-01-09,98609519.2,84460767.2,14148752.0,0.00021650771195269591,-0.013904807999999935
2017-01-10,98708621.45,84460767.2,14247854.25,0.0010049967873688725,-0.012913785499999997
2017-01-11,99065389.55,84460767.2,14604622.349999994,0.0036143560183414802,-0.009346104500000063
2017-01-12,98973910.55,84460767.2,14513143.349999994,-0.0009234203834006527,-0.010260894500000006
2017-01-13,99028797.95,84460767.2,14568030.75,0.00055456432604295,-0.009712020499999974
2017-01-16,99126375.55,84460767.2,14665608.349999994,0.00098534569761477,-0.00873624449999999
2017-01-17,99097407.2,84460767.2,14636640.0,-0.00029223654995214066,-0.009025928000000016
2017-01-18,99156868.55,84460767.2,14696101.349999994,0.0006000293214531993,-0.008431314500000009
2017-01-19,99019650.05,84460767.2,14558882.849999994,-0.0013838526973126708,-0.009803499500000035
2017-01-20,98710146.10000001,84460767.2,14249378.900000006,-0.003125682123131135,-0.012898538999999931
2017-01-23,99188886.2,84460767.2,14728119.0,0.004849958377277641,-0.008111137999999962
2017-01-24,99085210.0,84460767.2,14624442.799999997,-0.0010452400865854639,-0.009147899999999987
2017-01-25,99649330.5,84460767.2,15188563.299999997,0.0056932866166403695,-0.003506695000000004
2017-01-27,99582245.9,84460767.2,15121478.700000003,-0.00067320673067639,-0.004177540999999896
2017-01-30,99594443.10000001,84460767.2,15133675.900000006,0.00012248368059752934,-0.004055568999999926
2017-01-31,99397763.25,84460767.2,14936996.049999997,-0.001974807467948092,-0.006022367499999959
2017-02-01,99833813.15,84460767.2,15373045.950000003,0.004386918636219983,-0.0016618684999999411
2017-02-02,99919193.55,84460767.2,15458426.349999994,0.000855225271939819,-0.0008080645000000386
2017-02-03,99579196.60000001,84460767.2,15118429.400000006,-0.0034027191165214576,-0.004208033999999916
2017-02-06,99842961.05,84460767.2,15382193.849999994,0.0026487907013299505,-0.0015703894999999912
2017-02-07,99792647.60000001,84460767.2,15331880.400000006,-0.0005039258598790175,-0.0020735239999999378
2017-02-08,100088429.7,84460767.2,15627662.5,0.0029639668564118704,0.0008842970000000339
2017-02-09,100336947.65,84460767.2,15876180.450000003,0.002482983804870331,0.0033694765000000793
2017-02-10,100266813.75,84460767.2,15806046.549999997,-0.0006989837905438945,0.002668137499999945
2017-02-13,100407081.55000001,84460767.2,15946314.350000009,0.0013989454212612884,0.004070815500000213
2017-02-14,100150940.35,84460767.2,15690173.149999991,-0.0025510272387756494,0.0015094034999998396
2017-02-15,100346095.55000001,84460767.2,15885328.350000009,0.001948610760098779,0.003460955500000029
2017-02-16,100291208.15,84460767.2,15830440.950000003,-0.0005469809233649148,0.0029120815000001077
2017-02-17,100341521.6,84460767.2,15880754.399999991,0.0005016735856320231,0.003415215999999832
2017-02-20,100582416.30000001,84460767.2,16121649.100000009,0.0024007479272669663,0.005824163000000215
2017-02-21,100458919.65,84460767.2,15998152.450000003,-0.0012278155023802695,0.0045891965000000035
2017-02-22,100239370.05000001,84460767.2,15778602.850000009,-0.002185466464948105,0.0023937005000000955
2017-02-23,100268338.4,84460767.2,15807571.200000003,0.000288991740326594,0.002683384000000011
2017-02-27,99809418.75,84460767.2,15348651.549999997,-0.004576914879842131,-0.0019058124999999926
2017-02-28,99971031.65,84460767.2,15510264.450000003,0.001619214920034917,-0.0002896834999999154
2017-03-01,99952735.85000001,84460767.2,15491968.650000006,-0.00018301101527140595,-0.0004726414999999262
2017-03-02,99740809.5,84460767.2,15280042.299999997,-0.002120265625525697,-0.00259190499999995
2017-03-03,99818566.65,84460767.2,15357799.450000003,0.0007795921287365726,-0.0018143334999999317
2017-03-06,99914619.60000001,84460767.2,15453852.400000006,0.000962275388473488,-0.0008538039999999025
2017-03-07,99914619.60000001,84460767.2,15453852.400000006,0.0,-0.0008538039999999025
2017-03-08,100115873.4,84460767.2,15655106.200000003,0.00201425778135067,0.0011587340000001056
2017-03-09,100227172.85,84460767.2,15766405.649999991,0.0011117063280794426,0.0022717285000000143
2017-03-10,100115873.4,84460767.2,15655106.200000003,-0.0011104718095417132,0.0011587340000001056
2017-03-14,100404032.25,84460767.2,15943265.049999997,0.0028782533699596158,0.004040322500000082
2017-03-15,100477215.45,84460767.2,16016448.25,0.0007288870612067733,0.004772154500000125
2017-03-16,100460444.30000001,84460767.2,15999677.100000009,-0.00016691495604137518,0.004604443000000069
2017-03-17,100300356.05000001,84460767.2,15839588.850000009,-0.0015935451123622046,0.0030035605000000576
2017-03-20,100362866.7,84460767.2,15902099.5,0.0006232345772414494,0.0036286670000000854
2017-03-21,100405556.9,84460767.2,15944789.700000003,0.0004253585155913342,0.004055569000000148
2017-03-22,100330849.05000001,84460767.2,15870081.850000009,-0.0007440609096407425,0.0033084905000000386
2017-03-23,100431475.95,84460767.2,15970708.75,0.0010029507469815346,0.004314759499999932
2017-03-24,100254616.55000001,84460767.2,15793849.350000009,-0.0017609957269575371,0.002546165500000086
2017-03-27,100216500.30000001,84460767.2,15755733.100000009,-0.0003801944619775677,0.0021650030000002207
2017-03-28,100655599.5,84460767.2,16194832.299999997,0.004381506026308379,0.006555995000000037
2017-03-29,100683043.2,84460767.2,16222276.0,0.0002726495111680105,0.006830432000000108
2017-03-30,100689141.80000001,84460767.2,16228374.600000009,6.0572265261127356e-05,0.006891418000000149
2017-03-31,100763849.65,84460767.2,16303082.450000003,0.0007419653069284937,0.007638496500000036
2017-04-03,100623581.85,69739158.5,30884423.349999994,-0.0013920448701317811,0.00623581849999999
2017-04-05,101381052.85,69739158.5,31641894.349999994,0.007527768203771101,0.013810528499999863
2017-04-06,101917109.25,69739158.5,32177950.75,0.005287540274346192,0.01917109249999993
2017-04-07,101637427.65,56112580.55,45524847.10000001,-0.0027442065621576806,0.016374276500000118
2017-04-10,101978375.44999999,56112580.55,45865794.89999999,0.0033545496760709614,0.019783754499999917
2017-04-11,101134321.75,42156371.349999994,58977950.400000006,-0.008276790998831163,0.011343217499999891
2017-04-12,99952366.14999999,42156371.349999994,57795994.8,-0.01168698795372114,-0.00047633850000006195
2017-04-13,99042750.55,42156371.349999994,56886379.2,-0.009100490914191295,-0.009572494500000084
2017-04-17,98922920.94999999,42156371.349999994,56766549.599999994,-0.0012098775461563127,-0.010770790500000071
2017-04-18,98547091.75,42156371.349999994,56390720.400000006,-0.0037992125221408823,-0.014529082499999957
2017-04-19,99015516.55,42156371.349999994,56859145.2,0.004753309221831925,-0.009844834500000066
2017-04-20,100290067.75,42156371.349999994,58133696.400000006,0.01287223704333651,0.002900677500000004
2017-04-21,99734494.14999999,42156371.349999994,57578122.8,-0.005539667211960864,-0.0026550585000001403
2017-04-24,99282409.75,42156371.349999994,57126038.400000006,-0.004532879059075179,-0.007175902499999998
2017-04-25,99674579.35,42156371.349999994,57518208.0,0.003950041109875402,-0.0032542065000000786
2017-04-26,99680026.14999999,42156371.349999994,57523654.8,5.464582881131719e-05,-0.0031997385000001044
2017-04-27,99756281.35,42156371.349999994,57599910.0,0.0007649997993104396,-0.0024371865000000215
2017-04-28,99462154.14999999,42156371.349999994,57305782.8,-0.002948457941891802,-0.005378458500000072
2017-05-02,100415344.14999999,42156371.349999994,58258972.8,0.009583444156683774,0.004153441499999966
2017-05-03,99778068.55000001,25921308.999999993,73856759.55000001,-0.006346396612932126,-0.0022193144999999026
2017-05-04,98793684.1,25921308.999999993,72872375.1,-0.009865739679123298,-0.012063159000000101
2017-05-05,96748119.25,25921308.999999993,70826810.25,-0.020705421289173187,-0.032518807500000024
2017-05-08,95980159.75,25921308.999999993,70058850.75,-0.007937720195010378,-0.04019840249999995
2017-05-09,95219181.69999999,25921308.999999993,69297872.69999999,-0.00792849326342171,-0.047808183000000115
2017-05-10,97976854.44999999,25921308.999999993,72055545.44999999,0.02896131536488511,-0.02023145550000016
2017-05-11,102067984.15,25921308.999999993,76146675.15,0.04175608334198788,0.020679841500000018
2017-05-12,99442958.94999999,9969476.749999994,89473482.19999999,-0.025718399573192885,-0.005570410500000067
2017-05-15,99205065.35,9945319.849999994,89259745.5,-0.002392261880698965,-0.00794934650000001
2017-05-16,98695155.35,9945319.849999994,88749835.5,-0.005139959317611575,-0.013048446500000033
2017-05-17,99043593.85000001,9945319.849999994,89098274.00000001,0.0035304519129064627,-0.009564061499999887
2017-05-18,97539359.35,9945319.849999994,87594039.5,-0.015187600141793656,-0.02460640650000001
2017-05-19,96740500.35,9945319.849999994,86795180.5,-0.008190119407422536,-0.032594996500000084
2017-05-22,98363713.85000001,9945319.849999994,88418394.00000001,0.01677904801119845,-0.01636286149999988
2017-05-23,97071941.85,9945319.849999994,87126622.0,-0.013132607029965437,-0.029280581500000014
2017-05-24,96587527.35,54.249999994412065,96587473.1,-0.004990262796519929,-0.03412472650000009
2017-05-25,96899340.35,54.249999994412065,96899286.1,0.0032282946727697492,-0.03100659650000004
2017-05-26,98596219.05,54.249999994412065,98596164.8,0.017511767302758496,-0.014037809499999998
2017-05-29,98742531.25,54.249999994412065,98742477.0,0.0014839534559212275,-0.012574687500000015
2017-05-30,98914753.14999999,54.249999994412065,98914698.89999999,0.0017441511557361178,-0.010852468500000101
2017-05-31,97346525.35,54.249999994412065,97346471.1,-0.015854336689511306,-0.026534746500000095
2017-06-01,98882821.25,54.249999994412065,98882767.0,0.015781723019659966,-0.01117178750000003
2017-06-02,98955787.55,54.249999994412065,98955733.3,0.0007379067372634829,-0.010442124500000038
2017-06-05,99375449.54999998,54.249999994412065,99375395.29999998,0.004240904048062211,-0.006245504500000165
2017-06-06,98490811.75000001,54.249999994412065,98490757.50000001,-0.00890197532696313,-0.01509188249999982
2017-06-07,98374369.34999998,54.249999994412065,98374315.09999998,-0.001182266629049633,-0.016256306500000206
2017-06-08,98652378.15,54.249999994412065,98652323.9,0.0028260287901913372,-0.013476218499999915
2017-06-09,98724171.05,54.249999994412065,98724116.8,0.0007277361311130992,-0.01275828950000002
2017-06-12,97105746.04999998,54.249999994412065,97105691.79999998,-0.016393401765615656,-0.028942539500000142
2017-06-13,96357972.95,54.249999994412065,96357918.7,-0.007700606096110452,-0.03642027049999996
2017-06-14,97075746.74999999,54.249999994412065,97075692.49999999,0.007449033826940621,-0.029242532500000196
2017-06-15,95986161.35,54.249999994412065,95986107.1,-0.011224074359232228,-0.04013838650000001
2017-06-16,96001890.05,54.249999994412065,96001835.8,0.00016386424645786768,-0.03998109950000006
2017-06-19,96244351.85,54.249999994412065,96244297.6,0.002525594026052236,-0.037556481500000016
2017-06-20,95585083.95,54.249999994412065,95585029.7,-0.006849938592006777,-0.04414916049999995
2017-06-21,95615178.15,54.249999994412065,95615123.9,0.0003148420104515104,-0.04384821849999998
2017-06-22,96546303.15,54.249999994412065,96546248.9,0.009738255139150276,-0.03453696849999999
2017-06-23,96447936.25,54.249999994412065,96447882.0,-0.0010188572404183915,-0.03552063750000001
2017-06-27,93538912.65,54.249999994412065,93538858.4,-0.03016159508545202,-0.06461087349999994
2017-06-28,92430302.75,54.249999994412065,92430248.5,-0.011851857890931017,-0.07569697249999996
2017-06-29,93248600.45,54.249999994412065,93248546.2,0.008853132313255463,-0.06751399549999992
2017-06-30,93589808.75,54.249999994412065,93589754.5,0.0036591251595561314,-0.06410191249999997
2017-07-03,93280532.35,54.249999994412065,93280478.1,-0.0033045948499174083,-0.0671946765000001
2017-07-04,93346363.35,54.249999994412065,93346309.1,0.00070573139262331,-0.06653636650000005
2017-07-05,94697624.85,54.249999994412065,94697570.6,0.014475780860722764,-0.05302375150000005
2017-07-06,94993804.05,54.249999994412065,94993749.8,0.003127630713749552,-0.05006195950000003
2017-07-07,96308949.15,54.249999994412065,96308894.9,0.01384453557947607,-0.036910508499999994
2017-07-10,96803259.95,54.249999994412065,96803205.7,0.00513255314654204,-0.03196740050000002
2017-07-11,96509996.95,54.249999994412065,96509942.7,-0.0030294744221576186,-0.03490003050000001
2017-07-12,97069819.45,54.249999994412065,97069765.2,0.00580066850784422,-0.029301805499999944
2017-07-13,98227297.94999999,54.249999994412065,98227243.69999999,0.011924185154132294,-0.01772702050000008
2017-07-14,98394256.85,54.249999994412065,98394202.6,0.0016997199707660116,-0.016057431500000052
2017-07-17,99670679.75,54.249999994412065,99670625.5,0.01297253458548786,-0.003293202499999981
2017-07-18,100809573.65,54.249999994412065,100809519.4,0.011426569005615672,0.008095736500000061
2017-07-19,103048294.25000001,54.249999994412065,103048240.00000001,0.022207420574682724,0.030482942500000165
2017-07-20,102494148.94999999,54.249999994412065,102494094.69999999,-0.005377530060377778,0.02494148949999997
2017-07-21,105148217.55000001,54.249999994412065,105148163.30000001,0.025894830360460475,0.051482175500000116
2017-07-24,104402886.15,54.249999994412065,104402831.9,-0.007088388347102348,0.04402886149999996
2017-07-25,102220419.55,54.249999994412065,102220365.3,-0.020904274589347738,0.02220419550000008
2017-07-26,100468839.85000001,54.249999994412065,100468785.60000001,-0.01713532098293946,0.004688398500000135
2017-07-27,101786486.95000002,54.249999994412065,101786432.70000002,0.013114982734619529,0.017864869500000102
2017-07-28,101898425.55,54.249999994412065,101898371.3,0.0010997393009051226,0.018984255499999936
2017-07-31,102020415.65,54.249999994412065,102020361.4,0.001197173551422015,0.02020415649999996
2017-08-01,102372564.15,54.249999994412065,102372509.9,0.0034517453958247124,0.023725641500000005
2017-08-02,101836968.85,54.249999994412065,101836914.6,-0.005231824605030244,0.01836968849999998
2017-08-03,101898615.35,54.249999994412065,101898561.1,0.0006053450008984829,0.01898615349999999
2017-08-04,102024220.55000001,54.249999994412065,102024166.30000001,0.001232648741777309,0.02024220550000022
2017-08-07,101702830.55000001,54.249999994412065,101702776.30000001,-0.0031501343334693344,0.01702830550000023
2017-08-08,101259735.15000002,54.249999994412065,101259680.90000002,-0.00435676566329346,0.012597351500000187
2017-08-09,101104794.95,54.249999994412065,101104740.7,-0.0015301264591547348,0.011047949499999987
2017-08-10,97591644.35,54.249999994412065,97591590.1,-0.034747616092168476,-0.024083556500000047
2017-08-11,94465240.25,54.249999994412065,94465186.0,-0.032035571496136894,-0.055347597499999956
2017-08-14,96589899.85,54.249999994412065,96589845.6,0.02249144335394826,-0.03410100150000006
2017-08-16,97329398.85,54.249999994412065,97329344.6,0.00765606964235821,-0.02670601150000007
2017-08-17,98883450.95,54.249999994412065,98883396.7,0.01596693412639949,-0.01116549049999993
2017-08-18,96319820.15000002,54.249999994412065,96319765.90000002,-0.02592578207344598,-0.03680179849999976
2017-08-21,95577404.95,54.249999994412065,95577350.7,-0.007707813395455343,-0.0442259505
2017-08-22,96588916.25,54.249999994412065,96588862.0,0.01058316346346877,-0.03411083749999999
2017-08-23,96032009.95,54.249999994412065,96031955.7,-0.00576573712203754,-0.03967990049999992
2017-08-24,95945471.95,54.249999994412065,95945417.7,-0.0009011370275917585,-0.04054528049999995
2017-08-28,97627735.05,54.249999994412065,97627680.8,0.01753353301421745,-0.023722649500000026
2017-08-29,97220566.25,54.249999994412065,97220512.0,-0.004170626306053915,-0.027794337500000044
2017-08-30,98005568.84999998,54.249999994412065,98005514.59999998,0.008074449988095811,-0.0199443115000002
2017-08-31,97716714.75,54.249999994412065,97716660.5,-0.0029473233346778427,-0.0228328525
2017-09-01,98201129.25000001,54.249999994412065,98201075.00000001,0.0049573351011580336,-0.017988707499999812
2017-09-04,97591868.75,54.249999994412065,97591814.5,-0.006204210732128734,-0.024081312500000007
2017-09-05,97909548.75000001,54.249999994412065,97909494.50000001,0.0032551892290719753,-0.020904512499999806
2017-09-06,97853674.34999998,54.249999994412065,97853620.09999998,-0.0005706736545452173,-0.02146325650000025
2017-09-07,98272352.74999999,54.249999994412065,98272298.49999999,0.00427861705532373,-0.017276472500000195
2017-09-08,97733711.75000001,54.249999994412065,97733657.50000001,-0.005481104145031002,-0.022662882499999815
2017-09-11,97627131.05,54.249999994412065,97627076.8,-0.0010905213573864092,-0.023728689500000066
2017-09-12,99600051.35,54.249999994412065,99599997.1,0.02020872967156606,-0.003999486500000038
2017-09-13,99670575.95000002,54.249999994412065,99670521.70000002,0.0007080779481949406,-0.003294240499999823
2017-09-14,99169259.35,54.249999994412065,99169205.1,-0.005029735157259574,-0.008307406500000059
2017-09-15,100041593.75,54.249999994412065,100041539.5,0.008796419431965852,0.0004159374999999077
2017-09-18,101529115.95,54.249999994412065,101529061.7,0.014869037409752428,0.01529115950000004
2017-09-19,101723787.65,54.249999994412065,101723733.4,0.0019173977649511453,0.017237876500000082
2017-09-20,102252247.65,54.249999994412065,102252193.4,0.005195048397315549,0.022522476500000055
2017-09-21,99921311.85,54.249999994412065,99921257.6,-0.022795937043639247,-0.0007868815000000584
2017-09-22,97254715.44999999,54.249999994412065,97254661.19999999,-0.026686963477851933,-0.027452845500000156
2017-09-25,97823700.75,54.249999994412065,97823646.5,0.005850464909257225,-0.021762992500000022
2017-09-26,97257122.55000001,54.249999994412065,97257068.30000001,-0.0057918295429033595,-0.02742877449999992
2017-09-27,97153872.25000001,54.249999994412065,97153818.00000001,-0.0010616219901726787,-0.028461277499999826
2017-09-28,96799886.04999998,54.249999994412065,96799831.79999998,-0.003643562441743353,-0.032001139500000164
2017-09-29,96813457.75000001,54.249999994412065,96813403.50000001,0.000140203677440498,-0.031865422499999796
2017-10-03,97113536.75,54.249999994412065,97113482.5,0.0030995587491036147,-0.028864632500000043
2017-10-04,96750827.65,54.249999994412065,96750773.4,-0.0037348974420911007,-0.03249172349999996
2017-10-05,96672089.25,54.249999994412065,96672035.0,-0.0008138266298335362,-0.03327910749999996
2017-10-06,97394401.44999999,54.249999994412065,97394347.19999999,0.007471776037983879,-0.0260559855000001
2017-10-09,97877547.65,54.249999994412065,97877493.4,0.004960718406879394,-0.021224523499999925
2017-10-10,97065971.05,54.249999994412065,97065916.8,-0.008291754539070828,-0.029340289500000005
2017-10-11,95650526.45,54.249999994412065,95650472.2,-0.014582294749525326,-0.04349473549999994
2017-10-12,96107098.65,54.249999994412065,96107044.4,0.004773337031643621,-0.03892901349999989
2017-10-13,94694380.45,54.249999994412065,94694326.2,-0.01469941575434297,-0.05305619549999996
2017-10-16,95104051.25,54.249999994412065,95103997.0,0.0043262419380452055,-0.04895948750000001
2017-10-17,91569339.55,54.249999994412065,91569285.3,-0.03716678368104753,-0.08430660450000005
2017-10-18,91126848.15,54.249999994412065,91126793.9,-0.004832309615582342,-0.08873151849999994
2017-10-19,91481567.85,54.249999994412065,91481513.6,0.0038925926573922798,-0.0851843215000001
2017-10-23,91897994.35,54.249999994412065,91897940.1,0.004552026269191156,-0.0810200565000001
2017-10-24,97393003.65,54.249999994412065,97392949.4,0.059794659707935294,-0.026069963499999904
2017-10-25,98148481.44999999,54.249999994412065,98148427.19999999,0.0077570027793263385,-0.018515185500000086
2017-10-26,98216279.65000002,54.249999994412065,98216225.40000002,0.0006907717674120573,-0.017837203499999843
2017-10-27,99982984.05000001,54.249999994412065,99982929.80000001,0.017987897793479313,-0.0001701594999998779
2017-10-30,101347152.94999999,54.249999994412065,101347098.69999999,0.013644010658031336,0.013471529499999857
2017-10-31,100256903.25,54.249999994412065,100256849.0,-0.010757575997599744,0.002569032500000068
2017-11-01,99385776.84999998,54.249999994412065,99385722.59999998,-0.008688941826058505,-0.006142231500000261
2017-11-02,98790122.64999999,54.249999994412065,98790068.39999999,-0.005993354571238063,-0.012098773500000104
2017-11-03,100547948.95,54.249999994412065,100547894.7,0.017793543047089244,0.005479489500000101
2017-11-06,98937228.65000002,54.249999994412065,98937174.40000002,-0.01601942473039364,-0.010627713499999802
2017-11-07,99971888.65,54.249999994412065,99971834.4,0.010457741884606353,-0.00028111349999992985
2017-11-08,100072283.04999998,54.249999994412065,100072228.79999998,0.0010042263015701547,0.0007228304999997714
2017-11-09,100059505.14999999,54.249999994412065,100059450.89999999,-0.00012768670415574945,0.0005950514999999434
2017-11-10,100408418.15,54.249999994412065,100408363.9,0.0034870550226784314,0.004084181500000117
2017-11-13,100301932.35,54.249999994412065,100301878.1,-0.0010605266168114413,0.003019323500000004
2017-11-14,100073930.95000002,54.249999994412065,100073876.70000002,-0.002273150622905007,0.0007393095000001182
2017-11-15,99679764.45000002,54.249999994412065,99679710.20000002,-0.00393875304245761,-0.0032023554999998094
2017-11-16,99537446.95,54.249999994412065,99537392.7,-0.0014277471539512199,-0.004625530499999919
2017-11-17,99440382.94999999,54.249999994412065,99440328.69999999,-0.0009751505887907186,-0.005596170500000164
2017-11-20,99237117.85,54.249999994412065,99237063.6,-0.0020440900765859027,-0.007628821500000105
2017-11-21,100658239.65,54.249999994412065,100658185.4,0.014320466281054989,0.006582396500000032
2017-11-22,104574495.14999999,54.249999994412065,104574440.89999999,0.03890645727182629,0.04574495149999991
2017-11-23,105088908.95,54.249999994412065,105088854.7,0.00491911339626494,0.05088908950000004
2017-11-24,104718080.95,54.249999994412065,104718026.7,-0.0035287072984688805,0.04718080949999992
2017-11-27,106946750.05,54.249999994412065,106946695.8,0.021282562474231437,0.06946750050000006
2017-11-28,108344593.64999999,54.249999994412065,108344539.39999999,0.013070463565713508,0.08344593649999998
2017-11-29,106716686.55,54.249999994412065,106716632.3,-0.015025273021548657,0.06716686549999995
2017-11-30,105436044.55,54.249999994412065,105435990.3,-0.012000391329616278,0.054360445499999965
2017-12-01,103178644.45,54.249999994412065,103178590.2,-0.02141013644465284,0.03178644450000001
2017-12-04,104337166.85,54.249999994412065,104337112.6,0.011228315764134855,0.04337166849999985
2017-12-05,104740496.14999999,54.249999994412065,104740441.89999999,0.003865634003459517,0.04740496149999984
2017-12-06,104800080.55,54.249999994412065,104800026.3,0.0005688764345233022,0.04800080550000008
2017-12-07,105402110.84999998,54.249999994412065,105402056.59999998,0.005744559515989733,0.05402110849999975
2017-12-08,103676725.55,54.249999994412065,103676671.3,-0.0163695516729776,0.03676725550000004
2017-12-11,105080565.65000002,54.249999994412065,105080511.40000002,0.013540552062699884,0.05080565650000013
2017-12-12,105210674.65,54.249999994412065,105210620.4,0.001238183285321659,0.05210674650000002
2017-12-13,104492391.75000001,54.249999994412065,104492337.50000001,-0.00682709147517091,0.04492391750000024
2017-12-14,104921026.75,54.249999994412065,104920972.5,0.004102068991065799,0.049210267499999905
2017-12-15,105407693.14999999,54.249999994412065,105407638.89999999,0.00463840676244609,0.054076931499999814
2017-12-18,105911261.64999999,54.249999994412065,105911207.39999999,0.004777341055015816,0.05911261649999999
2017-12-19,107004746.85000001,54.249999994412065,107004692.60000001,0.010324541346826921,0.0700474685000001
2017-12-20,107141991.15,54.249999994412065,107141936.9,0.0012826001092491879,0.07141991150000004
2017-12-21,106411819.05,54.249999994412065,106411764.8,-0.006814994682876052,0.0641181904999999
2017-12-22,106798280.85,54.249999994412065,106798226.6,0.0036317563542298537,0.06798280850000005
2017-12-26,108064652.24999999,54.249999994412065,108064597.99999999,0.011857600983096628,0.08064652249999993
2017-12-27,108550999.34999998,54.249999994412065,108550945.09999998,0.004500519734009556,0.08550999349999988
2017-12-28,108528135.35000001,54.249999994412065,108528081.10000001,-0.00021062910647418054,0.0852813535000001
2017-12-29,107575414.65000002,54.249999994412065,107575360.40000002,-0.008778559559025845,0.07575414650000023
2018-01-01,107442674.15,54.249999994412065,107442619.9,-0.0012339297081205292,0.07442674149999995
2018-01-02,107001036.85,54.249999994412065,107000982.6,-0.004110445905166515,0.07001036849999998
2018-01-03,107303367.75,54.249999994412065,107303313.5,0.0028254950503314724,0.0730336775
2018-01-04,107208805.75,54.249999994412065,107208751.5,-0.0008812584542575719,0.07208805750000002
2018-01-05,108721538.74999999,54.249999994412065,108721484.49999999,0.014110156245257688,0.08721538749999991
2018-01-08,109710790.04999998,54.249999994412065,109710735.79999998,0.00909894498710817,0.09710790049999973
2018-01-09,107539582.95,54.249999994412065,107539528.7,-0.019790278595300137,0.07539582950000012
2018-01-10,108299978.75,54.249999994412065,108299924.5,0.0070708457215566956,0.08299978749999992
2018-01-11,108246261.34999998,54.249999994412065,108246207.09999998,-0.0004960056374897492,0.08246261349999973
2018-01-12,110195748.25000001,54.249999994412065,110195694.00000001,0.01800973886475976,0.10195748250000025
2018-01-15,112534009.15,54.249999994412065,112533954.9,0.021219157155639046,0.12534009150000003
2018-01-16,113227236.45,54.249999994412065,113227182.2,0.006160158206715671,0.13227236450000013
2018-01-17,109935590.55000001,54.249999994412065,109935536.30000001,-0.02907114933829147,0.09935590550000017
2018-01-18,110004337.75,54.249999994412065,110004283.5,0.0006253407077367878,0.10004337750000003
2018-01-19,110801833.55,54.249999994412065,110801779.3,0.00724967593380188,0.10801833549999995
2018-01-22,112343866.95,54.249999994412065,112343812.7,0.01391703864994387,0.12343866950000004
2018-01-23,109619748.24999999,54.249999994412065,109619693.99999999,-0.024248041072081117,0.09619748249999982
2018-01-24,110928612.15,54.249999994412065,110928557.9,0.011940037455796748,0.10928612150000006
2018-01-25,109752393.85,54.249999994412065,109752339.6,-0.010603380653582017,0.09752393849999996
2018-01-29,112131499.35,54.249999994412065,112131445.1,0.021677026045113568,0.12131499349999997
2018-01-30,110971484.25,54.249999994412065,110971430.0,-0.010345131445885669,0.10971484250000008
2018-01-31,109420158.54999998,54.249999994412065,109420104.29999998,-0.013979498521486278,0.0942015854999998
2018-02-01,109453074.05,54.249999994412065,109453019.8,0.0003008175133010216,0.09453074049999999
2018-02-02,106882972.25,54.249999994412065,106882918.0,-0.02348131217242866,0.06882972250000008
2018-02-05,106401189.25,54.249999994412065,106401135.0,-0.004507574872385733,0.06401189249999995
2018-02-06,104777276.85,54.249999994412065,104777222.6,-0.015262163998791989,0.04777276850000001
2018-02-07,106510815.65,54.249999994412065,106510761.4,0.016544988113040615,0.06510815650000001
2018-02-08,107372399.65,54.249999994412065,107372345.4,0.008089169111531458,0.07372399650000006
2018-02-09,106948742.95,54.249999994412065,106948688.7,-0.00394567599663409,0.06948742950000009
2018-02-12,108115513.75000001,54.249999994412065,108115459.50000001,0.010909626123847938,0.08115513750000014
2018-02-14,106212893.65,54.249999994412065,106212839.4,-0.017598030421420496,0.062128936499999954
2018-02-15,105060013.85,54.249999994412065,105059959.6,-0.010854424169998267,0.05060013849999989
2018-02-16,104631758.44999999,54.249999994412065,104631704.19999999,-0.004076293009169452,0.0463175844999999
2018-02-19,104090391.05,54.249999994412065,104090336.8,-0.005174025630647283,0.040903910499999974
2018-02-20,104875773.25000001,54.249999994412065,104875719.00000001,0.007545194057564375,0.04875773250000015
2018-02-21,105284874.65,54.249999994412065,105284820.4,0.003900818914820192,0.05284874650000004
2018-02-22,104071047.25,54.249999994412065,104070993.0,-0.011528981765283497,0.04071047250000004
2018-02-23,104603027.45000002,54.249999994412065,104602973.20000002,0.005111702188622003,0.04603027450000008
2018-02-26,107173379.35,54.249999994412065,107173325.1,0.024572442716618292,0.07173379349999998
2018-02-27,105660361.65,54.249999994412065,105660307.4,-0.014117476832179343,0.05660361650000012
2018-02-28,104024844.74999999,54.249999994412065,104024790.49999999,-0.01547900153340065,0.040248447499999784
2018-03-01,102344773.25000001,54.249999994412065,102344719.00000001,-0.016150675389495994,0.023447732500000207
2018-03-05,101499711.74999999,54.249999994412065,101499657.49999999,-0.00825700691070741,0.014997117499999879
2018-03-06,102775944.85000001,54.249999994412065,102775890.60000001,0.012573760831394942,0.027759448500000117
2018-03-07,103097110.44999999,54.249999994412065,103097056.19999999,0.003124910215797305,0.030971104499999846
2018-03-08,103244026.65000002,54.249999994412065,103243972.40000002,0.0014250273296581017,0.032440266500000314
2018-03-09,104008796.75000001,54.249999994412065,104008742.50000001,0.007407402876609792,0.0400879675000001
2018-03-12,105198681.65000002,54.249999994412065,105198627.40000002,0.011440233299305103,0.051986816500000144
2018-03-13,105814982.55,54.249999994412065,105814928.3,0.005858446991288568,0.05814982549999992
2018-03-14,105417011.15000002,54.249999994412065,105416956.90000002,-0.0037610118190203323,0.05417011150000017
2018-03-15,104490579.75,54.249999994412065,104490525.5,-0.008788253336852625,0.04490579750000001
2018-03-16,104386440.75,54.249999994412065,104386386.5,-0.0009966352971642056,0.04386440750000009
2018-03-19,103197125.25,54.249999994412065,103197071.0,-0.011393390668893,0.03197125249999999
2018-03-20,104491433.85,54.249999994412065,104491379.6,0.012542099374032611,0.04491433849999993
2018-03-21,103743186.25,54.249999994412065,103743132.0,-0.007160851109327515,0.03743186250000008
2018-03-22,102174578.84999998,54.249999994412065,102174524.59999998,-0.015120100477924336,0.021745788499999863
2018-03-23,103978987.25000001,54.249999994412065,103978933.00000001,0.017660052239109714,0.0397898725000001
2018-03-26,106711794.25,54.249999994412065,106711740.0,0.026282300609731912,0.06711794249999992
2018-03-27,106956982.45,54.249999994412065,106956928.2,0.0022976672983829882,0.06956982450000004
2018-03-28,104973596.44999999,54.249999994412065,104973542.19999999,-0.018543772968980354,0.04973596449999995
2018-04-02,105570933.15,54.249999994412065,105570878.9,0.005690351861808773,0.055709331500000125
2018-04-03,105892607.85,54.249999994412065,105892553.6,0.003047000631726249,0.05892607849999987
2018-04-04,104540172.95,54.249999994412065,104540118.7,-0.012771759308409458,0.04540172949999999
2018-04-05,106818754.54999998,54.249999994412065,106818700.29999998,0.021796229484810414,0.06818754549999984
2018-04-06,106448435.64999999,54.249999994412065,106448381.39999999,-0.003466796645963943,0.06448435649999995
2018-04-09,104528948.05,54.249999994412065,104528893.8,-0.01803208838419401,0.04528948049999992
2018-04-10,104700376.14999999,54.249999994412065,104700321.89999999,0.0016400059810990353,0.04700376149999985
2018-04-11,104835178.75000001,54.249999994412065,104835124.50000001,0.0012875082684220551,0.04835178750000013
2018-04-12,103995095.55,54.249999994412065,103995041.3,-0.00801337117956713,0.03995095549999994
2018-04-13,104381332.95,54.249999994412065,104381278.7,0.0037139962991263875,0.04381332950000005
2018-04-16,105054457.25000001,54.249999994412065,105054403.00000001,0.006448703814909473,0.05054457250000022
2018-04-17,104219921.75,6359694.249999994,97860227.5,-0.007943837147376343,0.04219921750000011
2018-04-18,106234066.25,6359694.249999994,99874372.0,0.019325906853312258,0.06234066250000003
2018-04-19,106939441.75,6359694.249999994,100579747.5,0.006639823974543546,0.06939441750000008
2018-04-20,106149081.25,6359694.249999994,99789387.0,-0.007390729622917647,0.06149081249999999
2018-04-23,107287880.24999999,6359694.249999994,100928185.99999999,0.010728298225378907,0.07287880249999978
2018-04-24,106446528.75,6359694.249999994,100086834.5,-0.00784199946945996,0.06446528750000002
2018-04-25,105707159.25,6359694.249999994,99347465.0,-0.006945924011636739,0.057071592500000046
2018-04-26,105384216.25,6359694.249999994,99024522.0,-0.0030550721662686575,0.05384216250000007
2018-04-27,106930943.25000001,6359694.249999994,100571249.00000001,0.01467702712074792,0.0693094325000001
2018-04-30,106106588.75,6359694.249999994,99746894.5,-0.007709223120502262,0.06106588750000008
2018-05-02,107636318.75,6359694.249999994,101276624.5,0.014416918101139098,0.07636318749999993
2018-05-03,107151904.25,6359694.249999994,100792210.0,-0.004500474427457157,0.07151904250000007
2018-05-04,105936618.75,6359694.249999994,99576924.5,-0.011341706976710109,0.0593661875
2018-05-07,108307700.24999999,6359694.249999994,101948005.99999999,0.022382076452671207,0.08307700249999983
2018-05-08,107466348.75,6359694.249999994,101106654.5,-0.007768159586603263,0.07466348750000007
2018-05-09,106871453.75,6359694.249999994,100511759.5,-0.005535639825113181,0.0687145375
2018-05-10,106472024.25,6359694.249999994,100112330.0,-0.0037374760610477953,0.06472024249999997
2018-05-11,107151904.25,6359694.249999994,100792210.0,0.006385527135312152,0.07151904250000007
2018-05-14,104542864.75,6359694.249999994,98183170.5,-0.024348979313636443,0.045428647500000086
2018-05-15,103752504.25,6359694.249999994,97392810.0,-0.007560157279887458,0.037525042499999994
2018-05-16,104415387.25,6359694.249999994,98055693.0,0.006389079519494967,0.04415387249999991
2018-05-17,103438059.75,6359694.249999994,97078365.5,-0.009359994975261632,0.0343805975
2018-05-18,102707188.75,6359694.249999994,96347494.5,-0.00706578412014347,0.027071887500000003
2018-05-21,100744035.24999999,6359694.249999994,94384340.99999999,-0.01911408075610499,0.007440352499999747
2018-05-22,102452233.75,6359694.249999994,96092539.5,0.016955827665241507,0.024522337500000102
2018-05-23,100344605.75000001,6359694.249999994,93984911.50000001,-0.02057181110509443,0.0034460575000001548
2018-05-24,100599560.75000001,6359694.249999994,94239866.50000001,0.002540794276826297,0.005995607500000055
2018-05-25,101746858.25000001,6359694.249999994,95387164.00000001,0.011404597509636849,0.01746858250000005
2018-05-28,103981963.75,6359694.249999994,97622269.5,0.021967317108781526,0.03981963749999995
2018-05-29,100914005.24999999,6359694.249999994,94554310.99999999,-0.029504717831413507,0.009140052499999829
2018-05-30,100735536.75,6359694.249999994,94375842.5,-0.0017685206286069954,0.007355367499999987
2018-05-31,101109470.75000001,6359694.249999994,94749776.50000001,0.003712036606585256,0.011094707500000078
2018-06-01,100752533.75,6359694.249999994,94392839.5,-0.0035302034255778603,0.007525337499999951
2018-06-04,101593885.24999999,6359694.249999994,95234190.99999999,0.008350673364579064,0.015938852499999934
2018-06-05,98721392.25,6359694.249999994,92361698.0,-0.028274270571810645,-0.012786077500000048
2018-06-06,99953674.75,6359694.249999994,93593980.5,0.012482426269672109,-0.00046325250000001095
2018-06-07,99690221.25,6359694.249999994,93330527.0,-0.0026357560205658714,-0.0030977875000000044
2018-06-08,100947999.25,6359694.249999994,94588305.0,0.012616864364718205,0.009479992499999979
2018-06-11,102741182.74999999,6359694.249999994,96381488.49999999,0.01776343774341793,0.02741182749999993
2018-06-12,102316257.74999999,6359694.249999994,95956563.49999999,-0.004135878025017137,0.023162577499999948
2018-06-13,101372924.25,6359694.249999994,95013230.0,-0.009219781105608171,0.01372924249999996
2018-06-14,100625056.25,6359694.249999994,94265362.0,-0.007377393969179136,0.006250562500000001
2018-06-15,100650551.75,6359694.249999994,94290857.5,0.00025337128693525557,0.0065055174999999466
2018-06-18,101678870.24999999,6359694.249999994,95319175.99999999,0.010216719949575293,0.016788702499999753
2018-06-19,100608059.25,6359694.249999994,94248365.0,-0.010531303085559052,0.006080592500000037
2018-06-20,101695867.25,6359694.249999994,95336173.0,0.010812334599327844,0.01695867249999994
2018-06-21,102129290.75000001,6359694.249999994,95769596.50000001,0.004261957852569553,0.021292907500000124
2018-06-22,102494726.25,6359694.249999994,96135032.0,0.003578165453968829,0.02494726250000001
2018-06-25,101415416.75,6359694.249999994,95055722.5,-0.010530390581925175,0.014154167500000092
2018-06-26,101738359.75,6359694.249999994,95378665.5,0.0031843580626018664,0.01738359750000007
2018-06-27,99044335.24999999,6359694.249999994,92684640.99999999,-0.02647992857974113,-0.009556647500000182
2018-06-28,97752563.25000001,6359694.249999994,91392869.00000001,-0.013042361249024248,-0.02247436749999987
2018-06-29,98823374.25,6359694.249999994,92463680.0,0.010954300986066423,-0.011766257500000044
2018-07-02,97973524.25,6359694.249999994,91613830.0,-0.00859968612132267,-0.020264757500000008
2018-07-03,98763884.75,6359694.249999994,92404190.5,0.008067082469986886,-0.012361152500000028
2018-07-04,98381452.25,6359694.249999994,92021758.0,-0.0038721897277333994,-0.01618547749999999
2018-07-05,99894185.24999999,6359694.249999994,93534490.99999999,0.01537620115787619,-0.0010581475000001062
2018-07-06,98806377.25,6359694.249999994,92446683.0,-0.010889602805984944,-0.011936227500000007
2018-07-09,98355956.75,6359694.249999994,91996262.5,-0.00455861769792798,-0.016440432500000046
2018-07-10,97880040.75000001,6359694.249999994,91520346.50000001,-0.0048387104932512415,-0.02119959249999981
2018-07-11,98270971.75,6359694.249999994,91911277.5,0.003993980764663618,-0.017290282499999976
2018-07-12,97030190.75000001,6359694.249999994,90670496.50000001,-0.012626119167280847,-0.029698092499999884
2018-07-13,92814934.75,6359694.249999994,86455240.5,-0.04344272609811406,-0.0718506525
2018-07-16,92772442.25,6359694.249999994,86412748.0,-0.0004578196398505874,-0.07227557750000002
2018-07-17,94285175.24999999,6359694.249999994,87925480.99999999,0.016305844314451923,-0.05714824750000014
2018-07-18,94982052.25,6359694.249999994,88622358.0,0.0073911619525786065,-0.05017947749999996
2018-07-19,94829079.25,6359694.249999994,88469385.0,-0.0016105463756180827,-0.051709207499999965
2018-07-20,93996226.25,6359694.249999994,87636532.0,-0.00878267517292175,-0.060037737499999966
2018-07-23,93775265.24999999,6359694.249999994,87415570.99999999,-0.0023507433097614827,-0.06224734750000016
2018-07-24,95364484.75,6359694.249999994,89004790.5,0.016947107488986868,-0.046355152499999996
2018-07-25,95024544.75,6359694.249999994,88664850.5,-0.003564639403140113,-0.04975455250000005
2018-07-26,94463643.75,6359694.249999994,88103949.5,-0.005902695997920038,-0.05536356249999996
2018-07-27,94489139.25,6359694.249999994,88129445.0,0.0002698974863544201,-0.05510860750000002
2018-07-30,95517457.74999999,6359694.249999994,89157763.49999999,0.010882928008046022,-0.0448254225000001
2018-07-31,95848899.25,6359694.249999994,89489205.0,0.0034699573021248487,-0.04151100750000003
2018-08-01,95593944.25,6359694.249999994,89234250.0,-0.0026599679495015183,-0.04406055750000004
2018-08-02,94599619.75,6359694.249999994,88239925.5,-0.010401542773458727,-0.05400380250000003
2018-08-03,94880070.24999999,6359694.249999994,88520375.99999999,0.0029646049396512275,-0.051199297500000185
2018-08-06,95423974.25,6359694.249999994,89064280.0,0.005732542129942342,-0.04576025750000001
2018-08-07,96503283.75,6359694.249999994,90143589.5,0.01131067437174993,-0.03496716249999998
2018-08-08,96180340.75000001,6359694.249999994,89820646.50000001,-0.0033464457109728674,-0.03819659249999985
2018-08-09,95016046.25,6359694.249999994,88656352.0,-0.012105327252128872,-0.04983953750000003
2018-08-10,94370160.24999999,6359694.249999994,88010465.99999999,-0.006797651822941564,-0.0562983975000001
2018-08-13,92517487.25,6359694.249999994,86157793.0,-0.019631978954915308,-0.07482512750000003
2018-08-14,93664784.75,6359694.249999994,87305090.5,0.012400871814641778,-0.06335215250000004
2018-08-16,91548658.25,6359694.249999994,85188964.0,-0.022592551786118298,-0.08451341749999997
2018-08-17,92084063.75,6359694.249999994,85724369.5,0.005848316187637925,-0.0791593625
2018-08-20,92390009.75,6359694.249999994,86030315.5,0.00332246414353099,-0.07609990249999998
2018-08-21,93826256.25,6359694.249999994,87466562.0,0.015545474060305597,-0.06173743750000005
2018-08-23,92237036.75,6359694.249999994,85877342.5,-0.016937897380936984,-0.07762963249999999
2018-08-24,92891421.25,6359694.249999994,86531727.0,0.007094595870134501,-0.07108578750000005
2018-08-27,93120880.75,6359694.249999994,86761186.5,0.002470190432144026,-0.06879119249999999
2018-08-28,93137877.75,6359694.249999994,86778183.5,0.0001825261945882506,-0.06862122250000002
2018-08-29,92322021.75,6359694.249999994,85962327.5,-0.008759658473107113,-0.07677978249999995
2018-08-30,92763943.75,6359694.249999994,86404249.5,0.004786745259941272,-0.0723605625
2018-08-31,91157727.25,6359694.249999994,84798033.0,-0.01731509501502837,-0.08842272750000002
2018-09-03,91387186.75,6359694.249999994,85027492.5,0.002517170040568395,-0.08612813249999995
2018-09-04,90044423.75,6359694.249999994,83684729.5,-0.014693121079143001,-0.09955576249999998
2018-09-05,88497696.75,6359694.249999994,82138002.5,-0.01717737685005727,-0.11502303250000001
2018-09-06,86296585.25,86296585.25,0.0,-0.024871963687574716,-0.13703414749999998
2018-09-07,86296585.25,86296585.25,0.0,0.0,-0.13703414749999998
2018-09-10,86296585.25,86296585.25,0.0,0.0,-0.13703414749999998
2018-09-11,86296585.25,86296585.25,0.0,0.0,-0.13703414749999998
2018-09-12,86296585.25,86296585.25,0.0,0.0,-0.13703414749999998
2018-09-14,86296585.25,86296585.25,0.0,0.0,-0.13703414749999998
2018-09-17,86296585.25,86296585.25,0.0,0.0,-0.13703414749999998
2018-09-18,86296585.25,86296585.25,0.0,0.0,-0.13703414749999998
2018-09-19,86296585.25,86296585.25,0.0,0.0,-0.13703414749999998
2018-09-21,86296585.25,86296585.25,0.0,0.0,-0.13703414749999998
2018-09-24,86296585.25,86296585.25,0.0,0.0,-0.13703414749999998
2018-09-25,86296585.25,86296585.25,0.0,0.0,-0.13703414749999998
2018-09-26,86296585.25,86296585.25,0.0,0.0,-0.13703414749999998
2018-09-27,86296585.25,86296585.25,0.0,0.0,-0.13703414749999998
2018-09-28,86296585.25,74070776.55,12225808.700000003,0.0,-0.13703414749999998
2018-10-01,86517533.6,74070776.55,12446757.049999997,0.0025603371136866393,-0.13482466400000004
2018-10-03,86475448.2,62286435.75,24189012.450000003,-0.00048643781495860683,-0.13524551799999995
2018-10-04,85798402.05,62286435.75,23511966.299999997,-0.007829345370192642,-0.1420159795
2018-10-05,85182905.55,62286435.75,22896469.799999997,-0.007173752485988172,-0.1481709445
2018-10-08,84957223.5,62286435.75,22670787.75,-0.002649381921675964,-0.150427765
2018-10-09,85613753.1,62286435.75,23327317.349999994,0.007727766668363278,-0.1438624690000001
2018-10-10,87439726.05,62286435.75,25153290.299999997,0.02132803298399022,-0.1256027395
2018-10-11,87501275.7,62286435.75,25214839.950000003,0.0007039094560383763,-0.12498724299999997
2018-10-12,88198838.4,62286435.75,25912402.650000006,0.007972028915230966,-0.11801161599999999
2018-10-15,90312043.05,62286435.75,28025607.299999997,0.023959551943486757,-0.09687956949999998
2018-10-16,90435142.35,62286435.75,28148706.599999994,0.0013630441283656314,-0.09564857650000003
2018-10-17,88137288.75,62286435.75,25850853.0,-0.025408857002810814,-0.11862711250000002
2018-10-19,88219354.95,62286435.75,25932919.200000003,0.0009311178181663493,-0.11780645049999994
2018-10-22,86803713.0,62286435.75,24517277.25,-0.01604684086391639,-0.13196286999999995
2018-10-23,85962534.45,62286435.75,23676098.700000003,-0.009690582590631824,-0.14037465549999995
2018-10-24,86413898.55,62286435.75,24127462.799999997,0.005250707216671646,-0.1358610145
2018-10-25,85859951.7,62286435.75,23573515.950000003,-0.006410390681303113,-0.14140048299999997
2018-10-26,86393382.0,62286435.75,24106946.25,0.006212795248986769,-0.13606618000000004
2018-10-29,86536997.85,62286435.75,24250562.099999994,0.0016623478173363182,-0.13463002150000003
2018-10-30,86578030.95,62286435.75,24291595.200000003,0.0004741682866227226,-0.13421969049999993
2018-10-31,86413898.55,62286435.75,24127462.799999997,-0.001895774230471825,-0.1358610145
2018-11-01,86701130.25,62286435.75,24414694.5,0.003323906279194322,-0.13298869749999997
2018-11-02,87275593.65,62286435.75,24989157.900000006,0.006625789056538878,-0.12724406349999995
2018-11-05,86701130.25,50688933.75,36012196.5,-0.006582176940597706,-0.13298869749999997
2018-11-06,86852442.0,50688933.75,36163508.25,0.0017452108128659383,-0.13147558000000004
2018-11-07,87548476.05,50688933.75,36859542.3,0.00801398364826622,-0.12451523949999999
2018-11-09,87790574.85,50688933.75,37101641.099999994,0.002765311412864957,-0.12209425150000008
2018-11-12,87578738.4,39116783.9,48461954.50000001,-0.002412974859339223,-0.12421261599999989
2018-11-13,87618493.9,39116783.9,48501710.00000001,0.0004539400855310127,-0.12381506099999995
2018-11-14,89168958.4,39116783.9,50052174.50000001,0.017695630579653177,-0.10831041599999991
2018-11-15,88930425.4,39116783.9,49813641.50000001,-0.0026750676948582575,-0.11069574599999998
2018-11-16,88771403.4,39116783.9,49654619.50000001,-0.0017881619174172636,-0.11228596599999996
2018-11-19,88930425.4,39116783.9,49813641.50000001,0.0017913651683916232,-0.11069574599999998
2018-11-20,88890669.9,39116783.9,49773886.00000001,-0.00044704047935428814,-0.11109330099999992
2018-11-21,88890669.9,39116783.9,49773886.00000001,0.0,-0.11109330099999992
2018-11-22,88850914.4,39116783.9,49734130.50000001,-0.00044724041392329994,-0.11149085599999997
2018-11-26,86982405.9,39116783.9,47865622.00000001,-0.021029704788271708,-0.13017594099999996
2018-11-27,86783628.4,39116783.9,47666844.50000001,-0.0022852610012710217,-0.132163716
2018-11-28,86664361.9,39116783.9,47547578.00000001,-0.0013742972286233668,-0.1333563809999999
2018-11-29,86743872.9,39116783.9,47627089.00000001,0.0009174590137956962,-0.13256127099999993
2018-11-30,87379960.9,39116783.9,48263177.00000001,0.007332944434395916,-0.1262003909999999
2018-12-03,87061916.9,39116783.9,47945133.00000001,-0.0036397818987808916,-0.12938083099999997
2018-12-04,86902894.9,39116783.9,47786111.00000001,-0.0018265391535389197,-0.13097105099999995
2018-12-05,86942650.4,39116783.9,47825866.50000001,0.0004574703759379073,-0.1305734959999999
2018-12-06,86863139.4,39116783.9,47746355.50000001,-0.0009145223849766904,-0.1313686059999999
2018-12-07,86743872.9,39116783.9,47627089.00000001,-0.0013730392525969082,-0.13256127099999993
2018-12-10,86704117.4,39116783.9,47587333.50000001,-0.000458309027149717,-0.13295882599999997
2018-12-11,86863139.4,39116783.9,47746355.50000001,0.0018340766824991306,-0.1313686059999999
2018-12-12,88890669.9,39116783.9,49773886.00000001,0.023341667294147994,-0.11109330099999992
2018-12-13,88970180.9,39116783.9,49853397.00000001,0.0008944808278465999,-0.11029819099999993
2018-12-14,89009936.4,39116783.9,49893152.50000001,0.0004468407234630156,-0.10990063599999988
2018-12-17,88373848.4,25926266.0,62447582.400000006,-0.007146258336164779,-0.1162615159999999
2018-12-18,89381880.4,25926266.0,63455614.400000006,0.011406451322991229,-0.10618119599999998
2018-12-19,88424250.0,12759574.0,75664676.0,-0.010713920939170674,-0.11575749999999996
2018-12-20,86532633.10000001,12759574.0,73773059.10000001,-0.02139251280050425,-0.13467366899999988
2018-12-21,85373255.0,12759574.0,72613681.0,-0.013398160421862926,-0.14626744999999997
2018-12-24,85495294.8,12759574.0,72735720.8,0.0014294851473097836,-0.145047052
2018-12-26,84579996.3,12759574.0,71820422.3,-0.010705834773026557,-0.15420003700000007
2018-12-27,85800394.3,12759574.0,73040820.3,0.014428919997481637,-0.14199605700000006
2018-12-28,85434274.89999999,12759574.0,72674700.89999999,-0.004267106264335685,-0.14565725100000004
2018-12-31,85617334.60000001,12759574.0,72857760.60000001,0.0021426962447366193,-0.14382665399999994
2019-01-01,86410593.3,12759574.0,73651019.3,0.009265164627070499,-0.13589406700000006
2019-01-02,87447931.60000001,12759574.0,74688357.60000001,0.012004758448985298,-0.12552068399999994
2019-01-03,87203852.0,12759574.0,74444278.0,-0.0027911420605860604,-0.12796147999999996
2019-01-04,86776712.7,8699238.45,78077474.25,-0.004898170094596255,-0.13223287299999997
2019-01-07,87484752.45,8699238.45,78785514.0,0.008159329017772388,-0.12515247549999997
2019-01-08,87484752.45,8699238.45,78785514.0,0.0,-0.12515247549999997
2019-01-09,87291650.7,8699238.45,78592412.25,-0.002207261775248881,-0.127083493
2019-01-10,87549119.7,8699238.45,78849881.25,0.0029495260764955678,-0.124508803
2019-01-11,88578995.7,8699238.45,79879757.25,0.011763407827845906,-0.11421004299999993
2019-01-14,87999690.45,8699238.45,79300452.0,-0.006539984399484444,-0.12000309549999999
2019-01-15,89093933.7,8699238.45,80394695.25,0.012434626126573978,-0.10906066299999995
2019-01-16,87806588.7,8699238.45,79107350.25,-0.014449300267005749,-0.12193411300000001
2019-01-17,87098548.95,8699238.45,78399310.5,-0.00806362894268775,-0.1290145105
2019-01-18,86326141.95,8699238.45,77626903.5,-0.008868195960915592,-0.13673858049999998
2019-01-21,85939938.45,8699238.45,77240700.0,-0.004473772269629417,-0.14060061549999991
2019-01-22,84202022.7,8699238.45,75502784.25,-0.020222445830713753,-0.157979773
2019-01-23,85231898.7,8699238.45,76532660.25,0.012231012593002744,-0.14768101299999992
2019-01-24,84974429.7,8699238.45,76275191.25,-0.003020805636470003,-0.15025570300000002
2019-01-25,82657208.7,8699238.45,73957970.25,-0.0272696269710887,-0.17342791299999993
2019-01-28,84073288.2,8699238.45,75374049.75,0.017131954033671626,-0.15926711799999993
2019-01-29,84266389.95,8699238.45,75567151.5,0.002296826425304488,-0.15733610050000002
2019-01-30,85553734.95,8699238.45,76854496.5,0.015277087350767715,-0.14446265049999996
2019-01-31,86326141.95,8699238.45,77626903.5,0.009028325887249888,-0.13673858049999998
2019-02-01,84910062.45,8699238.45,76210824.0,-0.016403831655307788,-0.1508993755
2019-02-04,83815819.2,8699238.45,75116580.75,-0.012887085681327237,-0.16184180799999992
2019-02-05,79889416.95,8699238.45,71190178.5,-0.04684559892722495,-0.20110583049999997
2019-02-06,78280235.7,8699238.45,69580997.25,-0.02014260851355476,-0.217197643
2019-02-07,77507828.7,8699238.45,68808590.25,-0.009867203299695704,-0.22492171299999997
2019-02-08,75963014.7,8699238.45,67263776.25,-0.019931070524234706,-0.24036985300000002
2019-02-11,75061873.2,8699238.45,66362634.75,-0.01186289806373364,-0.24938126799999993
2019-02-12,74418200.7,8699238.45,65718962.25,-0.008575225644648632,-0.25581799299999997
2019-02-13,72744652.2,8699238.45,64045413.75,-0.02248843003805656,-0.27255347799999996
2019-02-14,72487183.2,8699238.45,63787944.75,-0.0035393529587869343,-0.27512816799999995
2019-02-15,70942369.2,70942369.2,0.0,-0.021311546839083095,-0.290576308
2019-02-18,70942369.2,70942369.2,0.0,0.0,-0.290576308
2019-02-19,70942369.2,70942369.2,0.0,0.0,-0.290576308
2019-02-20,70942369.2,70942369.2,0.0,0.0,-0.290576308
2019-02-21,70942369.2,70942369.2,0.0,0.0,-0.290576308
2019-02-22,70942369.2,70942369.2,0.0,0.0,-0.290576308
2019-02-25,70942369.2,70942369.2,0.0,0.0,-0.290576308
2019-02-26,70942369.2,70942369.2,0.0,0.0,-0.290576308
2019-02-27,70942369.2,70942369.2,0.0,0.0,-0.290576308
2019-02-28,70942369.2,70942369.2,0.0,0.0,-0.290576308
2019-03-01,70942369.2,70942369.2,0.0,0.0,-0.290576308
2019-03-05,70942369.2,70942369.2,0.0,0.0,-0.290576308
2019-03-06,70942369.2,70942369.2,0.0,0.0,-0.290576308
2019-03-07,70942369.2,70942369.2,0.0,0.0,-0.290576308
2019-03-08,70942369.2,70942369.2,0.0,0.0,-0.290576308
2019-03-11,70942369.2,70942369.2,0.0,0.0,-0.290576308
2019-03-12,70942369.2,70942369.2,0.0,0.0,-0.290576308
2019-03-13,70942369.2,70942369.2,0.0,0.0,-0.290576308
2019-03-14,70942369.2,70942369.2,0.0,0.0,-0.290576308
2019-03-15,70942369.2,70942369.2,0.0,0.0,-0.290576308
2019-03-18,70942369.2,70942369.2,0.0,0.0,-0.290576308
2019-03-19,70942369.2,70942369.2,0.0,0.0,-0.290576308
2019-03-20,70942369.2,70942369.2,0.0,0.0,-0.290576308
2019-03-22,70942369.2,70942369.2,0.0,0.0,-0.290576308
2019-03-25,70942369.2,70942369.2,0.0,0.0,-0.290576308
2019-03-26,70942369.2,70942369.2,0.0,0.0,-0.290576308
2019-03-27,70942369.2,70942369.2,0.0,0.0,-0.290576308
2019-03-28,70942369.2,70942369.2,0.0,0.0,-0.290576308
2019-03-29,70942369.2,70942369.2,0.0,0.0,-0.290576308
2019-04-01,70942369.2,70942369.2,0.0,0.0,-0.290576308
2019-04-02,70942369.2,70942369.2,0.0,0.0,-0.290576308
2019-04-03,70942369.2,70942369.2,0.0,0.0,-0.290576308
2019-04-04,70942369.2,70942369.2,0.0,0.0,-0.290576308
2019-04-05,70942369.2,70942369.2,0.0,0.0,-0.290576308
2019-04-08,70942369.2,70942369.2,0.0,0.0,-0.290576308
2019-04-09,70942369.2,70942369.2,0.0,0.0,-0.290576308
2019-04-10,70942369.2,70942369.2,0.0,0.0,-0.290576308
2019-04-11,70942369.2,70942369.2,0.0,0.0,-0.290576308
2019-04-12,70942369.2,70942369.2,0.0,0.0,-0.290576308
2019-04-15,70942369.2,70942369.2,0.0,0.0,-0.290576308
2019-04-16,70942369.2,70942369.2,0.0,0.0,-0.290576308
2019-04-18,70942369.2,70942369.2,0.0,0.0,-0.290576308
2019-04-22,70942369.2,70942369.2,0.0,0.0,-0.290576308
2019-04-23,70942369.2,70942369.2,0.0,0.0,-0.290576308
2019-04-24,70942369.2,70942369.2,0.0,0.0,-0.290576308
2019-04-25,70942369.2,70942369.2,0.0,0.0,-0.290576308
2019-04-26,70942369.2,70942369.2,0.0,0.0,-0.290576308
2019-04-30,70942369.2,70942369.2,0.0,0.0,-0.290576308
2019-05-02,70942369.2,70942369.2,0.0,0.0,-0.290576308
2019-05-03,70942369.2,70942369.2,0.0,0.0,-0.290576308
2019-05-06,70942369.2,70942369.2,0.0,0.0,-0.290576308
2019-05-07,70942369.2,70942369.2,0.0,0.0,-0.290576308
2019-05-08,70942369.2,70942369.2,0.0,0.0,-0.290576308
2019-05-09,70942369.2,70942369.2,0.0,0.0,-0.290576308
2019-05-10,70942369.2,70942369.2,0.0,0.0,-0.290576308
2019-05-13,70942369.2,70942369.2,0.0,0.0,-0.290576308
2019-05-14,70942369.2,70942369.2,0.0,0.0,-0.290576308
2019-05-15,70942369.2,70942369.2,0.0,0.0,-0.290576308
2019-05-16,70942369.2,70942369.2,0.0,0.0,-0.290576308
2019-05-17,70942369.2,70942369.2,0.0,0.0,-0.290576308
2019-05-20,70942369.2,70942369.2,0.0,0.0,-0.290576308
2019-05-21,70942369.2,70942369.2,0.0,0.0,-0.290576308
2019-05-22,70942369.2,70942369.2,0.0,0.0,-0.290576308
2019-05-23,70942369.2,70942369.2,0.0,0.0,-0.290576308
2019-05-24,70942369.2,70942369.2,0.0,0.0,-0.290576308
2019-05-27,70942369.2,70942369.2,0.0,0.0,-0.290576308
2019-05-28,70942369.2,70942369.2,0.0,0.0,-0.290576308
2019-05-29,70942369.2,70942369.2,0.0,0.0,-0.290576308
2019-05-30,70942369.2,70942369.2,0.0,0.0,-0.290576308
2019-05-31,70942369.2,70942369.2,0.0,0.0,-0.290576308
2019-06-03,70942369.2,70942369.2,0.0,0.0,-0.290576308
2019-06-04,70942369.2,70942369.2,0.0,0.0,-0.290576308
2019-06-06,70942369.2,70942369.2,0.0,0.0,-0.290576308
2019-06-07,70942369.2,70942369.2,0.0,0.0,-0.290576308
2019-06-10,70942369.2,70942369.2,0.0,0.0,-0.290576308
2019-06-11,70942369.2,70942369.2,0.0,0.0,-0.290576308
2019-06-12,70942369.2,70942369.2,0.0,0.0,-0.290576308
2019-06-13,70942369.2,70942369.2,0.0,0.0,-0.290576308
2019-06-14,70942369.2,70942369.2,0.0,0.0,-0.290576308
2019-06-17,70942369.2,70942369.2,0.0,0.0,-0.290576308
2019-06-18,70942369.2,70942369.2,0.0,0.0,-0.290576308
2019-06-19,70942369.2,70942369.2,0.0,0.0,-0.290576308
2019-06-20,70942369.2,70942369.2,0.0,0.0,-0.290576308
2019-06-21,70942369.2,70942369.2,0.0,0.0,-0.290576308
2019-06-24,70942369.2,70942369.2,0.0,0.0,-0.290576308
2019-06-25,70942369.2,70942369.2,0.0,0.0,-0.290576308
2019-06-26,70942369.2,70942369.2,0.0,0.0,-0.290576308
2019-06-27,70942369.2,70942369.2,0.0,0.0,-0.290576308
2019-06-28,70942369.2,70942369.2,0.0,0.0,-0.290576308
2019-07-01,70942369.2,70942369.2,0.0,0.0,-0.290576308
2019-07-02,70942369.2,70942369.2,0.0,0.0,-0.290576308
2019-07-03,70942369.2,70942369.2,0.0,0.0,-0.290576308
2019-07-04,70942369.2,70942369.2,0.0,0.0,-0.290576308
2019-07-05,70942369.2,70942369.2,0.0,0.0,-0.290576308
2019-07-08,70942369.2,70942369.2,0.0,0.0,-0.290576308
2019-07-09,70942369.2,70942369.2,0.0,0.0,-0.290576308
2019-07-10,70942369.2,70942369.2,0.0,0.0,-0.290576308
2019-07-11,70942369.2,70942369.2,0.0,0.0,-0.290576308
2019-07-12,70942369.2,70942369.2,0.0,0.0,-0.290576308
2019-07-15,70942369.2,70942369.2,0.0,0.0,-0.290576308
2019-07-16,70942369.2,70942369.2,0.0,0.0,-0.290576308
2019-07-17,70942369.2,70942369.2,0.0,0.0,-0.290576308
2019-07-18,70942369.2,70942369.2,0.0,0.0,-0.290576308
2019-07-19,70942369.2,70942369.2,0.0,0.0,-0.290576308
2019-07-22,70942369.2,70942369.2,0.0,0.0,-0.290576308
2019-07-23,70942369.2,70942369.2,0.0,0.0,-0.290576308
2019-07-24,70942369.2,70942369.2,0.0,0.0,-0.290576308
2019-07-25,70942369.2,70942369.2,0.0,0.0,-0.290576308
2019-07-26,70942369.2,70942369.2,0.0,0.0,-0.290576308
2019-07-29,70942369.2,70942369.2,0.0,0.0,-0.290576308
2019-07-30,70942369.2,70942369.2,0.0,0.0,-0.290576308
2019-07-31,70942369.2,70942369.2,0.0,0.0,-0.290576308
2019-08-01,70942369.2,70942369.2,0.0,0.0,-0.290576308
2019-08-02,70942369.2,70942369.2,0.0,0.0,-0.290576308
2019-08-05,70942369.2,70942369.2,0.0,0.0,-0.290576308
2019-08-06,70942369.2,70942369.2,0.0,0.0,-0.290576308
2019-08-07,70942369.2,70942369.2,0.0,0.0,-0.290576308
2019-08-08,70942369.2,70942369.2,0.0,0.0,-0.290576308
2019-08-09,70942369.2,70942369.2,0.0,0.0,-0.290576308
2019-08-13,70942369.2,70942369.2,0.0,0.0,-0.290576308
2019-08-14,70942369.2,70942369.2,0.0,0.0,-0.290576308
2019-08-16,70942369.2,70942369.2,0.0,0.0,-0.290576308
2019-08-19,70942369.2,70942369.2,0.0,0.0,-0.290576308
2019-08-20,70942369.2,70942369.2,0.0,0.0,-0.290576308
2019-08-21,70942369.2,70942369.2,0.0,0.0,-0.290576308
2019-08-22,70942369.2,70942369.2,0.0,0.0,-0.290576308
2019-08-23,70942369.2,70942369.2,0.0,0.0,-0.290576308
2019-08-26,70942369.2,70942369.2,0.0,0.0,-0.290576308
2019-08-27,70942369.2,70942369.2,0.0,0.0,-0.290576308
2019-08-28,70942369.2,70942369.2,0.0,0.0,-0.290576308
2019-08-29,70942369.2,70942369.2,0.0,0.0,-0.290576308
2019-08-30,70942369.2,70942369.2,0.0,0.0,-0.290576308
2019-09-03,70942369.2,70942369.2,0.0,0.0,-0.290576308
2019-09-04,70942369.2,70942369.2,0.0,0.0,-0.290576308
2019-09-05,70942369.2,70942369.2,0.0,0.0,-0.290576308
2019-09-06,70942369.2,70942369.2,0.0,0.0,-0.290576308
2019-09-09,70942369.2,70942369.2,0.0,0.0,-0.290576308
2019-09-11,70942369.2,70942369.2,0.0,0.0,-0.290576308
2019-09-12,70942369.2,70942369.2,0.0,0.0,-0.290576308
2019-09-13,70942369.2,70942369.2,0.0,0.0,-0.290576308
2019-09-16,70942369.2,70942369.2,0.0,0.0,-0.290576308
2019-09-17,70942369.2,70942369.2,0.0,0.0,-0.290576308
2019-09-18,70942369.2,70942369.2,0.0,0.0,-0.290576308
2019-09-19,70942369.2,70942369.2,0.0,0.0,-0.290576308
2019-09-20,70942369.2,70942369.2,0.0,0.0,-0.290576308
2019-09-23,70942369.2,70942369.2,0.0,0.0,-0.290576308
2019-09-24,70942369.2,70942369.2,0.0,0.0,-0.290576308
2019-09-25,70942369.2,59768780.2,11173589.0,0.0,-0.290576308
2019-09-26,70623744.9,47506043.150000006,23117701.75,-0.004491311801297915,-0.2937625509999999
2019-09-27,70425332.4,36218369.00000001,34206963.4,-0.0028094304582820806,-0.29574667599999993
2019-09-30,72016537.60000001,36218369.00000001,35798168.6,0.022594216395917188,-0.2798346239999999
2019-10-01,71947440.60000001,36218369.00000001,35729071.6,-0.000959460178213245,-0.2805255939999999
2019-10-03,70751075.4,25215026.400000006,45536049.0,-0.016628321869728957,-0.2924892459999999
2019-10-04,70969748.4,25215026.400000006,45754722.0,0.0030907374730873016,-0.2903025159999999
2019-10-07,71112927.15,25215026.400000006,45897900.75,0.002017461710488444,-0.28887072849999995
2019-10-09,70899460.65,14298670.950000005,56600789.7,-0.003001795996243173,-0.2910053935
2019-10-10,72966877.95,14298670.950000005,58668207.0,0.029159845237835436,-0.2703312205
2019-10-11,74192491.95,14298670.950000005,59893821.0,0.016796854058081623,-0.25807508049999994
2019-10-14,74515021.95,14298670.950000005,60216351.0,0.00434720537783484,-0.25484978049999996
2019-10-15,74250547.35000001,14298670.950000005,59951876.400000006,-0.0035492789652193935,-0.25749452649999993
2019-10-16,73315210.35000001,7350005.450000005,65965204.900000006,-0.012597038451326648,-0.26684789649999996
2019-10-17,72846553.85,7302768.650000005,65543785.19999999,-0.006392350206221753,-0.27153446150000005
2019-10-18,74859622.55,7302768.650000005,67556853.89999999,0.027634371066408425,-0.25140377450000007
2019-10-22,74938990.85000001,7302768.650000005,67636222.2,0.0010602284288436792,-0.2506100914999999
2019-10-23,76035716.45,7302768.650000005,68732947.8,0.014634912847908854,-0.23964283549999998
2019-10-24,78672908.60000001,7302768.650000005,71370139.95,0.034683597040006564,-0.21327091399999987
2019-10-25,78600755.60000001,7302768.650000005,71297986.95,-0.0009171263816728503,-0.21399244399999995
2019-10-27,80372111.75000001,7302768.650000005,73069343.10000001,0.022536121141308874,-0.1962788824999998
2019-10-29,79477414.55,7302768.650000005,72174645.89999999,-0.011131935947919391,-0.20522585450000008
2019-10-30,79376400.35000001,7302768.650000005,72073631.7,-0.001270979945333317,-0.2062359964999999
2019-10-31,82785629.60000001,7302768.650000005,75482860.95,0.042950161949489196,-0.1721437039999999
2019-11-01,80960158.7,7302768.650000005,73657390.05,-0.02205057700014168,-0.19039841299999993
2019-11-04,80011346.75000001,7302768.650000005,72708578.10000001,-0.011719492219819383,-0.19988653249999988
2019-11-05,78579109.7,7302768.650000005,71276341.05,-0.01790042422951732,-0.21420890299999995
2019-11-06,77731311.95,7302768.650000005,70428543.3,-0.01078909844151621,-0.22268688049999996
2019-11-07,79369185.05,7302768.650000005,72066416.39999999,0.021070956592802004,-0.20630814949999998
2019-11-08,77536498.85000001,7302768.650000005,70233730.2,-0.023090651602954648,-0.22463501149999987
2019-11-11,79365577.4,7302768.650000005,72062808.75,0.02358990381469872,-0.2063442259999999
2019-11-13,78517779.65,7302768.650000005,71215011.0,-0.010682184616727763,-0.21482220349999992
2019-11-14,77991062.75000001,7302768.650000005,70688294.10000001,-0.006708250059386245,-0.22008937249999982
2019-11-15,77619474.8,7302768.650000005,70316706.14999999,-0.004764493993255847,-0.223805252
2019-11-18,79444945.7,7302768.650000005,72142177.05,0.023518207314641604,-0.20555054299999997
2019-11-19,78528602.60000001,7302768.650000005,71225833.95,-0.011534315895441516,-0.21471397399999992
2019-11-20,79286209.10000001,7302768.650000005,71983440.45,0.009647523003293523,-0.20713790899999995
2019-11-21,78488918.45,7302768.650000005,71186149.8,-0.010055855350511456,-0.2151108155
2019-11-22,78239990.60000001,7302768.650000005,70937221.95,-0.0031715031231901447,-0.2176000939999999
2019-11-25,78658478.00000001,7302768.650000005,71355709.35000001,0.005348765980041081,-0.2134152199999999
2019-11-26,78658478.00000001,7302768.650000005,71355709.35000001,0.0,-0.2134152199999999
2019-11-27,79935586.10000001,7302768.650000005,72632817.45,0.0162361150695034,-0.2006441389999999
2019-11-28,80501987.15,7302768.650000005,73199218.5,0.0070857183594228434,-0.1949801284999999
2019-11-29,82092960.8,7302768.650000005,74790192.14999999,0.019763159970641597,-0.17907039200000008
2019-12-02,82507840.55,7302768.650000005,75205071.89999999,0.005053779836382777,-0.1749215945
2019-12-03,81912578.3,7302768.650000005,74609809.64999999,-0.0072146143449151046,-0.18087421700000006
2019-12-04,84560593.4,7302768.650000005,77257824.75,0.032327331832991524,-0.15439406599999994
2019-12-05,84023053.55,7302768.650000005,76720284.89999999,-0.006356859955526373,-0.15976946450000007
2019-12-06,82908289.7,7302768.650000005,75605521.05,-0.013267357027635596,-0.17091710299999996
2019-12-09,82414041.65,7302768.650000005,75111273.0,-0.005961382773524981,-0.17585958349999997
2019-12-10,80985412.25000001,7302768.650000005,73682643.60000001,-0.017334781444977132,-0.1901458774999999
2019-12-11,80772560.9,7302768.650000005,73469792.25,-0.0026282677841157343,-0.192274391
2019-12-12,80628254.9,7302768.650000005,73325486.25,-0.0017865720535796825,-0.19371745099999993
2019-12-13,81003450.50000001,7302768.650000005,73700681.85000001,0.004653400975443978,-0.18996549499999982
2019-12-16,80682369.65,7302768.650000005,73379601.0,-0.003963792258454557,-0.19317630349999992
2019-12-17,81176617.7,7302768.650000005,73873849.05,0.006125849453158638,-0.18823382300000002
2019-12-18,81342569.60000001,7302768.650000005,74039800.95,0.0020443312951681225,-0.18657430399999986
2019-12-19,81310100.75000001,7302768.650000005,74007332.10000001,-0.000399161843050444,-0.18689899249999986
2019-12-20,81140541.2,7302768.650000005,73837772.55,-0.0020853442368906627,-0.18859458799999995
2019-12-23,80967374.00000001,7302768.650000005,73664605.35000001,-0.002134163729240579,-0.19032625999999986
2019-12-24,81905363.00000001,7302768.650000005,74602594.35000001,0.01158477734500818,-0.1809463699999998
2019-12-26,85040410.85000001,7302768.650000005,77737642.2,0.03827646609660951,-0.14959589149999986
2019-12-27,86194858.85000001,7302768.650000005,78892090.2,0.013575287189478535,-0.1380514114999999
2019-12-30,88882558.10000001,7302768.650000005,81579789.45,0.031181665424816707,-0.11117441899999991
2019-12-31,87865200.8,7302768.650000005,80562432.14999999,-0.01144608483090015,-0.12134799200000002
2020-01-01,90354479.3,7302768.650000005,83051710.64999999,0.028330652833379766,-0.09645520699999999
2020-01-02,90368909.9,7302768.650000005,83066141.25,0.00015971095303535243,-0.09631090099999995
2020-01-03,89535542.75000001,7302768.650000005,82232774.10000001,-0.009221834709771004,-0.10464457249999981
2020-01-06,88803189.8,7302768.650000005,81500421.14999999,-0.008179466248893874,-0.11196810200000007
2020-01-07,91786716.35000001,7302768.650000005,84483947.7,0.03359706511353289,-0.08213283649999992
2020-01-08,92786035.4,7302768.650000005,85483266.75,0.010887403861244982,-0.07213964599999989
2020-01-09,94582645.10000001,7302768.650000005,87279876.45,0.019362932064667104,-0.05417354899999993
2020-01-10,95996843.9,7302768.650000005,88694075.25,0.014951990383698766,-0.04003156099999994
2020-01-13,96887933.45,7302768.650000005,89585164.8,0.009282487983961696,-0.031120665499999922
2020-01-14,100481152.85000001,7302768.650000005,93178384.2,0.03708634576104686,0.004811528500000106
2020-01-15,101444395.4,7302768.650000005,94141626.75,0.009586300740776155,0.014443954000000092
2020-01-16,102306623.75000001,7302768.650000005,95003855.10000001,0.00849951686931738,0.023066237500000142
2020-01-17,102941570.15,7302768.650000005,95638801.5,0.006206307829604185,0.029415701500000058
2020-01-20,100333239.2,7302768.650000005,93030470.55,-0.025337975185333872,0.0033323920000001284
2020-01-21,102414853.25000001,7302768.650000005,95112084.60000001,0.020747003352005855,0.024148532500000153
2020-01-22,104182601.75000001,7302768.650000005,96879833.10000001,0.017260665263902908,0.04182601750000026
2020-01-23,105791613.65,7302768.650000005,98488845.0,0.015444151643102755,0.05791613650000005
2020-01-24,105979211.45,7302768.650000005,98676442.8,0.0017732766665290445,0.05979211449999999
2020-01-27,108850900.85000001,7302768.650000005,101548132.2,0.027096723599937755,0.08850900849999999
2020-01-28,113190903.8,7302768.650000005,105888135.14999999,0.03987107976240489,0.13190903799999987
2020-01-29,117646351.55,7302768.650000005,110343582.89999999,0.039362242021429905,0.17646351550000006
2020-01-30,115333847.9,7302768.650000005,108031079.25,-0.019656399195832064,0.15333847900000008
2020-01-31,116152784.45,7302768.650000005,108850015.8,0.007100574245212599,0.16152784450000013
2020-02-01,111942656.9,7302768.650000005,104639888.25,-0.0362464625358363,0.11942656900000004
2020-02-03,118075661.9,7302768.650000005,110772893.25,0.05478702373018263,0.18075661900000006
2020-02-04,123101118.35000001,7302768.650000005,115798349.7,0.042561323554181074,0.23101118350000016
2020-02-05,121127733.8,7302768.650000005,113824965.14999999,-0.01603059806808016,0.21127733799999993
2020-02-06,120373734.95,7302768.650000005,113070966.3,-0.006224824211150226,0.2037373495000001
2020-02-07,118598771.15,7302768.650000005,111296002.5,-0.014745440944714971,0.18598771150000015
2020-02-10,125449698.50000001,7302768.650000005,118146929.85000001,0.05776558461415404,0.25449698500000006
2020-02-11,123155233.10000001,7302768.650000005,115852464.45,-0.018289923590370405,0.23155233100000006
2020-02-12,123487136.9,7302768.650000005,116184368.25,0.0026950036279049794,0.23487136900000016
2020-02-13,123072257.15,7302768.650000005,115769488.5,-0.003359700130840082,0.23072257150000008
2020-02-14,120608232.2,7302768.650000005,113305463.55,-0.02002096172654788,0.2060823220000001
2020-02-17,120842729.45,7302768.650000005,113539960.8,0.0019442889239198458,0.20842729450000008
2020-02-18,119482645.4,7302768.650000005,112179876.75,-0.011254992800892927,0.19482645399999998
2020-02-19,125990846.00000001,7302768.650000005,118688077.35000001,0.054469840186514684,0.2599084600000001
2020-02-20,125868185.9,7302768.650000005,118565417.25,-0.0009735635873102666,0.25868185899999996
2020-02-24,118973966.75000001,7302768.650000005,111671198.10000001,-0.054773325766983905,0.18973966750000004
2020-02-25,118800799.55,7302768.650000005,111498030.89999999,-0.0014555049707966061,0.18800799550000002
2020-02-26,114464404.25000001,7302768.650000005,107161635.60000001,-0.036501398276994834,0.14464404250000018
2020-02-27,108710202.50000001,7302768.650000005,101407433.85000001,-0.05027066525792889,0.08710202500000008
2020-02-28,106343584.10000001,7302768.650000005,99040815.45,-0.021769975085825122,0.06343584099999999
2020-03-02,105405595.10000001,7302768.650000005,98102826.45,-0.00882036286380905,0.054055951000000046
2020-03-03,109806928.10000001,7302768.650000005,102504159.45,0.04175616100667501,0.09806928100000012
2020-03-04,106376052.95,7302768.650000005,99073284.3,-0.031244614610068555,0.06376052950000011
2020-03-05,109713129.2,7302768.650000005,102410360.55,0.03137055904460495,0.09713129200000004
2020-03-06,112949191.25000001,7302768.650000005,105646422.60000001,0.02949566814470206,0.12949191250000025
2020-03-09,105705030.05,7302768.650000005,98402261.39999999,-0.06413645923294753,0.05705030050000004
2020-03-11,110319214.4,7302768.650000005,103016445.75,0.04365151164346126,0.1031921440000001
2020-03-12,98428400.00000001,7302768.650000005,91125631.35000001,-0.10778552462208246,-0.01571599999999984
2020-03-13,103396134.05,7302768.650000005,96093365.39999999,0.05047053543489466,0.03396134049999988
2020-03-16,95343859.25000001,7302768.650000005,88041090.60000001,-0.07787790978825271,-0.04656140749999982
2020-03-17,94784673.50000001,7302768.650000005,87481904.85000001,-0.005864937232441636,-0.05215326499999984
2020-03-18,87648741.8,7302768.650000005,80345973.14999999,-0.07528571272654139,-0.12351258200000004
2020-03-19,86483470.85000001,7302768.650000005,79180702.2,-0.013294782401542582,-0.1351652914999999
2020-03-20,95419619.9,7302768.650000005,88116851.25,0.10332782625594628,-0.04580380099999992
2020-03-23,85080095.00000001,7302768.650000005,77777326.35000001,-0.10835847921880049,-0.1491990499999999
2020-03-24,84293627.3,7302768.650000005,76990858.64999999,-0.009243850750284444,-0.15706372700000004
2020-03-25,89636556.95,7302768.650000005,82333788.3,0.06338473999920047,-0.10363443049999999
2020-03-26,96148365.2,7302768.650000005,88845596.55,0.07264679134911822,-0.03851634799999992
2020-03-27,95376328.10000001,7302768.650000005,88073559.45,-0.008029643545098941,-0.046236718999999926
2020-03-30,92363940.35000001,7302768.650000005,85061171.7,-0.031584228602736464,-0.07636059649999993
2020-03-31,95747916.05,7302768.650000005,88445147.39999999,0.03663741160432199,-0.042520839500000074
2020-04-01,98684543.15,7302768.650000005,91381774.5,0.030670402251538276,-0.013154568499999963
2020-04-03,93258637.55,7302768.650000005,85955868.89999999,-0.05498232475730935,-0.06741362449999999
2020-04-07,93128762.15,7302768.650000005,85825993.5,-0.0013926366866592321,-0.0687123784999999
2020-04-08,86963288.3,7302768.650000005,79660519.64999999,-0.06620375604337403,-0.13036711700000003
2020-04-09,80105145.65,7302768.650000005,72802377.0,-0.07886250375378212,-0.1989485434999999
2020-04-13,80512810.10000001,7302768.650000005,73210041.45,0.005089116893703505,-0.1948718989999999
2020-04-15,85242439.25000001,7302768.650000005,77939670.60000001,0.05874380914199406,-0.14757560749999987
2020-04-16,87749756.00000001,7302768.650000005,80446987.35000001,0.0294139488740639,-0.12250243999999988
2020-04-17,90632268.35000001,7302768.650000005,83329499.7,0.03284923493120595,-0.09367731649999989
2020-04-20,87627095.9,7302768.650000005,80324327.25,-0.033157864243171686,-0.12372904099999993
2020-04-21,86220112.4,7302768.650000005,78917343.75,-0.01605648898379164,-0.13779887599999996
2020-04-22,86736006.35000001,7302768.650000005,79433237.7,0.0059834525337501,-0.13263993649999994
2020-04-23,88240396.4,7302768.650000005,80937627.75,0.01734446988404592,-0.1175960359999999
2020-04-24,85585166.00000001,7302768.650000005,78282397.35000001,-0.030090871169295763,-0.14414833999999987
2020-04-27,85826878.55,7302768.650000005,78524109.89999999,0.0028242341669346693,-0.14173121450000004
2020-04-28,85733079.65,7302768.650000005,78430311.0,-0.0010928849048768008,-0.1426692034999999
2020-04-29,84726545.3,7302768.650000005,77423776.64999999,-0.011740326535674694,-0.152734547
2020-04-30,84690468.8,7302768.650000005,77387700.14999999,-0.0004257992565642743,-0.15309531200000004
2020-05-04,85246046.9,7302768.650000005,77943278.25,0.006560101837575383,-0.14753953099999995
2020-05-05,85310984.60000001,7302768.650000005,78008215.95,0.0007617678750098111,-0.14689015399999994
2020-05-06,89088194.15,7302768.650000005,81785425.5,0.04427577020368845,-0.10911805849999989
2020-05-07,87453928.7,7302768.650000005,80151160.05,-0.01834435489003572,-0.12546071299999995
2020-05-08,86252581.25000001,7302768.650000005,78949812.60000001,-0.013736918030533118,-0.13747418749999984
2020-05-11,84816736.55,7302768.650000005,77513967.89999999,-0.016646976579614114,-0.15183263450000006
2020-05-12,84484832.75000001,7302768.650000005,77182064.10000001,-0.003913187579485888,-0.15515167249999984
2020-05-13,88161028.10000001,7302768.650000005,80858259.45,0.04351308075472282,-0.11838971899999995
2020-05-14,88658883.8,7302768.650000005,81356115.14999999,0.0056471176746630825,-0.11341116200000001
2020-05-15,89492250.95,7302768.650000005,82189482.3,0.009399702706385904,-0.10507749049999993
2020-05-18,85087310.3,7302768.650000005,77784541.64999999,-0.04922147563883583,-0.14912689700000004
2020-05-19,88399133.00000001,7302768.650000005,81096364.35000001,0.038922639443216944,-0.11600866999999981
2020-05-20,92497423.4,7302768.650000005,85194654.75,0.046361205827663454,-0.075025766
2020-05-21,92612868.2,7302768.650000005,85310099.55,0.0012480866575144134,-0.07387131800000002
2020-05-22,92998886.75000001,7302768.650000005,85696118.10000001,0.0041680876265099975,-0.0700111324999999
2020-05-26,94211057.15,7302768.650000005,86908288.5,0.013034246348115452,-0.057889428499999895
2020-05-27,93990990.50000001,7302768.650000005,86688221.85000001,-0.00233588982713151,-0.060090094999999843
2020-05-28,96772488.65,7302768.650000005,89469720.0,0.02959324223740345,-0.0322751134999999
2020-05-29,97147684.25000001,7302768.650000005,89844915.60000001,0.0038770895037842923,-0.028523157499999896
2020-06-01,103764114.35000001,7302768.650000005,96461345.7,0.06810692556472331,0.03764114350000014
2020-06-02,111181442.75000001,7302768.650000005,103878674.10000001,0.07148259729737672,0.11181442750000015
2020-06-03,115925502.50000001,7302768.650000005,108622733.85000001,0.04266952858911344,0.15925502500000022
2020-06-04,115434862.10000001,7302768.650000005,108132093.45,-0.004232376736947985,0.15434862100000002
2020-06-05,118021547.15,7302768.650000005,110718778.5,0.02240817897594205,0.18021547150000017
2020-06-08,114247945.25000001,7302768.650000005,106945176.60000001,-0.03197383860087777,0.14247945250000016
2020-06-09,111488093.00000001,7302768.650000005,104185324.35000001,-0.024156690467918907,0.11488093000000021
2020-06-10,109355971.85000001,7302768.650000005,102053203.2,-0.01912420503954626,0.09355971850000011
2020-06-11,107606261.60000001,7302768.650000005,100303492.95,-0.016000134427043622,0.0760626160000002
2020-06-12,106238962.25000001,7302768.650000005,98936193.60000001,-0.012706503596255359,0.06238962250000024
2020-06-15,106567258.4,7302768.650000005,99264489.75,0.0030901671387513208,0.06567258400000009
2020-06-16,112368359.60000001,7302768.650000005,105065590.95,0.054436055568076736,0.123683596
2020-06-17,108890585.00000001,7302768.650000005,101587816.35000001,-0.030949767464612865,0.08890585000000018
2020-06-18,113241410.9,7302768.650000005,105938642.25,0.03995594201280106,0.13241410900000017
2020-06-19,116224937.45,7302768.650000005,108922168.8,0.026346603475601915,0.1622493745
2020-06-20,116224937.45,7302768.650000005,108922168.8,0.0,0.1622493745
2020-06-22,119500683.65,7302768.650000005,112197915.0,0.02818453829161438,0.19500683650000017
2020-06-23,122448133.7,7302768.650000005,115145365.05,0.02466471287003391,0.22448133700000006
2020-06-24,119038904.45,7302768.650000005,111736135.8,-0.027842231212381496,0.19038904450000005
2020-06-25,121156595.00000001,7302768.650000005,113853826.35000001,0.01778990288750104,0.21156595000000022
2020-06-26,118952320.85000001,7302768.650000005,111649552.2,-0.01819359606466331,0.18952320850000004
2020-06-29,114366997.7,7302768.650000005,107064229.05,-0.03854757197871017,0.14366997700000006
2020-06-30,110874792.50000001,7302768.650000005,103572023.85000001,-0.03053507804026223,0.10874792500000008
2020-07-01,111206696.3,7302768.650000005,103903927.64999999,0.0029935009799453294,0.11206696299999996
2020-07-02,111239165.15,7302768.650000005,103936396.5,0.00029196847923995684,0.11239165150000008
2020-07-03,114255160.55,7302768.650000005,106952391.89999999,0.027112711570004056,0.1425516055
2020-07-06,115203972.50000001,7302768.650000005,107901203.85000001,0.008304324683739761,0.15203972500000007
2020-07-07,113107927.85000001,7302768.650000005,105805159.2,-0.018194204631268307,0.13107927850000012
2020-07-08,116206899.2,7302768.650000005,108904130.55,0.02739835667496049,0.16206899200000002
2020-07-09,120391773.2,7302768.650000005,113089004.55,0.03601226802203494,0.20391773200000007
2020-07-10,118447249.85000001,7302768.650000005,111144481.2,-0.016151629785946198,0.18447249850000014
2020-07-13,118183891.4,7302768.650000005,110881122.75,-0.0022234239320332305,0.18183891400000007
2020-07-14,115102958.3,7302768.650000005,107800189.64999999,-0.026068976605046923,0.1510295829999999
2020-07-15,115124604.2,7302768.650000005,107821835.55,0.00018805685205403044,0.15124604200000014
2020-07-16,113879964.95,7302768.650000005,106577196.3,-0.01081123586612076,0.13879964950000012
2020-07-17,112487412.05,7302768.650000005,105184643.39999999,-0.012228251919566557,0.12487412049999991
2020-07-20,114605102.60000001,7302768.650000005,107302333.95,0.01882602249804366,0.14605102600000008
2020-07-21,118140599.60000001,7302768.650000005,110837830.95,0.030849385583988864,0.18140599600000007
2020-07-22,115896641.3,7302768.650000005,108593872.64999999,-0.018993964036051914,0.15896641299999992
2020-07-23,114684470.9,7302768.650000005,107381702.25,-0.01045906409714037,0.14684470900000002
2020-07-24,113760912.50000001,7302768.650000005,106458143.85000001,-0.008053037981099465,0.13760912500000022
2020-07-27,113728443.65,7302768.650000005,106425675.0,-0.00028541305872531453,0.1372844365000001
2020-07-28,113973763.85000001,7302768.650000005,106670995.2,0.002157069877391171,0.13973763849999998
2020-07-29,113508377.00000001,7302768.650000005,106205608.35000001,-0.004083280522458543,0.13508377000000005
2020-07-30,113230587.95,7302768.650000005,105927819.3,-0.0024472999909074256,0.13230587950000006
2020-07-31,114164969.3,7302768.650000005,106862200.64999999,0.00825202241652745,0.14164969299999997
2020-08-03,131568272.9,7302768.650000005,124265504.25,0.15243996215921563,0.31568272900000016
2020-08-04,132250118.75000001,7302768.650000005,124947350.10000001,0.005182448891141611,0.3225011875000001
2020-08-05,133025763.50000001,7302768.650000005,125722994.85000001,0.0058649833915556115,0.33025763500000016
2020-08-06,129147539.75000001,7302768.650000005,121844771.10000001,-0.029153929644613497,0.2914753975000002
2020-08-07,136106696.6,7302768.650000005,128803927.94999999,0.05388532265865309,0.3610669659999999
2020-08-10,130875604.10000001,7302768.650000005,123572835.45,-0.03843376285425171,0.3087560410000001
2020-08-11,130363317.8,7302768.650000005,123060549.14999999,-0.0039142994106723394,0.3036331779999999
2020-08-12,126553639.4,7302768.650000005,119250870.75,-0.02922354588922549,0.26553639399999995
2020-08-13,128804813.00000001,7302768.650000005,121502044.35000001,0.017788296019561223,0.2880481300000002
2020-08-14,132578414.9,7302768.650000005,125275646.25,0.02929705662473947,0.32578414899999997
2020-08-17,135215607.04999998,7302768.650000005,127912838.39999998,0.019891564942823736,0.35215607049999975
2020-08-18,139548394.7,7302768.650000005,132245626.04999998,0.032043546928705036,0.3954839469999998
2020-08-19,140085934.54999998,7302768.650000005,132783165.89999998,0.003851995941304809,0.4008593454999998
2020-08-20,135464534.9,7302768.650000005,128161766.25,-0.03298974779192043,0.3546453490000001
2020-08-21,135082124.0,7302768.650000005,127779355.35,-0.0028229595316759948,0.3508212399999999
2020-08-24,138880979.45,7302768.650000005,131578210.79999998,0.028122562316239552,0.38880979449999997
2020-08-25,138736673.45,7302768.650000005,131433904.79999998,-0.0010390623724824133,0.3873667344999998
2020-08-26,138516606.79999998,7302768.650000005,131213838.14999998,-0.0015862182977834927,0.38516606799999975
2020-08-27,137048293.25,7302768.650000005,129745524.6,-0.010600270855032123,0.3704829325000001
2020-08-28,138603190.4,7302768.650000005,131300421.75,0.011345614842233731,0.386031904
2020-08-31,132354740.60000001,7302768.650000005,125051971.95,-0.04508157266775292,0.3235474060000001
2020-09-01,136781327.15,7302768.650000005,129478558.5,0.03344486589549467,0.3678132715
2020-09-02,138393946.7,7302768.650000005,131091178.04999998,0.011789763877868564,0.3839394669999998
2020-09-03,138011535.79999998,7302768.650000005,130708767.14999998,-0.0027632053938672074,0.38011535799999985
2020-09-04,139746815.45,7302768.650000005,132444046.79999998,0.012573439168988676,0.39746815449999984
2020-09-07,139901944.4,7302768.650000005,132599175.75,0.0011100714495746455,0.3990194440000001
2020-09-08,142871040.35000002,7302768.650000005,135568271.70000002,0.021222692527495868,0.4287104035000002
2020-09-09,147128067.35000002,7302768.650000005,139825298.70000002,0.029796290343874432,0.47128067350000014
2020-09-10,144411506.9,7302768.650000005,137108738.25,-0.01846391717725515,0.444115069
2020-09-11,134858449.7,7302768.650000005,127555681.04999998,-0.06615163434735971,0.3485844969999998
2020-09-14,148596380.9,7302768.650000005,141293612.25,0.101869265370919,0.485963809
2020-09-15,156277067.75,7302768.650000005,148974299.1,0.05168824976409625,0.5627706775000001
2020-09-16,153048221.0,7302768.650000005,145745452.35,-0.02066104001365865,0.53048221
2020-09-17,150144062.75,7302768.650000005,142841294.1,-0.018975445980518812,0.5014406275000001
2020-09-18,154797931.25,7302768.650000005,147495162.6,0.03099602085331199,0.5479793125000001
2020-09-21,151125343.55,7302768.650000005,143822574.9,-0.02372504380610052,0.5112534355
2020-09-22,149675068.25,7302768.650000005,142372299.6,-0.009596506224121115,0.4967506825000001
2020-09-23,151035152.3,7302768.650000005,143732383.65,0.009086911172996981,0.5103515230000002
2020-09-24,143293135.4,7302768.650000005,135990366.75,-0.05125970201044383,0.43293135400000016
2020-09-25,147896496.8,7302768.650000005,140593728.15,0.03212548449826169,0.4789649680000001
2020-09-28,154256783.75,7302768.650000005,146954015.1,0.04300498718776957,0.5425678375
2020-09-29,156616186.85000002,7302768.650000005,149313418.20000002,0.015295295562649969,0.5661618685000003
2020-09-30,154278429.65,7302768.650000005,146975661.0,-0.014926664012315793,0.5427842965
2020-10-01,154451596.85000002,7302768.650000005,147148828.20000002,0.001122432995933842,0.5445159685000003
2020-10-05,157961840.3,7302768.650000005,150659071.65,0.022727142493768282,0.5796184030000002
2020-10-06,155209203.35000002,7302768.650000005,147906434.70000002,-0.017425961515592614,0.5520920335000001
2020-10-07,153261072.35000002,7302768.650000005,145958303.70000002,-0.012551646152109464,0.5326107235000002
2020-10-08,148224792.95,7302768.650000005,140922024.29999998,-0.03286078664841097,0.48224792949999995
2020-10-09,142420084.10000002,7302768.650000005,135117315.45000002,-0.03916152442835952,0.4242008410000002
2020-10-12,150061086.8,7302768.650000005,142758318.15,0.05365115986474822,0.5006108680000001
2020-10-13,151009898.75,7302768.650000005,143707130.1,0.0063228380537090345,0.5100989874999999
2020-10-14,150122416.85000002,7302768.650000005,142819648.20000002,-0.005876978312986059,0.5012241685000003
2020-10-15,151374271.4,7302768.650000005,144071502.75,0.00833889152777778,0.5137427140000002
2020-10-16,164603523.95,7302768.650000005,157300755.29999998,0.08739432684067072,0.6460352395
2020-10-17,164603523.95,7302768.650000005,157300755.29999998,0.0,0.6460352395
2020-10-19,184752249.2,7302768.650000005,177449480.54999998,0.12240761781090659,0.847522492
2020-10-20,184600727.9,7302768.650000005,177297959.25,-0.0008201323700041119,0.8460072790000002
2020-10-21,169261000.10000002,7302768.650000005,161958231.45000002,-0.08309678934911713,0.6926100010000003
2020-10-22,174596714.45,7302768.650000005,167293945.79999998,0.031523589880998015,0.7459671444999998
2020-10-23,175516665.2,7302768.650000005,168213896.54999998,0.005269003789091675,0.7551666519999998
2020-10-26,172082182.4,7302768.650000005,164779413.75,-0.019567844432814452,0.7208218240000002
2020-10-27,165357522.8,7302768.650000005,158054754.15,-0.0390781864003138,0.6535752280000002
2020-10-28,163052234.45,7302768.650000005,155749465.79999998,-0.013941236606382135,0.6305223444999999
2020-10-29,165794048.45,7302768.650000005,158491279.79999998,0.01681555612683594,0.6579404844999999
2020-10-30,164307696.65,7302768.650000005,157004928.0,-0.008965049191426377,0.6430769665
2020-11-02,158852929.85000002,7302768.650000005,151550161.20000002,-0.03319848620128518,0.5885292985000001
2020-11-03,170357725.7,7302768.650000005,163054957.04999998,0.07242419677662593,0.7035772569999998
2020-11-04,169668664.55,7302768.650000005,162365895.9,-0.004044789557788642,0.6966866455
2020-11-05,170743744.25,7302768.650000005,163440975.6,0.006336347980644197,0.7074374425000001
2020-11-06,174538992.05,7302768.650000005,167236223.4,0.022227741441836146,0.7453899205000001
2020-11-09,164859667.10000002,7302768.650000005,157556898.45000002,-0.05545651912110938,0.6485966710000002
2020-11-10,164141744.75,7302768.650000005,156838976.1,-0.004354748269414843,0.6414174475000001
2020-11-11,171183877.55,7302768.650000005,163881108.9,0.04290275341428651,0.7118387755000002
2020-11-12,168889412.15,7302768.650000005,161586643.5,-0.01340351341983026,0.6888941215
2020-11-13,173994236.9,7302768.650000005,166691468.25,0.030225842372321843,0.739942369
2020-11-14,174798742.85000002,7302768.650000005,167495974.20000002,0.004623750558257811,0.7479874285000003
2020-11-17,172269780.2,7302768.650000005,164967011.54999998,-0.014467853765803174,0.7226978019999999
2020-11-18,169978922.45,7302768.650000005,162676153.79999998,-0.013298082503735653,0.6997892244999999
2020-11-19,164935427.75,7302768.650000005,157632659.1,-0.029671294695279404,0.6493542775000001
2020-11-20,163546482.5,7302768.650000005,156243713.85,-0.008421145589807999,0.6354648249999999
2020-11-23,168214781.60000002,7302768.650000005,160912012.95000002,0.028544173061013645,0.6821478160000003
2020-11-24,167998322.60000002,7302768.650000005,160695553.95000002,-0.0012868013021276603,0.6799832260000003
2020-11-25,163997438.75,7302768.650000005,156694670.1,-0.023815022603088876,0.6399743874999999
2020-11-26,163842309.8,7302768.650000005,156539541.15,-0.0009459230045444356,0.6384230980000001
2020-11-27,180325662.65,7302768.650000005,173022894.0,0.10060498335332912,0.8032566265000001
2020-12-01,183121591.4,7302768.650000005,175818822.75,0.015504885488355047,0.8312159140000002
2020-12-02,178792411.4,7302768.650000005,171489642.75,-0.023641013421205948,0.787924114
2020-12-03,174347786.60000002,7302768.650000005,167045017.95000002,-0.024859135604230587,0.7434778660000003
2020-12-04,175054886.0,7302768.650000005,167752117.35,0.004055683262686127,0.7505488600000001
2020-12-07,172608899.3,7302768.650000005,165306130.65,-0.013972684544206304,0.7260889930000001
2020-12-08,175238876.15,7302768.650000005,167936107.5,0.015236623723722476,0.7523887615
2020-12-09,173875184.45,7302768.650000005,166572415.79999998,-0.007781901653105439,0.7387518444999999
2020-12-10,175668186.5,7302768.650000005,168365417.85,0.010312006602158919,0.756681865
2020-12-11,173691194.3,7302768.650000005,166388425.65,-0.011254127678946513,0.7369119430000002
2020-12-14,174701336.3,7302768.650000005,167398567.65,0.005815735242486131,0.7470133630000002
2020-12-15,175062101.3,7302768.650000005,167759332.65,0.0020650385832223783,0.7506210130000002
2020-12-16,177205045.4,7302768.650000005,169902276.75,0.012241050941846465,0.7720504540000002
2020-12-17,176800988.60000002,7302768.650000005,169498219.95000002,-0.0022801653253603504,0.7680098860000002
2020-12-18,177104031.2,7302768.650000005,169801262.54999998,0.0017140322709709999,0.7710403119999998
2020-12-21,175466158.10000002,7302768.650000005,168163389.45000002,-0.009248084805875134,0.7546615810000001
2020-12-22,172074967.10000002,7302768.650000005,164772198.45000002,-0.0193267524445786,0.7207496710000003
2020-12-23,173965375.7,7302768.650000005,166662607.04999998,0.010985959386535127,0.7396537569999999
2020-12-24,176292309.95,7302768.650000005,168989541.29999998,0.01337584700769856,0.7629230994999998
2020-12-28,181364665.85000002,7302768.650000005,174061897.20000002,0.02877241725086388,0.8136466585000002
2020-12-29,179102669.3,7302768.650000005,171799900.65,-0.012472090632421384,0.7910266930000001
2020-12-30,178940325.05,7302768.650000005,171637556.4,-0.0009064312141996433,0.7894032505000002
2020-12-31,177233906.60000002,7302768.650000005,169931137.95000002,-0.009536243155494284,0.7723390660000002
2021-01-01,179517549.05,7302768.650000005,172214780.4,0.012884907260741985,0.7951754905000001
2021-01-04,180318447.35000002,7302768.650000005,173015678.70000002,0.004461392795514163,0.8031844735000002
2021-01-05,180130849.55,7302768.650000005,172828080.9,-0.0010403694284029097,0.8013084955
2021-01-06,197036297.45,7302768.650000005,189733528.79999998,0.09385093082186025,0.9703629745
2021-01-07,202934805.2,7302768.650000005,195632036.54999998,0.02993614793993382,1.029348052
2021-01-08,200012608.7,7302768.650000005,192709840.04999998,-0.014399681203626225,1.000126087
2021-01-11,194900568.65,7302768.650000005,187597800.0,-0.025558588947097616,0.9490056865000001
2021-01-12,193417824.5,7302768.650000005,186115055.85,-0.007607695350867361,0.934178245
2021-01-13,187526532.05,7302768.650000005,180223763.4,-0.03045889108322586,0.8752653205
2021-01-14,192613318.55,7302768.650000005,185310549.9,0.027125689599185376,0.9261331855000001
2021-01-15,195438108.5,7302768.650000005,188135339.85,0.014665600339919926,0.9543810850000001
2021-01-18,190722909.95,7302768.650000005,183420141.29999998,-0.02412630057765841,0.9072290994999999
2021-01-19,192501481.4,7302768.650000005,185198712.75,0.009325421106810339,0.9250148140000001
2021-01-20,190109609.45,7302768.650000005,182806840.79999998,-0.012425213211891717,0.9010960944999999
2021-01-21,188215593.2,7302768.650000005,180912824.54999998,-0.009962759144472089,0.8821559319999999
2021-01-22,187176590.0,7302768.650000005,179873821.35,-0.005520282258951514,0.8717659
2021-01-25,188248062.05,7302768.650000005,180945293.4,0.005724391335476309,0.8824806205000002
2021-01-27,192068563.4,7302768.650000005,184765794.75,0.02029503681682132,0.920685634
2021-01-28,191332602.8,7302768.650000005,184029834.15,-0.003831759799584167,0.9133260280000002
2021-01-29,193435862.75,7302768.650000005,186133094.1,0.01099268979369139,0.9343586275
2021-02-01,196433819.9,7302768.650000005,189131051.25,0.015498455701953295,0.964338199
2021-02-02,203291962.55,7302768.650000005,195989193.9,0.034913247899426514,1.0329196255
2021-02-03,205135471.7,7302768.650000005,197832703.04999998,0.009068283501599606,1.0513547169999997
2021-02-04,202833791.0,7302768.650000005,195531022.35,-0.01122029593870566,1.0283379099999999
2021-02-05,202556001.95,7302768.650000005,195253233.29999998,-0.0013695402951868774,1.0255600194999999
2021-02-08,204886543.85000002,7302768.650000005,197583775.20000002,0.011505666964019667,1.0488654385
2021-02-09,217051539.65,7302768.650000005,209748771.0,0.05937430331640581,1.1705153965
2021-02-10,220522098.95,7302768.650000005,213219330.29999998,0.015989563149823027,1.2052209895
2021-02-11,234011102.3,7302768.650000005,226708333.65,0.061168487939426086,1.340111023
2021-02-12,236908045.25,7302768.650000005,229605276.6,0.012379510722043241,1.3690804525
2021-02-15,240548164.10000002,7302768.650000005,233245395.45000002,0.015365112848568563,1.4054816410000002
2021-02-16,239249410.10000002,27.350000005215406,239249382.75000003,-0.005399143264548378,1.392494101
2021-02-17,232773330.5,27.350000005215406,232773303.15,-0.027068320031774284,1.3277333050000002
2021-02-18,238679341.1,27.350000005215406,238679313.75,0.02537236799127207,1.3867934109999998
2021-02-19,235357047.35,27.350000005215406,235357020.0,-0.013919486012859639,1.3535704735
2021-02-22,231219776.6,27.350000005215406,231219749.25,-0.01757869924263389,1.3121977660000002
2021-02-23,230370142.85,27.350000005215406,230370115.5,-0.003674572142978172,1.3037014285000001
2021-02-24,236347345.25,27.350000005215406,236347317.9,0.02594608105917584,1.3634734525
2021-02-25,241194096.34999996,27.350000005215406,241194068.99999997,0.020506898839389276,1.4119409634999998
2021-02-26,240295302.8,27.350000005215406,240295275.45000002,-0.003726432626674714,1.4029530280000002
2021-03-01,238571630.45,27.350000005215406,238571603.1,-0.0071731420877363394,1.3857163044999998
2021-03-02,238950017.45000002,27.350000005215406,238949990.10000002,0.001586051951300016,1.3895001745000002
2021-03-03,246817015.1,27.350000005215406,246816987.75,0.03292319345256445,1.4681701509999998
2021-03-04,259419891.95000002,27.350000005215406,259419864.60000002,0.05106162087283117,1.5941989195000001
2021-03-05,256681132.55,27.350000005215406,256681105.20000002,-0.010557245165023321,1.5668113255000002
2021-03-08,264285290.6,27.350000005215406,264285263.25,0.029624920127383048,1.642852906
2021-03-09,261104403.05,27.350000005215406,261104375.70000002,-0.012035810024759619,1.6110440305
2021-03-10,256599383.29999998,27.350000005215406,256599355.95,-0.01725371038318857,1.5659938329999998
2021-03-12,254333873.6,27.350000005215406,254333846.25,-0.008828975622873214,1.543338736
2021-03-15,255921171.2,27.350000005215406,255921143.85,0.006240999586615725,1.5592117119999997
2021-03-16,255280553.9,27.350000005215406,255280526.55,-0.002503182120479397,1.552805539
2021-03-17,250588155.49999997,27.350000005215406,250588128.14999998,-0.018381338994736596,1.5058815549999998
2021-03-18,243375918.2,27.350000005215406,243375890.85,-0.02878123782670161,1.4337591819999997
2021-03-19,242707575.95,27.350000005215406,242707548.6,-0.00274613139600266,1.4270757595
2021-03-22,248398577.45,27.350000005215406,248398550.1,0.023447976346533173,1.4839857744999998
2021-03-23,245250064.25,27.350000005215406,245250036.9,-0.01267524650230234,1.4525006425
2021-03-24,236643494.29999998,27.350000005215406,236643466.95,-0.035093038512832964,1.3664349429999998
2021-03-25,223713960.20000002,27.350000005215406,223713932.85000002,-0.05463718382897442,1.237139602
2021-03-26,228986027.89999998,27.350000005215406,228986000.54999998,0.023566109577098926,1.2898602789999996
2021-03-30,242326345.4,27.350000005215406,242326318.05,0.05825821611188364,1.4232634540000002
2021-03-31,246796708.39999998,27.350000005215406,246796681.04999998,0.018447697020399945,1.4679670839999996
2021-04-01,241660933.1,27.350000005215406,241660905.75,-0.02080973985956125,1.416609331
2021-04-05,239446797.2,27.350000005215406,239446769.85,-0.009162159028343164,1.3944679719999997
2021-04-06,235932590.15,27.350000005215406,235932562.8,-0.014676358552688007,1.3593259015
2021-04-07,237919954.85,27.350000005215406,237919927.5,0.00842344289416097,1.3791995485
2021-04-08,243317934.34999996,27.350000005215406,243317906.99999997,0.02268821672987964,1.4331793434999995
2021-04-09,243033834.95,27.350000005215406,243033807.6,-0.0011676056709872817,1.4303383495
2021-04-12,232292103.20000002,27.350000005215406,232292075.85000002,-0.044198503275109435,1.322921032
2021-04-13,237053046.95,27.350000005215406,237053019.6,0.020495504084789617,1.3705304694999998
2021-04-15,230024765.60000002,27.350000005215406,230024738.25000003,-0.029648559427639,1.3002476560000003
2021-04-16,233786227.4,27.350000005215406,233786200.05,0.01635242096731848,1.337862274
2021-04-19,227381357.60000002,27.350000005215406,227381330.25000003,-0.027396266543287306,1.2738135760000002
2021-04-20,236273382.35,27.350000005215406,236273355.0,0.03910621716685525,1.3627338234999997
2021-04-22,236514640.4,27.350000005215406,236514613.05,0.0010210970342932058,1.3651464039999999
2021-04-23,239325995.14999998,27.350000005215406,239325967.79999998,0.011886599261869524,1.3932599514999997
2021-04-26,235640006.45,27.350000005215406,235639979.1,-0.01540153921720766,1.3564000644999998
2021-04-27,237543623.0,27.350000005215406,237543595.65,0.00807849472879707,1.37543623
2021-04-28,238170839.3,27.350000005215406,238170811.95000002,0.002640425754557141,1.3817083930000003
2021-04-29,235160060.3,27.350000005215406,235160032.95000002,-0.012641257883831969,1.351600603
2021-04-30,230434682.3,27.350000005215406,230434654.95000002,-0.020094305104241372,1.304346823
2021-05-03,231357627.35,27.350000005215406,231357600.0,0.004005234979335359,1.3135762734999998
2021-05-04,229610782.7,27.350000005215406,229610755.35,-0.007550408733045022,1.2961078269999997
2021-05-05,226155910.85,27.350000005215406,226155883.5,-0.015046644627809136,1.2615591084999997
2021-05-06,226812953.6,27.350000005215406,226812926.25,0.0029052645474996197,1.268129536
2021-05-07,224007364.25,27.350000005215406,224007336.9,-0.012369616926499849,1.2400736425
2021-05-10,224048789.9,27.350000005215406,224048762.55,0.0001849298577245584,1.2404878990000001
2021-05-11,221019650.9,27.350000005215406,221019623.55,-0.013519997145943097,1.2101965090000002
2021-05-12,220469070.04999998,27.350000005215406,220469042.7,-0.002491094559954443,1.2046907004999996
2021-05-14,220049711.89999998,27.350000005215406,220049684.54999998,-0.0019021178340566935,1.2004971189999996
2021-05-17,219077898.64999998,27.350000005215406,219077871.29999998,-0.004416335025431151,1.1907789864999998
2021-05-18,222886225.7,27.350000005215406,222886198.35,0.017383437916228317,1.2288622569999998
2021-05-19,222477081.2,27.350000005215406,222477053.85,-0.001835665253494434,1.224770812
2021-05-20,221703915.95,27.350000005215406,221703888.6,-0.003475257971875978,1.2170391595
2021-05-21,223663449.04999998,27.350000005215406,223663421.7,0.008838513706911355,1.2366344904999997
2021-05-24,218433038.29999998,27.350000005215406,218433010.95,-0.023385183284152733,1.1843303829999998
2021-05-25,206765481.95,27.350000005215406,206765454.6,-0.05341479677618899,1.0676548195
2021-05-26,203472473.75,27.350000005215406,203472446.4,-0.01592629567055248,1.0347247375
2021-05-27,204882133.84999996,27.350000005215406,204882106.49999997,0.006928013770216346,1.0488213384999998
2021-05-28,206322328.25,27.350000005215406,206322300.9,0.007029380126694962,1.0632232825
2021-05-31,204285614.75,27.350000005215406,204285587.4,-0.00987151277942211,1.0428561475000002
2021-06-01,203487586.1,27.350000005215406,203487558.75,-0.0039064358544120825,1.0348758609999997
2021-06-02,206696880.35,27.350000005215406,206696853.0,0.01577144980442613,1.0669688035
2021-06-03,208887856.1,27.350000005215406,208887828.75,0.010599945902860286,1.088878561
2021-06-04,207701775.79999998,27.350000005215406,207701748.45,-0.005678072062897721,1.0770177579999998
2021-06-07,209830675.4,27.350000005215406,209830648.05,0.010249790074255305,1.0983067540000002
2021-06-08,209874194.45,27.350000005215406,209874167.1,0.00020740080027392693,1.0987419445
2021-06-09,208749088.24999997,27.350000005215406,208749060.89999998,-0.005360860123601596,1.0874908824999996
2021-06-10,208184334.20000002,27.350000005215406,208184306.85000002,-0.0027054204391235848,1.081843342
2021-06-11,208901643.2,27.350000005215406,208901615.85,0.003445547441196295,1.0890164319999998
2021-06-14,209725667.45,27.350000005215406,209725640.1,0.0039445560952868775,1.0972566745
2021-06-15,208958309.89999998,27.350000005215406,208958282.54999998,-0.0036588633109628788,1.089583099
2021-06-16,207897819.65,27.350000005215406,207897792.3,-0.005075128385693239,1.0789781965
2021-06-17,207476333.9,27.350000005215406,207476306.55,-0.0020273697468765617,1.074763339
2021-06-18,205240813.54999998,27.350000005215406,205240786.2,-0.010774820954169706,1.0524081355
2021-06-21,204201810.35,27.350000005215406,204201783.0,-0.005062361535352555,1.0420181034999998
2021-06-22,208318748.29999998,27.350000005215406,208318720.95,0.020161123659695246,1.0831874829999997
2021-06-23,217853025.2,27.350000005215406,217852997.85,0.04576773323479122,1.1785302519999998
2021-06-24,222134499.35000002,27.350000005215406,222134472.00000003,0.0196530396861343,1.2213449935000003
2021-06-25,219168594.79999998,27.350000005215406,219168567.45,-0.013351841153349642,1.191685948
2021-06-28,220627406.6,27.350000005215406,220627379.25,0.00665611695567625,1.2062740659999998
2021-06-29,217618785.35,27.350000005215406,217618758.0,-0.013636661448206522,1.1761878535
2021-06-30,218725398.79999998,27.350000005215406,218725371.45,0.005085100756445193,1.1872539879999997
2021-07-01,217774429.1,27.350000005215406,217774401.75,-0.004347779019799769,1.1777442909999998
2021-07-02,220989329.89999998,27.350000005215406,220989302.54999998,0.014762526589031877,1.209893299
2021-07-05,228223474.54999998,27.350000005215406,228223447.2,0.03273526669035798,1.2822347454999998
2021-07-06,224945570.60000002,27.350000005215406,224945543.25000003,-0.014362694093862038,1.2494557060000004
2021-07-07,224705436.65,27.350000005215406,224705409.3,-0.0010675202421612795,1.2470543665
2021-07-08,224366926.85,27.350000005215406,224366899.5,-0.0015064602131868998,1.2436692685000001
2021-07-09,223543932.2,27.350000005215406,223543904.85,-0.0036680747093809085,1.235439322
2021-07-12,227726035.10000002,27.350000005215406,227726007.75000003,0.01870819242930022,1.2772603510000002
2021-07-13,224777392.54999998,27.350000005215406,224777365.2,-0.012948201327552256,1.2477739254999998
2021-07-14,225623547.34999996,27.350000005215406,225623519.99999997,0.003764412383294946,1.2562354734999994
2021-07-15,226394808.2,27.350000005215406,226394780.85,0.0034183526456288416,1.2639480819999998
2021-07-16,226054367.89999998,27.350000005215406,226054340.54999998,-0.0015037460563108729,1.260543679
2021-07-19,226405918.7,27.350000005215406,226405891.35,0.001555160394669075,1.264059187
2021-07-20,223649283.95,27.350000005215406,223649256.6,-0.012175630238945745,1.2364928394999999
2021-07-22,225310222.7,27.350000005215406,225310195.35,0.007426532831517285,1.2531022269999998
2021-07-23,224719760.60000002,27.350000005215406,224719733.25000003,-0.002620662715273947,1.2471976060000003
2021-07-26,225199771.1,27.350000005215406,225199743.75,0.002136040456426125,1.251997711
2021-07-27,225009947.15,27.350000005215406,225009919.8,-0.0008429136009898697,1.2500994715
2021-07-28,223390112.3,27.350000005215406,223390084.95000002,-0.007198947737720007,1.2339011230000003
2021-07-29,222090551.9,27.350000005215406,222090524.55,-0.005817448170019168,1.220905519
2021-07-30,223091033.3,27.350000005215406,223091005.95000002,0.004504835489131942,1.2309103330000002
2021-08-02,224727392.14999998,27.350000005215406,224727364.79999998,0.007334937786582785,1.2472739214999997
2021-08-03,225918594.34999996,27.350000005215406,225918566.99999997,0.005300654222004653,1.2591859434999995
2021-08-04,225090314.9,27.350000005215406,225090287.55,-0.0036662739177492076,1.250903149
2021-08-05,222700343.29999998,27.350000005215406,222700315.95,-0.01061783400614913,1.2270034329999997
2021-08-06,221702470.09999996,27.350000005215406,221702442.74999997,-0.0044807887819723335,1.2170247009999997
2021-08-09,215304202.24999997,27.350000005215406,215304174.89999998,-0.028859704842774336,1.1530420224999998
2021-08-10,213283493.9,27.350000005215406,213283466.55,-0.009385364191143997,1.1328349389999999
2021-08-11,211062404.15,27.350000005215406,211062376.8,-0.010413791097408476,1.1106240415
2021-08-12,217292463.79999998,27.350000005215406,217292436.45,0.029517619090382086,1.172924638
2021-08-13,218550791.6,27.350000005215406,218550764.25,0.005790940826913449,1.1855079160000002
2021-08-16,214922911.4,27.350000005215406,214922884.05,-0.016599712009462197,1.1492291140000002
2021-08-17,213697854.79999998,27.350000005215406,213697827.45,-0.005699981412032984,1.1369785479999996
2021-08-18,211610312.45,27.350000005215406,211610285.1,-0.009768663105924613,1.1161031245
2021-08-20,207831648.95,27.350000005215406,207831621.6,-0.01785670772020076,1.0783164894999997
2021-08-23,203784187.39999998,27.350000005215406,203784160.04999998,-0.019474712203114697,1.0378418739999997
2021-08-24,208106636.75,27.350000005215406,208106609.4,0.021210916338251895,1.0810663675
2021-08-25,212817614.29999998,27.350000005215406,212817586.95,0.022637324900211198,1.1281761429999997
2021-08-26,213367392.8,27.350000005215406,213367365.45000002,0.002583331750092066,1.1336739280000003
2021-08-27,214998149.14999998,27.350000005215406,214998121.79999998,0.007642950164969964,1.1499814914999997
2021-08-30,215227558.7,27.350000005215406,215227531.35,0.001067030348433251,1.152275587
2021-08-31,214835097.05,27.350000005215406,214835069.70000002,-0.0018234730364944385,1.1483509705000001
2021-09-01,224579780.0,27.350000005215406,224579752.65,0.045358896585375064,1.2457978
2021-09-02,237248847.34999996,27.350000005215406,237248819.99999997,0.05641232416382258,1.3724884734999998
2021-09-03,233550396.79999998,27.350000005215406,233550369.45,-0.015588908402761836,1.3355039679999998
2021-09-06,235319758.1,27.350000005215406,235319730.75,0.007575929325075004,1.3531975809999999
2021-09-07,234382798.7,27.350000005215406,234382771.35,-0.003981643562636306,1.343827987
2021-09-08,233071707.49999997,27.350000005215406,233071680.14999998,-0.0055938029892635965,1.330717075
2021-09-09,231747768.35,27.350000005215406,231747741.0,-0.005680394090732732,1.3174776835
2021-09-13,238558337.9,27.350000005215406,238558310.55,0.029387853865821434,1.3855833790000003
2021-09-14,241176321.8,27.350000005215406,241176294.45000002,0.01097418737507061,1.411763218
2021-09-15,238364122.4,27.350000005215406,238364095.05,-0.011660346169190206,1.3836412240000002
2021-09-16,237168502.1,27.350000005215406,237168474.75,-0.005015940687557174,1.3716850209999998
2021-09-17,240195423.04999998,27.350000005215406,240195395.7,0.012762744307099005,1.4019542305
2021-09-20,236472328.25,27.350000005215406,236472300.9,-0.015500273705152834,1.3647232825
2021-09-21,232209664.54999998,27.350000005215406,232209637.2,-0.018026057135503426,1.3220966454999998
2021-09-22,234998275.85000002,27.350000005215406,234998248.50000003,0.012009023420296083,1.3499827585000004
2021-09-23,237358953.79999998,27.350000005215406,237358926.45,0.010045511787102557,1.3735895379999996
2021-09-24,236332223.45,27.350000005215406,236332196.1,-0.004325644065928613,1.3633222345
2021-09-27,234403486.10000002,27.350000005215406,234403458.75000003,-0.008161127254862177,1.3440348610000004
2021-09-28,234523946.15,27.350000005215406,234523918.8,0.0005139004201866193,1.3452394614999998
2021-09-29,233269740.79999998,27.350000005215406,233269713.45,-0.0053478775646980115,1.332697408
2021-09-30,245992918.85,27.350000005215406,245992891.5,0.05454277098420812,1.4599291884999999
2021-10-01,258963574.85,27.350000005215406,258963547.5,0.05272776167963267,1.5896357485000001
2021-10-04,255500363.6,27.350000005215406,255500336.25,-0.01337335280456331,1.555003636
2021-10-05,254465868.95000002,27.350000005215406,254465841.60000002,-0.004048896977773109,1.5446586895000003
2021-10-06,255012198.65,27.350000005215406,255012171.3,0.0021469665156050866,1.5501219865000002
2021-10-07,255810390.2,27.350000005215406,255810362.85,0.0031300132080955834,1.558103902
2021-10-08,262938141.34999996,27.350000005215406,262938113.99999997,0.02786341533831882,1.6293814134999995
2021-10-11,273850226.90000004,27.350000005215406,273850199.55,0.041500580684012967,1.7385022690000005
2021-10-12,274462433.45000005,27.350000005215406,274462406.1,0.002235552465777557,1.7446243345000005
2021-10-13,276511651.1,27.350000005215406,276511623.75,0.007466295566359582,1.7651165110000004
2021-10-14,275054645.15000004,27.350000005215406,275054617.8,-0.005269238906222662,1.7505464515000004
2021-10-18,273952566.35,27.350000005215406,273952539.0,-0.004006763090290688,1.7395256635000003
2021-10-19,270816390.35,27.350000005215406,270816363.0,-0.011447879615747891,1.7081639035
2021-10-20,258521977.7,27.350000005215406,258521950.35,-0.04539759441483904,1.5852197769999998
2021-10-21,250950584.14999998,27.350000005215406,250950556.79999998,-0.029287233593679907,1.5095058414999998
2021-10-22,255636364.39999998,27.350000005215406,255636337.04999998,0.018672123302168497,1.5563636439999997
2021-10-25,243704703.49999997,27.350000005215406,243704676.14999998,-0.04667434904265133,1.4370470349999995
2021-10-26,260114753.15,27.350000005215406,260114725.8,0.06733579374679577,1.6011475315
2021-10-27,252015600.95,27.350000005215406,252015573.6,-0.031136842881531956,1.5201560095
2021-10-28,258314682.5,27.350000005215406,258314655.15,0.02499480796528042,1.583146825
2021-10-29,249075138.95,27.350000005215406,249075111.6,-0.03576855740672047,1.4907513894999997
2021-11-01,237388904.89999998,27.350000005215406,237388877.54999998,-0.04691850860452973,1.3738890489999998
2021-11-02,252623916.35,27.350000005215406,252623889.0,0.06417743683689747,1.5262391635
2021-11-03,265448301.65,27.350000005215406,265448274.3,0.0507647315633899,1.6544830165
2021-11-04,266685566.75,27.350000005215406,266685539.4,0.004661039804396028,1.6668556675000001
2021-11-08,265741301.6,27.350000005215406,265741274.25,-0.0035407433612077988,1.657413016
2021-11-09,262258572.05,27.350000005215406,262258544.70000002,-0.013105714200355112,1.6225857205
2021-11-10,255482401.84999996,27.350000005215406,255482374.49999997,-0.0258377453481603,1.5548240184999997
2021-11-11,254521540.24999997,27.350000005215406,254521512.89999998,-0.0037609698086529253,1.5452154024999998
2021-11-12,250492631.75,27.350000005215406,250492604.4,-0.01582934197256014,1.5049263174999998
2021-11-15,250645417.99999997,27.350000005215406,250645390.64999998,0.0006099430906711945,1.5064541799999995
2021-11-16,250318829.15,27.350000005215406,250318801.8,-0.0013029915033194728,1.5031882914999999
2021-11-17,255965989.85,27.350000005215406,255965962.5,0.022559871820972743,1.5596598985
2021-11-18,255850927.1,27.350000005215406,255850899.75,-0.00044952358736183307,1.5585092710000001
2021-11-22,248699523.04999998,27.350000005215406,248699495.7,-0.027951448646519328,1.4869952304999998
2021-11-23,248743050.2,27.350000005215406,248743022.85,0.00017501903287220344,1.487430502
2021-11-24,248330280.04999998,27.350000005215406,248330252.7,-0.0016594238499050284,1.4833028004999997
2021-11-25,246554612.45,27.350000005215406,246554585.1,-0.007150427244081881,1.4655461244999999
2021-11-26,248738175.79999998,27.350000005215406,248738148.45,0.00885630704005913,1.4873817579999997
2021-11-29,237999030.2,27.350000005215406,237999002.85,-0.043174496900045156,1.379990302
2021-11-30,230394099.95,27.350000005215406,230394072.6,-0.031953618649661175,1.3039409995
2021-12-01,232166334.95,27.350000005215406,232166307.6,0.0076921891679717636,1.3216633495
2021-12-02,231111390.95,27.350000005215406,231111363.6,-0.004543914604273724,1.3111139095
2021-12-03,246393756.35,27.350000005215406,246393729.0,0.06612553945169353,1.4639375635
2021-12-06,243258519.5,27.350000005215406,243258492.15,-0.012724497959868852,1.4325851950000001
2021-12-07,240725752.10000002,27.350000005215406,240725724.75000003,-0.010411834311932378,1.4072575210000005
2021-12-08,244233970.54999998,27.350000005215406,244233943.2,0.014573507069333358,1.4423397054999998
2021-12-09,244845507.49999997,27.350000005215406,244845480.14999998,0.0025038979983940113,1.4484550749999996
2021-12-10,249116548.84999996,27.350000005215406,249116521.49999997,0.017443821590232833,1.4911654884999996
2021-12-13,245955175.54999998,27.350000005215406,245955148.2,-0.012690338376129096,1.4595517554999997
2021-12-14,246853295.45000002,27.350000005215406,246853268.10000002,0.003651559264779447,1.4685329545
2021-12-15,252333345.95,27.350000005215406,252333318.6,0.022199624639444915,1.5233334594999999
2021-12-16,261481831.55,27.350000005215406,261481804.20000002,0.036255555386693894,1.6148183155
2021-12-17,256160947.84999996,27.350000005215406,256160920.49999997,-0.02034896141142639,1.5616094784999994
2021-12-20,245227731.20000002,27.350000005215406,245227703.85000002,-0.042681043858418644,1.452277312
2021-12-21,262055208.5,27.350000005215406,262055181.15,0.06861979767808579,1.620552085
2021-12-22,256712471.9,27.350000005215406,256712444.55,-0.02038782831519259,1.5671247190000002
2021-12-23,256520872.25,27.350000005215406,256520844.9,-0.0007463589461856879,1.5652087225
2021-12-24,254591290.24999997,27.350000005215406,254591262.89999998,-0.007522124742034619,1.5459129024999996
2021-12-27,251640190.25,27.350000005215406,251640162.9,-0.011591519871328226,1.5164019025000002
2021-12-28,252561303.35,27.350000005215406,252561276.0,0.0036604371467248153,1.5256130335
2021-12-30,249029894.6,27.350000005215406,249029867.25,-0.013982382507371605,1.4902989459999998
2021-12-31,250738054.54999998,27.350000005215406,250738027.2,0.006859256607499642,1.5073805454999998
2022-01-03,249899792.75,27.350000005215406,249899765.4,-0.003343177410801923,1.4989979275
2022-01-04,249818974.55,27.350000005215406,249818947.20000002,-0.00032340242907225036,1.4981897455
2022-01-05,258365784.95,27.350000005215406,258365757.6,0.03421201458133982,1.5836578494999998
2022-01-06,263283144.64999998,27.350000005215406,263283117.29999998,0.019032549921235153,1.6328314464999996
2022-01-07,259542685.25,27.350000005215406,259542657.9,-0.01420698391069597,1.5954268525000002
2022-01-10,263928304.7,27.350000005215406,263928277.35,0.016897488156045082,1.6392830469999997
2022-01-11,261682862.29999998,27.350000005215406,261682834.95,-0.008507774119006828,1.616828623
2022-01-12,266440773.5,27.350000005215406,266440746.15,0.01818197476969452,1.6644077350000002
2022-01-13,261458930.60000002,27.350000005215406,261458903.25000003,-0.018697749727107693,1.614589306
2022-01-14,260423500.85000002,27.350000005215406,260423473.50000003,-0.003960200355841326,1.6042350085000003
2022-01-17,261694586.15,27.350000005215406,261694558.8,0.0048808394628414575,1.6169458615
2022-01-18,266836512.95,27.350000005215406,266836485.6,0.019648579191671622,1.6683651294999997
2022-01-19,276812664.65000004,27.350000005215406,276812637.3,0.0373867563689434,1.7681266465000003
2022-01-20,269752905.8,27.350000005215406,269752878.45,-0.025503742247220962,1.6975290580000002
2022-01-21,257739127.54999998,27.350000005215406,257739100.2,-0.044536232943890086,1.5773912754999997
2022-01-24,242613363.04999998,27.350000005215406,242613335.7,-0.05868633390584321,1.4261336304999999
2022-01-25,236674509.65,27.350000005215406,236674482.3,-0.024478673908724602,1.3667450964999999
2022-01-27,233303060.14999998,27.350000005215406,233303032.79999998,-0.01424508919437839,1.3330306015
2022-01-28,239840413.55,27.350000005215406,239840386.20000002,0.028020864346129493,1.3984041355000003
2022-01-31,270585840.5,27.350000005215406,270585813.15,0.1281911855259139,1.7058584049999999
2022-02-01,262611226.7,27.350000005215406,262611199.35,-0.029471659659885296,1.626112267
2022-02-02,268116148.70000002,27.350000005215406,268116121.35000002,0.020962249288331902,1.6811614870000002
2022-02-03,290900033.0,27.350000005215406,290900005.65,0.08497766512935145,1.90900033
2022-02-04,272779347.95000005,27.350000005215406,272779320.6,-0.06229179441172472,1.7277934795000003
2022-02-07,269890873.1,27.350000005215406,269890845.75,-0.01058905255001008,1.6989087310000004
2022-02-08,255588342.64999998,27.350000005215406,255588315.29999998,-0.052993753681698896,1.5558834264999999
2022-02-09,260817564.95000002,27.350000005215406,260817537.60000002,0.020459549311921732,1.6081756495000001
2022-02-10,260982804.95000002,27.350000005215406,260982777.60000002,0.0006335462875426412,1.6098280495000004
2022-02-11,260976683.60000002,27.350000005215406,260976656.25000003,-2.3454993524074652e-05,1.6097668360000004
2022-02-14,258666715.7,27.350000005215406,258666688.35,-0.008851242448695285,1.586667157
2022-02-15,259998885.79999998,27.350000005215406,259998858.45,0.005150141162904909,1.5999888579999997
2022-02-16,257791068.35,27.350000005215406,257791041.0,-0.008491641966874908,1.5779106834999999
2022-02-17,254852022.04999998,27.350000005215406,254851994.7,-0.01140088490579394,1.5485202205
2022-02-18,249648984.35000002,27.350000005215406,249648957.00000003,-0.020415916884423124,1.4964898435
2022-02-21,245134939.4,27.350000005215406,245134912.05,-0.018081567452609693,1.4513493940000002
2022-02-22,241117746.64999998,27.350000005215406,241117719.29999998,-0.016387679209796224,1.4111774664999999
2022-02-23,240484636.25,27.350000005215406,240484608.9,-0.002625731240425755,1.4048463624999998
2022-02-24,234917857.25,27.350000005215406,234917829.9,-0.0231481689924381,1.3491785725
2022-02-25,241625001.5,27.350000005215406,241624974.15,0.028551019188218785,1.4162500150000001
2022-02-28,259448401.25,27.350000005215406,259448373.9,0.07376471656224703,1.5944840125000002
2022-03-02,258539054.29999998,27.350000005215406,258539026.95,-0.003504924083628458,1.585390543
2022-03-03,270011188.25,27.350000005215406,270011160.9,0.04437292455122899,1.7001118825
2022-03-04,259664084.0,27.350000005215406,259664056.65,-0.03832102038830976,1.59664084
2022-03-07,250475827.85000002,27.350000005215406,250475800.50000003,-0.035385163818034915,1.5047582785000002
2022-03-08,256252705.1,27.350000005215406,256252677.75,0.02306361176480265,1.562527051
2022-03-09,265309463.14999998,27.350000005215406,265309435.79999998,0.03534307295006189,1.6530946314999997
2022-03-10,268075368.35000002,27.350000005215406,268075341.00000003,0.010425203711773579,1.6807536835000003
2022-03-11,266503492.7,27.350000005215406,266503465.35,-0.0058635586688732255,1.6650349269999998
2022-03-14,274839205.40000004,27.350000005215406,274839178.05,0.03127806174526748,1.7483920540000004
2022-03-15,269376640.1,27.350000005215406,269376612.75,-0.01987549517198539,1.6937664010000004
2022-03-16,270738495.8,27.350000005215406,270738468.45,0.005055582026319838,1.707384958
2022-03-17,275741246.6,27.350000005215406,275741219.25,0.018478165748899045,1.7574124660000003
2022-03-21,275688290.15000004,27.350000005215406,275688262.8,-0.00019205124606114232,1.7568829015000005
2022-03-22,270412031.6,27.350000005215406,270412004.25,-0.019138493503402798,1.704120316
2022-03-23,273167057.6,27.350000005215406,273167030.25,0.010188252289289101,1.7316705760000004
2022-03-24,270751058.45000005,27.350000005215406,270751031.1,-0.008844401558615989,1.7075105845000005
2022-03-25,269893047.05,27.350000005215406,269893019.7,-0.0031690047858426995,1.6989304705000001
2022-03-28,267791554.7,27.350000005215406,267791527.35,-0.007786389360414647,1.677915547
2022-03-29,263276480.14999998,27.350000005215406,263276452.79999998,-0.016860406800573435,1.6327648014999996
2022-03-30,263829488.3,27.350000005215406,263829460.95000002,0.002100484440102468,1.638294883
2022-03-31,264625067.6,27.350000005215406,264625040.25,0.0030155056022218574,1.6462506759999997
2022-04-01,270566682.20000005,27.350000005215406,270566654.85,0.022452954490997934,1.7056668220000004
2022-04-04,271273622.75,27.350000005215406,271273595.4,0.002612814498266225,1.7127362275000002
2022-04-05,273066590.6,27.350000005215406,273066563.25,0.006609444117065433,1.730665906
2022-04-06,272960609.3,27.350000005215406,272960581.95,-0.0003881152204198157,1.7296060930000001
2022-04-07,271853378.45,27.350000005215406,271853351.09999996,-0.004056375946842605,1.7185337845
2022-04-08,270847907.9,27.350000005215406,270847880.54999995,-0.0036985766214596705,1.708479079
2022-04-11,271517613.65000004,27.350000005215406,271517586.3,0.002472626630910968,1.7151761365000002
2022-04-12,270908075.6,27.350000005215406,270908048.25,-0.0022449300500472225,1.709080756
2022-04-13,269030420.45000005,27.350000005215406,269030393.1,-0.006930967804637755,1.6903042045000003
2022-04-18,268790089.4,27.350000005215406,268790062.04999995,-0.0008933229543264254,1.6879008939999998
2022-04-19,270028024.1,27.350000005215406,270027996.75,0.004605581637192824,1.7002802410000002
2022-04-20,268387959.04999998,27.350000005215406,268387931.7,-0.006073684594280038,1.6838795904999997
2022-04-21,272014711.1,27.350000005215406,272014683.75,0.013513095232876582,1.7201471110000002
2022-04-22,270916055.0,27.350000005215406,270916027.65,-0.0040389583914677285,1.70916055
2022-04-25,271956306.95000005,27.350000005215406,271956279.6,0.003839757485026407,1.7195630695000004
2022-04-26,268089841.25,27.350000005215406,268089813.9,-0.014217231228658034,1.6808984125
2022-04-27,263036484.79999998,27.350000005215406,263036457.45,-0.018849488762566202,1.6303648479999997
2022-04-28,270441767.6,27.350000005215406,270441740.25,0.028153063274209522,1.7044176760000003
2022-04-29,276592129.1,27.350000005215406,276592101.75,0.022741906897668196,1.7659212910000002
2022-05-02,291615001.1000001,27.350000005215406,291614973.75000006,0.05431417028706775,1.916150011000001
2022-05-04,274796579.15000004,27.350000005215406,274796551.8,-0.05767337718073262,1.7479657915000004
2022-05-05,282747453.65,27.350000005215406,282747426.29999995,0.028933673499843326,1.8274745364999996
2022-05-06,277263087.65000004,27.350000005215406,277263060.3,-0.019396694573910467,1.7726308765000005
2022-05-09,266537308.85,27.350000005215406,266537281.5,-0.038684481554716044,1.6653730885
2022-05-10,258805630.25,27.350000005215406,258805602.9,-0.029007866228405454,1.5880563025
2022-05-11,248891039.9,27.350000005215406,248891012.55,-0.03830902109982204,1.4889103989999999
2022-05-12,238093824.04999998,27.350000005215406,238093796.7,-0.043381295904979744,1.3809382405
2022-05-13,252105456.04999998,27.350000005215406,252105428.7,0.058849203904833614,1.5210545604999997
2022-05-16,203394772.7,27.350000005215406,203394745.35,-0.19321550637261586,1.0339477269999997
2022-05-17,201978291.5,27.350000005215406,201978264.15,-0.006964196676230494,1.019782915
2022-05-18,191529310.39999998,27.350000005215406,191529283.04999998,-0.05173318886104161,0.9152931039999999
2022-05-19,182867913.79999998,174707693.89999998,8160219.900000006,-0.04522230347883083,0.8286791379999998
2022-05-20,183162007.7,174707693.89999998,8454313.800000012,0.0016082312850227432,0.831620077
2022-05-23,183137204.59999996,174707693.89999998,8429510.699999988,-0.00013541618325485505,0.8313720459999996
2022-05-24,183105314.89999998,174707693.89999998,8397621.0,-0.00017413010136113627,0.8310531489999997
2022-05-25,182789961.2,174707693.89999998,8082267.300000012,-0.0017222531206819713,0.827899612
2022-05-26,182848425.64999998,174707693.89999998,8140731.75,0.000319844971880201,0.8284842564999997
2022-05-27,183117716.45,174707693.89999998,8410022.550000012,0.0014727542719754627,0.8311771644999999
2022-05-30,183378148.99999997,174707693.89999998,8670455.099999994,0.0014222138362625092,0.8337814899999998
2022-05-31,183666927.95,174707693.89999998,8959234.050000012,0.0015747729572732627,0.8366692794999999
2022-06-01,183675786.2,174707693.89999998,8968092.300000012,4.82299676858311e-05,0.8367578619999998
2022-06-02,183751967.14999998,174707693.89999998,9044273.25,0.00041475771834753594,0.8375196714999997
2022-06-03,183615550.09999996,174707693.89999998,8907856.199999988,-0.000742397766488434,0.8361555009999997
2022-06-06,183526967.59999996,174707693.89999998,8819273.699999988,-0.0004824346301375293,0.8352696759999996
2022-06-07,183140747.89999998,174707693.89999998,8433054.0,-0.002104430237423016,0.8314074789999997
2022-06-08,183174409.24999997,174707693.89999998,8466715.349999994,0.0001838004397489712,0.8317440924999997
2022-06-09,183224015.45,174707693.89999998,8516321.550000012,0.00027081403020834394,0.8322401544999998
2022-06-10,183076968.49999997,174707693.89999998,8369274.599999994,-0.0008025528184112396,0.8307696849999997
2022-06-13,182752756.54999998,174707693.89999998,8045062.650000006,-0.0017709051698656664,0.8275275654999998
2022-06-14,182605709.59999996,174707693.89999998,7898015.699999988,-0.0008046223366254823,0.8260570959999995
2022-06-15,182543701.84999996,174707693.89999998,7836007.949999988,-0.00033957180274279963,0.8254370184999997
2022-06-16,182279725.99999997,174707693.89999998,7572032.099999994,-0.001446096728206503,0.8227972599999998
2022-06-17,182334647.14999998,174707693.89999998,7626953.25,0.0003013014733190822,0.8233464714999998
2022-06-20,182074214.59999996,174707693.89999998,7366520.699999988,-0.0014283217922140823,0.8207421459999997
2022-06-21,182552560.09999996,174707693.89999998,7844866.199999988,0.0026272006777614543,0.8255256009999996
2022-06-22,182194686.79999998,174707693.89999998,7486992.900000006,-0.0019603849970876164,0.8219468679999997
2022-06-23,182318702.29999998,174707693.89999998,7611008.400000006,0.0006806757220978454,0.8231870229999998
2022-06-24,182533071.95,174707693.89999998,7825378.050000012,0.0011757962693661472,0.8253307194999999
2022-06-27,182573819.89999998,174707693.89999998,7866126.0,0.0002232359843872267,0.8257381989999997
2022-06-28,182407284.79999998,174707693.89999998,7699590.900000006,-0.0009121521370983876,0.8240728479999999
2022-06-29,182253151.24999997,174707693.89999998,7545457.349999994,-0.0008449966796502117,0.8225315124999997
2022-06-30,182292127.54999998,174707693.89999998,7584433.650000006,0.0002138580306167981,0.8229212754999997
2022-07-01,182338190.45,174707693.89999998,7630496.550000012,0.00025268726970884003,0.8233819044999999
2022-07-04,182474607.49999997,174707693.89999998,7766913.599999994,0.0007481540189870906,0.8247460749999997
2022-07-05,182341733.74999997,174707693.89999998,7634039.849999994,-0.0007281766587715621,0.8234173374999998
2022-07-06,182628741.04999998,174707693.89999998,7921047.150000006,0.00157400773864258,0.8262874104999998
2022-07-07,182603937.95,174707693.89999998,7896244.050000012,-0.0001358115916333391,0.8260393794999998
2022-07-08,182642914.24999997,174707693.89999998,7935220.349999994,0.000213447204028272,0.8264291424999997
2022-07-11,182650000.84999996,174707693.89999998,7942306.949999988,3.8800300734775917e-05,0.8265000084999996
2022-07-12,182529528.64999998,174707693.89999998,7821834.75,-0.0006595795206095767,0.8252952864999998
2022-07-13,182614567.84999996,174707693.89999998,7906873.949999988,0.0004658928373340032,0.8261456784999996
2022-07-14,182657087.45,174707693.89999998,7949393.550000012,0.00023283794113804213,0.8265708744999998
2022-07-15,182665945.7,174707693.89999998,7958251.800000012,4.849661255224014e-05,0.8266594569999999
2022-07-18,182887401.95,174707693.89999998,8179708.050000012,0.0012123565186239471,0.8288740195
2022-07-19,182878543.7,174707693.89999998,8170849.800000012,-4.84355396027647e-05,0.8287854369999998
2022-07-20,182871457.09999996,174707693.89999998,8163763.199999988,-3.875030857447559e-05,0.8287145709999997
2022-07-21,183041535.49999997,174707693.89999998,8333841.599999994,0.0009300434452546025,0.8304153549999997
2022-07-22,183062795.29999998,174707693.89999998,8355101.400000006,0.00011614740852095018,0.8306279529999998
2022-07-25,182979527.74999997,174707693.89999998,8271833.849999994,-0.000454857852812518,0.8297952774999997
2022-07-26,183039763.84999996,174707693.89999998,8332069.949999988,0.0003291958436044684,0.8303976384999996
2022-07-27,183208070.59999996,174707693.89999998,8500376.699999988,0.0009195092173410746,0.8320807059999997
2022-07-28,183500392.84999996,174707693.89999998,8792698.949999988,0.0015955751787717354,0.8350039284999997
2022-07-29,183463188.2,174707693.89999998,8755494.300000012,-0.0002027497021784841,0.8346318819999998
2022-08-01,183666927.95,174707693.89999998,8959234.050000012,0.0011105211459527808,0.8366692794999999
2022-08-02,183457873.24999997,174707693.89999998,8750179.349999994,-0.0011382272373877678,0.8345787324999998
2022-08-03,183245275.24999997,174707693.89999998,8537581.349999994,-0.0011588382457169422,0.8324527524999996
2022-08-04,183305511.34999996,174707693.89999998,8597817.449999988,0.0003287184344469285,0.8330551134999997
2022-08-05,183349802.59999996,174707693.89999998,8642108.699999988,0.00024162530451921072,0.8334980259999996
2022-08-08,183631494.95,174707693.89999998,8923801.050000012,0.0015363657119096263,0.8363149495
2022-08-10,183567715.54999998,174707693.89999998,8860021.650000006,-0.00034732277280302704,0.8356771554999998
2022-08-11,183495077.89999998,174707693.89999998,8787384.0,-0.00039569948224482676,0.8349507789999997
2022-08-12,183275393.29999998,174707693.89999998,8567699.400000006,-0.0011972233942957322,0.8327539329999998
2022-08-16,183135432.95,174707693.89999998,8427739.050000012,-0.0007636614358311755,0.8313543294999999
2022-08-17,183645668.14999998,174707693.89999998,8937974.25,0.002786108574299284,0.8364566814999999
2022-08-18,183661612.99999997,174707693.89999998,8953919.099999994,8.68239918785374e-05,0.8366161299999997
2022-08-19,183927360.49999997,174707693.89999998,9219666.599999994,0.00144694090212516,0.8392736049999998
2022-08-22,183897242.45,174707693.89999998,9189548.550000012,-0.00016374969943622197,0.8389724244999999
2022-08-23,183812203.24999997,174707693.89999998,9104509.349999994,-0.00046242781494199026,0.8381220324999996
2022-08-24,184058462.59999996,174707693.89999998,9350768.699999988,0.0013397334107629888,0.8405846259999996
2022-08-25,184005313.09999996,174707693.89999998,9297619.199999988,-0.00028876422876300545,0.8400531309999997
2022-08-26,183854722.84999996,174707693.89999998,9147028.949999988,-0.0008184016399469529,0.8385472284999997
2022-08-29,183620865.04999998,174707693.89999998,8913171.150000006,-0.0012719705883801335,0.8362086504999999
2022-08-30,183810431.59999996,174707693.89999998,9102737.699999988,0.0010323802251359648,0.8381043159999997
2022-09-01,183378148.99999997,174707693.89999998,8670455.099999994,-0.0023517849136044378,0.8337814899999998
2022-09-02,183519880.99999997,174707693.89999998,8812187.099999994,0.0007728947029561617,0.8351988099999996
2022-09-05,183606691.84999996,174707693.89999998,8898997.949999988,0.0004730324013233478,0.8360669184999996
2022-09-06,183512794.39999998,174707693.89999998,8805100.5,-0.0005114053799123441,0.8351279439999997
2022-09-07,183945076.99999997,174707693.89999998,9237383.099999994,0.0023555992453461183,0.8394507699999998
2022-09-08,183819289.84999996,174707693.89999998,9111595.949999988,-0.0006838299347364796,0.8381928984999996
2022-09-09,184040746.09999996,174707693.89999998,9333052.199999988,0.0012047497854046352,0.8404074609999996
2022-09-12,184288777.09999996,174707693.89999998,9581083.199999988,0.001347696123038089,0.8428877709999996
2022-09-13,184324210.09999996,174707693.89999998,9616516.199999988,0.00019226889752910203,0.8432421009999997
2022-09-14,184581099.34999996,174707693.89999998,9873405.449999988,0.0013936815454715923,0.8458109934999996
2022-09-15,184411020.95,174707693.89999998,9703327.050000012,-0.0009214291203102354,0.8441102094999999
2022-09-16,183964565.14999998,174707693.89999998,9256871.25,-0.0024209822043177454,0.8396456514999997
2022-09-19,184155903.34999996,174707693.89999998,9448209.449999988,0.0010400818214311158,0.8415590334999996
2022-09-20,184295863.7,174707693.89999998,9588169.800000012,0.0007600101188938169,0.842958637
2022-09-21,184325981.74999997,174707693.89999998,9618287.849999994,0.00016342227869525772,0.8432598174999997
2022-09-22,184398619.39999998,174707693.89999998,9690925.5,0.00039407168381999647,0.8439861939999997
2022-09-23,183957478.54999998,174707693.89999998,9249784.650000006,-0.0023923218700627746,0.8395747854999998
2022-09-26,183842321.29999998,174707693.89999998,9134627.400000006,-0.0006259992847679197,0.8384232129999998
2022-09-27,184035431.14999998,174707693.89999998,9327737.25,0.0010504102028001672,0.8403543114999998
2022-09-28,183812203.24999997,174707693.89999998,9104509.349999994,-0.0012129615400964244,0.8381220324999996
2022-09-29,183603148.54999998,174707693.89999998,8895454.650000006,-0.0011373276436693613,0.8360314854999997
2022-09-30,183856494.49999997,174707693.89999998,9148800.599999994,0.0013798562388542823,0.8385649449999997
2022-10-03,183640353.2,174707693.89999998,8932659.300000012,-0.0011755978519430998,0.8364035319999998
2022-10-04,184186021.39999998,174707693.89999998,9478327.5,0.0029713959404429335,0.8418602139999998
2022-10-06,184627162.24999997,174707693.89999998,9919468.349999994,0.002395083224268957,0.8462716224999998
2022-10-07,184694484.95,174707693.89999998,9986791.050000012,0.0003646413625144618,0.8469448494999998
2022-10-10,184579327.7,174707693.89999998,9871633.800000012,-0.0006235012920454697,0.8457932769999998
2022-10-11,184361414.74999997,174707693.89999998,9653720.849999994,-0.001180592391983315,0.8436141474999996
2022-10-12,184219682.74999997,174707693.89999998,9511988.849999994,-0.0007687725774516707,0.8421968274999998
2022-10-13,184386217.84999996,174707693.89999998,9678523.949999988,0.0009040027510307524,0.8438621784999996
2022-10-14,184182478.09999996,174707693.89999998,9474784.199999988,-0.0011049619238122643,0.8418247809999997
2022-10-17,184037202.79999998,174707693.89999998,9329508.900000006,-0.0007887574404396025,0.8403720279999998
2022-10-18,184297635.34999996,174707693.89999998,9589941.449999988,0.0014151081739870452,0.8429763534999997
2022-10-19,184306493.59999996,174707693.89999998,9598799.699999988,4.8064914035306217e-05,0.8430649359999995
2022-10-20,184315351.84999996,174707693.89999998,9607657.949999988,4.806260391032602e-05,0.8431535184999996
2022-10-21,184166533.24999997,174707693.89999998,9458839.349999994,-0.0008074129393254026,0.8416653324999996
2022-10-24,184186021.39999998,174707693.89999998,9478327.5,0.00010581808570808704,0.8418602139999998
2022-10-25,184024801.24999997,174707693.89999998,9317107.349999994,-0.0008753115397931444,0.8402480124999998
2022-10-27,184131100.24999997,174707693.89999998,9423406.349999994,0.0005776340975669481,0.8413110024999997
2022-10-28,184028344.54999998,174707693.89999998,9320650.650000006,-0.0005580572747377888,0.8402834454999999
2022-10-31,184005313.09999996,174707693.89999998,9297619.199999988,-0.00012515164474435903,0.8400531309999997
2022-11-01,184012399.7,174707693.89999998,9304705.800000012,3.851301835067211e-05,0.8401239969999998
2022-11-02,184097438.89999998,174707693.89999998,9389745.0,0.00046213842185971465,0.8409743889999997
2022-11-03,184182478.09999996,174707693.89999998,9474784.199999988,0.0004619249485930954,0.8418247809999997
2022-11-04,184099210.54999998,174707693.89999998,9391516.650000006,-0.0004520926792763724,0.8409921054999998
2022-11-07,184074407.45,174707693.89999998,9366713.550000012,-0.00013472681347137527,0.8407440744999999
2022-11-09,184012399.7,174707693.89999998,9304705.800000012,-0.0003368624180786206,0.8401239969999998
2022-11-10,183978738.34999996,174707693.89999998,9271044.449999988,-0.0001829297919863082,0.8397873834999996
2022-11-11,184131100.24999997,174707693.89999998,9423406.349999994,0.0008281494990478588,0.8413110024999997
2022-11-14,183904329.04999998,174707693.89999998,9196635.150000006,-0.0012315746752834533,0.8390432904999998
2022-11-15,183920273.89999998,174707693.89999998,9212580.0,8.670187418835518e-05,0.8392027389999999
2022-11-16,183728935.7,174707693.89999998,9021241.800000012,-0.0010403322915015778,0.837289357
2022-11-17,183670471.24999997,174707693.89999998,8962777.349999994,-0.0003182103558009297,0.8367047124999998
2022-11-18,183594290.29999998,174707693.89999998,8886596.400000006,-0.00041476972036669224,0.8359429029999998
2022-11-21,183461416.54999998,174707693.89999998,8753722.650000006,-0.0007237357424507707,0.8346141654999999
2022-11-22,183643896.49999997,174707693.89999998,8936202.599999994,0.000994650283593801,0.8364389649999997
2022-11-23,183700589.29999998,174707693.89999998,8992895.400000006,0.00030871050484382323,0.8370058929999997
2022-11-24,183665156.29999998,174707693.89999998,8957462.400000006,-0.0001928845200498408,0.8366515629999998
2022-11-25,183897242.45,174707693.89999998,9189548.550000012,0.0012636373424086411,0.8389724244999999
2022-11-28,183936218.74999997,174707693.89999998,9228524.849999994,0.00021194608184837982,0.8393621874999997
2022-11-29,183989368.24999997,174707693.89999998,9281674.349999994,0.00028895614121671187,0.8398936824999996
2022-11-30,184090352.29999998,174707693.89999998,9382658.400000006,0.000548858072401126,0.8409035229999999
2022-12-01,184145273.45,174707693.89999998,9437579.550000012,0.00029833801344736344,0.8414527344999998
2022-12-02,184311808.54999998,174707693.89999998,9604114.650000006,0.000904368039862824,0.8431180854999998
2022-12-05,184210824.49999997,174707693.89999998,9503130.599999994,-0.0005478978845384619,0.8421082449999997
2022-12-06,184079722.39999998,174707693.89999998,9372028.5,-0.0007116959622532892,0.8407972239999997
2022-12-07,183966336.79999998,174707693.89999998,9258642.900000006,-0.0006159592079002518,0.8396633679999999
2022-12-08,184012399.7,174707693.89999998,9304705.800000012,0.0002503876567923058,0.8401239969999998
2022-12-09,183943305.34999996,174707693.89999998,9235611.449999988,-0.00037548746776128183,0.8394330534999996
2022-12-12,184005313.09999996,174707693.89999998,9297619.199999988,0.0003371025103742209,0.8400531309999997
2022-12-13,183945076.99999997,174707693.89999998,9237383.099999994,-0.00032736065597871455,0.8394507699999998
2022-12-14,184007084.74999997,174707693.89999998,9299390.849999994,0.00033709926360248055,0.8400708474999996
2022-12-15,183861809.45,174707693.89999998,9154115.550000012,-0.000789509274587763,0.8386180944999999
2022-12-16,183583660.39999998,174707693.89999998,8875966.5,-0.0015128157980826007,0.8358366039999998
2022-12-19,183636809.89999998,174707693.89999998,8929116.0,0.000289511059340386,0.8363680989999998
2022-12-20,183608463.49999997,174707693.89999998,8900769.599999994,-0.00015436120903777883,0.8360846349999997
2022-12-21,183466731.49999997,174707693.89999998,8759037.599999994,-0.0007719252004959598,0.8346673149999997
2022-12-22,183394093.84999996,174707693.89999998,8686399.949999988,-0.00039591728378285396,0.8339409384999996
2022-12-23,183036220.54999998,174707693.89999998,8328526.650000006,-0.0019513894503750961,0.8303622054999997
2022-12-26,183179724.2,174707693.89999998,8472030.300000012,0.0007840177729239173,0.8317972419999999
2022-12-27,183179724.2,174707693.89999998,8472030.300000012,0.0,0.8317972419999999
2022-12-28,183177952.54999998,174707693.89999998,8470258.650000006,-9.671649019771245e-06,0.8317795254999998
2022-12-29,183186810.79999998,174707693.89999998,8479116.900000006,4.8358712807283766e-05,0.8318681079999999
2022-12-30,183208070.59999996,174707693.89999998,8500376.699999988,0.00011605529845271079,0.8320807059999997
2023-01-02,183323227.84999996,174707693.89999998,8615533.949999988,0.0006285599189099766,0.8332322784999997
2023-01-03,183216928.84999996,174707693.89999998,8509234.949999988,-0.0005798446887863573,0.8321692884999996
2023-01-04,183101771.59999996,174707693.89999998,8394077.699999988,-0.0006285295290276993,0.8310177159999996
2023-01-05,183209842.24999997,174707693.89999998,8502148.349999994,0.0005902217605850968,0.8320984224999997
2023-01-06,183131889.64999998,174707693.89999998,8424195.75,-0.00042548259985741854,0.8313188964999998
2023-01-09,183098228.29999998,174707693.89999998,8390534.400000006,-0.00018380933033745883,0.8309822829999998
2023-01-10,182913976.7,174707693.89999998,8206282.800000012,-0.0010062991963969425,0.8291397669999998
2023-01-11,182814764.29999998,174707693.89999998,8107070.400000006,-0.0005423992293531743,0.8281476429999999
2023-01-12,182770473.04999998,174707693.89999998,8062779.150000006,-0.00024227392229281275,0.8277047304999998
2023-01-13,182862598.84999996,174707693.89999998,8154904.949999988,0.0005040518769943159,0.8286259884999996
2023-01-16,182843110.7,174707693.89999998,8135416.800000012,-0.00010657264045532688,0.8284311069999999
2023-01-17,182798819.45,174707693.89999998,8091125.550000012,-0.00024223636225850775,0.8279881944999998
2023-01-18,182862598.84999996,174707693.89999998,8154904.949999988,0.0003489048791007754,0.8286259884999996
2023-01-19,182655315.79999998,174707693.89999998,7947621.900000006,-0.0011335453575720411,0.8265531579999998
2023-01-20,182600394.64999998,174707693.89999998,7892700.75,-0.00030068191423537893,0.8260039464999998
2023-01-23,182639370.95,174707693.89999998,7931677.050000012,0.00021345134590045056,0.8263937094999998
2023-01-24,182605709.59999996,174707693.89999998,7898015.699999988,-0.00018430500403576744,0.8260570959999995
2023-01-25,182504725.54999998,174707693.89999998,7797031.650000006,-0.0005530169358952675,0.8250472554999999
2023-01-27,182338190.45,174707693.89999998,7630496.550000012,-0.0009124974682059861,0.8233819044999999
2023-01-30,182478150.79999998,174707693.89999998,7770456.900000006,0.0007675865909086976,0.8247815079999998
2023-01-31,182742126.64999998,174707693.89999998,8034432.75,0.0014466162049686648,0.8274212664999998
2023-02-01,182541930.2,174707693.89999998,7834236.300000012,-0.0010955134082653029,0.8254193019999998
2023-02-02,182579134.84999996,174707693.89999998,7871440.949999988,0.00020381426864068963,0.8257913484999997
2023-02-03,182518898.74999997,174707693.89999998,7811204.849999994,-0.00032991776442292675,0.8251889874999998
2023-02-06,182639370.95,174707693.89999998,7931677.050000012,0.0006600532921525737,0.8263937094999998
2023-02-07,182547245.14999998,174707693.89999998,7839551.25,-0.0005044136952554457,0.8254724514999998
2023-02-08,182619882.79999998,174707693.89999998,7912188.900000006,0.00039791151019730187,0.8261988279999999
2023-02-09,182664174.04999998,174707693.89999998,7956480.150000006,0.00024253246317385013,0.8266417404999997
2023-02-10,182727953.45,174707693.89999998,8020259.550000012,0.0003491620638349513,0.8272795344999999
2023-02-13,182451576.04999998,174707693.89999998,7743882.150000006,-0.0015125074997112131,0.8245157604999998
2023-02-14,182375395.09999996,174707693.89999998,7667701.199999988,-0.0004175406518776015,0.8237539509999996
2023-02-15,182304529.09999996,174707693.89999998,7596835.199999988,-0.00038857215339349604,0.8230452909999997
2023-02-16,182292127.54999998,174707693.89999998,7584433.650000006,-6.802656007065533e-05,0.8229212754999997
2023-02-17,182334647.14999998,174707693.89999998,7626953.25,0.00023324978742333968,0.8233464714999998
2023-02-20,182322245.59999996,174707693.89999998,7614551.699999988,-6.801532343880812e-05,0.8232224559999997
2023-02-21,182182285.24999997,182182285.24999997,0.0,-0.0007676537195963062,0.8218228524999998
2023-02-22,182182285.24999997,182182285.24999997,0.0,0.0,0.8218228524999998
2023-02-23,182182285.24999997,182182285.24999997,0.0,0.0,0.8218228524999998
2023-02-24,182182285.24999997,182182285.24999997,0.0,0.0,0.8218228524999998
2023-02-27,182182285.24999997,182182285.24999997,0.0,0.0,0.8218228524999998
2023-02-28,182182285.24999997,182182285.24999997,0.0,0.0,0.8218228524999998
2023-03-01,182182285.24999997,182182285.24999997,0.0,0.0,0.8218228524999998
2023-03-02,182182285.24999997,182182285.24999997,0.0,0.0,0.8218228524999998
2023-03-03,182182285.24999997,182182285.24999997,0.0,0.0,0.8218228524999998
2023-03-06,182182285.24999997,182182285.24999997,0.0,0.0,0.8218228524999998
2023-03-08,182182285.24999997,182182285.24999997,0.0,0.0,0.8218228524999998
2023-03-09,182182285.24999997,182182285.24999997,0.0,0.0,0.8218228524999998
2023-03-10,182182285.24999997,182182285.24999997,0.0,0.0,0.8218228524999998
2023-03-13,182182285.24999997,182182285.24999997,0.0,0.0,0.8218228524999998
2023-03-14,182182285.24999997,182182285.24999997,0.0,0.0,0.8218228524999998
2023-03-15,182182285.24999997,182182285.24999997,0.0,0.0,0.8218228524999998
2023-03-16,182182285.24999997,182182285.24999997,0.0,0.0,0.8218228524999998
2023-03-17,182182285.24999997,182182285.24999997,0.0,0.0,0.8218228524999998
2023-03-20,182182285.24999997,182182285.24999997,0.0,0.0,0.8218228524999998
2023-03-21,182182285.24999997,182182285.24999997,0.0,0.0,0.8218228524999998
2023-03-22,182182285.24999997,182182285.24999997,0.0,0.0,0.8218228524999998
2023-03-23,182182285.24999997,182182285.24999997,0.0,0.0,0.8218228524999998
2023-03-24,182182285.24999997,182182285.24999997,0.0,0.0,0.8218228524999998
2023-03-27,182182285.24999997,182182285.24999997,0.0,0.0,0.8218228524999998
2023-03-28,182182285.24999997,182182285.24999997,0.0,0.0,0.8218228524999998
2023-03-29,182182285.24999997,182182285.24999997,0.0,0.0,0.8218228524999998
2023-03-31,182182285.24999997,182182285.24999997,0.0,0.0,0.8218228524999998
2023-04-03,182182285.24999997,182182285.24999997,0.0,0.0,0.8218228524999998
2023-04-05,182182285.24999997,182182285.24999997,0.0,0.0,0.8218228524999998
2023-04-06,182182285.24999997,182182285.24999997,0.0,0.0,0.8218228524999998
2023-04-10,182182285.24999997,182182285.24999997,0.0,0.0,0.8218228524999998
2023-04-11,182182285.24999997,182182285.24999997,0.0,0.0,0.8218228524999998
2023-04-12,182182285.24999997,182182285.24999997,0.0,0.0,0.8218228524999998
2023-04-13,182182285.24999997,182182285.24999997,0.0,0.0,0.8218228524999998
2023-04-17,182182285.24999997,182182285.24999997,0.0,0.0,0.8218228524999998
2023-04-18,182182285.24999997,182182285.24999997,0.0,0.0,0.8218228524999998
2023-04-19,182182285.24999997,182182285.24999997,0.0,0.0,0.8218228524999998
2023-04-20,182182285.24999997,182182285.24999997,0.0,0.0,0.8218228524999998
2023-04-21,182182285.24999997,182182285.24999997,0.0,0.0,0.8218228524999998
2023-04-24,182182285.24999997,182182285.24999997,0.0,0.0,0.8218228524999998
2023-04-25,182182285.24999997,182182285.24999997,0.0,0.0,0.8218228524999998
2023-04-26,182182285.24999997,182182285.24999997,0.0,0.0,0.8218228524999998
2023-04-27,182182285.24999997,182182285.24999997,0.0,0.0,0.8218228524999998
2023-04-28,182182285.24999997,182182285.24999997,0.0,0.0,0.8218228524999998
2023-05-02,182182285.24999997,182182285.24999997,0.0,0.0,0.8218228524999998
2023-05-03,182182285.24999997,182182285.24999997,0.0,0.0,0.8218228524999998
2023-05-04,182182285.24999997,182182285.24999997,0.0,0.0,0.8218228524999998
2023-05-05,182182285.24999997,182182285.24999997,0.0,0.0,0.8218228524999998
2023-05-08,182182285.24999997,182182285.24999997,0.0,0.0,0.8218228524999998
2023-05-09,182182285.24999997,182182285.24999997,0.0,0.0,0.8218228524999998
2023-05-10,182182285.24999997,182182285.24999997,0.0,0.0,0.8218228524999998
2023-05-11,182182285.24999997,182182285.24999997,0.0,0.0,0.8218228524999998
2023-05-12,182182285.24999997,182182285.24999997,0.0,0.0,0.8218228524999998
2023-05-15,182182285.24999997,182182285.24999997,0.0,0.0,0.8218228524999998
2023-05-16,182182285.24999997,182182285.24999997,0.0,0.0,0.8218228524999998
2023-05-17,182182285.24999997,182182285.24999997,0.0,0.0,0.8218228524999998
2023-05-18,182182285.24999997,182182285.24999997,0.0,0.0,0.8218228524999998
2023-05-19,182182285.24999997,182182285.24999997,0.0,0.0,0.8218228524999998
2023-05-22,182182285.24999997,182182285.24999997,0.0,0.0,0.8218228524999998
2023-05-23,182182285.24999997,182182285.24999997,0.0,0.0,0.8218228524999998
2023-05-24,182182285.24999997,182182285.24999997,0.0,0.0,0.8218228524999998
2023-05-25,182182285.24999997,182182285.24999997,0.0,0.0,0.8218228524999998
2023-05-26,182182285.24999997,182182285.24999997,0.0,0.0,0.8218228524999998
2023-05-29,182182285.24999997,182182285.24999997,0.0,0.0,0.8218228524999998
2023-05-30,182182285.24999997,182182285.24999997,0.0,0.0,0.8218228524999998
2023-05-31,182182285.24999997,182182285.24999997,0.0,0.0,0.8218228524999998
2023-06-01,182182285.24999997,182182285.24999997,0.0,0.0,0.8218228524999998
2023-06-02,182182285.24999997,182182285.24999997,0.0,0.0,0.8218228524999998
2023-06-05,182182285.24999997,182182285.24999997,0.0,0.0,0.8218228524999998
2023-06-06,182182285.24999997,182182285.24999997,0.0,0.0,0.8218228524999998
2023-06-07,182182285.24999997,182182285.24999997,0.0,0.0,0.8218228524999998
2023-06-08,182182285.24999997,157018848.64999998,25163436.599999994,0.0,0.8218228524999998
2023-06-09,182369863.7,157018848.64999998,25351015.050000012,0.001029619590854347,0.8236986369999999
2023-06-12,182516162.74999997,157018848.64999998,25497314.099999994,0.0008022106670027007,0.8251616274999998
2023-06-13,182562905.59999996,157018848.64999998,25544056.949999988,0.0002561025242679982,0.8256290559999997
2023-06-14,182819080.7,157018848.64999998,25800232.050000012,0.0014032155062284613,0.8281908069999999
2023-06-15,182908317.04999998,157018848.64999998,25889468.400000006,0.00048811289094286003,0.8290831704999999
2023-06-16,182876143.39999998,130462995.89999998,52413147.5,-0.00017590042114490334,0.8287614339999998
2023-06-19,182290425.39999998,103113023.24999997,79177402.15,-0.0032028125107541605,0.8229042539999998
2023-06-20,188775907.89999998,103113023.24999997,85662884.65,0.03557774625720955,0.8877590789999998
2023-06-21,191484771.74999997,103113023.24999997,88371748.5,0.01434962692079833,0.9148477174999996
2023-06-22,191558085.89999998,103113023.24999997,88445062.65,0.0003828719606786546,0.9155808589999999
2023-06-23,188082243.24999997,103113023.24999997,84969220.0,-0.018145110574003698,0.8808224324999998
2023-06-26,186856581.04999995,103113023.24999997,83743557.79999998,-0.006516628996023122,0.8685658104999996
2023-06-27,187999529.84999996,103113023.24999997,84886506.6,0.006116716861549465,0.8799952984999997
2023-06-28,185728671.04999998,78310969.44999997,107417701.60000001,-0.012079066377516212,0.8572867104999997
2023-06-30,188490617.04999998,78310969.44999997,110179647.60000001,0.014870865033306924,0.8849061704999999
2023-07-03,188752146.45,78310969.44999997,110441177.00000001,0.0013874929378083767,0.8875214644999998
2023-07-04,187750024.45,53095928.19999997,134654096.25,-0.0053091952533925735,0.8775002445
2023-07-05,186580165.29999998,27463013.19999997,159117152.10000002,-0.006230940067395552,0.8658016529999999
2023-07-06,190881985.29999998,27463013.19999997,163418972.10000002,0.023056148509050578,0.9088198529999998
2023-07-07,186838274.49999997,18731461.99999997,168106812.5,-0.021184350077063097,0.8683827449999997
2023-07-10,184055274.49999997,18731461.99999997,165323812.5,-0.01489523496964218,0.8405527449999997
2023-07-11,187046243.24999997,18731461.99999997,168314781.25,0.016250383251037892,0.8704624324999997
2023-07-12,187643680.74999997,18731461.99999997,168912218.75,0.0031940630809754733,0.8764368074999997
2023-07-13,184232993.24999997,18731461.99999997,165501531.25,-0.01817640480280336,0.8423299324999998
2023-07-14,185945899.49999997,18731461.99999997,167214437.5,0.009297499974261436,0.8594589949999998
2023-07-17,186237055.74999997,18731461.99999997,167505593.75,0.001565811619309132,0.8623705574999998
2023-07-18,185976149.49999997,220.5999999679625,185975928.9,-0.0014009362903064648,0.8597614949999997
2023-07-19,185616757.89999998,220.5999999679625,185616537.3,-0.0019324606997521698,0.8561675789999998
2023-07-20,184669063.2,220.5999999679625,184668842.60000002,-0.005105652693872309,0.8466906319999998
2023-07-21,186861083.99999997,220.5999999679625,186860863.4,0.01186999469221317,0.8686108399999997
2023-07-24,188369429.1,220.5999999679625,188369208.50000003,0.008072013004056133,0.8836942909999999
2023-07-25,190718628.89999998,220.5999999679625,190718408.3,0.012471237032591231,0.9071862889999998
2023-07-26,202011846.19999996,220.5999999679625,202011625.6,0.05921402311423596,1.0201184619999997
2023-07-27,205069427.19999996,220.5999999679625,205069206.6,0.015135651980393572,1.0506942719999994
2023-07-28,204536645.99999997,220.5999999679625,204536425.4,-0.0025980528022852,1.0453664599999999
2023-07-31,204685361.09999996,220.5999999679625,204685140.5,0.0007270829110983534,1.0468536109999995
2023-08-01,202774151.69999996,220.5999999679625,202773931.1,-0.009337303799983432,1.0277415169999995
2023-08-02,197659395.49999997,220.5999999679625,197659174.9,-0.025223906287459963,0.9765939549999998
2023-08-03,202015660.39999995,220.5999999679625,202015439.79999998,0.02203925034264298,1.0201566039999994
2023-08-04,209055056.29999998,220.5999999679625,209054835.70000002,0.034845793073971176,1.0905505629999999
2023-08-07,211530383.59999993,220.5999999679625,211530162.99999997,0.011840552167500684,1.1153038359999994
2023-08-08,212800374.69999996,220.5999999679625,212800154.1,0.006003823556627097,1.1280037469999997
2023-08-09,208868447.19999996,220.5999999679625,208868226.6,-0.018477070378955518,1.0886844719999997
2023-08-10,211863824.49999997,220.5999999679625,211863603.9,0.014340975576516035,1.1186382449999996
2023-08-11,210032935.49999997,220.5999999679625,210032714.9,-0.008641819830831898,1.1003293549999995
2023-08-14,219685383.29999998,220.5999999679625,219685162.70000002,0.045956829470680916,1.196853833
2023-08-16,220113590.69999996,220.5999999679625,220113370.1,0.0019491847548875896,1.2011359069999994
2023-08-17,237576105.09999996,220.5999999679625,237575884.5,0.07933410356201143,1.3757610509999996
2023-08-18,236610639.89999995,220.5999999679625,236610419.29999998,-0.004063814412622158,1.3661063989999995
2023-08-21,239750726.89999995,220.5999999679625,239750506.29999998,0.013271114947861706,1.3975072689999997
2023-08-22,238303259.69999996,220.5999999679625,238303039.1,-0.006037383989262013,1.3830325969999997
2023-08-23,238837427.69999996,220.5999999679625,238837207.1,0.002241547180984682,1.3883742769999996
2023-08-24,235677341.2,220.5999999679625,235677120.60000002,-0.013231119303333427,1.356773412
2023-08-25,232702693.49999997,220.5999999679625,232702472.9,-0.01262169576784078,1.3270269349999997
2023-08-28,241051113.79999998,220.5999999679625,241050893.20000002,0.035875907469889334,1.410511138
2023-08-29,241806218.2,220.5999999679625,241805997.60000002,0.0031325488942834934,1.418062182
2023-08-30,241472522.59999996,220.5999999679625,241472302.0,-0.0013800124847245243,1.4147252259999998
2023-08-31,240996266.69999996,220.5999999679625,240996046.1,-0.0019722985243705304,1.4099626669999994
2023-09-01,246684682.49999997,220.5999999679625,246684461.9,0.023603750704906723,1.4668468249999997
2023-09-04,251480987.49999994,220.5999999679625,251480766.89999998,0.019443059663827977,1.5148098749999992
2023-09-05,250897501.49999997,220.5999999679625,250897280.9,-0.0023201992556195483,1.5089750149999999
2023-09-06,249951670.49999997,220.5999999679625,249951449.9,-0.003769790429738462,1.4995167049999996
2023-09-07,253912228.79999995,220.5999999679625,253912008.2,0.015845296381005625,1.5391222879999997
2023-09-08,252097884.19999996,220.5999999679625,252097663.6,-0.007145558166200439,1.5209788419999994
2023-09-11,253559679.19999996,220.5999999679625,253559458.6,0.005798521493501685,1.5355967919999998
2023-09-12,241258322.79999995,220.5999999679625,241258102.2,-0.048514639389084735,1.4125832279999995
2023-09-13,238068280.2,220.5999999679625,238068059.60000002,-0.013222518348701584,1.380682802
2023-09-14,239649317.29999998,220.5999999679625,239649096.70000002,0.006641107747205055,1.3964931729999996
2023-09-15,248116484.2,220.5999999679625,248116263.60000002,0.035331487672883855,1.481164842
2023-09-18,246844264.09999993,220.5999999679625,246844043.49999997,-0.005127511394908191,1.4684426409999993
2023-09-20,246551490.29999995,220.5999999679625,246551269.7,-0.0011860668550166542,1.4655149029999994
2023-09-21,243739024.69999996,220.5999999679625,243738804.1,-0.011407213951851736,1.4373902469999997
2023-09-22,246520079.2,220.5999999679625,246519858.60000002,0.011409968114145963,1.465200792
2023-09-25,246210649.39999995,220.5999999679625,246210428.79999998,-0.0012551910619378326,1.4621064939999995
2023-09-26,248418905.09999996,220.5999999679625,248418684.5,0.00896896907335809,1.4841890509999995
2023-09-27,252877793.29999995,220.5999999679625,252877572.7,0.017949069529169304,1.5287779329999993
2023-09-28,247449371.99999997,220.5999999679625,247449151.4,-0.021466579683254383,1.47449372
2023-09-29,247702716.19999996,220.5999999679625,247702495.6,0.0010238223599128293,1.4770271619999997
2023-10-03,243774256.19999996,220.5999999679625,243774035.6,-0.01585957578611319,1.4377425619999995
2023-10-04,240908553.49999997,220.5999999679625,240908332.9,-0.011755559199199794,1.4090855349999996
2023-10-05,244375091.59999996,220.5999999679625,244374871.0,0.01438943553326344,1.4437509159999995
2023-10-06,242749801.59999996,220.5999999679625,242749581.0,-0.006650800576109117,1.4274980159999995
2023-10-09,236278703.09999996,220.5999999679625,236278482.5,-0.0266574821373613,1.3627870309999994
2023-10-10,236398960.49999997,220.5999999679625,236398739.9,0.0005089641953430757,1.3639896049999995
2023-10-11,240514320.49999997,220.5999999679625,240514099.9,0.017408536785846085,1.405143205
2023-10-12,248305786.79999995,220.5999999679625,248305566.2,0.0323950203206298,1.4830578679999995
2023-10-13,246032510.89999998,220.5999999679625,246032290.3,-0.009155146681422366,1.4603251089999998
2023-10-16,243628321.39999998,220.5999999679625,243628100.8,-0.00977183662112513,1.436283214
2023-10-17,244872616.49999997,220.5999999679625,244872395.9,0.005107349970026931,1.4487261649999996
2023-10-18,246716533.29999998,220.5999999679625,246716312.70000002,0.007530106168486261,1.4671653329999996
2023-10-19,244541539.99999997,220.5999999679625,244541319.4,-0.008815758193859158,1.4454154
2023-10-20,251647497.89999998,220.5999999679625,251647277.3,0.029058285557537644,1.5164749789999998
2023-10-23,231544099.59999996,220.5999999679625,231543879.0,-0.07988713763404365,1.3154409959999995
2023-10-25,245341888.29999995,220.5999999679625,245341667.7,0.05959032738832959,1.4534188829999994
2023-10-26,242493949.89999995,220.5999999679625,242493729.29999998,-0.01160803978372249,1.4249394989999993
2023-10-27,240756953.19999996,220.5999999679625,240756732.6,-0.0071630516997075455,1.4075695319999997
2023-10-30,246695425.49999994,220.5999999679625,246695204.89999998,0.024665839225282093,1.4669542549999992
2023-10-31,243692214.7,220.5999999679625,243691994.10000002,-0.012173759581934118,1.4369221469999998
2023-11-01,243882402.39999998,220.5999999679625,243882181.8,0.0007804422485722107,1.4388240239999996
2023-11-02,243444287.99999997,220.5999999679625,243444067.4,-0.001796416615912455,1.4344428799999998
2023-11-03,258714341.89999998,220.5999999679625,258714121.3,0.06272504491869624,1.5871434189999998
2023-11-06,276616153.4,220.5999999679625,276615932.8,0.06919528066565217,1.7661615339999996
2023-11-07,278688288.3,220.5999999679625,278688067.70000005,0.007491011911381795,1.786882883
2023-11-08,273237105.79999995,220.5999999679625,273236885.2,-0.019560142025530802,1.7323710579999996
2023-11-09,258664182.2,220.5999999679625,258663961.60000002,-0.05333435060854008,1.5866418219999998
2023-11-10,251624575.99999997,220.5999999679625,251624355.4,-0.027215233822195706,1.5162457599999999
2023-11-12,259800411.69999996,220.5999999679625,259800191.1,0.03249219861576624,1.5980041169999994
2023-11-13,254699524.99999997,220.5999999679625,254699304.4,-0.019633866885053863,1.5469952499999997
2023-11-15,260569583.99999997,220.5999999679625,260569363.4,0.023046996259612262,1.6056958399999997
2023-11-16,267568479.19999996,220.5999999679625,267568258.6,0.026859985315860868,1.6756847919999998
2023-11-17,263532615.99999994,220.5999999679625,263532395.39999998,-0.015083477740228557,1.6353261599999995
2023-11-20,276506372.9,220.5999999679625,276506152.3,0.049230175364707085,1.765063729
2023-11-21,269812275.9,220.5999999679625,269812055.3,-0.0242095577392748,1.6981227589999999
2023-11-22,268493103.2,220.5999999679625,268492882.6,-0.004889224167431538,1.6849310319999997
2023-11-23,267514381.29999995,220.5999999679625,267514160.7,-0.003645240374278713,1.6751438129999996
2023-11-24,268198725.59999993,220.5999999679625,268198504.99999997,0.002558158917193021,1.6819872559999993
2023-11-28,258262494.39999998,220.5999999679625,258262273.8,-0.037048017949269374,1.582624944
2023-11-29,251247760.6,220.5999999679625,251247540.00000003,-0.02716125628809063,1.512477606
2023-11-30,251563995.19999996,220.5999999679625,251563774.6,0.0012586563925773842,1.5156399519999995
2023-12-01,258913062.19999996,220.5999999679625,258912841.6,0.029213508849536662,1.5891306219999994
2023-12-04,256663711.59999993,220.5999999679625,256663490.99999997,-0.008687667516220188,1.5666371159999994
2023-12-05,259223476.79999995,220.5999999679625,259223256.2,0.009973225993042956,1.5922347679999995
2023-12-06,256435177.79999995,220.5999999679625,256434957.2,-0.010756352142253234,1.5643517779999994
2023-12-07,256198941.19999996,220.5999999679625,256198720.6,-0.0009212332021943936,1.5619894119999995
2023-12-08,257079584.59999993,220.5999999679625,257079363.99999997,0.003437342074386285,1.5707958459999993
2023-12-11,260309205.09999996,220.5999999679625,260308984.5,0.01256272646085499,1.6030920509999995
2023-12-12,257795234.59999996,220.5999999679625,257795014.0,-0.009657631965163227,1.5779523459999996
2023-12-13,255174294.39999998,220.5999999679625,255174073.8,-0.010166751934211238,1.551742944
2023-12-14,258682528.29999998,220.5999999679625,258682307.70000002,0.013748382877864174,1.586825283
2023-12-15,274175500.09999996,220.5999999679625,274175279.5,0.05989183692387767,1.7417550009999996
2023-12-18,268354628.89999998,220.5999999679625,268354408.3,-0.02123045712646443,1.6835462889999997
2023-12-19,265154908.69999996,220.5999999679625,265154688.1,-0.011923476830326463,1.6515490869999998
2023-12-20,253307307.39999998,220.5999999679625,253307086.8,-0.044681810184417636,1.5330730739999998
2023-12-21,254552989.29999995,220.5999999679625,254552768.7,0.0049176706064499864,1.5455298929999994
2023-12-22,253141032.1,220.5999999679625,253140811.50000003,-0.005546810524137746,1.531410321
2023-12-26,252074206.89999998,220.5999999679625,252073986.3,-0.0042143511510159826,1.5207420689999998
2023-12-27,258778018.69999996,220.5999999679625,258777798.1,0.026594596418424654,1.5877801869999995
2023-12-28,257459130.7,220.5999999679625,257458910.10000002,-0.005096599806372892,1.574591307
2023-12-29,259964321.09999993,220.5999999679625,259964100.49999997,0.009730439131013346,1.5996432109999992
2024-01-01,261336359.39999995,220.5999999679625,261336138.79999998,0.005277794638104405,1.6133635939999995
2024-01-02,258758080.69999996,220.5999999679625,258757860.1,-0.00986574813362917,1.5875808069999997
2024-01-03,259185223.19999996,220.5999999679625,259185002.6,0.0016507407182975165,1.5918522319999995
2024-01-04,265759985.09999993,220.5999999679625,265759764.49999997,0.02536703990615452,1.6575998509999992
2024-01-05,269808108.29999995,220.5999999679625,269807887.7,0.015232252509634892,1.6980810829999995
2024-01-08,273646607.49999994,220.5999999679625,273646386.9,0.014226774814832366,1.7364660749999996
2024-01-09,278779159.49999994,220.5999999679625,278778938.9,0.01875613239605034,1.7877915949999994
2024-01-10,286556242.1999999,220.5999999679625,286556021.59999996,0.02789693000706528,1.865562421999999
2024-01-11,287030758.4,220.5999999679625,287030537.8,0.0016559269355189699,1.8703075839999999
2024-01-12,295828605.49999994,220.5999999679625,295828384.9,0.03065123455424068,1.9582860549999994
2024-01-15,304122983.7,220.5999999679625,304122763.1,0.02803778284382319,2.041229837
2024-01-16,312443621.09999996,220.5999999679625,312443400.5,0.0273594494528826,2.1244362109999995
2024-01-17,301656300.09999996,220.5999999679625,301656079.5,-0.0345256560592333,2.0165630009999997
2024-01-18,309891540.09999996,220.5999999679625,309891319.5,0.027300076269814344,2.0989154009999997
2024-01-19,303341842.79999995,220.5999999679625,303341622.2,-0.021135450480146867,2.0334184279999996
2024-01-20,299787572.9,220.5999999679625,299787352.3,-0.011717044596262216,1.9978757289999995
2024-01-23,289226953.99999994,12973906.79999997,276253047.2,-0.035227006903060465,1.8922695399999996
2024-01-24,300720315.59999996,12973906.79999997,287746408.8,0.03973821056802351,2.0072031559999997
2024-01-25,323063894.79999995,12973906.79999997,310089988.0,0.07430019869266191,2.2306389479999997
2024-01-29,345104817.99999994,12973906.79999997,332130911.2,0.06822465634435848,2.4510481799999995
2024-01-30,351392496.3999999,12973906.79999997,338418589.59999996,0.01821961929259408,2.513924963999999
2024-01-31,349296603.59999996,12973906.79999997,336322696.8,-0.005964534876163441,2.4929660359999994
2024-02-01,357411567.59999996,12973906.79999997,344437660.8,0.023232301477780437,2.5741156759999995
2024-02-02,347597946.79999995,12973906.79999997,334624040.0,-0.027457479526748263,2.4759794679999994
2024-02-05,343232133.99999994,12973906.79999997,330258227.2,-0.012559949908196644,2.432321339999999
2024-02-06,352947391.59999996,12973906.79999997,339973484.8,0.028305209907881324,2.5294739159999997
2024-02-07,347261241.99999994,12973906.79999997,334287335.2,-0.016110473502079947,2.4726124199999995
2024-02-08,332529461.2,12973906.79999997,319555554.40000004,-0.04242276136304313,2.325294612
2024-02-09,328129599.59999996,12973906.79999997,315155692.8,-0.013231494088139506,2.2812959959999994
2024-02-12,292264863.59999996,12973906.79999997,279290956.8,-0.10930052041547067,1.9226486359999995
2024-02-13,285001119.59999996,12973906.79999997,272027212.8,-0.024853292012348538,1.8500111959999996
2024-02-14,305025597.1999999,12973906.79999997,292051690.4,0.07026104889729701,2.050255971999999
2024-02-15,308857978.79999995,12973906.79999997,295884072.0,0.012564131125976319,2.0885797879999997
2024-02-16,311566749.99999994,12973906.79999997,298592843.2,0.008770280795478591,2.1156674999999994
2024-02-19,320033551.59999996,12973906.79999997,307059644.8,0.02717492030198998,2.2003355159999995
2024-02-20,317896043.59999996,12973906.79999997,304922136.8,-0.00667901221391809,2.1789604359999997
2024-02-21,312107747.59999996,12973906.79999997,299133840.8,-0.018208141046521686,2.1210774759999995
2024-02-22,307915961.99999994,12973906.79999997,294942055.2,-0.013430572077218206,2.0791596199999995
2024-02-23,306720470.79999995,12973906.79999997,293746564.0,-0.0038825242843369967,2.0672047079999993
2024-02-26,298590373.99999994,12973906.79999997,285616467.2,-0.026506534691977945,1.9859037399999995
2024-02-27,296063196.4,12973906.79999997,283089289.6,-0.008463694144406508,1.9606319639999996
2024-02-28,295208193.1999999,12973906.79999997,282234286.4,-0.0028879077521167806,1.9520819319999991
2024-02-29,291296364.4,12973906.79999997,278322457.6,-0.01325108479407866,1.912963644
2024-03-01,284622799.59999996,12973906.79999997,271648892.8,-0.0229098801618961,1.8462279959999996
2024-03-02,289192905.1999999,12973906.79999997,276218998.4,0.01605670946397364,1.8919290519999992
2024-03-04,294735293.1999999,12973906.79999997,281761386.4,0.01916502065002934,1.9473529319999994
2024-03-05,292794511.59999996,12973906.79999997,279820604.8,-0.00658482931897475,1.9279451159999996
2024-03-06,289620406.79999995,12973906.79999997,276646500.0,-0.01084072506227951,1.8962040679999994
2024-03-07,289310184.4,12973906.79999997,276336277.6,-0.0010711344667581058,1.8931018439999998
2024-03-11,287017565.1999999,12973906.79999997,274043658.4,-0.007924433095069627,1.8701756519999995
2024-03-12,287289955.59999996,12973906.79999997,274316048.8,0.0009490373866498647,1.8728995559999997
2024-03-13,281622721.99999994,12973906.79999997,268648815.2,-0.019726528858846182,1.8162272199999996
2024-03-14,278724790.79999995,12973906.79999997,265750883.99999997,-0.010290118565078,1.7872479079999994
2024-03-15,265513856.39999998,12973906.79999997,252539949.6,-0.04739777312983806,1.6551385639999996
2024-03-18,266009455.59999996,12973906.79999997,253035548.79999998,0.0018665662377084224,1.6600945559999998
2024-03-19,251724092.39999998,12973906.79999997,238750185.6,-0.0537024639510596,1.5172409239999998
2024-03-20,257031922.0,12973906.79999997,244058015.20000002,0.021085902224907693,1.57031922
2024-03-21,270886000.4,12973906.79999997,257912093.6,0.05390022489113222,1.708860004
2024-03-22,281758917.1999999,12973906.79999997,268785010.4,0.040138348914098954,1.8175891719999995
2024-03-26,286987299.59999996,12973906.79999997,274013392.8,0.01855622690475056,1.8698729959999998
2024-03-27,288334118.79999995,12973906.79999997,275360212.0,0.004692957499782047,1.8833411879999997
2024-03-28,289514477.1999999,12973906.79999997,276540570.4,0.004093717402964492,1.8951447719999992
2024-04-01,292166500.4,12973906.79999997,279192593.6,0.009160243818024938,1.9216650039999998
2024-04-02,297761853.1999999,12973906.79999997,284787946.4,0.01915124695110304,1.9776185319999993
2024-04-03,298643338.79999995,12973906.79999997,285669432.0,0.0029603711507260044,1.9864333879999996
2024-04-04,297186806.79999995,12973906.79999997,284212900.0,-0.004877162189026563,1.9718680679999996
2024-04-05,296558795.59999996,12973906.79999997,283584888.8,-0.002113186674611134,1.9655879559999998
2024-04-08,300270114.79999995,12973906.79999997,287296208.0,0.012514615162538822,2.0027011479999994
2024-04-09,299399978.79999995,12973906.79999997,286426072.0,-0.002897844164676755,1.9939997879999996
2024-04-10,292351877.1999999,12973906.79999997,279377970.4,-0.023540755173894534,1.923518771999999
2024-04-12,292336744.4,12973906.79999997,279362837.6,-5.176228093650703e-05,1.9233674439999997
2024-04-15,285398355.59999996,12973906.79999997,272424448.8,-0.02373423434758626,1.8539835559999998
2024-04-16,286313889.99999994,12973906.79999997,273339983.2,0.0032079175721781983,1.8631388999999996
2024-04-18,284891406.79999995,12973906.79999997,271917500.0,-0.004968264725123794,1.8489140679999996
2024-04-19,288867549.99999994,12973906.79999997,275893643.2,0.013956697552451436,1.8886754999999993
2024-04-22,289593924.4,12973906.79999997,276620017.6,0.0025145586619197413,1.8959392439999996
2024-04-23,299369713.1999999,12973906.79999997,286395806.4,0.03375688499078189,1.9936971319999994
2024-04-24,299933409.99999994,12973906.79999997,286959503.2,0.0018829453185982281,1.9993340999999996
2024-04-25,299925843.59999996,12973906.79999997,286951936.8,-2.522693287143607e-05,1.9992584359999999
2024-04-26,299184336.4,12973906.79999997,286210429.6,-0.0024723017900014632,1.9918433639999997
2024-04-29,295113613.1999999,12973906.79999997,282139706.4,-0.01360607058839347,1.9511361319999994
2024-04-30,303731742.79999995,12973906.79999997,290757836.0,0.029202751803114824,2.0373174279999997
2024-05-02,309081187.59999996,12973906.79999997,296107280.8,0.01761239951638016,2.0908118759999996
2024-05-03,313204875.59999996,12973906.79999997,300230968.8,0.01334176315297686,2.1320487559999997
2024-05-06,319984369.99999994,12973906.79999997,307010463.2,0.021645558317100466,2.1998436999999993
2024-05-07,314059878.79999995,12973906.79999997,301085972.0,-0.018514939339068337,2.1405987879999997
2024-05-08,308316981.1999999,12973906.79999997,295343074.4,-0.01828599572139944,2.083169811999999
2024-05-09,306414031.59999996,12973906.79999997,293440124.8,-0.006172055760903961,2.0641403159999996
2024-05-10,300882993.1999999,12973906.79999997,287909086.4,-0.018050865265923588,2.0088299319999994
2024-05-13,300262548.4,12973906.79999997,287288641.6,-0.0020620799912992593,2.0026254839999997
2024-05-14,299521041.1999999,12973906.79999997,286547134.4,-0.0024695294299981185,1.9952104119999992
2024-05-15,299933409.99999994,12973906.79999997,286959503.2,0.0013767607055179543,1.9993340999999996
2024-05-16,300837594.79999995,12973906.79999997,287863688.0,0.003014618478148323,2.0083759479999994
2024-05-17,313333504.4,12973906.79999997,300359597.6,0.04153706124497991,2.133335044
2024-05-18,313008149.1999999,12973906.79999997,300034242.4,-0.0010383670926703559,2.130081491999999
2024-05-21,301011621.99999994,12973906.79999997,288037715.2,-0.038326565077175245,2.0101162199999996
2024-05-22,302710278.79999995,12973906.79999997,289736372.0,0.005643160183363305,2.0271027879999997
2024-05-23,302169281.1999999,12973906.79999997,289195374.4,-0.001787179484438517,2.0216928119999995
2024-05-24,294682328.4,12973906.79999997,281708421.6,-0.024777345897859404,1.9468232839999997
2024-05-27,295090913.99999994,12973906.79999997,282117007.2,0.0013865290199734925,1.9509091399999994
2024-05-28,282992240.4,12973906.79999997,270018333.6,-0.040999817432535224,1.829922404
2024-05-29,282530690.0,85.19999996758997,282530604.8,-0.001630964860900752,1.8253069000000002
2024-05-30,278441902.4,85.19999996758997,278441817.2,-0.014472012226353304,1.784419024
2024-05-31,284670744.4,85.19999996758997,284670659.2,0.02237034708609298,1.8467074439999998
2024-06-03,294827371.59999996,85.19999996758997,294827286.4,0.03567850718698584,1.9482737159999997
2024-06-04,279683696.8,85.19999996758997,279683611.6,-0.05136454840612892,1.796836968
2024-06-05,286902031.2,85.19999996758997,286901946.0,0.025808920872358643,1.869020312
2024-06-06,293520919.6,85.19999996758997,293520834.40000004,0.02307020404252902,1.9352091960000002
2024-06-07,295976621.2,85.19999996758997,295976536.0,0.008366359724364836,1.959766212
2024-06-10,300961605.59999996,85.19999996758997,300961520.4,0.016842493774640088,2.0096160559999996
2024-06-11,304059622.0,85.19999996758997,304059536.8,0.010293726317095464,2.04059622
2024-06-12,323399770.4,85.19999996758997,323399685.2,0.06360643439857983,2.2339977039999996
2024-06-13,320411868.8,85.19999996758997,320411783.6,-0.009239034388627942,2.2041186880000003
2024-06-14,318527394.0,85.19999996758997,318527308.8,-0.005881413841059335,2.18527394
2024-06-18,317787120.79999995,85.19999996758997,317787035.59999996,-0.002324048775534937,2.1778712079999996
2024-06-19,315719838.0,85.19999996758997,315719752.8,-0.006505244123159448,2.15719838
2024-06-20,316393655.2,85.19999996758997,316393570.0,0.0021342250910441063,2.163936552
2024-06-21,313706754.0,85.19999996758997,313706668.8,-0.00849227269839381,2.13706754
2024-06-24,324210589.59999996,85.19999996758997,324210504.4,0.03348297563271441,2.2421058959999995
2024-06-25,320025113.99999994,85.19999996758997,320025028.79999995,-0.012909743648916394,2.2002511399999993
2024-06-26,336256692.0,85.19999996758997,336256606.8,0.05071970070448928,2.36256692
2024-06-27,337798967.2,85.19999996758997,337798882.0,0.004586600762729098,2.377989672
2024-06-28,356295020.8,85.19999996758997,356294935.6,0.05475461856296637,2.562950208
2024-07-01,353664007.6,85.19999996758997,353663922.40000004,-0.007384367017233329,2.5366400760000003
2024-07-02,354452197.6,85.19999996758997,354452112.40000004,0.002228640695864703,2.5445219760000004
2024-07-03,350597943.2,85.19999996758997,350597858.0,-0.010873834119515258,2.5059794319999997
2024-07-04,354273968.4,85.19999996758997,354273883.2,0.010485016444899742,2.542739684
2024-07-05,354696422.0,85.19999996758997,354696336.8,0.0011924488889429874,2.54696422
2024-07-08,354746438.4,85.19999996758997,354746353.2,0.00014101185379300496,2.547464384
2024-07-09,359875563.99999994,85.19999996758997,359875478.79999995,0.014458568275226957,2.5987556399999994
2024-07-10,361028150.0,85.19999996758997,361028064.8,0.0032027348208616413,2.6102815
2024-07-11,360869621.20000005,85.19999996758997,360869536.00000006,-0.00043910370977984226,2.6086962120000003
2024-07-12,360351348.0,85.19999996758997,360351262.8,-0.0014361785241900904,2.60351348
2024-07-15,370865706.8,85.19999996758997,370865621.6,0.02917807539324091,2.708657068
2024-07-16,363789411.2,85.19999996758997,363789326.0,-0.019080479726900523,2.6378941119999997
2024-07-18,351134174.4,85.19999996758997,351134089.2,-0.03478725991021925,2.5113417439999997
2024-07-19,327869203.2,85.19999996758997,327869118.0,-0.06625664175170065,2.278692032
2024-07-22,340127996.8,85.19999996758997,340127911.6,0.03738928048244339,2.4012799680000003
2024-07-23,334074480.4,85.19999996758997,334074395.2,-0.017797759834394355,2.340744804
2024-07-24,342740507.1999999,85.19999996758997,342740421.99999994,0.02594040343825066,2.427405071999999
2024-07-25,348121468.4,85.19999996758997,348121383.2,0.015699811043519585,2.481214684
2024-07-26,348331202.8,85.19999996758997,348331117.6,0.0006024747653856632,2.4833120280000003
2024-07-29,349318997.59999996,85.19999996758997,349318912.4,0.002835791890188899,2.4931899759999996
2024-07-30,346260094.8,85.19999996758997,346260009.6,-0.008756760499761485,2.462600948
2024-07-31,344626604.0,85.19999996758997,344626518.8,-0.004717525422453073,2.44626604
2024-08-01,339548268.0,85.19999996758997,339548182.8,-0.014735763115954925,2.39548268
2024-08-02,349064289.2,85.19999996758997,349064204.0,0.028025533029666372,2.490642892
2024-08-05,337645396.8,85.19999996758997,337645311.6,-0.03271286337015533,2.3764539680000003
2024-08-06,335472122.8,85.19999996758997,335472037.6,-0.006436557467085269,2.3547212280000003
2024-08-07,340757646.8,85.19999996758997,340757561.6,0.015755479042147025,2.4075764680000002
2024-08-08,345421104.0,85.19999996758997,345421018.8,0.01368555406986105,2.45421104
2024-08-09,342608516.79999995,85.19999996758997,342608431.59999996,-0.008142488016598004,2.4260851679999997
2024-08-12,330640987.6,85.19999996758997,330640902.40000004,-0.03493062376784417,2.306409876
2024-08-13,324056552.79999995,85.19999996758997,324056467.59999996,-0.01991415174444655,2.2405655279999994
2024-08-14,325733780.79999995,85.19999996758997,325733695.59999996,0.005175726228980659,2.2573378079999995
2024-08-16,329414407.20000005,85.19999996758997,329414322.00000006,0.011299492459641458,2.2941440720000004
2024-08-19,333604888.79999995,85.19999996758997,333604803.59999996,0.012721002811075355,2.3360488879999997
2024-08-20,337751256.4,85.19999996758997,337751171.2,0.012428977329783208,2.377512564
2024-08-21,334350949.6,85.19999996758997,334350864.40000004,-0.010067488234515864,2.3435094960000002
2024-08-22,335598135.2,85.19999996758997,335598050.0,0.003730169157563523,2.3559813519999997
2024-08-23,335749030.4,85.19999996758997,335748945.2,0.00044963062714886703,2.3574903039999997
2024-08-26,339473371.59999996,85.19999996758997,339473286.4,0.011092634267812818,2.3947337159999997
2024-08-27,344332237.2,85.19999996758997,344332152.0,0.014312950606697905,2.443322372
2024-08-28,350404242.4,85.19999996758997,350404157.2,0.01763414674552588,2.5040424239999997
2024-08-29,362576547.59999996,85.19999996758997,362576462.4,0.03473789334463828,2.6257654759999998
2024-08-30,356248535.59999996,85.19999996758997,356248450.4,-0.017452899372248365,2.562485356
2024-09-02,355128314.8,85.19999996758997,355128229.6,-0.0031444923643356715,2.551283148
2024-09-03,354516706.8,85.19999996758997,354516621.6,-0.001722216941063781,2.545167068
2024-09-04,358502091.6,85.19999996758997,358502006.40000004,0.011241740441440884,2.5850209160000004
2024-09-05,371964811.20000005,85.19999996758997,371964726.00000006,0.037552694713483215,2.7196481120000007
2024-09-06,357887557.59999996,85.19999996758997,357887472.4,-0.0378456595251182,2.5788755759999997
2024-09-09,359762346.8,85.19999996758997,359762261.6,0.005238486670429143,2.597623468
2024-09-10,355393571.6,85.19999996758997,355393486.40000004,-0.012143503173300929,2.5539357160000002
2024-09-11,350731879.2,85.19999996758997,350731794.0,-0.013116985709710094,2.507318792
2024-09-12,357382312.0,85.19999996758997,357382226.8,0.018961586312510992,2.57382312
2024-09-13,368447730.79999995,85.19999996758997,368447645.59999996,0.030962413159384194,2.6844773079999995
2024-09-16,361462715.2,85.19999996758997,361462630.0,-0.018957955270435756,2.6146271519999997
2024-09-17,357340713.59999996,85.19999996758997,357340628.4,-0.011403670217326023,2.5734071359999997
2024-09-18,353868573.59999996,85.19999996758997,353868488.4,-0.009716609017260347,2.5386857359999997
2024-09-19,348411945.6,85.19999996758997,348411860.40000004,-0.015419928208058153,2.484119456
2024-09-20,344720416.40000004,85.19999996758997,344720331.20000005,-0.0105953003237097,2.4472041640000004
2024-09-23,393910412.0,85.19999996758997,393910326.8,0.1426953358716121,2.93910412
2024-09-24,373164619.2,85.19999996758997,373164534.0,-0.052666271740996806,2.731646192
2024-09-25,379187912.0,85.19999996758997,379187826.8,0.01614111437711574,2.79187912
2024-09-26,368613044.4,85.19999996758997,368612959.2,-0.02788819808158871,2.686130444
2024-09-27,367431845.59999996,85.19999996758997,367431760.4,-0.003204441128562552,2.6743184559999995
2024-09-30,379252676.0,85.19999996758997,379252590.8,0.032171491234509464,2.79252676
2024-10-01,382782331.6,85.19999996758997,382782246.40000004,0.009306870652113775,2.8278233160000004
2024-10-03,406877147.2,85.19999996758997,406877062.0,0.06294651976042243,3.068771472
2024-10-04,387253714.0,85.19999996758997,387253628.8,-0.04822938160828705,2.87253714
2024-10-07,387551791.20000005,85.19999996758997,387551706.00000006,0.0007697207004708773,2.8755179120000003
2024-10-08,397937482.0,85.19999996758997,397937396.8,0.02679820100390229,2.97937482
2024-10-09,405792195.2,85.19999996758997,405792110.0,0.019738560842579744,3.057921952
2024-10-10,402100233.20000005,85.19999996758997,402100148.00000006,-0.009098159214669721,3.021002332
2024-10-11,395428787.6,85.19999996758997,395428702.40000004,-0.01659149895762857,2.9542878760000004
2024-10-14,404321421.2,85.19999996758997,404321336.0,0.022488584237815745,3.0432142119999996
2024-10-15,405747274.4,85.19999996758997,405747189.2,0.003526533904061102,3.057472744
2024-10-16,430277936.79999995,85.19999996758997,430277851.59999996,0.0604579844344606,3.3027793679999995
2024-10-17,429946308.0,85.19999996758997,429946222.8,-0.0007707315937840464,3.2994630799999998
2024-10-18,424299634.8,85.19999996758997,424299549.6,-0.01313343804780387,3.242996348
2024-10-21,497820288.8,85.19999996758997,497820203.6,0.17327531765294846,3.978202888
2024-10-22,444009350.4,85.19999996758997,444009265.2,-0.10809310028265773,3.440093504
2024-10-23,498925829.1999999,85.19999996758997,498925743.99999994,0.12368315836260368,3.9892582919999997
2024-10-24,487069735.59999996,85.19999996758997,487069650.4,-0.0237632387543667,3.870697356
2024-10-25,480427734.8,85.19999996758997,480427649.6,-0.013636652648553405,3.8042773480000003
2024-10-28,485527468.79999995,85.19999996758997,485527383.59999996,0.010614986668334048,3.8552746879999997
2024-10-29,488716717.59999996,85.19999996758997,488716632.4,0.006568626915965048,3.8871671759999993
2024-10-30,471364421.59999996,85.19999996758997,471364336.4,-0.035505836766161814,3.7136442159999996
2024-10-31,471195858.4,85.19999996758997,471195773.2,-0.0003576069645389035,3.7119585839999996
2024-11-01,480239367.6,85.19999996758997,480239282.40000004,0.019192675484687616,3.8023936760000003
2024-11-04,467449211.59999996,85.19999996758997,467449126.4,-0.026632876983657017,3.6744921159999997
2024-11-05,473327045.2,85.19999996758997,473326960.0,0.012574272143665022,3.733270452
2024-11-06,486171394.4,85.19999996758997,486171309.2,0.02713630951422341,3.861713944
2024-11-07,485472328.8,85.19999996758997,485472243.6,-0.0014378994898758268,3.8547232879999997
2024-11-08,479731980.4,85.19999996758997,479731895.2,-0.011824254565011239,3.797319804
2024-11-11,470556466.79999995,85.19999996758997,470556381.59999996,-0.019126332983574468,3.705564667999999
2024-11-12,478005604.4,85.19999996758997,478005519.2,0.015830486085246287,3.780056044
2024-11-13,474743260.4,85.19999996758997,474743175.2,-0.0068249074278008415,3.747432604
2024-11-14,476576844.8,85.19999996758997,476576759.6,0.003862265255656583,3.765768448
2024-11-18,483884739.20000005,85.19999996758997,483884654.00000006,0.015334136519089325,3.838847392000001
2024-11-19,480273458.4,85.19999996758997,480273373.2,-0.0074631012459094315,3.8027345839999995
2024-11-21,508986271.20000005,85.19999996758997,508986186.00000006,0.059784300585035366,4.089862712
2024-11-22,504077350.0,85.19999996758997,504077264.8,-0.009644506105099149,4.0407735
2024-11-25,507810938.4,85.19999996758997,507810853.2,0.007406776757574951,4.078109383999999
2024-11-26,501118052.8,85.19999996758997,501117967.6,-0.013179876788569689,4.011180528
2024-11-27,503860004.4,85.19999996758997,503859919.2,0.00547166797260501,4.038600044
2024-11-28,467300430.0,85.19999996758997,467300344.8,-0.07255899273754696,3.6730042999999997
2024-11-29,473112676.0,85.19999996758997,473112590.8,0.012437921360354931,3.7311267600000004
2024-12-02,472617051.59999996,85.19999996758997,472616966.4,-0.001047582162013394,3.726170516
2024-12-03,470153747.20000005,85.19999996758997,470153662.00000006,-0.00521205147309145,3.701537472
2024-12-04,470016270.4,85.19999996758997,470016185.2,-0.00029240817672693264,3.7001627039999994
2024-12-05,455546359.59999996,85.19999996758997,455546274.4,-0.030785978510245227,3.555463596
2024-12-06,454928022.79999995,85.19999996758997,454927937.59999996,-0.0013573520827671048,3.5492802279999998
2024-12-09,454399156.4,85.19999996758997,454399071.2,-0.0011625276384270578,3.5439915639999997
2024-12-10,448901332.0,85.19999996758997,448901246.8,-0.012099107849487978,3.4890133199999998
2024-12-11,453974184.4,85.19999996758997,453974099.2,0.011300595561609894,3.539741844
2024-12-12,449500359.1999999,85.19999996758997,449500273.99999994,-0.009854800897793226,3.495003591999999
2024-12-13,454288170.40000004,85.19999996758997,454288085.20000005,0.010651406838742439,3.542881704
2024-12-16,469415068.0,85.19999996758997,469414982.8,0.03329802223703249,3.69415068
2024-12-17,470266748.79999995,85.19999996758997,470266663.59999996,0.001814344826271963,3.7026674879999995
2024-12-18,469394510.4,85.19999996758997,469394425.2,-0.0018547737049785518,3.693945104
2024-12-19,477018507.2,85.19999996758997,477018422.0,0.016242194212077843,3.7701850720000003
2024-12-20,477794110.8,85.19999996758997,477794025.6,0.0016259402691787272,3.7779411080000003
2024-12-23,536296267.6,85.19999996758997,536296182.40000004,0.12244218896303738,4.362962676
2024-12-24,563515562.3999999,85.19999996758997,563515477.1999999,0.0507542126328977,4.6351556239999985
2024-12-26,608719349.5999999,85.19999996758997,608719264.4,0.08021746020194742,5.087193495999999
2024-12-27,577893001.1999999,85.19999996758997,577892916.0,-0.050641315115506846,4.778930011999999
2024-12-30,570406053.9999999,85.19999996758997,570405968.8,-0.012955594174792417,4.704060539999999
2024-12-31,573942078.3999999,85.19999996758997,573941993.1999999,0.006199135467100048,4.739420783999998
2025-01-01,595602970.0,85.19999996758997,595602884.8000001,0.03774055329831372,4.9560297
2025-01-02,585712409.1999999,85.19999996758997,585712324.0,-0.016605962861468093,4.857124091999999
2025-01-03,600790985.1999999,85.19999996758997,600790900.0,0.025743992722631948,5.007909851999999
2025-01-06,593731578.8,85.19999996758997,593731493.6,-0.011750186960028941,4.937315787999999
2025-01-07,625146408.8,85.19999996758997,625146323.6,0.052910828936357124,5.251464088
2025-01-08,603181602.0,85.19999996758997,603181516.8000001,-0.03513546025508252,5.03181602
2025-01-09,597909527.1999999,85.19999996758997,597909442.0,-0.008740443645030238,4.9790952719999995
2025-01-10,606165748.4,85.19999996758997,606165663.2,0.013808479083221581,5.0616574839999995
2025-01-13,547981838.4,85.19999996758997,547981753.2,-0.09598679924357134,4.479818384
2025-01-14,535187036.4,85.19999996758997,535186951.2,-0.023348952653902355,4.351870364
2025-01-15,545827890.8,85.19999996758997,545827805.6,0.0198824965409794,4.458278908
2025-01-16,529314220.0,85.19999996758997,529314134.8,-0.03025435504183649,4.2931422
2025-01-17,525557488.40000004,85.19999996758997,525557403.20000005,-0.0070973562735570095,4.2555748840000005
2025-01-20,547008656.7999998,85.19999996758997,547008571.5999999,0.040816026549836515,4.470086567999998
2025-01-21,506921880.79999995,85.19999996758997,506921795.59999996,-0.0732836226660607,4.069218808
2025-01-22,489284616.4,85.19999996758997,489284531.2,-0.0347928646760437,3.892846164
2025-01-23,526606303.1999999,85.19999996758997,526606217.99999994,0.07627807118605334,4.266063031999999
2025-01-24,541681497.9999999,85.19999996758997,541681412.8,0.02862706866285758,4.416814979999999
2025-01-27,514932224.8,85.19999996758997,514932139.6,-0.04938192147740639,4.149322248
2025-01-28,517989025.1999999,85.19999996758997,517988939.99999994,0.005936315990297869,4.179890251999999
2025-01-29,512037621.6,85.19999996758997,512037536.40000004,-0.011489439564288051,4.120376216
2025-01-30,491902230.79999995,85.19999996758997,491902145.59999996,-0.03932404563766545,3.9190223079999997
2025-01-31,504765962.4,85.19999996758997,504765877.2,0.026150992604931256,4.047659624
2025-02-01,513023844.8,85.19999996758997,513023759.6,0.0163598241861167,4.130238448
2025-02-03,506287685.59999996,85.19999996758997,506287600.4,-0.013130304309005525,4.062876856
2025-02-04,535683155.20000005,85.19999996758997,535683070.00000006,0.05806080304948291,4.356831552
2025-02-05,534737774.0,85.19999996758997,534737688.8,-0.0017648141272000872,4.34737774
2025-02-06,538105670.7999998,85.19999996758997,538105585.5999999,0.006298221228709711,4.381056707999998
2025-02-07,533487654.0,85.19999996758997,533487568.8,-0.008581988725623768,4.33487654
2025-02-10,535559177.99999994,85.19999996758997,535559092.79999995,0.0038829839537390942,4.355591779999999
2025-02-11,498463238.0,85.19999996758997,498463152.8,-0.06926580950126104,3.98463238
2025-02-12,463999958.4,85.19999996758997,463999873.2,-0.06913905975950829,3.639999584
2025-02-13,475969182.4,85.19999996758997,475969097.2,0.02579574369203219,3.759691824
2025-02-14,451358651.1999999,85.19999996758997,451358565.99999994,-0.051706144242165686,3.513586511999999
2025-02-17,448767142.40000004,85.19999996758997,448767057.20000005,-0.005741573343304718,3.487671424
2025-02-18,427961667.1999999,85.19999996758997,427961581.99999994,-0.04636140491198337,3.2796166719999995
2025-02-19,428715330.8,85.19999996758997,428715245.6,0.0017610539862857877,3.2871533079999997
2025-02-20,453365394.4,85.19999996758997,453365309.2,0.05749750902073392,3.533653944
2025-02-21,464876859.59999996,85.19999996758997,464876774.4,0.02539114220491978,3.648768596
2025-02-24,466401938.79999995,10560387.599999968,455841551.2,0.003280608979574051,3.664019388
2025-02-25,466398155.59999996,10560387.599999968,455837768.0,-8.111458562387597e-06,3.6639815559999995
2025-02-27,460288287.59999996,10560387.599999968,449727900.0,-0.01310011183929305,3.602882876
2025-02-28,436325498.79999995,10560387.599999968,425765111.2,-0.05206039224883374,3.3632549879999996
2025-03-03,437940925.1999999,10560387.599999968,427380537.59999996,0.003702342412815085,3.3794092519999994
2025-03-04,446188301.1999999,10560387.599999968,435627913.59999996,0.01883216553975542,3.4618830119999995
2025-03-05,450179577.1999999,10560387.599999968,439619189.59999996,0.008945272633248402,3.5017957719999995
2025-03-06,477774238.0,10560387.599999968,467213850.40000004,0.06129700723349485,3.7777423800000003
2025-03-07,489986407.59999996,10560387.599999968,479426020.0,0.025560544350656134,3.899864076
2025-03-10,495922248.4,10560387.599999968,485361860.8,0.012114296861976959,3.9592224839999997
2025-03-11,495638508.4,10560387.599999968,485078120.8,-0.0005721461396729355,3.956385084
2025-03-12,503866968.4,10560387.599999968,493306580.8,0.016601736670063705,4.038669683999999
2025-03-13,491919622.79999995,10560387.599999968,481359235.2,-0.02371130943141231,3.9191962279999997
2025-03-17,502001850.79999995,10560387.599999968,491441463.2,0.020495681677856314,4.020018508
2025-03-18,512413217.1999999,10560387.599999968,501852829.59999996,0.0207396972409728,4.1241321719999995
2025-03-19,529441400.4,10560387.599999968,518881012.8,0.03323135045783521,4.294414004
2025-03-20,558401796.4,10560387.599999968,547841408.8,0.054699908201587544,4.584017964
2025-03-21,531870214.79999995,10560387.599999968,521309827.2,-0.047513424510895796,4.318702148
2025-03-24,540208387.6,10560387.599999968,529648000.00000006,0.01567708167891202,4.402083876
2025-03-25,531616740.4,10560387.599999968,521056352.8,-0.015904320253468107,4.316167404
2025-03-26,529324121.1999999,10560387.599999968,518763733.59999996,-0.004312541396410907,4.293241211999999
2025-03-27,548981628.4,10560387.599999968,538421240.8,0.0371369949199285,4.489816284
2025-03-28,556052429.2,10560387.599999968,545492041.6,0.012879849587331016,4.560524292
2025-04-01,530580143.59999996,10560387.599999968,520019756.0,-0.045809143638932404,4.305801435999999
2025-04-02,539871682.8,10560387.599999968,529311295.2,0.01751203717680916,4.3987168279999995
2025-04-03,534662216.4,10560387.599999968,524101828.8,-0.009649452945895365,4.346622163999999
2025-04-04,510400554.79999995,10560387.599999968,499840167.2,-0.04537755026595891,4.104005548
2025-04-07,476298790.0,10560387.599999968,465738402.40000004,-0.0668137298819409,3.7629878999999997
2025-04-08,498971507.59999996,10560387.599999968,488411120.0,0.047601879484094445,3.9897150759999995
2025-04-09,476635494.79999995,10560387.599999968,466075107.2,-0.04476410468291836,3.766354947999999
2025-04-11,504328518.79999995,10560387.599999968,493768131.2,0.05810105269566668,4.043285188
2025-04-15,531049260.4,10560387.599999968,520488872.8,0.05298280903007302,4.310492603999999
2025-04-16,522064160.4,10560387.599999968,511503772.8,-0.01691952266957719,4.220641604
2025-04-17,515867278.79999995,10560387.599999968,505306891.2,-0.011869961721279743,4.158672788
2025-04-21,521534512.4,10560387.599999968,510974124.8,0.01098583653761298,4.215345124
2025-04-22,512500230.79999995,10560387.599999968,501939843.2,-0.017322500017162845,4.125002307999999
2025-04-23,510377855.59999996,10560387.599999968,499817468.0,-0.0041412180374768015,4.103778556
2025-04-24,494635960.4,10560387.599999968,484075572.8,-0.03084360935192576,3.9463596039999995
2025-04-25,494121445.1999999,10560387.599999968,483561057.59999996,-0.0010401896368067431,3.9412144519999996
2025-04-28,492763276.4,10560387.599999968,482202888.8,-0.0027486538242642578,3.927632764
2025-04-29,488204520.4,10560387.599999968,477644132.8,-0.009251411820509592,3.8820452039999997
2025-04-30,475542150.0,10560387.599999968,464981762.40000004,-0.025936610315745012,3.7554214999999997
2025-05-02,478780569.1999999,10560387.599999968,468220181.59999996,0.006809951967454264,3.787805691999999
2025-05-05,471618971.59999996,10560387.599999968,461058584.0,-0.014957995500874954,3.7161897159999997
2025-05-06,454341097.1999999,10560387.599999968,443780709.59999996,-0.036635240396253876,3.5434109719999993
2025-05-07,463602370.79999995,10560387.599999968,453041983.2,0.020383966269120535,3.6360237079999997
2025-05-08,466734860.4,10560387.599999968,456174472.8,0.006756845515251575,3.667348604
2025-05-09,448897072.4,10560387.599999968,438336684.8,-0.03821824661803208,3.4889707239999996
2025-05-12,482582685.1999999,10560387.599999968,472022297.59999996,0.075040838693605,3.8258268519999996
2025-05-13,480619204.4,10560387.599999968,470058816.8,-0.004068693014102287,3.8061920439999994
2025-05-14,487463013.1999999,10560387.599999968,476902625.59999996,0.014239565829550438,3.874630131999999
2025-05-15,490773313.1999999,10560387.599999968,480212925.59999996,0.006790874200422348,3.9077331319999997
2025-05-16,494098746.0,10560387.599999968,483538358.40000004,0.006775903885884116,3.9409874599999997
2025-05-19,483740344.4,10560387.599999968,473179956.8,-0.020964233736387672,3.8374034439999996
2025-05-20,497590639.59999996,10560387.599999968,487030252.0,0.0286316726738578,3.975906396
2025-05-21,510771308.4,10560387.599999968,500210920.8,0.02648898060179672,4.107713083999999
2025-05-22,506969192.4,10560387.599999968,496408804.8,-0.007443871528160395,4.069691924
2025-05-23,494987798.0,10560387.599999968,484427410.40000004,-0.02363337768766549,3.94987798
2025-05-26,496871831.59999996,10560387.599999968,486311444.0,0.0038062223101507087,3.9687183159999995
2025-05-27,500140516.4,10560387.599999968,489580128.8,0.006578527081067209,4.0014051639999995
2025-05-28,498487258.0,10560387.599999968,487926870.40000004,-0.003305587821398892,3.98487258
2025-05-29,491825042.79999995,10560387.599999968,481264655.2,-0.013364865586995678,3.9182504279999995
2025-05-30,501116582.0,10560387.599999968,490556194.40000004,0.018891960334314284,4.01116582
2025-06-02,493186994.79999995,10560387.599999968,482626607.2,-0.01582383717647573,3.9318699479999992
2025-06-03,489256250.0,10560387.599999968,478695862.40000004,-0.007970090131014018,3.8925625000000004
2025-06-04,482805894.0,10560387.599999968,472245506.40000004,-0.013184003270269917,3.82805894
2025-06-05,487618124.4,10560387.599999968,477057736.8,0.009967215520363837,3.8761812439999996
2025-06-06,494507331.59999996,10560387.599999968,483946944.0,0.014128283702491418,3.9450733159999993
2025-06-09,512995830.0,10560387.599999968,502435442.40000004,0.03738771342414626,4.1299583
2025-06-10,510253010.0,10560387.599999968,499692622.40000004,-0.005346671141556847,4.1025301
2025-06-11,512655342.0,10560387.599999968,502094954.40000004,0.004708119213250761,4.12655342
2025-06-12,504529028.4,10560387.599999968,493968640.8,-0.01585141699352466,4.045290284
2025-06-13,499675182.79999995,10560387.599999968,489114795.2,-0.009620547732194673,3.996751828
2025-06-16,499834077.1999999,10560387.599999968,489273689.59999996,0.0003179953807384006,3.9983407719999997
2025-06-17,504782502.79999995,10560387.599999968,494222115.2,0.009900136516742597,4.047825027999999
2025-06-18,517164916.4,10560387.599999968,506604528.8,0.024530195740374294,4.171649164
2025-06-19,496569175.59999996,10560387.599999968,486008788.0,-0.039824319374499706,3.965691756
2025-06-20,503545396.4,10560387.599999968,492985008.8,0.014048839804787994,4.035453963999999
2025-06-23,515564622.79999995,10560387.599999968,505004235.2,0.023869201239707705,4.155646227999999
2025-06-24,519574814.79999995,10560387.599999968,509014427.2,0.007778252856491363,4.195748148
2025-06-25,527735177.1999999,10560387.599999968,517174789.59999996,0.01570584671841946,4.277351771999999
2025-06-26,525699815.59999996,10560387.599999968,515139428.0,-0.003856785918268657,4.256998156
2025-06-27,528484250.79999995,10560387.599999968,517923863.2,0.005296625787897691,4.284842508
2025-06-30,522692171.59999996,10560387.599999968,512131784.0,-0.010959795284783191,4.226921716
2025-07-01,546462017.1999999,10560387.599999968,535901629.59999996,0.045475801803648075,4.464620171999999
2025-07-02,557039844.4,10560387.599999968,546479456.8,0.01935693033927488,4.570398443999999
2025-07-03,565275870.8000001,10560387.599999968,554715483.2,0.014785345218655488,4.652758708
2025-07-04,566634039.6,10560387.599999968,556073652.0,0.00240266544205725,4.666340396
2025-07-07,572622845.2,10560387.599999968,562062457.6,0.010569089008891197,4.726228452000001
2025-07-08,578691098.0,10560387.599999968,568130710.4,0.010597294276445623,4.78691098
2025-07-09,592552742.8000001,10560387.599999968,581992355.2,0.023953443984030542,4.9255274280000005
2025-07-10,596661298.0,10560387.599999968,586100910.4,0.0069336531640806776,4.96661298
2025-07-11,575414846.8000001,10560387.599999968,564854459.2,-0.035608897830675,4.754148468
2025-07-14,588421488.4,10560387.599999968,577861100.8,0.022603938136689594,4.8842148839999995
2025-07-15,603342429.2,10560387.599999968,592782041.6,0.025357572920343463,5.033424292
2025-07-16,585515990.8000001,10560387.599999968,574955603.2,-0.029546137545202744,4.855159908000001
2025-07-17,584789616.4,10560387.599999968,574229228.8,-0.0012405714129304357,4.847896164
2025-07-18,585690018.0,10560387.599999968,575129630.4,0.0015397017572627014,4.85690018
2025-07-21,575925578.8000001,10560387.599999968,565365191.2,-0.01667168450871559,4.759255788000001
2025-07-22,567943026.8000001,10560387.599999968,557382639.2,-0.013860388032482351,4.679430268000001
2025-07-23,563705842.8000001,10560387.599999968,553145455.2,-0.007460579318798621,4.6370584280000005
2025-07-24,568170018.8000001,10560387.599999968,557609631.2,0.00791933604559758,4.681700188000001
2025-07-25,560319878.8000001,57.5999999679625,560319821.2,-0.013816533326731717,4.603198788000001
2025-07-28,575126694.4000001,57.5999999679625,575126636.8000001,0.026425647492126725,4.751266944000001
2025-07-29,600611780.4,57.5999999679625,600611722.8,0.04431212504679016,5.006117804
2025-07-30,617857994.0,57.5999999679625,617857936.4,0.028714411143441643,5.17857994
2025-07-31,612269582.8,57.5999999679625,612269525.1999999,-0.00904481491583653,5.1226958279999995
2025-08-01,605298651.6,57.5999999679625,605298594.0,-0.011385395250439911,5.052986516
2025-08-04,612691623.6,57.5999999679625,612691566.0,0.01221375924175283,5.1269162360000005
2025-08-05,607576223.6,57.5999999679625,607576166.0,-0.008349061424968385,5.075762236
2025-08-06,586525073.6,57.5999999679625,586525016.0,-0.0346477514792598,4.865250736
2025-08-07,593947742.0,57.5999999679625,593947684.4,0.012655330068739978,4.93947742
2025-08-08,566860569.2,57.5999999679625,566860511.6,-0.04560531320279004,4.668605692000001
2025-08-11,532850654.0,57.5999999679625,532850596.40000004,-0.059996967592926054,4.32850654
2025-08-12,527248218.4,57.5999999679625,527248160.8,-0.01051408224414041,4.272482183999999
2025-08-13,536187239.59999996,57.5999999679625,536187182.0,0.016954104135480152,4.361872396
2025-08-14,531392388.79999995,57.5999999679625,531392331.2,-0.008942493304348376,4.313923888
2025-08-18,572756446.8,57.5999999679625,572756389.1999999,0.07784089285397755,4.727564468
2025-08-19,567402196.0,57.5999999679625,567402138.4,-0.00934821568559241,4.67402196
2025-08-20,567002542.0,57.5999999679625,567002484.4,-0.0007043575136251867,4.67002542
2025-08-21,564787350.0,57.5999999679625,564787292.4,-0.003906846682179443,4.6478735
2025-08-22,559734364.4000001,57.5999999679625,559734306.8000001,-0.008946704631397795,4.597343644000001
2025-08-25,566208185.6,57.5999999679625,566208128.0,0.011565881267517675,4.662081856
2025-08-26,556573796.0000001,57.5999999679625,556573738.4000001,-0.017015631078859283,4.565737960000001
2025-08-28,558794534.4000001,57.5999999679625,558794476.8000001,0.003990016087642045,4.587945344000001
2025-08-29,559197941.6,57.5999999679625,559197884.0,0.0007219240260341042,4.591979416
2025-09-01,586980367.2,57.5999999679625,586980309.6,0.049682632093579926,4.869803672000001
2025-09-02,588052236.8,57.5999999679625,588052179.1999999,0.0018260740220543692,4.880522367999999
2025-09-03,587909613.6,57.5999999679625,587909556.0,-0.00024253491624492973,4.879096136
2025-09-04,591296686.0,57.5999999679625,591296628.4,0.0057612128151121045,4.91296686
2025-09-05,599381641.2,57.5999999679625,599381583.6,0.013673263171307681,4.993816412
2025-09-08,574848556.4,57.5999999679625,574848498.8,-0.04093065772065241,4.748485564
2025-09-09,601344467.2,57.5999999679625,601344409.6,0.04609198458448116,5.013444672
2025-09-10,605040966.0,57.5999999679625,605040908.4,0.006147057138833789,5.05040966
2025-09-11,607522291.6,57.5999999679625,607522234.0,0.0041010869336739475,5.075222916
2025-09-12,610064032.8000001,57.5999999679625,610063975.2,0.0041837826120025845,5.100640328000001
2025-09-15,621077154.8,57.5999999679625,621077097.1999999,0.018052403367320613,5.210771547999999
2025-09-16,637201722.4000001,57.5999999679625,637201664.8000001,0.025962261653614593,5.372017224000001
2025-09-17,636564381.6,57.5999999679625,636564324.0,-0.0010002182630636236,5.365643816
2025-09-18,634743609.6,57.5999999679625,634743552.0,-0.0028603108383530307,5.347436096
2025-09-19,636966937.1999999,57.5999999679625,636966879.5999999,0.003502717579781489,5.369669372
2025-09-22,638837006.4,57.5999999679625,638836948.8,0.0029358968115684725,5.388370064
2025-09-23,637935295.2,57.5999999679625,637935237.6,-0.00141148867546248,5.3793529520000005
2025-09-24,646127827.5999999,57.5999999679625,646127769.9999999,0.012842262313502273,5.461278275999999
2025-09-25,648413107.1999999,57.5999999679625,648413049.5999999,0.0035368846571561807,5.484131071999999
2025-09-26,625472236.0,57.5999999679625,625472178.4,-0.035380023854027276,5.25472236
2025-09-29,632226698.8,57.5999999679625,632226641.1999999,0.01079898101184451,5.322266987999999
2025-09-30,622190267.2,57.5999999679625,622190209.6,-0.015874735469175172,5.221902672000001
2025-10-01,633141608.4000001,57.5999999679625,633141550.8000001,0.017601273721756572,5.331416084000001
2025-10-03,631208791.1999999,57.5999999679625,631208733.5999999,-0.0030527407681901764,5.312087911999999
2025-10-06,628016480.8,57.5999999679625,628016423.1999999,-0.005057455543245881,5.280164807999999
2025-10-07,646871380.4,57.5999999679625,646871322.8,0.030022937576386077,5.468713804
2025-10-08,632283643.6,57.5999999679625,632283586.0,-0.022551216891029346,5.322836436
2025-10-09,633144933.6,57.5999999679625,633144876.0,0.0013621892780526501,5.331449336
2025-10-10,636454608.8000001,57.5999999679625,636454551.2,0.0052273579465944575,5.364546088000001
2025-10-13,640296234.4,57.5999999679625,640296176.8,0.0060359773452549614,5.402962344
2025-10-14,629111871.2,57.5999999679625,629111813.6,-0.01746748239192819,5.291118712
2025-10-15,626316741.2,57.5999999679625,626316683.6,-0.00444297767687718,5.2631674120000005
2025-10-16,632553218.0000001,57.5999999679625,632553160.4000001,0.00995738480189945,5.3255321800000015
2025-10-17,632855501.6,57.5999999679625,632855444.0,0.00047787852689396004,5.328555016
2025-10-20,632597503.6,57.5999999679625,632597446.0,-0.00040767284055798214,5.325975036
2025-10-21,632531824.0,57.5999999679625,632531766.4,-0.00010382525954699684,5.32531824
2025-10-23,636997707.6,57.5999999679625,636997650.0,0.007060330295729056,5.3699770760000005
2025-10-24,638543414.4,57.5999999679625,638543356.8,0.00242655001981662,5.3854341439999995
2025-10-27,649899271.2,57.5999999679625,649899213.6,0.0177840011249204,5.498992712000001
2025-10-28,654273532.0,57.5999999679625,654273474.4,0.006730675035106826,5.54273532
2025-10-29,637724137.5999999,57.5999999679625,637724079.9999999,-0.025294305195888822,5.377241375999999
2025-10-30,620598130.4,57.5999999679625,620598072.8,-0.026854883154417863,5.205981304
2025-10-31,616099165.2,8589125.999999968,607510039.2,-0.0072494017942016375,5.160991652000001
2025-11-03,610571910.0,8589125.999999968,601982784.0,-0.008971372649410725,5.1057191
2025-11-04,599540098.8,8589125.999999968,590950972.8,-0.018067996609932524,4.995400987999999
2025-11-06,601352251.5999999,132.69999996758997,601352118.9,0.003022571473746405,5.013522515999999
2025-11-07,555792167.4,132.69999996758997,555792034.7,-0.07576272322715938,4.557921674
2025-11-10,539664891.6999999,132.69999996758997,539664759.0,-0.029016737992986763,4.396648916999999
2025-11-11,549753005.5999999,132.69999996758997,549752872.9,0.018693292921504234,4.497530055999999
2025-11-12,553291783.0999999,132.69999996758997,553291650.4,0.006437031655948333,4.532917830999999
2025-11-13,547893156.6999999,132.69999996758997,547893024.0,-0.00975728641721807,4.478931566999999
2025-11-14,566648293.8999999,132.69999996758997,566648161.1999999,0.03423137699503953,4.666482938999999
2025-11-17,571129914.1999999,132.69999996758997,571129781.5,0.007908998135607082,4.711299142
2025-11-18,564596745.3999999,132.69999996758997,564596612.6999999,-0.01143902400761354,4.645967453999998
2025-11-19,568937412.3,132.69999996758997,568937279.6,0.007688083460213546,4.6893741229999995
2025-11-20,556877550.3,132.69999996758997,556877417.6,-0.02119716815817496,4.5687755029999995
2025-11-21,551969862.3999999,132.69999996758997,551969729.6999999,-0.008812867204569863,4.519698623999998
2025-11-24,540841749.2999998,132.69999996758997,540841616.5999999,-0.020160725898356602,4.408417492999998
2025-11-25,548893829.1999999,132.69999996758997,548893696.5,0.014888051653596968,4.488938291999999
2025-11-26,560741121.9,132.69999996758997,560740989.2,0.021583942230261943,4.607411218999999
2025-11-27,545990220.9,132.69999996758997,545990088.2,-0.026306080335286364,4.459902209
2025-11-28,552835106.8,132.69999996758997,552834974.1,0.012536645599104279,4.528351067999999
2025-12-01,543405311.0999999,132.69999996758997,543405178.4,-0.017057157883085483,4.434053110999999
2025-12-02,540918453.5999999,132.69999996758997,540918320.9,-0.004576432083385318,4.409184535999999
2025-12-03,539422919.5999999,132.69999996758997,539422786.9,-0.0027648049166130173,4.394229195999999
2025-12-04,518588633.0,132.69999996758997,518588500.3,-0.038623287670922934,4.18588633
2025-12-05,504159122.79999995,132.69999996758997,504158990.09999996,-0.027824578638614428,4.041591228
2025-12-08,495035659.59999996,132.69999996758997,495035526.9,-0.01809639613249503,3.9503565959999998
2025-12-09,514387080.8,132.69999996758997,514386948.1,0.03909096410476054,4.143870808
2025-12-10,506220182.2,132.69999996758997,506220049.5,-0.01587695123932442,4.062201822
2025-12-11,501284503.4,132.69999996758997,501284370.7,-0.009750063260121067,4.012845034
2025-12-12,509183625.4,132.69999996758997,509183492.7,0.015757762201750847,4.0918362539999995
2025-12-15,522409688.0,132.69999996758997,522409555.3,0.025975035213691378,4.22409688
2025-12-16,520162285.99999994,132.69999996758997,520162153.29999995,-0.004301991428612317,4.20162286
2025-12-17,506410981.3,132.69999996758997,506410848.6,-0.026436566183500543,4.064109813
2025-12-18,506451537.8,132.69999996758997,506451405.1,8.008613852705793e-05,4.064515378
2025-12-19,514116886.0,132.69999996758997,514116753.3,0.015135403148932802,4.14116886
2025-12-22,515773988.29999995,132.69999996758997,515773855.59999996,0.0032232014647344265,4.157739883
2025-12-23,511797566.4,132.69999996758997,511797433.7,-0.0077096208614675366,4.117975663999999
2025-12-24,512088176.5,132.69999996758997,512088043.8,0.0005678223561009776,4.120881765
2025-12-26,511514100.49999994,132.69999996758997,511513967.79999995,-0.00112104912072708,4.115141004999999
2025-12-29,499402605.6,132.69999996758997,499402472.90000004,-0.023677734178121468,3.994026056
2025-12-30,482723075.59999996,132.69999996758997,482722942.9,-0.03339896470896597,3.8272307559999996
2025-12-31,491375829.7999999,1.9999999675899858,491375827.79999995,0.017924882064618508,3.9137582979999985
2026-01-02,498664586.25,1.9999999675899858,498664584.25000006,0.01483336380824185,3.9866458624999996
2026-01-05,516451692.54999995,1.9999999675899858,516451690.55,0.035669479627098655,4.164516925499999
2026-01-06,515386944.4499999,1.9999999675899858,515386942.45,-0.0020616605877362693,4.153869444499999
2026-01-08,502212961.8999999,1.9999999675899858,502212959.9,-0.025561343165296457,4.022129618999999
2026-01-13,473361633.04999995,1.9999999675899858,473361631.05,-0.057448395479176795,3.7336163304999994
2026-01-16,473933388.24999994,1.9999999675899858,473933386.25,0.0012078613053534415,3.7393338824999995
2026-01-20,464499304.4499999,1.9999999675899858,464499302.45,-0.019905927782035704,3.6449930444999996
2026-01-28,433338385.2999999,1.9999999675899858,433338383.29999995,-0.06708496407092956,3.333383852999999
2026-01-30,440835802.9,1.9999999675899858,440835800.90000004,0.01730153121517186,3.4083580289999995
2026-02-01,461071354.65,1.9999999675899858,461071352.65000004,0.04590269578124584,3.6107135464999995
2026-02-02,461903258.84999996,1.9999999675899858,461903256.85,0.0018042851537187765,3.6190325884999996
2026-02-03,476646497.2999999,1.9999999675899858,476646495.29999995,0.03191845514730973,3.766464972999999
2026-02-04,491794711.0,1.9999999675899858,491794709.00000006,0.0317808140536191,3.91794711
2026-02-05,492522289.5999999,1.9999999675899858,492522287.59999996,0.0014794355931979641,3.9252228959999993
2026-02-06,510656669.45,1.9999999675899858,510656667.45000005,0.036819409462113484,4.1065666945
2026-02-09,541334610.8,1.9999999675899858,541334608.8,0.060075473768004484,4.413346108
2026-02-10,576644902.4,1.9999999675899858,576644900.4,0.06522821725331296,4.766449024
2026-02-11,590263264.9000001,1.9999999675899858,590263262.9000001,0.023616548838497398,4.902632649000001
2026-02-12,597254922.8,1.9999999675899858,597254920.8,0.011844982257509074,4.972549227999999
2026-02-13,592362797.6,1.9999999675899858,592362795.6,-0.008191016956486608,4.923627976000001
2026-02-16,595560596.65,1.9999999675899858,595560594.65,0.0053983792752618776,4.955605966499999
2026-02-17,599237260.05,1.9999999675899858,599237258.05,0.006173449722296942,4.9923726004999995
2026-02-18,605615094.1500001,1.9999999675899858,605615092.1500001,0.01064325355781115,5.056150941500001
2026-02-19,590886334.2,1.9999999675899858,590886332.2,-0.02432033166325276,4.908863342
2026-02-20,586782035.4,1.9999999675899858,586782033.4,-0.0069460039307845944,4.867820354
2026-02-23,595744944.4,1.9999999675899858,595744942.4,0.015274682010143925,4.957449444
2026-02-24,607021460.75,1.9999999675899858,607021458.75,0.018928429785261658,5.0702146075
2026-02-25,616594773.8,1.9999999675899858,616594771.8,0.015770963086167766,5.165947738
2026-02-26,608800188.0,1.9999999675899858,608800186.0,-0.012641342630854369,5.08800188
2026-02-27,611011905.65,1.9999999675899858,611011903.65,0.003632912232280683,5.110119056499999
2026-03-02,604165194.8000001,1.9999999675899858,604165192.8000001,-0.011205527726528164,5.041651948000001
2026-03-04,586569521.9000001,1.9999999675899858,586569519.9000001,-0.029123943337756808,4.865695219000001
2026-03-05,600569522.65,1.9999999675899858,600569520.65,0.023867589820643076,5.005695226499999
2026-03-06,603533132.35,1.9999999675899858,603533130.35,0.004934665493718571,5.0353313235
2026-03-09,560756708.0,1.9999999675899858,560756706.0,-0.07087667943504583,4.60756708
2026-03-10,576942882.3499999,1.9999999675899858,576942880.3499999,0.028864878688174223,4.769428823499999
2026-03-11,561178205.8000001,1.9999999675899858,561178203.8000001,-0.02732450131941533,4.611782058000001
2026-03-12,532381376.15,1.9999999675899858,532381374.15000004,-0.05131494657556801,4.323813761499999
2026-03-13,496003847.8499999,1.9999999675899858,496003845.84999996,-0.0683298288213422,3.9600384784999987
2026-03-16,501210247.4499999,1.9999999675899858,501210245.45,0.010496691956257909,4.012102474499999
2026-03-17,520699297.59999996,1.9999999675899858,520699295.6,0.038883981820312385,4.2069929759999996
2026-03-18,525893925.2,1.9999999675899858,525893923.20000005,0.009976252366659555,4.258939252
2026-03-19,514289980.4,1.9999999675899858,514289978.40000004,-0.02206518129219115,4.142899804
2026-03-20,510499549.3999999,1.9999999675899858,510499547.4,-0.007370221362376084,4.104995493999999
2026-03-23,483143874.79999995,1.9999999675899858,483143872.8,-0.05358608960997446,3.831438747999999
2026-03-24,495421731.74999994,1.9999999675899858,495421729.75,0.02541242389771048,3.9542173174999995
2026-03-25,517695208.49999994,1.9999999675899858,517695206.5,0.04495861873342211,4.176952084999999
2026-03-27,506176406.3499999,1.9999999675899858,506176404.34999996,-0.022250161795731693,4.061764063499999
2026-03-30,502641196.0999999,1.9999999675899858,502641194.09999996,-0.006984146644629541,4.026411960999999
2026-04-01,503948055.29999995,1.9999999675899858,503948053.3,0.002599984263407018,4.039480553
2026-04-02,482548387.1999999,1.9999999675899858,482548385.2,-0.04246403547933286,3.8254838719999995
2026-04-06,492192471.1999999,1.9999999675899858,492192469.2,0.019985734603652938,3.921924711999999
2026-04-07,494118506.8999999,1.9999999675899858,494118504.9,0.003913175866555152,3.9411850689999994
2026-04-08,532816321.04999995,1.9999999675899858,532816319.05,0.07831686854390929,4.3281632105
2026-04-09,529366728.29999995,1.9999999675899858,529366726.3,-0.006474262543613607,4.293667283
2026-04-10,555863055.5,1.9999999675899858,555863053.5,0.05005287598087227,4.558630555
2026-04-13,551064955.0500001,1.9999999675899858,551064953.0500001,-0.00863180310784284,4.510649550500001
2026-04-15,575787932.55,1.9999999675899858,575787930.55,0.04486399883250902,4.757879325499999
2026-04-16,591623306.75,1.9999999675899858,591623304.75,0.0275020946164497,4.9162330675
2026-04-17,610506647.5500001,1.9999999675899858,610506645.5500001,0.031917844656480954,5.105066475500001
2026-04-20,611100430.0500001,1.9999999675899858,611100428.0500001,0.0009726061172026235,5.1110043005
2026-04-21,602327691.6,1.9999999675899858,602327689.6,-0.014355641100239902,5.023276916
2026-04-22,598079242.6,1.9999999675899858,598079240.6,-0.007053384825649656,4.980792426
2026-04-23,597664190.9,1.9999999675899858,597664188.9,-0.0006939744275286097,4.976641909
2026-04-24,594447868.85,1.9999999675899858,594447866.85,-0.005381486960355786,4.9444786885
2026-04-27,621848066.6,1.9999999675899858,621848064.6,0.046093525077325115,5.2184806660000005
2026-04-28,628735964.15,1.9999999675899858,628735962.15,0.011076495883729276,5.2873596415
2026-04-29,620219589.35,1.9999999675899858,620219587.35,-0.013545232475310032,5.2021958935
2026-04-30,615634261.2,1.9999999675899858,615634259.2,-0.007393072113064836,5.156342612
2026-05-04,614197518.65,1.9999999675899858,614197516.65,-0.002333759896987475,5.1419751865
2026-05-05,629236746.55,1.9999999675899858,629236744.55,0.024485979580405992,5.2923674655
2026-05-06,664208826.5999999,1.9999999675899858,664208824.5999999,0.055578572360476475,5.642088265999999
2026-05-07,677409900.9000001,1.9999999675899858,677409898.9000001,0.01987488538442772,5.774099009000001
2026-05-08,676108189.15,1.9999999675899858,676108187.15,-0.0019216013056063685,5.7610818915
2026-05-11,653749159.2,1.9999999675899858,653749157.2,-0.03307019543441647,5.537491592
2026-05-12,626334042.95,1.9999999675899858,626334040.95,-0.04193522219370527,5.2633404295
2026-05-13,636568879.75,1.9999999675899858,636568877.75,0.016340859825843657,5.3656887975
2026-05-14,635445673.4499999,1.9999999675899858,635445671.4499999,-0.001764469385373002,5.354456734499999
2026-05-15,648916336.4000001,1.9999999675899858,648916334.4000001,0.02119876413173838,5.489163364000001
2026-05-18,548431561.9000001,1.9999999675899858,548431559.9000001,-0.1548501229872874,4.484315619000001
2026-05-19,547026390.4,1.9999999675899858,547026388.4,-0.002562163809704865,4.470263903999999
2026-05-20,541724155.5,1.9999999675899858,541724153.5,-0.009692831996867324,4.417241555
2026-05-21,579336942.65,1.9999999675899858,579336940.65,0.06943162265910807,4.7933694265
2026-05-22,564261589.9000001,1.9999999675899858,564261587.9000001,-0.026021735608715457,4.642615899000001
2026-05-25,572177022.9,1.9999999675899858,572177020.9,0.014027949344208812,4.721770229
2026-05-26,560975970.7,1.9999999675899858,560975968.7,-0.019576200636699737,4.609759707
2026-05-27,576556298.1,1.9999999675899858,576556296.1,0.0277736092342038,4.765562981
2026-05-29,583891230.15,1.9999999675899858,583891228.15,0.012721970212053346,4.8389123015
