date,symbol,open,high,low,close,volume,turnover,open_b1,open_b2,high_b1,high_b2,low_b1,low_b2,close_b1,close_b2,high_24m,high_36m,high_24m_b1,high_36m_b1,peak,trough,peak_b1,trough_b1,max_buy_price,max_buy_price_b1,price_change,price_change_b1,price_change_b2,price_change_across_b6,price_change_across_b12,price_change_across_f1,price_change_across_f2,price_change_across_f3,price_change_across_f6,ema5,ema10,ema5_b1,ema5_b2,ema10_b1,ema10_b2,atr_14,net_change_atr,net_change_atr_b1,net_change_atr_b2,net_change_atr_b3,net_change_atr_b4,nr4,rsi_7,rsi_7_sma3,rsi_7_sma3_b1,rsi_7_sma3_b2,crsi,crsi_b1,crsi_b2,price_struct,price_struct_b1,price_struct_b2,price_struct_b3,price_struct_b4,price_struct_b5,drawdown_streak,rally_month,rally_month_b1,rally_month_b2,rally_month_b3,rally_month_f1,rally_month_f2,rally_month_f3,rally_in_next_3_prds,label
2018-01-30,AMBER,1180.0,1298.3,1114.1,1250.15,119009,2741788587.0,,,,,,,,,,,,,,,,,,,,,,,,-0.12462504499460081,-0.13902331720193595,-0.09230892292924853,-0.22365316162060567,,,,,,,0.0,,,,,,False,,,,,,,,nan,,,,,,0,0,,,,0.0,0.0,0.0,0,0
2018-02-01,AMBER,1256.0,1327.0,1001.0,1094.35,54006,1052169070.0,1180.0,,1298.3,,1114.1,,1250.15,,,,,,1327.0,,,,1526.05,,-0.12462504499460081,,,,,-0.016448119888518353,0.03691689130534126,-0.014940375565404063,-0.10307488463471459,,,,,,,0.0,,,,,,False,,,,,,,,HHLL,nan,,,,,1,0,0.0,,,0.0,0.0,0.0,0,0
2018-03-01,AMBER,1100.0,1189.0,1059.0,1076.35,13646,275510693.0,1256.0,1180.0,1327.0,1298.3,1001.0,1114.1,1094.35,1250.15,,,,,1327.0,,1327.0,,1526.05,1526.05,-0.016448119888518353,-0.12462504499460081,,,,0.05425744413991751,0.0015329586101175963,-0.13132345426673475,-0.1403818460537929,,,,,,,0.0,,,,,,False,,,,,,,,LHHL,HHLL,nan,,,,2,0,0.0,0.0,,0.0,0.0,0.0,0,0
2018-04-02,AMBER,1075.0,1160.0,1070.1,1134.75,7415,93389818.0,1100.0,1256.0,1189.0,1327.0,1059.0,1001.0,1076.35,1094.35,,,,,1327.0,,1327.0,,1526.05,1526.05,0.05425744413991751,-0.016448119888518353,-0.12462504499460081,,,-0.05001101564221189,-0.17602996254681647,-0.14470147609605644,-0.23705662040096942,,,,,,,0.0,,,,,,False,,,,,,,,LHHL,LHHL,HHLL,nan,,,3,0,0.0,0.0,0.0,0.0,0.0,0.0,0,0
2018-05-02,AMBER,1110.0,1200.0,1062.0,1078.0,5755,57739105.0,1075.0,1100.0,1160.0,1189.0,1070.1,1059.0,1134.75,1076.35,,,,,1327.0,,1327.0,,1526.05,1526.05,-0.05001101564221189,0.05425744413991751,-0.016448119888518353,,,-0.13265306122448983,-0.0996753246753247,-0.08947124304267162,-0.14703153988868278,1125.9864197530865,,,,,,0.0,,,,,,False,,,,,,,,HHLL,LHHL,LHHL,HHLL,nan,,4,0,0.0,0.0,0.0,0.0,0.0,0.0,0,0
2018-06-01,AMBER,1080.6,1085.0,883.0,935.0,3578,43514620.0,1110.0,1075.0,1200.0,1160.0,1062.0,1070.1,1078.0,1134.75,,,,,1327.0,,1327.0,,1526.05,1526.05,-0.13265306122448983,-0.05001101564221189,0.05425744413991751,,,0.03802139037433161,0.04978609625668451,-0.010427807486630969,-0.03074866310160429,1062.324279835391,,1125.9864197530865,,,,0.0,,,,,,False,,,,,,,,LHLL,HHLL,LHHL,LHHL,HHLL,nan,5,0,0.0,0.0,0.0,0.0,0.0,0.0,0,0
2018-07-02,AMBER,944.0,1060.0,888.0,970.55,6670,56917489.0,1080.6,1110.0,1085.0,1200.0,883.0,1062.0,935.0,1078.0,,,,,1327.0,,1327.0,,1526.05,1526.05,0.03802139037433161,-0.13265306122448983,-0.05001101564221189,-0.22365316162060567,,0.011333779815568601,-0.046674565967750214,-0.10798001133377977,-0.23543351707794546,1031.7328532235942,,1062.324279835391,1125.9864197530865,,,0.0,,,,,,False,22.716303773645464,,,,,,,LHHL,LHLL,HHLL,LHHL,LHHL,HHLL,6,0,0.0,0.0,0.0,0.0,0.0,0.0,0,0
2018-08-01,AMBER,974.05,1022.0,900.0,981.55,4589,40269096.0,944.0,1080.6,1060.0,1085.0,888.0,883.0,970.55,935.0,,,,,1327.0,,1327.0,,1526.05,1526.05,0.011333779815568601,0.03802139037433161,-0.13265306122448983,-0.10307488463471459,,-0.057358259895063934,-0.11797666955325758,-0.06321634150068767,-0.3094595282970811,1015.0052354823962,,1031.7328532235942,1062.324279835391,,,0.0,,,,,,False,25.710671059086764,,,,,,,LHHL,LHHL,LHLL,HHLL,LHHL,LHHL,7,0,0.0,0.0,0.0,0.0,0.0,0.0,0,0
2018-09-03,AMBER,991.95,1121.0,918.05,925.25,6997,64311103.0,974.05,944.0,1022.0,1060.0,900.0,888.0,981.55,970.55,,,,,1327.0,,1327.0,,1526.05,1526.05,-0.057358259895063934,0.011333779815568601,0.03802139037433161,-0.1403818460537929,,-0.06430694406917048,-0.006214536611726551,-0.020534990543096487,-0.11542826263172112,985.0868236549309,,1015.0052354823962,1031.7328532235942,,,0.0,,,,,,False,20.879975496261054,23.102316776331094,,,,,,HHHL,LHHL,LHHL,LHLL,HHLL,LHHL,8,0,0.0,0.0,0.0,0.0,0.0,0.0,0,0
2018-10-01,AMBER,920.0,953.15,820.95,865.75,3021,19513445.0,991.95,974.05,1121.0,1022.0,918.05,900.0,925.25,981.55,,,,,1327.0,,1327.0,,1526.05,1526.05,-0.06430694406917048,-0.057358259895063934,0.011333779815568601,-0.23705662040096942,,0.0620848974877275,0.04678024833959005,-0.14288189431129084,-0.09656367311579561,945.3078824366207,1014.4988327410057,985.0868236549309,1015.0052354823962,,,0.0,,,,,,False,16.952706418572234,21.18111765797335,23.102316776331094,,,,,LHLL,HHHL,LHHL,LHHL,LHLL,HHLL,9,0,0.0,0.0,0.0,0.0,0.0,0.0,0,0
2018-11-01,AMBER,860.0,928.2,832.65,919.5,1297,8356510.0,920.0,991.95,953.15,1121.0,820.95,918.05,865.75,925.25,,,,,1327.0,,1327.0,,1526.05,1526.05,0.0620848974877275,-0.06430694406917048,-0.057358259895063934,-0.14703153988868278,,-0.01441000543773785,-0.19298531810766728,-0.2628602501359435,-0.09249592169657417,936.7052549577472,997.2263176971865,945.3078824366207,985.0868236549309,1014.4988327410057,,0.0,,,,,,False,30.691681302981195,22.841454405938162,21.18111765797335,23.102316776331094,,,,LHHL,LHLL,HHHL,LHHL,LHHL,LHLL,10,0,0.0,0.0,0.0,0.0,0.0,0.0,0,0
2018-12-03,AMBER,914.95,950.0,850.05,906.25,1752,9427180.0,860.0,920.0,928.2,953.15,832.65,820.95,919.5,865.75,1250.15,1250.15,,,1327.0,,1327.0,,1526.05,1526.05,-0.01441000543773785,0.0620848974877275,-0.06430694406917048,-0.03074866310160429,,-0.18118620689655174,-0.25208275862068974,-0.09688275862068962,-0.08601379310344837,926.5535033051649,980.6851690249706,936.7052549577472,945.3078824366207,997.2263176971865,1014.4988327410057,0.0,,,,,,False,29.29773179154202,25.647373171031816,22.841454405938162,21.18111765797335,,,,HHHL,LHHL,LHLL,HHHL,LHHL,LHHL,11,0,0.0,0.0,0.0,0.0,0.0,0.0,0,0
2019-01-01,AMBER,908.5,983.85,729.0,742.05,1562,32579693.0,914.95,860.0,950.0,928.2,850.05,832.65,906.25,919.5,1250.15,1250.15,1250.15,1250.15,1327.0,,1327.0,,1526.05,1526.05,-0.18118620689655174,-0.01441000543773785,0.0620848974877275,-0.23543351707794546,-0.4064312282526098,-0.08658446196347958,0.10295802169665125,0.05403948520989155,0.053163533454618994,865.0523355367766,937.2969564749759,926.5535033051649,936.7052549577472,980.6851690249706,997.2263176971865,0.0,,,,,,False,17.68498229838471,25.89146513096931,25.647373171031816,22.841454405938162,,,,HHLL,HHHL,LHHL,LHLL,HHHL,LHHL,12,0,0.0,0.0,0.0,0.0,0.0,0.0,0,0
2019-02-01,AMBER,745.7,746.65,621.05,677.8,2591,144289979.0,908.5,914.95,983.85,950.0,729.0,850.05,742.05,906.25,1250.15,1250.15,1250.15,1250.15,1327.0,621.05,1327.0,,1526.05,1526.05,-0.08658446196347958,-0.18118620689655174,-0.01441000543773785,-0.3094595282970811,-0.38063690775346093,0.20750958984951318,0.15395396872233702,0.23111537326645037,0.21665683092357635,802.6348903578511,890.1156916613439,865.0523355367766,926.5535033051649,937.2969564749759,980.6851690249706,162.51428571428573,-0.3953,,,,,False,14.975273663911182,20.65266258461264,25.89146513096931,25.647373171031816,,,,LHLL,HHLL,HHHL,LHHL,LHLL,HHHL,13,0,0.0,0.0,0.0,0.0,0.0,0.0,0,1
2019-03-01,AMBER,685.65,839.95,674.15,818.45,4072,105079390.0,745.7,908.5,746.65,983.85,621.05,729.0,677.8,742.05,1250.15,1250.15,1250.15,1250.15,1327.0,621.05,1327.0,621.05,1526.05,1526.05,0.20750958984951318,-0.08658446196347958,-0.18118620689655174,-0.11542826263172112,-0.2396060760904909,-0.044352129024375464,0.019549147779339027,0.012034944101655398,0.10776467713360605,807.9065935719009,877.0855659047359,802.6348903578511,865.0523355367766,890.1156916613439,937.2969564749759,162.74897959183676,0.8642,-0.3953,,,,False,38.88913833440187,23.849798098899253,20.65266258461264,25.89146513096931,,,,HHHL,LHLL,HHLL,HHHL,LHHL,LHLL,0,0,0.0,0.0,0.0,0.0,0.0,0.0,0,0
2019-04-01,AMBER,829.35,864.45,771.0,782.15,3100,32475573.0,685.65,745.7,839.95,746.65,674.15,621.05,818.45,677.8,1250.15,1250.15,1250.15,1250.15,1327.0,621.05,1327.0,621.05,1526.05,1526.05,-0.044352129024375464,0.20750958984951318,-0.08658446196347958,-0.09656367311579561,-0.31072923551443055,0.06686696925142255,0.059004027360480604,-0.0008310426388800085,0.3375311640989582,799.3210623812672,859.8245539220566,807.9065935719009,802.6348903578511,877.0855659047359,890.1156916613439,157.79905247813414,-0.23,0.8642,-0.3953,,,False,35.85285724624076,29.905756414851272,23.849798098899253,20.65266258461264,,,,HHHL,HHHL,LHLL,HHLL,HHHL,LHHL,1,0,0.0,0.0,0.0,0.0,0.0,0.0,0,0
2019-05-02,AMBER,798.8,871.0,702.5,834.45,4187,34652543.0,829.35,685.65,864.45,839.95,771.0,674.15,782.15,818.45,1250.15,1250.15,1250.15,1250.15,1327.0,621.05,1327.0,621.05,1526.05,1526.05,0.06686696925142255,-0.044352129024375464,0.20750958984951318,-0.09249592169657417,-0.22592764378478658,-0.007370124033794778,-0.06345497033974479,-0.011744262687998108,0.2421954580861645,811.0307082541782,855.2109986635008,799.3210623812672,807.9065935719009,859.8245539220566,877.0855659047359,158.56340587255315,0.3298,-0.23,0.8642,-0.3953,,False,43.29467986407121,39.34555848157128,29.905756414851272,23.849798098899253,,,,HHLL,HHHL,HHHL,LHLL,HHLL,HHHL,0,0,0.0,0.0,0.0,0.0,0.0,0.0,0,0
2019-06-03,AMBER,835.25,850.0,785.5,828.3,1554,11015115.0,798.8,829.35,871.0,864.45,702.5,771.0,834.45,782.15,1250.15,1250.15,1250.15,1250.15,1327.0,621.05,1327.0,621.05,1526.05,1526.05,-0.007370124033794778,0.06686696925142255,-0.044352129024375464,-0.08601379310344837,-0.11411764705882355,-0.05650126765664609,-0.004406615960400817,0.09459133164312461,0.3480019316672702,816.7871388361189,850.3180898155915,811.0307082541782,799.3210623812672,855.2109986635008,859.8245539220566,151.84459116737077,-0.0405,0.3298,-0.23,0.8642,-0.3953,False,42.61641529710323,40.587984135805065,39.34555848157128,29.905756414851272,,,,LHHL,HHLL,HHHL,HHHL,LHLL,HHLL,1,0,0.0,0.0,0.0,0.0,0.0,0.0,0,0
2019-07-01,AMBER,830.95,860.0,752.55,781.5,2213,12435416.0,835.25,798.8,850.0,871.0,785.5,702.5,828.3,834.45,1250.15,1250.15,1250.15,1250.15,1327.0,621.05,1327.0,621.05,1526.05,1526.05,-0.05650126765664609,-0.007370124033794778,0.06686696925142255,0.053163533454618994,-0.19478646128483845,0.05521433141394749,0.1601407549584133,0.3386436340371082,0.9303902751119641,805.0247592240793,837.8057098491203,816.7871388361189,811.0307082541782,850.3180898155915,855.2109986635008,148.67354894113,-0.3148,-0.0405,0.3298,-0.23,0.8642,True,37.412829929340056,41.1079750301715,40.587984135805065,39.34555848157128,,,,HHLL,LHHL,HHLL,HHHL,HHHL,LHLL,2,0,0.0,0.0,0.0,0.0,0.0,0.0,0,1
2019-08-01,AMBER,767.6,870.0,750.0,824.65,2059,68692190.0,830.95,835.25,860.0,850.0,752.55,785.5,781.5,828.3,1250.15,1250.15,1250.15,1250.15,1327.0,621.05,1327.0,621.05,1526.05,1526.05,0.05521433141394749,-0.05650126765664609,-0.007370124033794778,0.21665683092357635,-0.1598492180734552,0.09943612441641902,0.2685987994906931,0.2569574971199904,0.6645243436609471,811.5665061493862,835.4137626038257,805.0247592240793,816.7871388361189,837.8057098491203,850.3180898155915,146.62543830247787,0.2943,-0.3148,-0.0405,0.3298,-0.23,True,44.67888121470517,41.569375480382824,41.1079750301715,40.587984135805065,,,,HHLL,HHLL,LHHL,HHLL,HHHL,HHHL,0,0,0.0,0.0,0.0,0.0,0.0,0.0,0,1
2019-09-03,AMBER,825.0,1012.65,810.0,906.65,4412,26154497.0,767.6,830.95,870.0,860.0,750.0,752.55,824.65,781.5,1250.15,1250.15,1250.15,1250.15,1327.0,621.05,1327.0,621.05,1526.05,1526.05,0.09943612441641902,0.05521433141394749,-0.05650126765664609,0.10776467713360605,-0.02010267495271556,0.15386312248386935,0.14327469254949543,0.231511608669277,0.35201014724535384,843.2610040995908,848.3658057667665,811.5665061493862,805.0247592240793,835.4137626038257,837.8057098491203,150.62719270944373,0.5444,0.2943,-0.3148,-0.0405,0.3298,True,56.00324126021714,46.03165080142079,41.569375480382824,41.1079750301715,,,,HHHL,HHLL,HHLL,LHHL,HHLL,HHHL,0,0,0.0,0.0,0.0,0.0,0.0,0.0,0,1
2019-10-01,AMBER,913.0,1060.0,812.0,1046.15,9517,235843066.0,825.0,767.6,1012.65,870.0,810.0,750.0,906.65,824.65,1250.15,1250.15,1250.15,1250.15,1327.0,621.05,1327.0,621.05,1526.05,1526.05,0.15386312248386935,0.09943612441641902,0.05521433141394749,0.3375311640989582,0.20837424198671672,-0.009176504325383639,0.06729436505281261,0.4420494192993354,0.025235386894804535,910.8906693997272,884.326568354627,843.2610040995908,811.5665061493862,848.3658057667665,835.4137626038257,157.58239323019774,0.8853,0.5444,0.2943,-0.3148,-0.0405,False,68.71417533525621,56.465432603392834,46.03165080142079,41.569375480382824,,,,HHHL,HHHL,HHLL,HHLL,LHHL,HHLL,0,0,0.0,0.0,0.0,0.0,0.0,1.0,1,1
2019-11-01,AMBER,1040.6,1084.0,944.7,1036.55,6714,37491207.0,913.0,825.0,1060.0,1012.65,812.0,810.0,1046.15,906.65,1250.15,1250.15,1250.15,1250.15,1327.0,621.05,1327.0,621.05,1526.05,1526.05,-0.009176504325383639,0.15386312248386935,0.09943612441641902,0.2421954580861645,0.12729744426318645,0.07717910375765769,0.4554049491100285,0.32424870966185915,0.2012927499879409,952.7771129331516,912.0035559265131,910.8906693997272,843.2610040995908,884.326568354627,848.3658057667665,156.2765079994693,-0.0614,0.8853,0.5444,0.2943,-0.3148,False,67.15645895494063,63.95795851680466,56.465432603392834,46.03165080142079,,,,HHHL,HHHL,HHHL,HHLL,HHLL,LHHL,1,0,0.0,0.0,0.0,0.0,1.0,0.0,1,1
2019-12-02,AMBER,1040.25,1145.9,997.0,1116.55,7996,49721475.0,1040.6,913.0,1084.0,1060.0,944.7,812.0,1036.55,1046.15,1250.15,1250.15,1250.15,1250.15,1327.0,621.05,1327.0,621.05,1526.05,1526.05,0.07717910375765769,-0.009176504325383639,0.15386312248386935,0.3480019316672702,0.23205517241379314,0.3511262370695445,0.22936724732434755,0.09784604361649718,0.2856119296045856,1007.3680752887677,949.1938184853288,952.7771129331516,910.8906693997272,912.0035559265131,884.326568354627,155.7496145709358,0.5136,-0.0614,0.8853,0.5444,0.2943,False,73.08784361243184,69.65282596754291,63.95795851680466,56.465432603392834,,,,HHHL,HHHL,HHHL,HHHL,HHLL,HHLL,0,0,0.0,0.0,0.0,1.0,0.0,0.0,1,1
2020-01-01,AMBER,1119.0,1639.0,1112.0,1508.6,248284,324796395.0,1040.25,1040.6,1145.9,1084.0,997.0,944.7,1116.55,1036.55,1508.6,1508.6,1250.15,1250.15,1327.0,621.05,1327.0,621.05,1526.05,1526.05,0.3511262370695445,0.07717910375765769,-0.009176504325383639,0.9303902751119641,1.03301664308335,-0.09011666445711242,-0.1874585708604003,-0.2890428211586902,-0.018261964735516334,1174.4453835258453,1050.904033306178,1007.3680752887677,952.7771129331516,949.1938184853288,912.0035559265131,182.2674992444404,2.151,0.5136,-0.0614,0.8853,0.5444,False,86.75930836228675,75.6678703098864,69.65282596754291,63.95795851680466,,,,HHHL,HHHL,HHHL,HHHL,HHHL,HHLL,0,1,0.0,0.0,0.0,0.0,0.0,0.0,0,0
2020-02-01,AMBER,1550.0,1690.0,1318.25,1372.65,220535,354008973.0,1119.0,1040.25,1639.0,1145.9,1112.0,997.0,1508.6,1116.55,1508.6,1508.6,1508.6,1508.6,1327.0,621.05,1327.0,621.05,1526.05,1526.05,-0.09011666445711242,0.3511262370695445,0.07717910375765769,0.6645243436609471,1.0251549129536741,-0.10698284340509245,-0.21862820092521773,-0.09284959749389865,0.26263067788584116,1240.5135890172303,1109.403299977782,1174.4453835258453,1007.3680752887677,1050.904033306178,949.1938184853288,195.80196358412323,-0.6943,2.151,0.5136,-0.0614,0.8853,False,71.96845385384343,77.27186860952067,75.6678703098864,69.65282596754291,,,,HHHL,HHHL,HHHL,HHHL,HHHL,HHHL,1,0,1.0,0.0,0.0,0.0,0.0,0.0,0,0
2020-03-02,AMBER,1418.0,1510.75,975.0,1225.8,87592,113722559.0,1550.0,1119.0,1690.0,1639.0,1318.25,1112.0,1372.65,1508.6,1508.6,1508.6,1508.6,1508.6,1327.0,621.05,1327.0,621.05,1526.05,1526.05,-0.10698284340509245,-0.09011666445711242,0.3511262370695445,0.35201014724535384,0.4977090842446086,-0.12502039484418337,0.015826399086311005,0.17103116332191237,0.6617719040626531,1235.6090593448203,1130.5663363454578,1240.5135890172303,1174.4453835258453,1109.403299977782,1050.904033306178,220.0839661852573,-0.6672,-0.6943,2.151,0.5136,-0.0614,False,59.24101055912893,72.65625759175303,77.27186860952067,75.6678703098864,,,,LHLL,HHHL,HHHL,HHHL,HHHL,HHHL,2,0,0.0,1.0,0.0,0.0,0.0,0.0,0,0
2020-04-01,AMBER,1245.85,1340.15,921.6,1072.55,198064,225885336.0,1418.0,1550.0,1510.75,1690.0,975.0,1318.25,1225.8,1372.65,1508.6,1508.6,1508.6,1508.6,1327.0,621.05,1327.0,621.05,1526.05,1526.05,-0.12502039484418337,-0.10698284340509245,-0.09011666445711242,0.025235386894804535,0.37128428050885387,0.16097151647941832,0.3383525243578389,0.3808680248007086,1.0288098456948394,1181.2560395632136,1120.0179115553744,1235.6090593448203,1240.5135890172303,1130.5663363454578,1109.403299977782,234.26011145773896,-0.6542,-0.6672,-0.6943,2.151,0.5136,False,48.74543478101491,59.984966397995755,72.65625759175303,77.27186860952067,,,,LHLL,LHLL,HHHL,HHHL,HHHL,HHHL,3,0,0.0,0.0,1.0,0.0,0.0,0.0,0,1
2020-05-04,AMBER,1050.0,1261.9,1011.1,1245.2,43646,49589634.0,1245.85,1418.0,1340.15,1510.75,921.6,975.0,1072.55,1225.8,1508.6,1508.6,1508.6,1508.6,1327.0,621.05,1327.0,621.05,1526.05,1526.05,0.16097151647941832,-0.12502039484418337,-0.10698284340509245,0.2012927499879409,0.49224039786685836,0.1527867009315773,0.18940732412463857,0.39186476068101506,0.9257950530035335,1202.5706930421425,1142.778291272579,1181.2560395632136,1235.6090593448203,1120.0179115553744,1130.5663363454578,235.44153206790048,0.7333,-0.6542,-0.6672,-0.6943,2.151,False,58.42632176005118,55.47092236673168,59.984966397995755,72.65625759175303,,,,LHHL,LHLL,LHLL,HHHL,HHHL,HHHL,4,0,0.0,0.0,0.0,0.0,0.0,1.0,1,1
2020-06-01,AMBER,1279.0,1618.0,1279.0,1435.45,67574,99190852.0,1050.0,1245.85,1261.9,1340.15,1011.1,921.6,1245.2,1072.55,1508.6,1508.6,1508.6,1508.6,1327.0,621.05,1327.0,621.05,1526.05,1526.05,0.1527867009315773,0.16097151647941832,-0.12502039484418337,0.2856119296045856,0.7330073644814683,0.03176704169424216,0.2073914103591208,0.41906719147305727,0.6407050053990038,1280.197128694762,1195.9913292230192,1202.5706930421425,1181.2560395632136,1142.778291272579,1120.0179115553744,245.25285120590758,0.7757,0.7333,-0.6542,-0.6672,-0.6943,False,66.5489597246255,57.90690542189719,55.47092236673168,59.984966397995755,,,,HHHL,LHHL,LHLL,LHLL,HHHL,HHHL,0,0,0.0,0.0,0.0,0.0,1.0,1.0,1,1
2020-07-01,AMBER,1445.0,1589.0,1429.7,1481.05,58692,88093705.0,1279.0,1050.0,1618.0,1261.9,1279.0,1011.1,1435.45,1245.2,1508.6,1508.6,1508.6,1508.6,1327.0,621.05,1327.0,621.05,1526.05,1526.05,0.03176704169424216,0.1527867009315773,0.16097151647941832,-0.018261964735516334,0.8951375559820858,0.17021707572330458,0.3753755781371324,0.4692279126295533,0.7418048006481888,1347.148085796508,1247.8201784551975,1280.197128694762,1202.5706930421425,1195.9913292230192,1142.778291272579,239.11336183405703,0.1907,0.7757,0.7333,-0.6542,-0.6672,False,68.28185906917614,64.41904685128428,57.90690542189719,55.47092236673168,,,,LHHL,HHHL,LHHL,LHLL,LHLL,HHHL,0,0,0.0,0.0,0.0,1.0,1.0,1.0,1,1
2020-08-03,AMBER,1501.0,1870.0,1501.0,1733.15,235270,415887171.0,1445.0,1279.0,1589.0,1618.0,1429.7,1279.0,1481.05,1435.45,1733.15,1733.15,1508.6,1508.6,1327.0,621.05,1327.0,621.05,1526.05,1526.05,0.17021707572330458,0.03176704169424216,0.1527867009315773,0.26263067788584116,1.101679500394107,0.17531662002711812,0.2555174104953408,0.38360788160286186,0.8646106799757667,1475.8153905310055,1336.061964190616,1347.148085796508,1280.197128694762,1247.8201784551975,1195.9913292230192,249.81597884591014,1.0091,0.1907,0.7757,0.7333,-0.6542,False,76.2256410645048,70.35215328610214,64.41904685128428,57.90690542189719,,,,HHHL,LHHL,HHHL,LHHL,LHLL,LHLL,0,1,0.0,0.0,0.0,1.0,1.0,1.0,1,1
2020-09-01,AMBER,1700.1,2120.0,1700.1,2037.0,625421,1195280212.0,1501.0,1445.0,1870.0,1589.0,1501.0,1429.7,1733.15,1481.05,2037.0,2037.0,1733.15,1733.15,1327.0,621.05,1327.0,621.05,1526.05,1526.05,0.17531662002711812,0.17021707572330458,0.03176704169424216,0.6617719040626531,1.2467324766999393,0.06823760432007853,0.17722140402552777,0.1561855670103094,0.6301914580265096,1662.8769270206703,1463.5052434286858,1475.8153905310055,1347.148085796508,1336.061964190616,1247.8201784551975,261.9648374997737,1.1599,1.0091,0.1907,0.7757,0.7333,False,82.41763021825959,75.64171011731351,70.35215328610214,64.41904685128428,,,,HHHL,HHHL,LHHL,HHHL,LHHL,LHLL,0,1,1.0,0.0,0.0,1.0,1.0,0.0,1,1
2020-10-01,AMBER,2067.95,2544.95,1863.0,2176.0,331941,743002985.0,1700.1,1501.0,2120.0,1870.0,1700.1,1501.0,2037.0,1733.15,2176.0,2176.0,2037.0,2037.0,1327.0,621.05,1327.0,621.05,1526.05,1526.05,0.06823760432007853,0.17531662002711812,0.17021707572330458,1.0288098456948394,1.0800076470869375,0.10202205882352944,0.08232996323529407,0.18552389705882355,0.42580422794117645,1833.9179513471136,1593.0497446234704,1662.8769270206703,1475.8153905310055,1463.5052434286858,1336.061964190616,291.9637776783613,0.4761,1.1599,1.0091,0.1907,0.7757,False,84.56336636743711,81.06887921673383,75.64171011731351,70.35215328610214,,,,HHHL,HHHL,HHHL,LHHL,HHHL,LHHL,0,1,1.0,1.0,0.0,1.0,0.0,1.0,1,1
2020-11-02,AMBER,2194.0,2465.45,2084.05,2398.0,228571,518616696.0,2067.95,1700.1,2544.95,2120.0,1863.0,1700.1,2176.0,2037.0,2398.0,2398.0,2176.0,2176.0,1327.0,621.05,1327.0,621.05,1526.05,1526.05,0.10202205882352944,0.06823760432007853,0.17531662002711812,0.9257950530035335,1.313443635135787,-0.017869057547956646,0.07577147623019176,0.34764386989157625,0.13782318598832366,2021.9453008980759,1739.404336510112,1833.9179513471136,1662.8769270206703,1593.0497446234704,1463.5052434286858,298.35207927276406,0.7441,0.4761,1.1599,1.0091,0.1907,False,87.42327112736905,84.80142257102192,81.06887921673383,75.64171011731351,,,,LHHL,HHHL,HHHL,HHHL,LHHL,HHHL,0,1,1.0,1.0,1.0,0.0,1.0,1.0,1,1
2020-12-01,AMBER,2424.0,2519.0,2201.0,2355.15,143733,337997700.0,2194.0,2067.95,2465.45,2544.95,2084.05,1863.0,2398.0,2176.0,2398.0,2398.0,2398.0,2398.0,1327.0,621.05,1327.0,621.05,1526.05,1526.05,-0.017869057547956646,0.10202205882352944,0.06823760432007853,0.6407050053990038,1.1093099279029155,0.09534424558945287,0.3721631318599665,0.40997388701356585,0.2423837122900876,2133.0135339320504,1851.3580935082734,2021.9453008980759,1833.9179513471136,1739.404336510112,1593.0497446234704,299.75550218185236,-0.1429,0.7441,0.4761,1.1599,1.0091,False,83.92204877208057,85.30289542229558,84.80142257102192,81.06887921673383,,,,HHHL,LHHL,HHHL,HHHL,HHHL,LHHL,1,0,1.0,1.0,1.0,1.0,1.0,1.0,1,1
2021-01-01,AMBER,2369.0,2776.0,2369.0,2579.7,320207,823992162.0,2424.0,2194.0,2519.0,2465.45,2201.0,2084.05,2355.15,2398.0,2579.7,2579.7,2398.0,2398.0,1327.0,621.05,1327.0,621.05,1526.05,1526.05,0.09534424558945287,-0.017869057547956646,0.10202205882352944,0.7418048006481888,0.7099960228025983,0.2527231848664575,0.28724270263984186,0.20267860603946208,0.15994107841997152,2281.909022621367,1983.7838946885872,2133.0135339320504,2021.9453008980759,1851.3580935082734,1739.404336510112,308.4051091688629,0.7281,-0.1429,0.7441,0.4761,1.1599,False,87.08443595029334,86.14325194991432,85.30289542229558,84.80142257102192,,,,HHHL,HHHL,LHHL,HHHL,HHHL,HHHL,0,1,0.0,1.0,1.0,1.0,1.0,0.0,1,1
2021-02-01,AMBER,2649.0,3317.3,2580.0,3231.65,264395,801516260.0,2369.0,2424.0,2776.0,2519.0,2369.0,2201.0,2579.7,2355.15,3231.65,3231.65,2579.7,2579.7,1327.0,621.05,1327.0,621.05,1526.05,1526.05,0.2527231848664575,0.09534424558945287,-0.017869057547956646,0.8646106799757667,1.3543146468509817,0.02755558306128436,-0.039948633051227644,-0.15569445948663996,-0.10474525397242895,2598.489348414245,2210.668641108844,2281.909022621367,2133.0135339320504,1983.7838946885872,1851.3580935082734,339.0618870853727,1.9228,0.7281,-0.1429,0.7441,0.4761,False,92.24868900676863,87.75172457638085,86.14325194991432,85.30289542229558,,,,HHHL,HHHL,HHHL,LHHL,HHHL,HHHL,0,1,1.0,0.0,1.0,1.0,0.0,0.0,1,1
2021-03-01,AMBER,3259.8,3667.5,2993.8,3320.7,388840,1332725176.0,2649.0,2369.0,3317.3,2776.0,2580.0,2369.0,3231.65,2579.7,3320.7,3320.7,3231.65,3231.65,1327.0,621.05,1327.0,621.05,1526.05,1526.05,0.02755558306128436,0.2527231848664575,0.09534424558945287,0.6301914580265096,1.709006363191385,-0.06569398018490069,-0.17833589303460107,-0.1188604812238383,-0.018113650736290454,2839.2262322761635,2412.4925245435998,2598.489348414245,2281.909022621367,2210.668641108844,1983.7838946885872,362.9646094364175,0.2453,1.9228,0.7281,-0.1429,0.7441,False,92.7130003665594,90.68204177454045,87.75172457638085,86.14325194991432,,,,HHHL,HHHL,HHHL,HHHL,LHHL,HHHL,0,1,1.0,1.0,0.0,0.0,0.0,0.0,0,0
2021-04-01,AMBER,3345.0,3389.85,3004.1,3102.55,185927,591613594.0,3259.8,2649.0,3667.5,3317.3,2993.8,2580.0,3320.7,3231.65,3320.7,3320.7,3320.7,3320.7,1327.0,621.05,1327.0,621.05,1526.05,1526.05,-0.06569398018490069,0.02755558306128436,0.2527231848664575,0.42580422794117645,1.892685655680388,-0.12056211825756236,-0.05690480411274601,-0.03553528549096707,0.06501103930637697,2927.0008215174425,2537.957520081127,2839.2262322761635,2598.489348414245,2412.4925245435998,2210.668641108844,364.5921373338163,-0.5983,0.2453,1.9228,0.7281,-0.1429,False,79.16073096132158,88.04080677821655,90.68204177454045,87.75172457638085,,,,LHHL,HHHL,HHHL,HHHL,HHHL,LHHL,1,0,1.0,1.0,1.0,0.0,0.0,0.0,0,0
2021-05-03,AMBER,3091.0,3175.0,2685.0,2728.5,157456,454337110.0,3345.0,3259.8,3389.85,3667.5,3004.1,2993.8,3102.55,3320.7,3320.7,3320.7,3320.7,3320.7,1327.0,621.05,1327.0,621.05,1526.05,1526.05,-0.12056211825756236,-0.06569398018490069,0.02755558306128436,0.13782318598832366,1.1912142627690332,0.07238409382444577,0.09668315924500659,0.06034451163643029,0.1119113065787063,2860.8338810116284,2572.6016073391033,2927.0008215174425,2839.2262322761635,2537.957520081127,2412.4925245435998,373.5498418099723,-1.0013,-0.5983,0.2453,1.9228,0.7281,False,61.25046573401215,77.7080656872977,88.04080677821655,90.68204177454045,,,,LHLL,LHHL,HHHL,HHHL,HHHL,HHHL,2,0,0.0,1.0,1.0,0.0,0.0,0.0,0,0
2021-06-01,AMBER,2743.9,3031.0,2699.75,2926.0,218639,619092381.0,3091.0,3345.0,3175.0,3389.85,2685.0,3004.1,2728.5,3102.55,3320.7,3320.7,3320.7,3320.7,1327.0,621.05,1327.0,621.05,1526.05,1526.05,0.07238409382444577,-0.12056211825756236,-0.06569398018490069,0.2423837122900876,1.0383851753805424,0.022658920027341045,-0.01122693096377303,0.11433697881066318,0.1338004101161996,2882.555920674419,2636.8558605501753,2860.8338810116284,2927.0008215174425,2572.6016073391033,2537.957520081127,370.5284245378314,0.533,-1.0013,-0.5983,0.2453,1.9228,False,65.99045419046986,68.80055029526785,77.7080656872977,88.04080677821655,,,,LHHL,LHLL,LHHL,HHHL,HHHL,HHHL,3,0,0.0,0.0,1.0,0.0,0.0,0.0,0,0
2021-07-01,AMBER,2933.95,3094.0,2870.0,2992.3,166799,500618874.0,2743.9,3091.0,3031.0,3175.0,2699.75,2685.0,2926.0,2728.5,3320.7,3320.7,3320.7,3320.7,1327.0,621.05,1327.0,621.05,1526.05,1526.05,0.022658920027341045,0.07238409382444577,-0.12056211825756236,0.15994107841997152,1.0203909388609436,-0.03313504661965716,0.08964676001737804,0.10425091067072145,0.2057447448451022,2919.137280449613,2701.4820677228704,2882.555920674419,2860.8338810116284,2636.8558605501753,2572.6016073391033,360.06210849941493,0.1841,0.533,-1.0013,-0.5983,0.2453,False,67.54528048014959,64.92873346821052,68.80055029526785,77.7080656872977,,,,HHHL,LHHL,LHLL,LHHL,HHHL,HHHL,4,0,0.0,0.0,0.0,0.0,0.0,0.0,0,0
2021-08-02,AMBER,2985.0,3054.45,2710.25,2893.15,87766,254420736.0,2933.95,2743.9,3094.0,3031.0,2870.0,2699.75,2992.3,2926.0,3320.7,3320.7,3320.7,3320.7,1327.0,621.05,1327.0,621.05,1526.05,1526.05,-0.03313504661965716,0.022658920027341045,0.07238409382444577,-0.10474525397242895,0.6693015607420014,0.1269896133971622,0.14209425712458734,0.04863211378601173,0.204016383526606,2910.474853633076,2736.3307826823484,2919.137280449613,2882.555920674419,2701.4820677228704,2636.8558605501753,358.9291007494567,-0.2762,0.1841,0.533,-1.0013,-0.5983,False,62.55559488231015,65.3637765176432,64.92873346821052,68.80055029526785,,,,LHLL,HHHL,LHHL,LHLL,LHHL,HHHL,5,0,0.0,0.0,0.0,0.0,0.0,0.0,0,0
2021-09-01,AMBER,2940.0,3309.3,2918.45,3260.55,409272,1253484618.0,2985.0,2933.95,3054.45,3094.0,2710.25,2870.0,2893.15,2992.3,3320.7,3320.7,3320.7,3320.7,1327.0,621.05,1327.0,621.05,1526.05,1526.05,0.1269896133971622,-0.03313504661965716,0.022658920027341045,-0.018113650736290454,0.6006627393225332,0.013402646792718853,-0.06952814709174837,0.017466378371747027,0.08141264510588697,3027.1665690887176,2831.6433676491943,2910.474853633076,2919.137280449613,2736.3307826823484,2701.4820677228704,363.01630783878124,1.0121,-0.2762,0.1841,0.533,-1.0013,False,71.61912173702781,67.23999903316252,65.3637765176432,64.92873346821052,,,,HHHL,LHLL,HHHL,LHHL,LHLL,LHHL,0,0,0.0,0.0,0.0,0.0,0.0,0.0,0,0
2021-10-01,AMBER,3249.75,3788.4,3175.0,3304.25,143378,499324276.0,2940.0,2985.0,3309.3,3054.45,2918.45,2710.25,3260.55,2893.15,3320.7,3320.7,3320.7,3320.7,1327.0,621.05,1327.0,621.05,1526.05,1526.05,0.013402646792718853,0.1269896133971622,-0.03313504661965716,0.06501103930637697,0.5184972426470589,-0.08183400166452304,0.004009987137777005,0.09191193160323818,0.12325035938563977,3119.527712725812,2917.571846258432,3027.1665690887176,2910.474853633076,2831.6433676491943,2736.3307826823484,380.9008572788683,0.1147,1.0121,-0.2762,0.1841,0.533,False,72.54143242822153,68.90538301585316,67.23999903316252,65.3637765176432,,,,HHHL,HHHL,LHLL,HHHL,LHHL,LHLL,0,0,0.0,0.0,0.0,0.0,0.0,1.0,1,1
2021-11-01,AMBER,3240.0,3613.45,2978.5,3033.85,88365,294150196.0,3249.75,2940.0,3788.4,3309.3,3175.0,2918.45,3304.25,3260.55,3320.7,3320.7,3320.7,3320.7,1327.0,621.05,1327.0,621.05,1526.05,1526.05,-0.08183400166452304,0.013402646792718853,0.1269896133971622,0.1119113065787063,0.2651584653878232,0.09349506402755581,0.18923150452395476,0.14817805758359848,-0.131746790381858,3090.9684751505415,2938.7133287568986,3119.527712725812,3027.1665690887176,2917.571846258432,2831.6433676491943,399.04722461609197,-0.6776,0.1147,1.0121,-0.2762,0.1841,False,58.75714970599324,67.63923462374753,68.90538301585316,67.23999903316252,,,,LHLL,HHHL,HHHL,LHLL,HHHL,LHHL,1,0,0.0,0.0,0.0,0.0,1.0,0.0,1,1
2021-12-01,AMBER,3114.95,3542.6,3026.3,3317.5,88381,292120650.0,3240.0,3249.75,3613.45,3788.4,2978.5,3175.0,3033.85,3304.25,3320.7,3320.7,3320.7,3320.7,1327.0,621.05,1327.0,621.05,1526.05,1526.05,0.09349506402755581,-0.08183400166452304,0.013402646792718853,0.1338004101161996,0.4086151625161878,0.08755086661642797,0.05000753579502648,0.06284853051996975,-0.32239638281838734,3166.4789834336943,3007.5836326192803,3090.9684751505415,3119.527712725812,2938.7133287568986,2917.571846258432,407.4224228577997,0.6962,-0.6776,0.1147,1.0121,-0.2762,False,66.53866534726852,65.94574916049443,67.63923462374753,68.90538301585316,,,,LHHL,LHLL,HHHL,HHHL,LHLL,HHHL,2,0,0.0,0.0,0.0,1.0,0.0,0.0,1,1
2022-01-03,AMBER,3273.8,3711.0,3006.65,3607.95,89623,306500611.0,3114.95,3240.0,3542.6,3613.45,3026.3,2978.5,3317.5,3033.85,3607.95,3607.95,3320.7,3320.7,1327.0,621.05,1327.0,621.05,1526.05,1526.05,0.08755086661642797,0.09349506402755581,-0.08183400166452304,0.2057447448451022,0.39859285963484137,-0.03452098837289863,-0.02271372940312366,0.02870050859906592,-0.30892889313876304,3313.635988955796,3116.741153961229,3166.4789834336943,3090.9684751505415,3007.5836326192803,2938.7133287568986,428.631535510814,0.6776,0.6962,-0.6776,0.1147,1.0121,False,72.6935064008023,65.99644048468802,65.94574916049443,67.63923462374753,,,,HHLL,LHHL,LHLL,HHHL,HHHL,LHLL,0,1,0.0,0.0,0.0,0.0,0.0,1.0,1,1
2022-02-01,AMBER,3679.0,3932.1,3091.1,3483.4,123850,441278334.0,3273.8,3114.95,3711.0,3542.6,3006.65,3026.3,3607.95,3317.5,3607.95,3607.95,3607.95,3607.95,1327.0,621.05,1327.0,621.05,1526.05,1526.05,-0.03452098837289863,0.08755086661642797,0.09349506402755581,0.204016383526606,0.0779013816471461,0.012229431015674308,0.06548200034449092,-0.24379916173853133,-0.3498736866280071,3370.2239926371976,3183.4063986955507,3313.635988955796,3166.4789834336943,3116.741153961229,3007.5836326192803,458.08642583147014,-0.2719,0.6776,0.6962,-0.6776,0.1147,False,66.56779031633596,68.59998735480225,65.99644048468802,65.94574916049443,,,,HHHL,HHLL,LHHL,LHLL,HHHL,HHHL,1,0,1.0,0.0,0.0,0.0,1.0,0.0,1,1
2022-03-02,AMBER,3439.8,3818.05,3318.45,3526.0,70855,254304891.0,3679.0,3273.8,3932.1,3711.0,3091.1,3006.65,3483.4,3607.95,3607.95,3607.95,3607.95,3607.95,1327.0,621.05,1327.0,621.05,1526.05,1526.05,0.012229431015674308,-0.03452098837289863,0.08755086661642797,0.08141264510588697,0.061824314150630943,0.05260918888258659,-0.25293533749290975,-0.3624645490640953,-0.3299631310266591,3422.149328424799,3245.6961443872683,3370.2239926371976,3313.635988955796,3183.4063986955507,3116.741153961229,461.0516811292223,0.0924,-0.2719,0.6776,0.6962,-0.6776,False,67.65540635335496,68.97223435683107,68.59998735480225,65.99644048468802,,,,LHHL,HHHL,HHLL,LHHL,LHLL,HHHL,2,0,0.0,1.0,0.0,1.0,0.0,0.0,1,1
2022-04-01,AMBER,3537.45,3789.8,3446.8,3711.5,44470,160765214.0,3439.8,3679.0,3818.05,3932.1,3318.45,3091.1,3526.0,3483.4,3711.5,3711.5,3607.95,3607.95,1327.0,621.05,1327.0,621.05,1526.05,1526.05,0.05260918888258659,0.012229431015674308,-0.03452098837289863,0.12325035938563977,0.19627403265056165,-0.2902734743365216,-0.3943284386366699,-0.32820961875252597,-0.4436615923481073,3518.5995522831995,3330.387754498674,3422.149328424799,3370.2239926371976,3245.6961443872683,3183.4063986955507,452.61941819142066,0.4098,0.0924,-0.2719,0.6776,0.6962,False,72.24281152176667,68.82200273048586,68.97223435683107,68.59998735480225,,,,LHHL,LHHL,HHHL,HHLL,LHHL,LHLL,0,1,0.0,0.0,1.0,0.0,0.0,0.0,0,0
2022-05-02,AMBER,3681.0,4023.65,2308.55,2634.15,234822,689768002.0,3537.45,3439.8,3789.8,3818.05,3446.8,3318.45,3711.5,3526.0,3711.5,3711.5,3711.5,3711.5,4023.65,621.05,1327.0,621.05,4627.197499999999,1526.05,-0.2902734743365216,0.05260918888258659,0.012229431015674308,-0.131746790381858,-0.03457943925233642,-0.14661275933413065,-0.05345177761327191,-0.14027295332460188,-0.2692899037640226,3223.783034855466,3203.7990718625515,3518.5995522831995,3422.149328424799,3330.387754498674,3245.6961443872683,542.7966026063192,-1.9848,0.4098,0.0924,-0.2719,0.6776,False,36.83971065701936,58.91264284404701,68.82200273048586,68.97223435683107,,,,HHLL,LHHL,LHHL,HHHL,HHLL,LHHL,1,0,1.0,0.0,0.0,0.0,0.0,0.0,0,0
2022-06-01,AMBER,2694.45,2724.9,2029.8,2247.95,150331,348211733.0,3681.0,3537.45,4023.65,3789.8,2308.55,3446.8,2634.15,3711.5,3711.5,3711.5,3711.5,3711.5,4023.65,621.05,4023.65,621.05,4627.197499999999,4627.197499999999,-0.14661275933413065,-0.2902734743365216,0.05260918888258659,-0.32239638281838734,-0.23173274094326735,0.1091661291398831,0.007428990858337814,0.05097978157877203,-0.15818857180987123,2898.505356570311,3030.0083315239053,3223.783034855466,3518.5995522831995,3203.7990718625515,3330.387754498674,553.6754167058679,-0.6975,-1.9848,0.4098,0.0924,-0.2719,False,30.573630828964355,46.55205100258346,58.91264284404701,68.82200273048586,,,,LHLL,HHLL,LHHL,LHHL,HHHL,HHLL,2,0,0.0,1.0,0.0,0.0,0.0,0.0,0,0
2022-07-01,AMBER,2297.95,2555.0,2254.3,2493.35,69537,168381658.0,2694.45,3681.0,2724.9,4023.65,2029.8,2308.55,2247.95,2634.15,3711.5,3711.5,3711.5,3711.5,4023.65,621.05,4023.65,621.05,4627.197499999999,4627.197499999999,0.1091661291398831,-0.14661275933413065,-0.2902734743365216,-0.30892889313876304,-0.16674464458777538,-0.09172398580223384,-0.05245954238273798,-0.17185713999237973,-0.23416287324282592,2763.4535710468745,2932.4340894286497,2898.505356570311,3223.783034855466,3030.0083315239053,3203.7990718625515,536.0593155125915,0.4578,-0.6975,-1.9848,0.4098,0.0924,False,38.3475358574859,35.253625781156536,46.55205100258346,58.91264284404701,,,,LHHL,LHLL,HHLL,LHHL,LHHL,HHHL,3,0,0.0,0.0,1.0,0.0,0.0,0.0,0,0
2022-08-01,AMBER,2519.2,2579.0,2150.0,2264.65,91834,213023783.0,2297.95,2694.45,2555.0,2724.9,2254.3,2029.8,2493.35,2247.95,3711.5,3711.5,3711.5,3711.5,4023.65,621.05,4023.65,621.05,4627.197499999999,4627.197499999999,-0.09172398580223384,0.1091661291398831,-0.14661275933413065,-0.3498736866280071,-0.21723726733836823,0.043229638133928106,-0.0882255536175569,-0.15006733932395744,-0.16437418585653407,2597.18571403125,2811.0188004416227,2763.4535710468745,2898.505356570311,2932.4340894286497,3030.0083315239053,528.4122215474064,-0.4328,0.4578,-0.6975,-1.9848,0.4098,False,34.1855914806314,34.36891938902722,35.253625781156536,46.55205100258346,,,,HHLL,LHHL,LHLL,HHLL,LHHL,LHHL,4,0,0.0,0.0,0.0,0.0,0.0,0.0,0,0
2022-09-01,AMBER,2268.0,2390.0,2141.15,2362.55,287612,661267302.0,2519.2,2297.95,2579.0,2555.0,2150.0,2254.3,2264.65,2493.35,3711.5,3711.5,3711.5,3711.5,4023.65,621.05,4023.65,621.05,4627.197499999999,4627.197499999999,0.043229638133928106,-0.09172398580223384,0.1091661291398831,-0.3299631310266591,-0.2754136572050727,-0.12600791517639853,-0.18528708387124093,-0.19902224291549397,-0.22875706334257484,2518.973809354167,2729.4790185431457,2597.18571403125,2763.4535710468745,2811.0188004416227,2932.4340894286497,508.4434914368773,0.1925,-0.4328,0.4578,-0.6975,-1.9848,False,37.56950240713304,36.700876581750116,34.36891938902722,35.253625781156536,,,,LHLL,HHLL,LHHL,LHLL,HHLL,LHHL,5,0,0.0,0.0,0.0,0.0,0.0,0.0,0,0
2022-10-03,AMBER,2352.45,2399.0,1996.05,2064.85,357205,798752418.0,2268.0,2519.2,2390.0,2579.0,2141.15,2150.0,2362.55,2264.65,3711.5,3711.5,3711.5,3711.5,4023.65,621.05,4023.65,621.05,4627.197499999999,4627.197499999999,-0.12600791517639853,0.043229638133928106,-0.09172398580223384,-0.4436615923481073,-0.37509268366497694,-0.06782575005448332,-0.08354117732522948,-0.0752354892607211,-0.09581809816693698,2367.599206236111,2608.637378808028,2518.973809354167,2597.18571403125,2729.4790185431457,2811.0188004416227,500.9082420485289,-0.5943,0.1925,-0.4328,0.4578,-0.6975,False,31.773755389493886,34.509616425752775,36.700876581750116,34.36891938902722,,,,HHLL,LHLL,HHLL,LHHL,LHLL,HHLL,6,0,0.0,0.0,0.0,0.0,0.0,0.0,0,0
2022-11-01,AMBER,2065.85,2083.45,1920.4,1924.8,87883,175771009.0,2352.45,2268.0,2399.0,2390.0,1996.05,2141.15,2064.85,2362.55,3711.5,3711.5,3711.5,3711.5,4023.65,621.05,4023.65,621.05,4627.197499999999,4627.197499999999,-0.06782575005448332,-0.12600791517639853,0.043229638133928106,-0.2692899037640226,-0.36555861364273123,-0.016858894430590188,-0.007948877805486254,-0.016832917705735584,0.1007117622610143,2219.999470824074,2484.3033099338413,2367.599206236111,2518.973809354167,2608.637378808028,2729.4790185431457,476.7755104736339,-0.2937,-0.5943,0.1925,-0.4328,0.4578,False,29.293500484566692,32.87891942706454,34.509616425752775,36.700876581750116,,,,LHLL,HHLL,LHLL,HHLL,LHHL,LHLL,7,0,0.0,0.0,0.0,0.0,0.0,0.0,0,0
2022-12-01,AMBER,1933.85,2091.0,1844.15,1892.35,268257,536576223.0,2065.85,2352.45,2083.45,2399.0,1920.4,1996.05,1924.8,2064.85,3711.5,3711.5,3711.5,3711.5,4023.65,621.05,4023.65,621.05,4627.197499999999,4627.197499999999,-0.016858894430590188,-0.06782575005448332,-0.12600791517639853,-0.15818857180987123,-0.42958553127354937,0.009062805506381055,2.6422173488027667e-05,-0.03712315375062758,0.19105873649166383,2110.782980549383,2376.6754354004156,2219.999470824074,2367.599206236111,2484.3033099338413,2608.637378808028,460.3522597255172,-0.0705,-0.2937,-0.5943,0.1925,-0.4328,False,28.688147548916504,29.918467807659027,32.87891942706454,34.509616425752775,,,,HHLL,LHLL,HHLL,LHLL,HHLL,LHHL,8,0,0.0,0.0,0.0,0.0,0.0,0.0,0,0
2023-01-02,AMBER,1892.15,2072.8,1844.0,1909.5,70864,135990504.0,1933.85,2065.85,2091.0,2083.45,1844.15,1920.4,1892.35,1924.8,3711.5,3711.5,3711.5,3711.5,4023.65,621.05,4023.65,621.05,4627.197499999999,4627.197499999999,0.009062805506381055,-0.016858894430590188,-0.06782575005448332,-0.23416287324282592,-0.47075208913649025,-0.008955223880596996,-0.04577114427860707,-0.0222571353757528,0.2771667975909924,2043.6886536995887,2291.7344471457945,2110.782980549383,2219.999470824074,2376.6754354004156,2484.3033099338413,443.812812602266,0.0386,-0.0705,-0.2937,-0.5943,0.1925,False,29.58536258142466,29.189003538302618,29.918467807659027,32.87891942706454,,,,LHLL,HHLL,LHLL,HHLL,LHLL,HHLL,9,0,0.0,0.0,0.0,0.0,0.0,0.0,0,0
2023-02-01,AMBER,1949.95,1949.95,1846.5,1892.4,194505,370604030.0,1892.15,1933.85,2072.8,2091.0,1844.0,1844.15,1909.5,1892.35,3711.5,3711.5,3711.5,3711.5,4023.65,621.05,4023.65,621.05,4627.197499999999,4627.197499999999,-0.008955223880596996,0.009062805506381055,-0.016858894430590188,-0.16437418585653407,-0.4567376700924384,-0.03714859437751017,-0.01342210949059397,0.11955717607271188,0.5306753329105898,1993.2591024663925,2219.1281840283773,2043.6886536995887,2110.782980549383,2291.7344471457945,2376.6754354004156,419.50118313067554,-0.0408,0.0386,-0.0705,-0.2937,-0.5943,True,29.158605875068943,29.144038668470035,29.189003538302618,29.918467807659027,,,,LHHL,LHLL,HHLL,LHLL,HHLL,LHLL,10,0,0.0,0.0,0.0,0.0,0.0,0.0,0,0
2023-03-01,AMBER,1904.95,2086.15,1762.25,1822.1,80154,155985327.0,1949.95,1892.15,1949.95,2072.8,1846.5,1844.0,1892.4,1909.5,3711.5,3711.5,3711.5,3711.5,4023.65,1762.25,4023.65,621.05,4627.197499999999,4627.197499999999,-0.03714859437751017,-0.008955223880596996,0.009062805506381055,-0.22875706334257484,-0.48323879750425414,0.02464189671258432,0.16275176993578855,0.2369793095878383,0.6369573568958893,1936.2060683109285,2146.941241477763,1993.2591024663925,2043.6886536995887,2219.1281840283773,2291.7344471457945,412.67252719277013,-0.1704,-0.0408,0.0386,-0.0705,-0.2937,True,27.271816065710155,28.67192817406792,29.144038668470035,29.189003538302618,,,,HHLL,LHHL,LHLL,HHLL,LHLL,HHLL,11,0,0.0,0.0,0.0,0.0,0.0,0.0,0,1
2023-04-03,AMBER,1830.0,1906.0,1805.45,1867.0,30125,55789783.0,1904.95,1949.95,2086.15,1949.95,1762.25,1846.5,1822.1,1892.4,3711.5,3711.5,3711.5,3711.5,4023.65,1762.25,4023.65,1762.25,4627.197499999999,4627.197499999999,0.02464189671258432,-0.03714859437751017,-0.008955223880596996,-0.09581809816693698,-0.49696888050653376,0.13478843063738633,0.20723085163363697,0.3062399571505088,0.5724692019282271,1913.1373788739525,2096.042833936351,1936.2060683109285,1993.2591024663925,2146.941241477763,2219.1281840283773,390.37806096471513,0.115,-0.1704,-0.0408,0.0386,-0.0705,True,30.61720313813059,29.01587502630323,28.67192817406792,29.144038668470035,,,,LHHL,HHLL,LHHL,LHLL,HHLL,LHLL,12,0,0.0,0.0,0.0,0.0,0.0,0.0,0,1
2023-05-02,AMBER,1894.95,2224.85,1806.0,2118.65,235879,492440674.0,1830.0,1904.95,1906.0,2086.15,1805.45,1762.25,1867.0,1822.1,3711.5,3711.5,3711.5,3711.5,4023.65,1762.25,4023.65,1762.25,4627.197499999999,4627.197499999999,0.13478843063738633,0.02464189671258432,-0.03714859437751017,0.1007117622610143,-0.195698802270182,0.06383782125410042,0.15108677695702455,0.36721497179807905,0.43799117362471374,1981.6415859159686,2100.1532277661054,1913.1373788739525,1936.2060683109285,2096.042833936351,2146.941241477763,392.4117708958069,0.6413,0.115,-0.1704,-0.0408,0.0386,True,46.66039592372609,34.849805042522284,29.01587502630323,28.67192817406792,,,,HHHL,LHHL,HHLL,LHHL,LHLL,HHLL,0,0,0.0,0.0,0.0,0.0,0.0,0.0,0,1
2023-06-01,AMBER,2139.95,2456.65,2064.4,2253.9,282435,639118072.0,1894.95,1830.0,2224.85,1906.0,1806.0,1805.45,2118.65,1867.0,3711.5,3711.5,3711.5,3711.5,4023.65,1762.25,4023.65,1762.25,4627.197499999999,4627.197499999999,0.06383782125410042,0.13478843063738633,0.02464189671258432,0.19105873649166383,0.002646856024377975,0.08201339899729354,0.2851723678956475,0.32335063667420894,0.3903456231421092,2072.394390610646,2128.107186354086,1981.6415859159686,1913.1373788739525,2100.1532277661054,2096.042833936351,392.40021583182073,0.3447,0.6413,0.115,-0.1704,-0.0408,False,53.414624160221024,43.564074407359236,34.849805042522284,29.01587502630323,,,,HHHL,HHHL,LHHL,HHLL,LHHL,LHLL,0,0,0.0,0.0,0.0,0.0,0.0,0.0,0,1
2023-07-03,AMBER,2260.05,2524.9,2156.0,2438.75,147297,338454561.0,2139.95,1894.95,2456.65,2224.85,2064.4,1806.0,2253.9,2118.65,3711.5,3711.5,3711.5,3711.5,4023.65,1762.25,4023.65,1762.25,4627.197499999999,4627.197499999999,0.08201339899729354,0.06383782125410042,0.13478843063738633,0.2771667975909924,-0.021898249343253018,0.18776012301383904,0.22304459251665798,0.20381342901076382,0.8226345463864684,2194.5129270737643,2184.58769792607,2072.394390610646,1981.6415859159686,2128.107186354086,2100.1532277661054,390.72162898669063,0.4731,0.3447,0.6413,0.115,-0.1704,False,61.24050191464502,53.771840666197384,43.564074407359236,34.849805042522284,,,,HHHL,HHHL,HHHL,LHHL,HHLL,LHHL,0,0,0.0,0.0,0.0,0.0,0.0,0.0,0,1
2023-08-01,AMBER,2446.95,2989.5,2338.25,2896.65,453018,1253219441.0,2260.05,2139.95,2524.9,2456.65,2156.0,2064.4,2438.75,2253.9,3711.5,3711.5,3711.5,3711.5,4023.65,1762.25,4023.65,1762.25,4627.197499999999,4627.197499999999,0.18776012301383904,0.08201339899729354,0.06383782125410042,0.5306753329105898,0.2790718212527321,0.02970673018832093,0.013515612863135074,0.05176669601090911,0.2698807242849499,2428.5586180491764,2314.053571030421,2194.5129270737643,2072.394390610646,2184.58769792607,2128.107186354086,409.3307983447841,1.1187,0.4731,0.3447,0.6413,0.115,False,73.90795988125176,62.8543619853726,53.771840666197384,43.564074407359236,,,,HHHL,HHHL,HHHL,HHHL,LHHL,HHLL,0,0,0.0,0.0,0.0,0.0,0.0,0.0,0,0
2023-09-01,AMBER,2960.05,3149.95,2823.4,2982.7,105966,318354694.0,2446.95,2260.05,2989.5,2524.9,2338.25,2156.0,2896.65,2438.75,3711.5,3711.5,3711.5,3711.5,4023.65,1762.25,4023.65,1762.25,4627.197499999999,4627.197499999999,0.02970673018832093,0.18776012301383904,0.08201339899729354,0.6369573568958893,0.26249179911536236,-0.015724008448720794,0.021423542428001596,0.05062527240419756,0.2253495155396119,2613.2724120327844,2435.6256490248898,2428.5586180491764,2194.5129270737643,2314.053571030421,2184.58769792607,403.4178841772995,0.2133,1.1187,0.4731,0.3447,0.6413,False,75.65254408649508,70.26700196079729,62.8543619853726,53.771840666197384,,,,HHHL,HHHL,HHHL,HHHL,HHHL,LHHL,0,0,0.0,0.0,0.0,0.0,0.0,0.0,0,0
2023-10-03,AMBER,2961.05,3081.5,2712.1,2935.8,138741,404012954.0,2960.05,2446.95,3149.95,2989.5,2823.4,2338.25,2982.7,2896.65,3711.5,3711.5,3711.5,3711.5,4023.65,1762.25,4023.65,1762.25,4627.197499999999,4627.197499999999,-0.015724008448720794,0.02970673018832093,0.18776012301383904,0.5724692019282271,0.4217981935733832,0.03774099053069002,0.06740922406158445,0.5140506846515429,0.3089277198719258,2720.7816080218563,2526.5664401112736,2613.2724120327844,2428.5586180491764,2435.6256490248898,2314.053571030421,400.9880353074924,-0.117,0.2133,1.1187,0.4731,0.3447,False,72.56727211306688,74.0425920269379,70.26700196079729,62.8543619853726,,,,LHLL,HHHL,HHHL,HHHL,HHHL,HHHL,1,0,0.0,0.0,0.0,0.0,0.0,1.0,1,1
2023-11-01,AMBER,2932.8,3478.6,2874.05,3046.6,200452,647507894.0,2961.05,2960.05,3081.5,3149.95,2712.1,2823.4,2935.8,2982.7,3711.5,3711.5,3711.5,3711.5,4023.65,1762.25,4023.65,1762.25,4627.197499999999,4627.197499999999,0.03774099053069002,-0.015724008448720794,0.02970673018832093,0.43799117362471374,0.5828137988362427,0.028589247029475517,0.45898706755071217,0.20737871725858348,0.18020087966913945,2829.387738681238,2621.117996454678,2720.7816080218563,2613.2724120327844,2526.5664401112736,2435.6256490248898,415.52817564267156,0.2666,-0.117,0.2133,1.1187,0.4731,False,75.33925082142142,74.51968900699445,74.0425920269379,70.26700196079729,,,,HHHL,LHLL,HHHL,HHHL,HHHL,HHHL,0,0,0.0,0.0,0.0,0.0,1.0,0.0,1,1
2023-12-01,AMBER,3046.65,3388.0,3014.4,3133.7,127907,405424371.0,2932.8,2961.05,3478.6,3081.5,2874.05,2712.1,3046.6,2935.8,3711.5,3711.5,3711.5,3711.5,4023.65,1762.25,4023.65,1762.25,4627.197499999999,4627.197499999999,0.028589247029475517,0.03774099053069002,-0.015724008448720794,0.3903456231421092,0.6559833011863556,0.4184350767463383,0.17382008488368395,0.16630500686089933,0.4427832913169736,2930.8251591208254,2714.3147243720096,2829.387738681238,2720.7816080218563,2621.117996454678,2526.5664401112736,412.5333059539093,0.2111,0.2666,-0.117,0.2133,1.1187,True,77.43077427464706,75.11243240304512,74.51968900699445,74.0425920269379,,,,LHHL,HHHL,LHLL,HHHL,HHHL,HHHL,1,0,0.0,0.0,0.0,1.0,0.0,0.0,1,1
2024-01-01,AMBER,3136.05,4615.2,3075.0,4444.95,181096,668645715.0,3046.65,2932.8,3388.0,3478.6,3014.4,2874.05,3133.7,3046.6,4444.95,4444.95,3711.5,3711.5,4023.65,1762.25,4023.65,1762.25,4627.197499999999,4627.197499999999,0.4184350767463383,0.028589247029475517,0.03774099053069002,0.8226345463864684,1.327808326787117,-0.17245413334233228,-0.1777522806780728,-0.13547958919672887,-0.02580456473076187,3435.5334394138836,3028.9756835770986,2930.8251591208254,2829.387738681238,2714.3147243720096,2621.117996454678,493.0809269572015,2.6593,0.2111,0.2666,-0.117,0.2133,True,90.93460943872373,81.23487817826407,75.11243240304512,74.51968900699445,,,,HHHL,LHHL,HHHL,LHLL,HHHL,HHHL,0,1,0.0,0.0,0.0,0.0,0.0,0.0,0,0
2024-02-01,AMBER,4400.4,4595.2,3390.0,3678.4,155952,617129299.0,3136.05,3046.65,4615.2,3388.0,3075.0,3014.4,4444.95,3133.7,4444.95,4444.95,4444.95,4444.95,4023.65,1762.25,4023.65,1762.25,4627.197499999999,4627.197499999999,-0.17245413334233228,0.4184350767463383,0.028589247029475517,0.2698807242849499,0.9437751004016064,-0.006402240104393275,0.04467975206611574,-0.022509786863853853,0.21582753371030883,3516.4889596092557,3147.0528320176263,3435.5334394138836,2930.8251591208254,3028.9756835770986,2714.3147243720096,543.9465750316871,-1.4092,2.6593,0.2111,0.2666,-0.117,False,64.58070244807811,77.64869538714963,81.23487817826407,75.11243240304512,,,,LHHL,HHHL,LHHL,HHHL,LHLL,HHHL,1,0,1.0,0.0,0.0,0.0,0.0,0.0,0,0
2024-03-01,AMBER,3682.6,3782.35,2991.2,3654.85,166038,570592066.0,4400.4,3136.05,4595.2,4615.2,3390.0,3075.0,3678.4,4444.95,4444.95,4444.95,4444.95,4444.95,4023.65,1762.25,4023.65,1762.25,4627.197499999999,4627.197499999999,-0.006402240104393275,-0.17245413334233228,0.4184350767463383,0.2253495155396119,1.0058449042313815,0.051411138624020136,-0.016211335622528966,0.2370548722929806,0.31666142249339924,3562.6093064061706,3239.379589832603,3516.4889596092557,3435.5334394138836,3147.0528320176263,3028.9756835770986,561.6039625294237,-0.0419,-1.4092,2.6593,0.2111,0.2666,False,63.91676403569859,73.14402530750014,77.64869538714963,81.23487817826407,,,,LHLL,LHHL,HHHL,LHHL,HHHL,LHLL,2,0,0.0,1.0,0.0,0.0,0.0,1.0,1,1
2024-04-01,AMBER,3673.2,3940.0,3503.8,3842.75,136373,512387677.0,3682.6,4400.4,3782.35,4595.2,2991.2,3390.0,3654.85,3678.4,4444.95,4444.95,4444.95,4444.95,4023.65,1762.25,4023.65,1762.25,4627.197499999999,4627.197499999999,0.051411138624020136,-0.006402240104393275,-0.17245413334233228,0.3089277198719258,1.0582485270487414,-0.06431591958883609,0.17656626114110985,0.12686227311170395,0.5722204150673345,3655.989537604114,3349.0833007721294,3562.6093064061706,3516.4889596092557,3239.379589832603,3147.0528320176263,552.6465366344648,0.34,-0.0419,-1.4092,2.6593,0.2111,False,67.0682971671325,65.1885878836364,73.14402530750014,77.64869538714963,,,,HHHL,LHLL,LHHL,HHHL,LHHL,HHHL,0,0,0.0,0.0,1.0,0.0,1.0,0.0,1,1
2024-05-02,AMBER,3888.3,4148.7,3495.05,3595.6,134398,512623919.0,3673.2,3682.6,3940.0,3782.35,3503.8,2991.2,3842.75,3654.85,4444.95,4444.95,4444.95,4444.95,4023.65,1762.25,4023.65,1762.25,4627.197499999999,4627.197499999999,-0.06431591958883609,0.051411138624020136,-0.006402240104393275,0.18020087966913945,0.6971184480683452,0.25743964845922807,0.20431916787184345,0.24382578707308933,0.6871314940482813,3635.8596917360765,3393.9045188135606,3655.989537604114,3562.6093064061706,3349.0833007721294,3239.379589832603,559.861069732003,-0.4414,0.34,-0.0419,-1.4092,2.6593,False,59.141634988955175,63.375565397262086,65.1885878836364,73.14402530750014,,,,HHLL,HHHL,LHLL,LHHL,HHHL,LHHL,1,0,0.0,0.0,0.0,1.0,0.0,0.0,1,1
2024-06-03,AMBER,3700.05,4563.75,3320.0,4521.25,337507,1370356937.0,3888.3,3673.2,4148.7,3940.0,3495.05,3503.8,3595.6,3842.75,4521.25,4521.25,4444.95,4444.95,4023.65,1762.25,4023.65,1762.25,4627.197499999999,4627.197499999999,0.25743964845922807,-0.06431591958883609,0.051411138624020136,0.4427832913169736,1.0059674342251208,-0.04224495438208464,-0.0108266519214818,0.064351672656898,0.635432679015759,3930.989794490718,3598.876424483822,3635.8596917360765,3655.989537604114,3393.9045188135606,3349.0833007721294,608.7102790368599,1.5207,-0.4414,0.34,-0.0419,-1.4092,False,73.05609989255383,66.4220106828805,63.375565397262086,65.1885878836364,,,,HHLL,HHLL,HHHL,LHLL,LHHL,HHHL,0,1,0.0,0.0,0.0,0.0,0.0,1.0,1,1
2024-07-01,AMBER,4521.75,4880.0,4037.0,4330.25,138261,619499624.0,3700.05,3888.3,4563.75,4148.7,3320.0,3495.05,4521.25,3595.6,4521.25,4521.25,4521.25,4521.25,4023.65,1762.25,4023.65,1762.25,4627.197499999999,4627.197499999999,-0.04224495438208464,0.25743964845922807,-0.06431591958883609,-0.02580456473076187,0.7756022552537161,0.032804110617169924,0.11129842387852884,0.3952196755383637,0.5017146816003695,4064.0765296604786,3731.853438214036,3930.989794490718,3635.8596917360765,3598.876424483822,3393.9045188135606,625.4452591056555,-0.3054,1.5207,-0.4414,0.34,-0.0419,False,67.5206197508032,66.5727848774374,66.4220106828805,63.375565397262086,,,,HHHL,HHLL,HHLL,HHHL,LHLL,LHHL,1,0,1.0,0.0,0.0,0.0,1.0,1.0,1,1
2024-08-01,AMBER,4400.0,4642.8,3965.0,4472.3,196554,864732439.0,4521.75,3700.05,4880.0,4563.75,4037.0,3320.0,4330.25,4521.25,4521.25,4521.25,4521.25,4521.25,4023.65,1762.25,4023.65,1762.25,4627.197499999999,4627.197499999999,0.032804110617169924,-0.04224495438208464,0.25743964845922807,0.21582753371030883,0.5439559491136312,0.07600116271269819,0.3509044563200141,0.3564049817767143,0.25820047850099503,4200.1510197736525,3866.480085811484,4064.0765296604786,3930.989794490718,3731.853438214036,3598.876424483822,629.1848834552517,0.2258,-0.3054,1.5207,-0.4414,0.34,False,69.52420799468553,70.03364254601418,66.5727848774374,66.4220106828805,,,,LHLL,HHHL,HHLL,HHLL,HHHL,LHLL,2,0,0.0,1.0,0.0,1.0,1.0,1.0,1,1
2024-09-02,AMBER,4472.35,5364.55,4269.95,4812.2,313392,1505706657.0,4400.0,4521.75,4642.8,4880.0,3965.0,4037.0,4472.3,4330.25,4812.2,4812.2,4521.25,4521.25,4023.65,1762.25,4023.65,1762.25,4627.197499999999,4627.197499999999,0.07600116271269819,0.032804110617169924,-0.04224495438208464,0.31666142249339924,0.6133704361819827,0.25548605627363785,0.2605980632558913,0.536552927974731,0.498150534059266,4404.167346515769,4038.4291611184867,4200.1510197736525,4064.0765296604786,3866.480085811484,3731.853438214036,662.4288203513051,0.5131,0.2258,-0.3054,1.5207,-0.4414,False,74.00141494984948,70.34874756511273,70.03364254601418,66.5727848774374,,,,HHHL,LHLL,HHHL,HHLL,HHLL,HHHL,0,1,0.0,0.0,1.0,1.0,1.0,1.0,1,1
2024-10-01,AMBER,4766.05,7157.85,4721.25,6041.65,751942,4462410243.0,4472.35,4400.0,5364.55,4642.8,4269.95,3965.0,4812.2,4472.3,6041.65,6041.65,4812.2,4812.2,4023.65,1762.25,4023.65,1762.25,4627.197499999999,4627.197499999999,0.25548605627363785,0.07600116271269819,0.032804110617169924,0.5722204150673345,1.0579228830301788,0.0040717353703045855,0.22387096240265492,0.07632848642341084,0.017164185280511335,4949.994897677179,4402.651131824216,4404.167346515769,4200.1510197736525,4038.4291611184867,3866.480085811484,789.1553331833549,1.5579,0.5131,0.2258,-0.3054,1.5207,False,83.95102366682204,75.82554887045235,70.34874756511273,70.03364254601418,,,,HHHL,HHHL,LHLL,HHHL,HHLL,HHLL,0,1,1.0,0.0,0.0,1.0,1.0,0.0,1,1
2024-11-01,AMBER,6125.0,6785.95,5906.95,6066.25,434035,2733765192.0,4766.05,4472.35,7157.85,5364.55,4721.25,4269.95,6041.65,4812.2,6066.25,6066.25,6041.65,6041.65,4023.65,1762.25,4023.65,1762.25,4627.197499999999,4627.197499999999,0.0040717353703045855,0.25548605627363785,0.07600116271269819,0.6871314940482813,0.9911540733932909,0.21890789202555117,0.07196373377292398,-0.07240057696270341,0.06875746960642903,5322.079931784787,4705.123653310722,4949.994897677179,4404.167346515769,4402.651131824216,4038.4291611184867,795.5728093845438,0.0309,1.5579,0.5131,0.2258,-0.3054,False,84.093129550237,80.68185605563617,75.82554887045235,70.34874756511273,,,,LHHL,HHHL,HHHL,LHLL,HHHL,HHLL,0,1,1.0,1.0,0.0,1.0,0.0,0.0,1,1
2024-12-02,AMBER,6067.05,7977.65,5650.0,7394.2,827470,5598668283.0,6125.0,4766.05,6785.95,7157.85,5906.95,4721.25,6066.25,6041.65,7394.2,7394.2,6066.25,6066.25,4023.65,1762.25,4023.65,1762.25,4627.197499999999,4627.197499999999,0.21890789202555117,0.0040717353703045855,0.25548605627363785,0.635432679015759,1.3595749433576922,-0.12055394768872896,-0.2389913716155906,-0.024992561737578134,-0.0846203781342133,6012.786621189858,5194.046625436045,5322.079931784787,4949.994897677179,4705.123653310722,4402.651131824216,905.0068944285049,1.4673,0.0309,1.5579,0.5131,0.2258,False,89.78787444279891,85.94400921995265,80.68185605563617,75.82554887045235,,,,HHLL,LHHL,HHHL,HHHL,LHLL,HHHL,0,1,1.0,1.0,1.0,0.0,0.0,0.0,0,0
2025-01-01,AMBER,7400.0,8167.1,6070.1,6502.8,596355,4271808900.0,6067.05,6125.0,7977.65,6785.95,5650.0,5906.95,7394.2,6066.25,7394.2,7394.2,7394.2,7394.2,4023.65,1762.25,4023.65,1762.25,4627.197499999999,4627.197499999999,-0.12055394768872896,0.21890789202555117,0.0040717353703045855,0.5017146816003695,0.4629635878918774,-0.1346727563511103,0.10866088454204337,-0.05496862889832066,0.22388817124930793,6176.124414126572,5432.001784447673,6012.786621189858,5322.079931784787,5194.046625436045,4705.123653310722,990.1492591121831,-0.9003,1.4673,0.0309,1.5579,0.5131,False,70.12665856624936,81.33588751976176,85.94400921995265,80.68185605563617,,,,HHHL,HHLL,LHHL,HHHL,HHHL,LHLL,1,0,1.0,1.0,1.0,0.0,0.0,0.0,0,0
2025-02-01,AMBER,6569.85,7299.0,5238.45,5627.05,451770,2820372599.0,7400.0,6067.05,8167.1,7977.65,6070.1,5650.0,6502.8,7394.2,7394.2,7394.2,7394.2,7394.2,4023.65,1762.25,4023.65,1762.25,4627.197499999999,4627.197499999999,-0.1346727563511103,-0.12055394768872896,0.21890789202555117,0.25820047850099503,0.5297547846889952,0.2812041833642849,0.09210865373508326,0.15217565154032764,0.2901253765294427,5993.099609417715,5467.465096366278,6176.124414126572,6012.786621189858,5432.001784447673,5194.046625436045,1066.6064548898844,-0.8211,-0.9003,1.4673,0.0309,1.5579,False,56.057174011861,71.99056900696975,81.33588751976176,85.94400921995265,,,,LHLL,HHHL,HHLL,LHHL,HHHL,HHHL,2,0,0.0,1.0,1.0,0.0,0.0,0.0,0,0
2025-03-03,AMBER,5630.0,7353.0,5480.0,7209.4,381749,2543816971.0,6569.85,7400.0,7299.0,8167.1,5238.45,6070.1,5627.05,6502.8,7394.2,7394.2,7394.2,7394.2,4023.65,1762.25,4023.65,1762.25,4627.197499999999,4627.197499999999,0.2812041833642849,-0.1346727563511103,-0.12055394768872896,0.498150534059266,0.9725570132837189,-0.14759203262407405,-0.10070879684855871,-0.061156268205398434,0.12301994618137435,6398.533072945143,5784.180533390591,5993.099609417715,6176.124414126572,5467.465096366278,5432.001784447673,1124.2059938263212,1.4075,-0.8211,-0.9003,1.4673,0.0309,False,69.11797910805093,65.1006038953871,71.99056900696975,81.33588751976176,,,,HHHL,LHLL,HHHL,HHLL,LHHL,HHHL,0,0,0.0,0.0,1.0,0.0,0.0,0.0,0,0
2025-04-01,AMBER,7166.15,7233.25,5505.0,6145.35,304476,1990197095.0,5630.0,6569.85,7353.0,7299.0,5480.0,5238.45,7209.4,5627.05,7394.2,7394.2,7394.2,7394.2,4023.65,1762.25,4023.65,1762.25,4627.197499999999,4627.197499999999,-0.14759203262407405,0.2812041833642849,-0.1346727563511103,0.017164185280511335,0.5992062975733525,0.055000935666805084,0.10140187296085656,0.29507676535917393,0.30652444531230927,6314.138715296763,5849.847709137756,6398.533072945143,5993.099609417715,5784.180533390591,5467.465096366278,1167.3519942672983,-0.9115,1.4075,-0.8211,-0.9003,1.4673,False,56.0486475140081,60.40793354464001,65.1006038953871,71.99056900696975,,,,LHHL,HHHL,LHLL,HHHL,HHLL,LHHL,1,0,0.0,0.0,0.0,0.0,0.0,1.0,1,1
2025-05-02,AMBER,6156.0,6870.55,5700.0,6483.35,437891,2786990504.0,7166.15,5630.0,7233.25,7353.0,5505.0,5480.0,6145.35,7209.4,7394.2,7394.2,7394.2,7394.2,4023.65,1762.25,4023.65,1762.25,4627.197499999999,4627.197499999999,0.055000935666805084,-0.14759203262407405,0.2812041833642849,0.06875746960642903,0.8031343864723552,0.04398189207739822,0.2275598263243539,0.11972976933221258,0.10953442279068692,6370.542476864509,5965.029943839982,6314.138715296763,6398.533072945143,5849.847709137756,5784.180533390591,1167.5804232482055,0.2895,-0.9115,1.4075,-0.8211,-0.9003,False,58.92685288909481,61.36449317038461,60.40793354464001,65.1006038953871,,,,LHHL,LHHL,HHHL,LHLL,HHHL,HHLL,2,0,0.0,0.0,0.0,0.0,1.0,0.0,1,1
2025-06-02,AMBER,6400.65,7088.0,6229.55,6768.5,243766,1612804332.0,6156.0,7166.15,6870.55,7233.25,5700.0,5505.0,6483.35,6145.35,7394.2,7394.2,7394.2,7394.2,4023.65,1762.25,4023.65,1762.25,4627.197499999999,4627.197499999999,0.04398189207739822,0.055000935666805084,-0.14759203262407405,-0.0846203781342133,0.497041747304396,0.17584398315727268,0.07255669646154983,0.19617345054295643,-0.05719140134446332,6503.194984576339,6111.115408596349,6370.542476864509,6314.138715296763,5965.029943839982,5849.847709137756,1145.4996787304767,0.2489,0.2895,-0.9115,1.4075,-0.8211,False,61.41389932652827,58.796466576543736,61.36449317038461,60.40793354464001,,,,HHHL,LHHL,LHHL,HHHL,LHLL,HHHL,0,0,0.0,0.0,0.0,1.0,0.0,1.0,1,1
2025-07-01,AMBER,6826.85,8117.85,6727.0,7958.7,375433,2844546551.0,6400.65,6156.0,7088.0,6870.55,6229.55,5700.0,6768.5,6483.35,7958.7,7958.7,7394.2,7394.2,4023.65,1762.25,4023.65,1762.25,4627.197499999999,4627.197499999999,0.17584398315727268,0.04398189207739822,0.055000935666805084,0.22388817124930793,0.8379308354021131,-0.08784097905436816,0.017289255782979573,0.008839383316370908,-0.2815283903150011,6988.363323050893,6447.039879760649,6503.194984576339,6370.542476864509,6111.115408596349,5965.029943839982,1163.0247016782998,1.0234,0.2489,0.2895,-0.9115,1.4075,False,70.20061501697592,63.513789077533005,58.796466576543736,61.36449317038461,,,,HHHL,HHHL,LHHL,LHHL,HHHL,LHLL,0,1,0.0,0.0,0.0,0.0,1.0,0.0,1,1
2025-08-01,AMBER,7975.0,8174.4,6801.0,7259.6,308071,2257806582.0,6826.85,6400.65,8117.85,7088.0,6727.0,6229.55,7958.7,6768.5,7958.7,7958.7,7958.7,7958.7,4023.65,1762.25,4023.65,1762.25,4627.197499999999,4627.197499999999,-0.08784097905436816,0.17584398315727268,0.04398189207739822,0.2901253765294427,0.623236366075621,0.11525428398258852,0.10599068819218682,-0.009105184858669957,0.09880709680974142,7078.775548700596,6594.77808344053,6988.363323050893,6503.194984576339,6447.039879760649,6111.115408596349,1178.0515087012786,-0.5934,1.0234,0.2489,0.2895,-0.9115,False,60.72458585428882,64.11303339926434,63.513789077533005,58.796466576543736,,,,HHHL,HHHL,HHHL,LHHL,LHHL,HHHL,1,0,1.0,0.0,0.0,1.0,0.0,0.0,1,1
2025-09-01,AMBER,7290.0,8498.0,7275.35,8096.3,526364,4290262982.0,7975.0,6826.85,8174.4,8117.85,6801.0,6727.0,7259.6,7958.7,8096.3,8096.3,7958.7,7958.7,4023.65,1762.25,4023.65,1762.25,4627.197499999999,4627.197499999999,0.11525428398258852,-0.08784097905436816,0.17584398315727268,0.12301994618137435,0.6824529321308341,-0.00830626335486584,-0.1115077257512691,-0.2118128033793215,-0.1908464360263331,7417.950365800398,6867.782068269525,7078.775548700596,6988.363323050893,6594.77808344053,6447.039879760649,1182.3621152226158,0.7077,-0.5934,1.0234,0.2489,0.2895,False,66.95320859809522,65.95946982311999,64.11303339926434,63.513789077533005,,,,HHHL,HHHL,HHHL,HHHL,LHHL,LHHL,0,1,0.0,1.0,0.0,0.0,0.0,0.0,0,0
2025-10-01,AMBER,8179.55,8625.0,7992.8,8029.05,163819,1357644483.0,7290.0,7975.0,8498.0,8174.4,7275.35,6801.0,8096.3,7259.6,8096.3,8096.3,8096.3,8096.3,4023.65,1762.25,4023.65,1762.25,4627.197499999999,4627.197499999999,-0.00830626335486584,0.11525428398258852,-0.08784097905436816,0.30652444531230927,0.328949872965167,-0.10406586084281455,-0.20521107727564292,-0.28782359058668205,-0.00036118843449728377,7621.650243866932,7078.92169222052,7417.950365800398,7078.775548700596,6867.782068269525,6594.77808344053,1143.0648212781432,-0.0588,0.7077,-0.5934,1.0234,0.2489,False,65.97213608202425,64.54997684480277,65.95946982311999,64.11303339926434,,,,HHHL,HHHL,HHHL,HHHL,HHHL,LHHL,1,0,1.0,0.0,1.0,0.0,0.0,0.0,0,0
2025-11-03,AMBER,8035.0,8057.85,6737.35,7193.5,357335,2566754119.0,8179.55,7290.0,8625.0,8498.0,7992.8,7275.35,8029.05,8096.3,8096.3,8096.3,8096.3,8096.3,4023.65,1762.25,4023.65,1762.25,4627.197499999999,4627.197499999999,-0.10406586084281455,-0.00830626335486584,0.11525428398258852,0.10953442279068692,0.1858232021430044,-0.1128935844859944,-0.20510182803920196,0.10890387155070536,0.05876833252241598,7478.933495911288,7099.754111816788,7621.650243866932,7417.950365800398,7078.92169222052,6867.782068269525,1155.7387626154186,-0.723,-0.0588,0.7077,-0.5934,1.0234,False,54.414449805279915,62.446598161799805,64.54997684480277,65.95946982311999,,,,LHLL,HHHL,HHHL,HHHL,HHHL,HHHL,2,0,0.0,1.0,0.0,0.0,0.0,0.0,0,0
2025-12-01,AMBER,7215.3,7220.15,6243.65,6381.4,160335,1069333413.0,8035.0,8179.55,8057.85,8625.0,6737.35,7992.8,7193.5,8029.05,8096.3,8096.3,8096.3,8096.3,4023.65,1762.25,4023.65,1762.25,4627.197499999999,4627.197499999999,-0.1128935844859944,-0.10406586084281455,-0.00830626335486584,-0.05719140134446332,-0.13697222147088262,-0.10394270849656806,0.2500235058137712,0.026600745917823687,,7113.0889972741925,6969.144273304644,7478.933495911288,7621.650243866932,7099.754111816788,7078.92169222052,1142.9359938571745,-0.7105,-0.723,-0.0588,0.7077,-0.5934,False,45.39634808630895,55.26097799120438,62.446598161799805,64.54997684480277,,,,LHLL,LHLL,HHHL,HHHL,HHHL,HHHL,3,0,0.0,0.0,1.0,0.0,0.0,0.0,0,0
2026-01-02,AMBER,6421.25,6822.95,5505.7,5718.1,69656,434060156.0,7215.3,8035.0,7220.15,8057.85,6243.65,6737.35,6381.4,7193.5,8096.3,8096.3,8096.3,8096.3,4023.65,5505.7,4023.65,1762.25,4627.197499999999,4627.197499999999,-0.10394270849656806,-0.1128935844859944,-0.10406586084281455,-0.2815283903150011,-0.1206710955280802,0.39502631993144566,0.14568650425840746,0.40363932075339704,,6648.092664849462,6741.681678158345,7113.0889972741925,7478.933495911288,6969.144273304644,7099.754111816788,1155.3869942959477,-0.5741,-0.7105,-0.723,-0.0588,0.7077,False,39.204945820804724,46.33858123746453,55.26097799120438,62.446598161799805,,,,LHLL,LHLL,LHLL,HHHL,HHHL,HHHL,4,0,0.0,0.0,0.0,0.0,0.0,0.0,0,1
2026-02-01,AMBER,5741.75,8144.95,5621.0,7976.9,367119,2619353400.0,6421.25,7215.3,6822.95,7220.15,5505.7,6243.65,5718.1,6381.4,8096.3,8096.3,8096.3,8096.3,4023.65,5505.7,4023.65,5505.7,4627.197499999999,4627.197499999999,0.39502631993144566,-0.10394270849656806,-0.1128935844859944,0.09880709680974142,0.4175989195048915,-0.17873484687033814,0.006174077649212073,-0.045211799069814096,,7091.028443232975,6966.2668275841,6648.092664849462,7113.0889972741925,6741.681678158345,6969.144273304644,1253.1414947033802,1.8025,-0.5741,-0.7105,-0.723,-0.0588,False,60.57017402909507,48.3904893120696,46.33858123746453,55.26097799120438,,,,HHHL,LHLL,LHLL,LHLL,HHHL,HHHL,0,0,0.0,0.0,0.0,0.0,0.0,0.0,0,0
2026-03-02,AMBER,7400.9,7961.95,6140.0,6551.15,647853,4649784267.0,5741.75,6421.25,8144.95,6822.95,5621.0,5505.7,7976.9,5718.1,8096.3,8096.3,8096.3,8096.3,4023.65,5505.7,4023.65,5505.7,4627.197499999999,4627.197499999999,-0.17873484687033814,0.39502631993144566,-0.10394270849656806,-0.1908464360263331,-0.09130440813382534,0.22515130931210559,0.16258214206666022,,,6911.068962155317,6890.791040750626,7091.028443232975,6648.092664849462,6966.2668275841,6741.681678158345,1294.838530795996,-1.1011,1.8025,-0.5741,-0.7105,-0.723,False,48.117679670995535,49.29759984029845,48.3904893120696,46.33858123746453,,,,LHHL,HHHL,LHLL,LHLL,LHLL,HHHL,1,0,0.0,0.0,0.0,0.0,0.0,,0,0
2026-04-01,AMBER,6648.75,8287.45,6121.1,8026.15,318334,2328500479.0,7400.9,5741.75,7961.95,8144.95,6140.0,5621.0,6551.15,7976.9,8096.3,8096.3,8096.3,8096.3,4023.65,5505.7,4023.65,5505.7,4627.197499999999,4627.197499999999,0.22515130931210559,-0.17873484687033814,0.39502631993144566,-0.00036118843449728377,0.3060525437932744,-0.051070563096877075,,,,7282.762641436879,7097.21994243233,6911.068962155317,7091.028443232975,6890.791040750626,6966.2668275841,1357.0893500248535,1.0869,-1.1011,1.8025,-0.5741,-0.7105,False,58.43221837235699,55.70669069081587,49.29759984029845,48.3904893120696,,,,HHLL,LHHL,HHHL,LHLL,LHLL,LHLL,0,0,0.0,0.0,0.0,0.0,,,0,0
2026-05-04,AMBER,8026.2,8970.0,6940.0,7616.25,580049,4428757624.0,6648.75,7400.9,8287.45,7961.95,6121.1,6140.0,8026.15,6551.15,8096.3,8096.3,8096.3,8096.3,8970.0,5505.7,4023.65,5505.7,10315.5,4627.197499999999,-0.051070563096877075,0.22515130931210559,-0.17873484687033814,0.05876833252241598,0.17473991069431682,,,,,7393.925094291253,7191.589043808269,7282.762641436879,6911.068962155317,7097.21994243233,6890.791040750626,1405.1543964516497,-0.2917,1.0869,-1.1011,1.8025,-0.5741,False,54.893974349888,53.81462413108019,55.70669069081587,49.29759984029845,40.55864426921622,,,HHHL,HHLL,LHHL,HHHL,LHLL,LHLL,1,0,0.0,0.0,0.0,,,,0,0
2016-08-11,DBL,240.0,258.8,215.4,237.0,163999,2469746054.0,,,,,,,,,,,,,,,,,,,,,,,,-0.013080168776371304,-0.013924050632911467,0.02320675105485237,0.2911392405063291,,,,,,,0.0,,,,,,False,,,,,,,,nan,,,,,,0,0,,,,0.0,0.0,0.0,0,0
2016-09-01,DBL,236.85,254.9,222.2,233.9,42152,363283612.0,240.0,,258.8,,215.4,,237.0,,,,,,,,,,,,-0.013080168776371304,,,,,-0.0008550662676357623,0.03676784950833678,-0.019880290722531058,0.5004275331338177,,,,,,,0.0,,,,,,False,,,,,,,,LHHL,nan,,,,,1,0,0.0,,,0.0,0.0,0.0,0,0
2016-10-03,DBL,235.9,245.1,225.0,233.7,16222,107666261.0,236.85,240.0,254.9,258.8,222.2,215.4,233.9,237.0,,,,,,,,,,,-0.0008550662676357623,-0.013080168776371304,,,,0.03765511339323924,-0.019041506204535708,0.01754385964912286,0.8100128369704751,,,,,,,0.0,,,,,,False,,,,,,,,LHHL,LHHL,nan,,,,2,0,0.0,0.0,,0.0,0.0,0.0,0,0
2016-11-01,DBL,236.0,245.0,178.6,242.5,28761,135469003.0,235.9,236.85,245.1,254.9,225.0,222.2,233.7,233.9,,,,,,178.6,,,,,0.03765511339323924,-0.0008550662676357623,-0.013080168776371304,,,-0.05463917525773199,-0.01938144329896907,0.26185567010309274,0.8185567010309278,,,,,,,0.0,,,,,,False,,,,,,,,LHLL,LHHL,LHHL,nan,,,3,0,0.0,0.0,0.0,0.0,0.0,0.0,0,1
2016-12-01,DBL,243.0,261.9,216.25,229.25,29677,185142539.0,236.0,235.9,245.0,245.1,178.6,225.0,242.5,233.7,,,,,,178.6,,178.6,,,-0.05463917525773199,0.03765511339323924,-0.0008550662676357623,,,0.03729552889858234,0.33478735005452553,0.5308615049073064,0.9565976008724102,234.84382716049387,,,,,,0.0,,,,,,False,,,,,,,,HHHL,LHLL,LHHL,LHHL,nan,,4,0,0.0,0.0,0.0,0.0,0.0,0.0,0,1
2017-01-02,DBL,227.0,252.7,224.4,237.8,16206,75622492.0,243.0,236.0,261.9,245.0,216.25,178.6,229.25,242.5,,,,,,178.6,,178.6,,,0.03729552889858234,-0.05463917525773199,0.03765511339323924,,,0.28679562657695534,0.4758200168208577,0.7788057190916735,1.1194280908326322,235.82921810699594,,234.84382716049387,,,,0.0,,,,,,False,,,,,,,,LHHL,HHHL,LHLL,LHHL,LHHL,nan,5,0,0.0,0.0,0.0,0.0,0.0,0.0,0,1
2017-02-01,DBL,238.9,312.2,235.45,306.0,45481,327226812.0,227.0,243.0,252.7,261.9,224.4,216.25,237.8,229.25,,,,,,178.6,,178.6,,,0.28679562657695534,0.03729552889858234,-0.05463917525773199,0.2911392405063291,,0.14689542483660123,0.38235294117647056,0.4411764705882353,0.9774509803921569,259.2194787379973,,235.82921810699594,234.84382716049387,,,0.0,,,,,,False,87.788571830981,,,,,,,HHHL,LHHL,HHHL,LHLL,LHHL,LHHL,0,0,0.0,0.0,0.0,0.0,0.0,0.0,0,1
2017-03-01,DBL,308.9,365.15,254.0,350.95,32961,263956936.0,238.9,227.0,312.2,252.7,235.45,224.4,306.0,237.8,,,,,,178.6,,178.6,,,0.14689542483660123,0.28679562657695534,0.03729552889858234,0.5004275331338177,,0.2052999002706939,0.2565892577290212,0.27810229377404205,0.7038039606781594,289.79631915866486,,259.2194787379973,235.82921810699594,,,0.0,,,,,,False,92.21147940225819,,,,,,,HHHL,HHHL,LHHL,HHHL,LHLL,LHHL,0,0,0.0,0.0,0.0,0.0,0.0,0.0,0,1
2017-04-03,DBL,352.8,442.8,348.4,423.0,30249,396374731.0,308.9,238.9,365.15,312.2,254.0,235.45,350.95,306.0,,,,,,178.6,,178.6,,,0.2052999002706939,0.14689542483660123,0.28679562657695534,0.8100128369704751,,0.042553191489361764,0.06040189125295514,0.1914893617021276,1.0132387706855792,334.1975461057766,,289.79631915866486,259.2194787379973,,,0.0,,,,,,False,95.35656234020409,91.78553785781442,,,,,,HHHL,HHHL,HHHL,LHHL,HHHL,LHLL,0,0,0.0,0.0,0.0,0.0,0.0,0.0,0,0
2017-05-02,DBL,425.1,529.45,420.2,441.0,41809,600739010.0,352.8,308.9,442.8,365.15,348.4,254.0,423.0,350.95,,,,,,178.6,,178.6,,,0.042553191489361764,0.2052999002706939,0.14689542483660123,0.8185567010309278,,0.017120181405895663,0.1428571428571428,0.3721088435374149,1.215192743764172,369.7983640705178,322.08885249923037,334.1975461057766,289.79631915866486,,,0.0,,,,,,False,95.84552791547605,94.47118988597946,91.78553785781442,,,,,HHHL,HHHL,HHHL,HHHL,LHHL,HHHL,0,0,0.0,0.0,0.0,0.0,0.0,1.0,1,1
2017-06-01,DBL,441.4,461.0,405.05,448.55,29333,559996183.0,425.1,352.8,529.45,442.8,420.2,348.4,441.0,423.0,,,,,,178.6,,178.6,,,0.017120181405895663,0.042553191489361764,0.2052999002706939,0.9565976008724102,,0.12362055512205994,0.34901348790547315,0.33307323598261074,1.1999777059413663,396.0489093803452,345.0817884084612,369.7983640705178,334.1975461057766,322.08885249923037,,0.0,,,,,,False,96.0491168130565,95.75040235624556,94.47118988597946,91.78553785781442,,,,LHLL,HHHL,HHHL,HHHL,HHHL,LHHL,1,0,0.0,0.0,0.0,0.0,1.0,0.0,1,1
2017-07-03,DBL,453.0,549.25,450.0,504.0,47735,614244351.0,441.4,425.1,461.0,529.45,405.05,420.2,448.55,441.0,504.0,504.0,,,,178.6,,178.6,,,0.12362055512205994,0.017120181405895663,0.042553191489361764,1.1194280908326322,,0.20059523809523805,0.18640873015873027,0.6896825396825397,0.8027777777777778,432.03260625356353,373.97600869783184,396.0489093803452,369.7983640705178,345.0817884084612,322.08885249923037,0.0,,,,,,False,97.21748012127335,96.37070828326864,95.75040235624556,94.47118988597946,,,,HHHL,LHLL,HHHL,HHHL,HHHL,HHHL,0,0,0.0,0.0,0.0,1.0,0.0,1.0,1,1
2017-08-01,DBL,502.4,637.55,493.0,605.1,64549,1460340590.0,453.0,441.4,549.25,461.0,450.0,405.05,504.0,448.55,605.1,605.1,504.0,504.0,,178.6,,178.6,,,0.20059523809523805,0.12362055512205994,0.017120181405895663,0.9774509803921569,1.5531645569620256,-0.01181622872252519,0.40737068253181286,0.6144438935713104,0.5607337630143776,489.72173750237573,415.9985525709533,432.03260625356353,396.0489093803452,373.97600869783184,345.0817884084612,0.0,,,,,,False,98.2919294211434,97.18617545182441,96.37070828326864,95.75040235624556,,,,HHHL,HHHL,LHLL,HHHL,HHHL,HHHL,0,1,0.0,0.0,0.0,0.0,1.0,1.0,1,1
2017-09-01,DBL,607.4,619.9,563.1,597.95,31917,562056842.0,502.4,453.0,637.55,549.25,493.0,450.0,605.1,504.0,605.1,605.1,605.1,605.1,,178.6,,178.6,,,-0.01181622872252519,0.20059523809523805,0.12362055512205994,0.7038039606781594,1.5564343736639592,0.42419934777155266,0.6337486411907349,0.6503052094656743,0.6743038715611671,525.7978250015839,449.08063392168907,489.72173750237573,432.03260625356353,415.9985525709533,373.97600869783184,70.43571428571428,-0.1015,,,,,True,95.25701604092468,96.9221418611138,97.18617545182441,96.37070828326864,,,,LHHL,HHHL,HHHL,LHLL,HHHL,HHHL,1,0,1.0,0.0,0.0,1.0,1.0,1.0,1,1
2017-10-03,DBL,605.0,924.0,599.0,851.6,57595,1184049597.0,607.4,502.4,619.9,637.55,563.1,493.0,597.95,605.1,851.6,851.6,605.1,605.1,,178.6,,178.6,,,0.42419934777155266,-0.01181622872252519,0.20059523809523805,1.0132387706855792,2.643988018827557,0.14713480507280408,0.15875998121183654,0.06693283231564107,0.366251761390324,634.398550001056,522.2659732086547,525.7978250015839,489.72173750237573,449.08063392168907,415.9985525709533,88.6938775510204,2.8598,-0.1015,,,,True,97.91784540971332,97.15559695726047,96.9221418611138,97.18617545182441,,,,HHHL,LHHL,HHHL,HHHL,LHLL,HHHL,0,1,0.0,1.0,0.0,1.0,1.0,0.0,1,1
2017-11-01,DBL,857.8,1009.1,824.95,976.9,56030,1291418483.0,605.0,607.4,924.0,619.9,599.0,563.1,851.6,597.95,976.9,976.9,851.6,851.6,,178.6,,178.6,,,0.14713480507280408,0.42419934777155266,-0.01181622872252519,1.215192743764172,3.028453608247423,0.01013409765585016,-0.06991503736308724,-0.03326850240556867,-0.14592076978196333,748.565700000704,604.9267053525357,634.398550001056,525.7978250015839,522.2659732086547,449.08063392168907,95.5121720116618,1.3119,2.8598,-0.1015,,,False,98.42656385621855,97.20047510228552,97.15559695726047,96.9221418611138,,,,HHHL,HHHL,LHHL,HHHL,HHHL,LHLL,0,1,1.0,0.0,1.0,1.0,0.0,0.0,1,1
2017-12-01,DBL,980.0,1059.0,864.25,986.8,36548,910644496.0,857.8,605.0,1009.1,924.0,824.95,599.0,976.9,851.6,986.8,986.8,976.9,976.9,,178.6,,178.6,,,0.01013409765585016,0.14713480507280408,0.42419934777155266,1.1999777059413663,3.3044711014176658,-0.07924604783137412,-0.04296716659910815,0.014541953790028428,-0.32747263883259015,827.9771333338027,674.3582134702564,748.565700000704,634.398550001056,604.9267053525357,522.2659732086547,102.60058829654311,0.0965,1.3119,2.8598,-0.1015,,False,98.4612193541795,98.26854287337046,97.20047510228552,97.15559695726047,,,,HHHL,HHHL,HHHL,LHHL,HHHL,HHHL,0,1,1.0,1.0,0.0,0.0,0.0,1.0,1,1
2018-01-01,DBL,999.0,1020.9,900.1,908.6,34458,1513243447.0,980.0,857.8,1059.0,1009.1,864.25,824.95,986.8,976.9,986.8,986.8,986.8,986.8,,178.6,,178.6,,,-0.07924604783137412,0.01013409765585016,0.14713480507280408,0.8027777777777778,2.8208578637510513,0.03940127668941229,0.10186000440237719,0.2805414924058991,-0.1138014527845036,854.8514222225352,716.947629202937,827.9771333338027,748.565700000704,674.3582134702564,604.9267053525357,103.90054627536145,-0.7526,0.0965,1.3119,2.8598,-0.1015,False,81.848138588111,92.91197393283635,98.26854287337046,97.20047510228552,,,,LHHL,HHHL,HHHL,HHHL,LHHL,HHHL,1,0,1.0,1.0,1.0,0.0,1.0,1.0,1,1
2018-02-01,DBL,920.45,1005.0,765.0,944.4,56115,1122658696.0,999.0,980.0,1020.9,1059.0,900.1,864.25,908.6,986.8,986.8,986.8,986.8,986.8,,178.6,,178.6,,,0.03940127668941229,-0.07924604783137412,0.01013409765585016,0.5607337630143776,2.0862745098039217,0.06009106310885226,0.231999152901313,-0.11652901313002961,-0.11329944938585346,884.7009481483568,758.3026057114939,854.8514222225352,827.9771333338027,716.947629202937,674.3582134702564,113.62193582712135,0.3151,-0.7526,0.0965,1.3119,2.8598,False,83.34870761071045,87.88602185100031,92.91197393283635,98.26854287337046,,,,LHLL,LHHL,HHHL,HHHL,HHHL,LHHL,2,0,0.0,1.0,1.0,1.0,1.0,0.0,1,1
2018-03-01,DBL,955.0,1030.0,948.0,1001.15,42021,839871786.0,920.45,999.0,1005.0,1020.9,765.0,900.1,944.4,908.6,1001.15,1001.15,986.8,986.8,,178.6,,178.6,,,0.06009106310885226,0.03940127668941229,-0.07924604783137412,0.6743038715611671,1.8526855677446932,0.16216351196124457,-0.16660840033960944,-0.33711232083104425,-0.34745043200319636,923.5172987655712,802.4566774003132,884.7009481483568,854.8514222225352,758.3026057114939,716.947629202937,111.62036898232698,0.5084,0.3151,-0.7526,0.0965,1.3119,False,85.55684684787568,83.58456434889904,87.88602185100031,92.91197393283635,,,,HHHL,LHLL,LHHL,HHHL,HHHL,HHHL,0,1,0.0,0.0,1.0,1.0,0.0,0.0,1,1
2018-04-02,DBL,1012.0,1217.0,1012.0,1163.5,44917,1211754246.0,955.0,920.45,1030.0,1005.0,948.0,765.0,1001.15,944.4,1163.5,1163.5,1001.15,1001.15,,178.6,,178.6,,,0.16216351196124457,0.06009106310885226,0.03940127668941229,0.366251761390324,1.7505910165484635,-0.28289643317576274,-0.42960893854748605,-0.3079501504082509,-0.6342071336484745,1003.5115325103809,868.1009178729835,923.5172987655712,884.7009481483568,802.4566774003132,758.3026057114939,119.06534262644648,1.3635,0.5084,0.3151,-0.7526,0.0965,False,89.98811178687868,86.29788874848828,83.58456434889904,87.88602185100031,,,,HHHL,HHHL,LHLL,LHHL,HHHL,HHHL,0,1,1.0,0.0,0.0,0.0,0.0,0.0,0,0
2018-05-02,DBL,1160.0,1248.35,762.1,834.35,86793,1799833483.0,1012.0,955.0,1217.0,1030.0,1012.0,948.0,1163.5,1001.15,1163.5,1163.5,1163.5,1163.5,1248.35,178.6,,178.6,1435.6024999999997,,-0.28289643317576274,0.16216351196124457,0.06009106310885226,-0.14592076978196333,0.8919501133786849,-0.20459039971235093,-0.034937376400790976,0.0036555402409059745,-0.45023071852340146,947.1243550069207,861.9643873506228,1003.5115325103809,923.5172987655712,868.1009178729835,802.4566774003132,145.29281815312885,-2.2654,1.3635,0.5084,0.3151,-0.7526,False,52.14601553550012,75.89699139008482,86.29788874848828,83.58456434889904,,,,HHLL,HHHL,HHHL,LHLL,LHHL,HHHL,1,0,1.0,1.0,0.0,0.0,0.0,0.0,0,0
2018-06-01,DBL,834.35,893.4,663.65,663.65,50746,1705344037.0,1160.0,1012.0,1248.35,1217.0,762.1,1012.0,834.35,1163.5,1163.5,1163.5,1163.5,1163.5,1248.35,178.6,1248.35,178.6,1435.6024999999997,1435.6024999999997,-0.20459039971235093,-0.28289643317576274,0.16216351196124457,-0.32747263883259015,0.479545201203879,0.2132901378738794,0.26180968884201006,-0.015595569954042099,-0.3709786785203044,852.6329033379473,825.9072260141459,947.1243550069207,1003.5115325103809,861.9643873506228,868.1009178729835,151.32547399933395,-1.128,-2.2654,1.3635,0.5084,0.3151,False,41.569331344059776,61.23448622214619,75.89699139008482,86.29788874848828,,,,LHLL,HHLL,HHHL,HHHL,LHLL,LHHL,2,0,0.0,1.0,1.0,0.0,0.0,0.0,0,0
2018-07-02,DBL,656.0,838.0,599.0,805.2,45009,1086500781.0,834.35,1160.0,893.4,1248.35,663.65,762.1,663.65,834.35,1163.5,1163.5,1163.5,1163.5,1248.35,178.6,1248.35,178.6,1435.6024999999997,1435.6024999999997,0.2132901378738794,-0.20459039971235093,-0.28289643317576274,-0.1138014527845036,0.5976190476190477,0.03999006458022847,-0.18864878291107812,-0.4714356681569797,-0.6010928961748634,836.8219355586316,822.1422758297556,852.6329033379473,947.1243550069207,825.9072260141459,861.9643873506228,157.5879401422387,0.8982,-1.128,-2.2654,1.3635,0.5084,False,51.15406366525842,48.28980351493944,61.23448622214619,75.89699139008482,,,,LHLL,LHLL,HHLL,HHHL,HHHL,LHLL,3,0,0.0,0.0,1.0,0.0,0.0,0.0,0,0
2018-08-01,DBL,813.6,915.75,774.0,837.4,46213,987950378.0,656.0,834.35,838.0,893.4,599.0,663.65,805.2,663.65,1163.5,1163.5,1163.5,1163.5,1248.35,178.6,1248.35,178.6,1435.6024999999997,1435.6024999999997,0.03999006458022847,0.2132901378738794,-0.20459039971235093,-0.11329944938585346,0.38390348702693755,-0.21984714592787202,-0.4917602101743491,-0.45223310245999526,-0.4871626462861237,837.0146237057545,824.9164074970727,836.8219355586316,852.6329033379473,822.1422758297556,825.9072260141459,156.45665870350737,0.2058,0.8982,-1.128,-2.2654,1.3635,False,53.19182639947996,48.63840713626606,48.28980351493944,61.23448622214619,,,,HHHL,LHLL,LHLL,HHLL,HHHL,HHHL,0,0,0.0,0.0,0.0,0.0,0.0,0.0,0,0
2018-09-03,DBL,840.0,840.0,590.25,653.3,22325,383612723.0,813.6,656.0,915.75,838.0,774.0,599.0,837.4,805.2,1163.5,1163.5,1163.5,1163.5,1248.35,178.6,1248.35,178.6,1435.6024999999997,1435.6024999999997,-0.21984714592787202,0.03999006458022847,0.2132901378738794,-0.34745043200319636,0.09256626808261537,-0.3485381907240165,-0.2978723404255319,-0.3610133170059696,-0.015077299862237714,775.7764158038364,793.7134243157866,837.0146237057545,836.8219355586316,824.9164074970727,822.1422758297556,163.12046879611398,-1.1286,0.2058,0.8982,-1.128,-2.2654,False,41.61228317163927,48.652724412125885,48.63840713626606,48.28980351493944,,,,LHLL,HHHL,LHLL,LHLL,HHLL,HHHL,1,0,0.0,0.0,0.0,0.0,0.0,0.0,0,0
2018-10-01,DBL,650.0,655.0,365.4,425.6,49568,543047108.0,840.0,813.6,840.0,915.75,590.25,774.0,653.3,837.4,1163.5,1163.5,1163.5,1163.5,1248.35,178.6,1248.35,178.6,1435.6024999999997,1435.6024999999997,-0.3485381907240165,-0.21984714592787202,0.03999006458022847,-0.6342071336484745,-0.5002348520432127,0.07777255639097747,-0.01914943609022568,-0.24530075187969935,0.2696193609022557,659.0509438692243,726.7837108038253,775.7764158038364,837.0146237057545,793.7134243157866,824.9164074970727,172.15472102496298,-1.3226,-1.1286,0.2058,0.8982,-1.128,False,31.665390956414882,42.156500175844705,48.652724412125885,48.63840713626606,,,,LHLL,LHLL,HHHL,LHLL,LHLL,HHLL,2,0,0.0,0.0,0.0,0.0,0.0,0.0,0,0
2018-11-01,DBL,433.15,508.5,369.1,458.7,43315,573150166.0,650.0,840.0,655.0,840.0,365.4,590.25,425.6,653.3,1163.5,1163.5,1163.5,1163.5,1248.35,178.6,1248.35,178.6,1435.6024999999997,1435.6024999999997,0.07777255639097747,-0.3485381907240165,-0.21984714592787202,-0.45023071852340146,-0.5304534752789436,-0.08992805755395683,-0.2997601918465228,-0.06376716808371485,0.26400697623719194,592.2672959128163,678.0412179304025,659.0509438692243,775.7764158038364,726.7837108038253,793.7134243157866,169.8150980946085,0.1949,-1.3226,-1.1286,0.2058,0.8982,False,34.327708122394284,35.868460750149474,42.156500175844705,48.652724412125885,,,,LHHL,LHLL,LHLL,HHHL,LHLL,LHLL,3,0,0.0,0.0,0.0,0.0,0.0,0.0,0,0
2018-12-03,DBL,473.0,473.0,413.9,417.45,22409,286133537.0,433.15,650.0,508.5,655.0,369.1,365.4,458.7,425.6,1163.5,1163.5,1163.5,1163.5,1248.35,178.6,1248.35,178.6,1435.6024999999997,1435.6024999999997,-0.08992805755395683,0.07777255639097747,-0.3485381907240165,-0.3709786785203044,-0.5769659505472233,-0.23056653491436097,0.028745957599712435,0.541382201461253,0.16636722960833628,533.9948639418776,630.660996488511,592.2672959128163,659.0509438692243,678.0412179304025,726.7837108038253,161.90687680213642,-0.2548,0.1949,-1.3226,-1.1286,0.2058,False,32.487455181541364,32.826851420116846,35.868460750149474,42.156500175844705,,,,LHHL,LHHL,LHLL,LHLL,HHHL,LHLL,4,0,0.0,0.0,0.0,0.0,0.0,0.0,0,1
2019-01-01,DBL,424.35,431.55,319.0,321.2,18176,185866429.0,473.0,433.15,473.0,508.5,413.9,369.1,417.45,458.7,1163.5,1163.5,1163.5,1163.5,1248.35,178.6,1248.35,178.6,1435.6024999999997,1435.6024999999997,-0.23056653491436097,-0.08992805755395683,0.07777255639097747,-0.6010928961748634,-0.6464891041162228,0.3370174346201744,1.00326899128269,0.682285180572852,0.27910958904109595,463.06324262791844,574.3953607633272,533.9948639418776,592.2672959128163,630.660996488511,678.0412179304025,158.38138560198382,-0.6077,-0.2548,0.1949,-1.3226,-1.1286,False,28.350199127392756,31.721787477109473,32.826851420116846,35.868460750149474,,,,LHLL,LHHL,LHHL,LHLL,LHLL,HHHL,5,0,0.0,0.0,0.0,0.0,0.0,0.0,0,1
2019-02-01,DBL,316.7,476.95,311.55,429.45,48315,579858076.0,424.35,473.0,431.55,473.0,319.0,413.9,321.2,417.45,1163.5,1163.5,1163.5,1163.5,1248.35,311.55,1248.35,178.6,1435.6024999999997,1435.6024999999997,0.3370174346201744,-0.23056653491436097,-0.08992805755395683,-0.4871626462861237,-0.5452668360864041,0.498311794155315,0.2582372802421704,0.35009896379089533,-0.16241704505763188,451.8588284186123,548.0416588063586,463.06324262791844,533.9948639418776,574.3953607633272,630.660996488511,158.88271520184213,0.6813,-0.6077,-0.2548,0.1949,-1.3226,False,38.60857033799134,33.14874154897515,31.721787477109473,32.826851420116846,,,,HHLL,LHLL,LHHL,LHHL,LHLL,LHLL,0,0,0.0,0.0,0.0,0.0,0.0,0.0,0,1
2019-03-01,DBL,434.0,733.85,430.1,643.45,94324,1803991268.0,316.7,424.35,476.95,431.55,311.55,319.0,429.45,321.2,1163.5,1163.5,1163.5,1163.5,1248.35,311.55,1248.35,311.55,1435.6024999999997,1435.6024999999997,0.498311794155315,0.3370174346201744,-0.23056653491436097,-0.015077299862237714,-0.3572891175148578,-0.16023001010179505,-0.09891988499494919,-0.24329784754060158,-0.35356282539435857,515.722552279075,565.3886299324752,451.8588284186123,463.06324262791844,548.0416588063586,574.3953607633272,169.27680697313914,1.2642,0.6813,-0.6077,-0.2548,0.1949,False,53.84847200932428,40.26908049156946,33.14874154897515,31.721787477109473,,,,HHHL,HHLL,LHLL,LHHL,LHHL,LHLL,0,0,0.0,0.0,0.0,0.0,0.0,0.0,0,0
2019-04-01,DBL,649.9,668.0,535.05,540.35,17853,289275819.0,434.0,316.7,733.85,476.95,430.1,311.55,643.45,429.45,1163.5,1163.5,1163.5,1163.5,1248.35,311.55,1248.35,311.55,1435.6024999999997,1435.6024999999997,-0.16023001010179505,0.498311794155315,0.3370174346201744,0.2696193609022557,-0.5355822948001718,0.07300823540297952,-0.09891736837235132,-0.23965947996668824,-0.2000555195706487,523.9317015193833,560.8361517629342,515.722552279075,451.8588284186123,565.3886299324752,548.0416588063586,166.68203504648636,-0.6185,1.2642,0.6813,-0.6077,-0.2548,False,47.25500399776767,46.57068211502777,40.26908049156946,33.14874154897515,,,,LHHL,HHHL,HHLL,LHLL,LHHL,LHHL,1,0,0.0,0.0,0.0,0.0,0.0,0.0,0,0
2019-05-02,DBL,540.35,631.5,447.6,579.8,26328,434051989.0,649.9,434.0,668.0,733.85,535.05,430.1,540.35,643.45,1163.5,1163.5,1163.5,1163.5,1248.35,311.55,1248.35,311.55,1435.6024999999997,1435.6024999999997,0.07300823540297952,-0.16023001010179505,0.498311794155315,0.26400697623719194,-0.30508779289267096,-0.1602276647119696,-0.2913935839944808,-0.3796136598827181,-0.29527423249396334,542.5544676795889,564.2841241696733,523.9317015193833,515.722552279075,560.8361517629342,565.3886299324752,167.91188968602304,0.2349,-0.6185,1.2642,0.6813,-0.6077,False,49.98866166680282,50.364045891298254,46.57068211502777,40.26908049156946,,,,LHLL,LHHL,HHHL,HHLL,LHLL,LHHL,2,0,0.0,0.0,0.0,0.0,0.0,0.0,0,0
2019-06-03,DBL,583.85,592.0,372.15,486.9,43015,543207556.0,540.35,649.9,631.5,668.0,447.6,535.05,579.8,540.35,1163.5,1163.5,1163.5,1163.5,1248.35,311.55,1248.35,311.55,1435.6024999999997,1435.6024999999997,-0.1602276647119696,0.07300823540297952,-0.16023001010179505,0.16636722960833628,-0.2663301439011527,-0.1561922365988908,-0.26124460874922983,-0.1457178065311152,-0.17241733415485727,524.0029784530593,550.2142834115508,542.5544676795889,523.9317015193833,564.2841241696733,560.8361517629342,171.62175470844997,-0.5413,0.2349,-0.6185,1.2642,0.6813,False,43.75797921725209,47.00054829394086,50.364045891298254,46.57068211502777,,,,LHLL,LHLL,LHHL,HHHL,HHLL,LHLL,3,0,0.0,0.0,0.0,0.0,0.0,0.0,0,0
2019-07-01,DBL,485.1,509.5,395.0,410.85,28984,329785882.0,583.85,540.35,592.0,631.5,372.15,447.6,486.9,579.8,1163.5,1163.5,1163.5,1163.5,1248.35,311.55,1248.35,311.55,1435.6024999999997,1435.6024999999997,-0.1561922365988908,-0.1602276647119696,0.07300823540297952,0.27910958904109595,-0.48975409836065575,-0.12449799196787159,0.01241328952172327,0.0520871364244857,-0.007545332846537689,486.28531896870624,524.8753227912688,524.0029784530593,542.5544676795889,550.2142834115508,564.2841241696733,167.54162937213212,-0.4539,-0.5413,0.2349,-0.6185,1.2642,False,39.10312706646969,44.283255983508205,47.00054829394086,50.364045891298254,,,,LHHL,LHLL,LHLL,LHHL,HHHL,HHLL,4,0,0.0,0.0,0.0,0.0,0.0,0.0,0,0
2019-08-01,DBL,414.0,420.0,317.0,359.7,21863,527343656.0,485.1,583.85,509.5,592.0,395.0,372.15,410.85,486.9,1163.5,1163.5,1163.5,1163.5,1248.35,311.55,1248.35,311.55,1435.6024999999997,1435.6024999999997,-0.12449799196787159,-0.1561922365988908,-0.1602276647119696,-0.16241704505763188,-0.570456173871507,0.1563803169307756,0.20169585765916054,0.1359466221851544,-0.16805671392827348,444.0902126458042,494.84344592012894,486.28531896870624,524.0029784530593,524.8753227912688,550.2142834115508,162.9315129884084,-0.3139,-0.4539,-0.5413,0.2349,-0.6185,False,36.09056806869408,39.65055811747195,44.283255983508205,47.00054829394086,,,,LHLL,LHHL,LHLL,LHLL,LHHL,HHHL,5,0,0.0,0.0,0.0,0.0,0.0,0.0,0,0
2019-09-03,DBL,360.2,477.4,347.65,415.95,48972,493087664.0,414.0,485.1,420.0,509.5,317.0,395.0,359.7,410.85,1163.5,1163.5,1163.5,1163.5,1248.35,311.55,1248.35,311.55,1435.6024999999997,1435.6024999999997,0.1563803169307756,-0.12449799196787159,-0.1561922365988908,-0.35356282539435857,-0.3633093525179856,0.03918740233201112,-0.01767039307609075,-0.03125375646111317,-0.49272749128501026,434.71014176386944,480.49918302556,444.0902126458042,486.28531896870624,494.84344592012894,524.8753227912688,160.5614049178078,0.3503,-0.3139,-0.4539,-0.5413,0.2349,False,41.83936405457216,39.01101972991197,39.65055811747195,44.283255983508205,,,,HHHL,LHLL,LHHL,LHLL,LHLL,LHHL,0,0,0.0,0.0,0.0,0.0,0.0,0.0,0,0
2019-10-01,DBL,421.0,449.2,359.0,432.25,28918,218615156.0,360.2,414.0,477.4,420.0,347.65,317.0,415.95,359.7,1163.5,1163.5,1163.5,1163.5,1248.35,311.55,1248.35,311.55,1435.6024999999997,1435.6024999999997,0.03918740233201112,0.1563803169307756,-0.12449799196787159,-0.2000555195706487,0.015625,-0.054713707345286244,-0.06778484673221519,-0.05668016194331982,-0.399652978600347,433.8900945092463,471.72660429364,434.71014176386944,444.0902126458042,480.49918302556,494.84344592012894,155.5355902808215,0.1048,0.3503,-0.3139,-0.4539,-0.5413,False,43.55585955915094,40.495263894139065,39.01101972991197,39.65055811747195,,,,LHHL,HHHL,LHLL,LHHL,LHLL,LHLL,1,0,0.0,0.0,0.0,0.0,0.0,0.0,0,0
2019-11-01,DBL,435.9,473.8,379.8,408.6,27255,261634675.0,421.0,360.2,449.2,477.4,359.0,347.65,432.25,415.95,1163.5,1163.5,1163.5,1163.5,1248.35,311.55,1248.35,311.55,1435.6024999999997,1435.6024999999997,-0.054713707345286244,0.03918740233201112,0.1563803169307756,-0.29527423249396334,-0.10922171353826027,-0.013827704356338844,-0.0020802741067058594,-0.26762114537444937,-0.3645374449339208,425.4600630061642,460.2490398766145,433.8900945092463,434.71014176386944,471.72660429364,480.49918302556,151.14019097504857,-0.1565,0.1048,0.3503,-0.3139,-0.4539,False,41.48343575243103,42.29288645538471,40.495263894139065,39.01101972991197,,,,HHHL,LHHL,HHHL,LHLL,LHHL,LHLL,2,0,0.0,0.0,0.0,0.0,0.0,0.0,0,0
2019-12-02,DBL,412.35,424.4,375.25,402.95,25313,187974647.0,435.9,421.0,473.8,449.2,379.8,359.0,408.6,432.25,1163.5,1163.5,1163.5,1163.5,1248.35,311.55,1248.35,311.55,1435.6024999999997,1435.6024999999997,-0.013827704356338844,-0.054713707345286244,0.03918740233201112,-0.17241733415485727,-0.034734698766319294,0.011912147909169946,-0.2573520287876908,-0.47636183149274103,-0.3239856061546098,417.95670867077615,449.8310326263209,425.4600630061642,433.8900945092463,460.2490398766145,471.72660429364,143.85517733397367,-0.0393,-0.1565,0.1048,0.3503,-0.3139,False,40.94049904075779,41.99326478411326,42.29288645538471,40.495263894139065,,,,LHLL,HHHL,LHHL,HHHL,LHLL,LHHL,3,0,0.0,0.0,0.0,0.0,0.0,0.0,0,0
2020-01-01,DBL,402.0,441.5,395.35,407.75,521641,218212651.0,412.35,435.9,424.4,473.8,375.25,379.8,402.95,408.6,1163.5,1163.5,1163.5,1163.5,1248.35,311.55,1248.35,311.55,1435.6024999999997,1435.6024999999997,0.011912147909169946,-0.013827704356338844,-0.054713707345286244,-0.007545332846537689,0.26945828144458295,-0.2660944206008584,-0.48252605763335377,-0.36358062538320046,-0.31465358675659105,414.55447244718414,442.1799357851716,417.95670867077615,425.4600630061642,449.8310326263209,460.2490398766145,136.8762360958327,0.0351,-0.0393,-0.1565,0.1048,0.3503,True,41.69682030279739,41.373585031995404,41.99326478411326,42.29288645538471,,,,HHHL,LHLL,HHHL,LHHL,HHHL,LHLL,0,0,0.0,0.0,0.0,0.0,0.0,0.0,0,0
2020-02-01,DBL,411.75,422.0,298.4,299.25,360469,134383975.0,402.0,412.35,441.5,424.4,395.35,375.25,407.75,402.95,1163.5,1163.5,1163.5,1163.5,1248.35,311.55,1248.35,311.55,1435.6024999999997,1435.6024999999997,-0.2660944206008584,0.011912147909169946,-0.013827704356338844,-0.16805671392827348,-0.3031784841075794,-0.2949039264828739,-0.1328320802005013,-0.1323308270676693,0.23675856307435272,376.1196482981228,416.19267473332224,414.55447244718414,417.95670867077615,442.1799357851716,449.8310326263209,135.92793351755896,-0.7982,0.0351,-0.0393,-0.1565,0.1048,True,31.17015546459811,37.9358249360511,41.373585031995404,41.99326478411326,,,,LHLL,HHHL,LHLL,HHHL,LHHL,HHHL,1,0,0.0,0.0,0.0,0.0,0.0,0.0,0,0
2020-03-02,DBL,306.0,332.3,193.4,211.0,679717,185876858.0,411.75,402.0,422.0,441.5,298.4,395.35,299.25,407.75,1163.5,1163.5,1163.5,1163.5,1248.35,193.4,1248.35,311.55,1435.6024999999997,1435.6024999999997,-0.2949039264828739,-0.2660944206008584,0.011912147909169946,-0.49272749128501026,-0.6720801927111664,0.22985781990521326,0.23056872037914689,0.2909952606635069,0.5895734597156397,321.07976553208186,378.8849156909,376.1196482981228,414.55447244718414,416.19267473332224,442.1799357851716,136.14022398059046,-0.6482,-0.7982,0.0351,-0.0393,-0.1565,False,25.146085458574504,32.671020408656666,37.9358249360511,41.373585031995404,,,,LHLL,LHLL,HHHL,LHLL,HHHL,LHHL,2,0,0.0,0.0,0.0,0.0,0.0,0.0,0,1
2020-04-01,DBL,212.5,288.0,200.6,259.5,413378,102839431.0,306.0,411.75,332.3,422.0,193.4,298.4,211.0,299.25,837.4,1163.5,1163.5,1163.5,1248.35,193.4,1248.35,193.4,1435.6024999999997,1435.6024999999997,0.22985781990521326,-0.2949039264828739,-0.2660944206008584,-0.399652978600347,-0.519755713889146,0.0005780346820807303,0.04971098265895946,0.07687861271676288,0.2597302504816954,300.5531770213879,357.17856738346364,321.07976553208186,376.1196482981228,378.8849156909,416.19267473332224,132.6587794105483,0.3656,-0.6482,-0.7982,0.0351,-0.0393,False,33.39897054662555,29.905070489932722,32.671020408656666,37.9358249360511,,,,LHHL,LHLL,LHLL,HHHL,LHLL,HHHL,3,0,0.0,0.0,0.0,0.0,0.0,0.0,0,0
2020-05-04,DBL,236.0,273.0,232.65,259.65,277463,69581074.0,212.5,306.0,288.0,332.3,200.6,193.4,259.5,211.0,837.4,1163.5,837.4,1163.5,1248.35,193.4,1248.35,193.4,1435.6024999999997,1435.6024999999997,0.0005780346820807303,0.22985781990521326,-0.2949039264828739,-0.3645374449339208,-0.5521731631597102,0.04910456383593309,0.0762564991334489,0.42538031966108236,0.37030618139803595,286.9187846809253,339.4461005864702,300.5531770213879,321.07976553208186,357.17856738346364,378.8849156909,126.06529516693772,0.0012,0.3656,-0.6482,-0.7982,0.0351,False,33.42545529164924,30.656837098949765,29.905070489932722,32.671020408656666,,,,LHHL,LHHL,LHLL,LHLL,HHHL,LHLL,4,0,0.0,0.0,0.0,0.0,0.0,0.0,0,1
2020-06-01,DBL,280.0,308.05,245.05,272.4,647641,182723822.0,236.0,212.5,273.0,288.0,232.65,200.6,259.65,259.5,837.4,1163.5,837.4,1163.5,1248.35,193.4,1248.35,193.4,1435.6024999999997,1435.6024999999997,0.04910456383593309,0.0005780346820807303,0.22985781990521326,-0.3239856061546098,-0.44054220579174375,0.025881057268722474,0.35866372980910444,0.2312775330396475,0.440712187958884,282.07918978728355,327.2559004798392,286.9187846809253,300.5531770213879,339.4461005864702,357.17856738346364,121.56063122644217,0.1049,0.0012,0.3656,-0.6482,-0.7982,False,35.95121183366008,34.25854589064496,30.656837098949765,29.905070489932722,,,,HHHL,LHHL,LHHL,LHLL,LHLL,HHHL,0,0,0.0,0.0,0.0,0.0,0.0,0.0,0,1
2020-07-01,DBL,274.0,315.0,270.7,279.45,802796,234234699.0,280.0,236.0,308.05,273.0,245.05,232.65,272.4,259.65,837.4,1163.5,837.4,1163.5,1248.35,193.4,1248.35,193.4,1435.6024999999997,1435.6024999999997,0.025881057268722474,0.04910456383593309,0.0005780346820807303,-0.31465358675659105,-0.3198247535596934,0.3243871891214887,0.20021470746108427,0.16979781714081232,0.5120772946859904,281.2027931915224,318.5639185744139,282.07918978728355,286.9187846809253,327.2559004798392,339.4461005864702,116.04201471026772,0.0608,0.1049,0.0012,0.3656,-0.6482,False,37.4813085486979,35.619325224669076,34.25854589064496,30.656837098949765,,,,HHHL,HHHL,LHHL,LHHL,LHLL,LHLL,0,0,0.0,0.0,0.0,0.0,0.0,0.0,0,0
2020-08-03,DBL,282.25,423.15,277.3,370.1,911006,323273489.0,274.0,280.0,315.0,308.05,270.7,245.05,279.45,272.4,653.3,1163.5,837.4,1163.5,1248.35,193.4,1248.35,193.4,1435.6024999999997,1435.6024999999997,0.3243871891214887,0.025881057268722474,0.04910456383593309,0.23675856307435272,0.028912983041423423,-0.09375844366387476,-0.11672520940286424,-0.03863820589029998,0.8368008646311804,310.83519546101496,327.9341151972477,281.2027931915224,282.07918978728355,318.5639185744139,327.2559004798392,118.17115651667716,0.7671,0.0608,0.1049,0.0012,0.3656,False,53.97526219799627,42.469260860118084,35.619325224669076,34.25854589064496,,,,HHHL,HHHL,HHHL,LHHL,LHHL,LHLL,0,0,0.0,0.0,0.0,0.0,0.0,0.0,0,0
2020-09-01,DBL,362.75,390.0,327.3,335.4,212981,77196081.0,282.25,274.0,423.15,315.0,277.3,270.7,370.1,279.45,643.45,1163.5,653.3,1163.5,1248.35,193.4,1248.35,193.4,1435.6024999999997,1435.6024999999997,-0.09375844366387476,0.3243871891214887,0.025881057268722474,0.5895734597156397,-0.19365308330328168,-0.02534287418008352,0.060822898032200534,0.17009540846750149,0.7298747763864046,319.02346364067665,329.29154879774813,310.83519546101496,281.2027931915224,327.9341151972477,318.5639185744139,114.20893105120022,-0.3038,0.7671,0.0608,0.1049,0.0012,False,48.28613328036015,46.58090134235144,42.469260860118084,35.619325224669076,,,,LHHL,HHHL,HHHL,HHHL,LHHL,LHHL,1,0,0.0,0.0,0.0,0.0,0.0,0.0,0,0
2020-10-01,DBL,337.7,356.85,320.8,326.9,114592,38287742.0,362.75,282.25,390.0,423.15,327.3,277.3,335.4,370.1,643.45,1163.5,643.45,1163.5,1248.35,193.4,1248.35,193.4,1435.6024999999997,1435.6024999999997,-0.02534287418008352,-0.09375844366387476,0.3243871891214887,0.2597302504816954,-0.24372469635627536,0.08840624044050172,0.20052003670847363,0.2925971245029062,0.6708473539308659,321.6489757604511,328.85672174361207,319.02346364067665,310.83519546101496,329.29154879774813,327.9341151972477,108.62615026182878,-0.0783,-0.3038,0.7671,0.0608,0.1049,False,46.87417806951072,49.71185784928904,46.58090134235144,42.469260860118084,,,,LHLL,LHHL,HHHL,HHHL,HHHL,LHHL,2,0,0.0,0.0,0.0,0.0,0.0,0.0,0,1
2020-11-02,DBL,330.0,380.0,320.9,355.8,187104,65689439.0,337.7,362.75,356.85,390.0,320.8,327.3,326.9,335.4,643.45,1163.5,643.45,1163.5,1248.35,193.4,1248.35,193.4,1435.6024999999997,1435.6024999999997,0.08840624044050172,-0.02534287418008352,-0.09375844366387476,0.37030618139803595,-0.12922173274596183,0.1030073074761102,0.18760539629005057,0.9106239460370993,0.5141933670601462,333.03265050696746,333.7554996084099,321.6489757604511,319.02346364067665,328.85672174361207,329.29154879774813,105.08856810026957,0.275,-0.0783,-0.3038,0.7671,0.0608,False,52.39583192970185,49.185381093190905,49.71185784928904,46.58090134235144,,,,HHHL,LHLL,LHHL,HHHL,HHHL,HHHL,0,0,0.0,0.0,0.0,0.0,0.0,1.0,1,1
2020-12-01,DBL,354.25,418.75,341.6,392.45,621674,243600723.0,330.0,337.7,380.0,356.85,320.9,320.8,355.8,326.9,643.45,1163.5,643.45,1163.5,1248.35,193.4,1248.35,193.4,1435.6024999999997,1435.6024999999997,0.1030073074761102,0.08840624044050172,-0.02534287418008352,0.440712187958884,-0.026057823551309145,0.0766976684928018,0.7321951840998853,0.4784048923429738,0.46247929672569765,352.8384336713117,344.42722695233533,333.03265050696746,321.6489757604511,333.7554996084099,328.85672174361207,103.09295609310746,0.3555,0.275,-0.0783,-0.3038,0.7671,False,58.74051894500151,52.67017631473803,49.185381093190905,49.71185784928904,,,,HHHL,HHHL,LHLL,LHHL,HHHL,HHHL,0,0,0.0,0.0,0.0,0.0,1.0,0.0,1,1
2021-01-01,DBL,396.55,437.2,389.3,422.55,397134,166862699.0,354.25,330.0,418.75,380.0,341.6,320.9,392.45,355.8,643.45,1163.5,643.45,1163.5,1248.35,193.4,1248.35,193.4,1435.6024999999997,1435.6024999999997,0.0766976684928018,0.1030073074761102,0.08840624044050172,0.5120772946859904,0.0362967504598406,0.6088036918707844,0.37309194178203775,0.29262809135013623,0.3309667494971009,376.07562244754115,358.6313675064562,352.8384336713117,333.03265050696746,344.42722695233533,333.7554996084099,99.15060208645693,0.3036,0.3555,0.275,-0.0783,-0.3038,False,63.41284526428323,58.183065379662196,52.67017631473803,49.185381093190905,,,,HHHL,HHHL,HHHL,LHLL,LHHL,HHHL,0,0,0.0,0.0,0.0,1.0,0.0,0.0,1,1
2021-02-01,DBL,433.0,697.0,424.35,679.8,778692,430009136.0,396.55,354.25,437.2,418.75,389.3,341.6,422.55,392.45,679.8,1163.5,643.45,1163.5,1248.35,193.4,1248.35,193.4,1435.6024999999997,1435.6024999999997,0.6088036918707844,0.0766976684928018,0.1030073074761102,0.8368008646311804,1.2716791979949873,-0.14651368049426294,-0.19652839070314787,-0.20748749632244767,-0.25316269491026766,477.3170816316941,417.02566432346407,376.07562244754115,352.8384336713117,358.6313675064562,344.42722695233533,111.67198765171,2.3036,0.3036,0.3555,0.275,-0.0783,False,82.8159370438406,68.32310041770846,58.183065379662196,52.67017631473803,,,,HHHL,HHHL,HHHL,HHHL,LHLL,LHHL,0,1,0.0,0.0,0.0,0.0,0.0,0.0,0,0
2021-03-01,DBL,680.0,719.0,539.0,580.2,1404845,861861923.0,433.0,396.55,697.0,437.2,424.35,389.3,679.8,422.55,679.8,1163.5,679.8,1163.5,1248.35,193.4,1248.35,193.4,1435.6024999999997,1435.6024999999997,-0.14651368049426294,0.6088036918707844,0.0766976684928018,0.7298747763864046,1.7497630331753555,-0.058600482592209624,-0.07144088245432612,-0.010772147535332621,-0.02085487762840399,511.61138775446284,446.69372535556147,477.3170816316941,376.07562244754115,417.02566432346407,358.6313675064562,116.55255996230214,-0.8546,2.3036,0.3036,0.3555,0.275,False,66.81138508404884,71.01338913072424,68.32310041770846,58.183065379662196,,,,HHHL,HHHL,HHHL,HHHL,HHHL,LHLL,1,0,1.0,0.0,0.0,0.0,0.0,0.0,0,0
2021-04-01,DBL,584.9,607.1,535.0,546.2,1211747,695099964.0,680.0,433.0,719.0,697.0,539.0,424.35,580.2,679.8,679.8,837.4,679.8,1163.5,1248.35,193.4,1248.35,193.4,1435.6024999999997,1435.6024999999997,-0.058600482592209624,-0.14651368049426294,0.6088036918707844,0.6708473539308659,1.104816955684008,-0.013639692420358895,0.05080556572684003,0.02965946539729014,0.09950567557671164,523.140925169642,464.78577529091393,511.61138775446284,477.3170816316941,446.69372535556147,417.02566432346407,113.377377107852,-0.2999,-0.8546,2.3036,0.3036,0.3555,False,62.03670077805488,70.55467430198144,71.01338913072424,68.32310041770846,,,,LHLL,HHHL,HHHL,HHHL,HHHL,HHHL,2,0,0.0,1.0,0.0,0.0,0.0,0.0,0,0
2021-05-03,DBL,542.5,572.55,515.3,538.75,554592,301520514.0,584.9,680.0,607.1,719.0,535.0,539.0,546.2,580.2,679.8,837.4,679.8,837.4,1248.35,193.4,1248.35,193.4,1435.6024999999997,1435.6024999999997,-0.013639692420358895,-0.058600482592209624,-0.14651368049426294,0.5141933670601462,1.0749085307144233,0.0653364269141532,0.04389791183294656,-0.05763341067285388,-0.01967517401392116,528.3439501130947,478.2338161471114,523.140925169642,511.61138775446284,464.78577529091393,446.69372535556147,109.36827874300543,-0.0681,-0.2999,-0.8546,2.3036,0.3036,False,60.92367700867062,63.25725429025812,70.55467430198144,71.01338913072424,,,,LHLL,LHLL,HHHL,HHHL,HHHL,HHHL,3,0,0.0,0.0,1.0,0.0,0.0,0.0,0,0
2021-06-01,DBL,548.0,594.5,530.0,573.95,930332,523454348.0,542.5,584.9,572.55,607.1,515.3,535.0,538.75,546.2,679.8,837.4,679.8,837.4,1248.35,193.4,1248.35,193.4,1435.6024999999997,1435.6024999999997,0.0653364269141532,-0.013639692420358895,-0.058600482592209624,0.46247929672569765,1.10701174743025,-0.020123704155414313,-0.11542817318581766,-0.010192525481313774,-0.22850422510671664,543.5459667420632,495.6367586658184,528.3439501130947,523.140925169642,478.2338161471114,464.78577529091393,106.16340168993362,0.3316,-0.0681,-0.2999,-0.8546,2.3036,False,64.44045624341192,62.46694467671248,63.25725429025812,70.55467430198144,,,,HHHL,LHLL,LHLL,HHHL,HHHL,HHHL,4,0,0.0,0.0,0.0,0.0,0.0,0.0,0,0
2021-07-01,DBL,578.0,623.65,553.1,562.4,1070321,624531629.0,548.0,542.5,594.5,572.55,530.0,515.3,573.95,538.75,679.8,837.4,679.8,837.4,1248.35,193.4,1248.35,193.4,1435.6024999999997,1435.6024999999997,-0.020123704155414313,0.0653364269141532,-0.013639692420358895,0.3309667494971009,1.0125246018965828,-0.09726173541963012,0.01013513513513531,0.067834281650071,-0.3533961593172119,549.8306444947088,507.7755298174877,543.5459667420632,528.3439501130947,495.6367586658184,478.2338161471114,103.61958728350979,-0.1115,0.3316,-0.0681,-0.2999,-0.8546,True,62.2942785024861,62.55280391818955,62.46694467671248,63.25725429025812,,,,HHHL,HHHL,LHLL,LHLL,HHHL,HHHL,5,0,0.0,0.0,0.0,0.0,0.0,0.0,0,0
2021-08-02,DBL,569.95,580.0,483.8,507.7,606139,320376863.0,578.0,548.0,623.65,594.5,553.1,530.0,562.4,573.95,679.8,679.8,679.8,837.4,1248.35,193.4,1248.35,193.4,1435.6024999999997,1435.6024999999997,-0.09726173541963012,-0.020123704155414313,0.0653364269141532,-0.25316269491026766,0.37179140772764097,0.1189678944258421,0.18288359267283827,0.04027969273192822,-0.4707504431751034,535.7870963298059,507.761797123399,549.8306444947088,543.5459667420632,507.7755298174877,495.6367586658184,103.08961676325909,-0.5306,-0.1115,0.3316,-0.0681,-0.2999,True,52.61263165745566,59.782455467784565,62.55280391818955,62.46694467671248,,,,LHLL,HHHL,HHHL,LHLL,LHLL,HHHL,6,0,0.0,0.0,0.0,0.0,0.0,0.0,0,0
2021-09-01,DBL,510.5,601.8,501.0,568.1,722878,390616436.0,569.95,578.0,580.0,623.65,483.8,553.1,507.7,562.4,679.8,679.8,679.8,679.8,1248.35,193.4,1248.35,193.4,1435.6024999999997,1435.6024999999997,0.1189678944258421,-0.09726173541963012,-0.020123704155414313,-0.02085487762840399,0.6937984496124032,0.05712022531244476,-0.07032212638619972,-0.22055976060552718,-0.5755148741418765,546.5580642198706,518.7323794645991,535.7870963298059,549.8306444947088,507.761797123399,507.7755298174877,102.92607270874058,0.5868,-0.5306,-0.1115,0.3316,-0.0681,False,60.517613463173454,58.474841207705076,59.782455467784565,62.55280391818955,,,,HHHL,LHLL,HHHL,HHHL,LHLL,LHLL,0,0,0.0,0.0,0.0,0.0,0.0,0.0,0,0
2021-10-01,DBL,568.1,749.3,557.95,600.55,1308745,861123406.0,510.5,569.95,601.8,580.0,501.0,483.8,568.1,507.7,679.8,679.8,679.8,679.8,749.3,193.4,1248.35,193.4,861.6949999999999,1435.6024999999997,0.05712022531244476,0.1189678944258421,-0.09726173541963012,0.09950567557671164,0.8371061486693179,-0.12055615685621512,-0.2626758804429272,-0.39447173424361004,-0.5602364499209058,564.5553761465804,533.6083104710356,546.5580642198706,535.7870963298059,518.7323794645991,507.761797123399,109.24206751525911,0.297,0.5868,-0.5306,-0.1115,0.3316,False,64.25507885082976,59.12844132381963,58.474841207705076,59.782455467784565,,,,HHHL,HHHL,LHLL,HHHL,HHHL,LHLL,0,0,0.0,0.0,0.0,0.0,0.0,0.0,0,0
2021-11-01,DBL,603.8,658.0,488.7,528.15,637221,361274397.0,568.1,510.5,749.3,601.8,557.95,501.0,600.55,568.1,679.8,679.8,679.8,679.8,749.3,193.4,749.3,193.4,861.6949999999999,861.6949999999999,-0.12055615685621512,0.05712022531244476,0.1189678944258421,-0.01967517401392116,0.48440134907251253,-0.1616018176654359,-0.31146454605699136,-0.49124301808198434,-0.5666003976143141,552.420250764387,532.6158903853927,564.5553761465804,546.5580642198706,533.6083104710356,518.7323794645991,113.53191983559773,-0.6377,0.297,0.5868,-0.5306,-0.1115,False,51.55244674128472,58.77504635176265,59.12844132381963,58.474841207705076,,,,LHLL,HHHL,HHHL,LHLL,HHHL,HHHL,1,0,0.0,0.0,0.0,0.0,0.0,0.0,0,0
2021-12-01,DBL,536.85,590.0,433.05,442.8,1788574,950931596.0,603.8,568.1,658.0,749.3,488.7,557.95,528.15,600.55,679.8,679.8,679.8,679.8,749.3,193.4,749.3,193.4,861.6949999999999,861.6949999999999,-0.1616018176654359,-0.12055615685621512,0.05712022531244476,-0.22850422510671664,0.12829659829277618,-0.1787488708220416,-0.39317976513098474,-0.45539747064137304,-0.5700090334236676,515.880167176258,516.2857284971395,552.420250764387,564.5553761465804,532.6158903853927,533.6083104710356,116.63321127591219,-0.7318,-0.6377,0.297,0.5868,-0.5306,False,40.532062999919034,52.11319619734451,58.77504635176265,59.12844132381963,,,,LHLL,LHLL,HHHL,HHHL,LHLL,HHHL,2,0,0.0,0.0,0.0,0.0,0.0,0.0,0,0
2022-01-03,DBL,442.0,455.4,335.1,363.65,2042911,788796024.0,536.85,603.8,590.0,658.0,433.05,488.7,442.8,528.15,679.8,679.8,679.8,679.8,749.3,193.4,749.3,193.4,861.6949999999999,861.6949999999999,-0.1787488708220416,-0.1616018176654359,-0.12055615685621512,-0.3533961593172119,-0.13939178795408835,-0.26110270864842566,-0.3368623676612127,-0.273752234291214,-0.35157431596315136,465.1367781175054,488.53377786129596,515.880167176258,552.420250764387,516.2857284971395,532.6158903853927,116.89512475620417,-0.6771,-0.7318,-0.6377,0.297,0.5868,False,32.91858955270088,41.667699764634875,52.11319619734451,58.77504635176265,,,,LHLL,LHLL,LHLL,HHHL,HHHL,LHLL,3,0,0.0,0.0,0.0,0.0,0.0,0.0,0,0
2022-02-01,DBL,369.95,378.9,237.95,268.7,1528305,458266565.0,442.0,536.85,455.4,590.0,335.1,433.05,363.65,442.8,679.8,679.8,679.8,679.8,749.3,193.4,749.3,193.4,861.6949999999999,861.6949999999999,-0.26110270864842566,-0.1787488708220416,-0.1616018176654359,-0.4707504431751034,-0.6047366872609591,-0.10253070338667658,-0.017119464086341574,-0.14812058057312982,-0.10048381094157055,399.657852078337,448.56400006833303,465.1367781175054,515.880167176258,488.53377786129596,516.2857284971395,118.61333013076101,-0.8005,-0.6771,-0.7318,-0.6377,0.297,False,26.066066979929587,33.17223984418317,41.667699764634875,52.11319619734451,,,,LHLL,LHLL,LHLL,LHLL,HHHL,HHHL,4,0,0.0,0.0,0.0,0.0,0.0,0.0,0,0
2022-03-02,DBL,268.5,277.8,233.8,241.15,3100473,768113071.0,369.95,442.0,378.9,455.4,237.95,335.1,268.7,363.65,679.8,679.8,679.8,679.8,749.3,193.4,749.3,193.4,861.6949999999999,861.6949999999999,-0.10253070338667658,-0.26110270864842566,-0.1787488708220416,-0.5755148741418765,-0.5843674594967253,0.09516898196143475,-0.05079825834542817,-0.2104499274310595,-0.0829359319925358,346.821901385558,410.8523636922725,399.657852078337,465.1367781175054,448.56400006833303,488.53377786129596,113.28380654999238,-0.2432,-0.8005,-0.6771,-0.7318,-0.6377,False,24.350194111260492,27.778283547963653,33.17223984418317,41.667699764634875,,,,LHLL,LHLL,LHLL,LHLL,LHLL,HHHL,5,0,0.0,0.0,0.0,0.0,0.0,0.0,0,0
2022-04-01,DBL,241.15,317.35,241.15,264.1,3045727,881734701.0,268.5,369.95,277.8,378.9,233.8,237.95,241.15,268.7,679.8,679.8,679.8,679.8,749.3,193.4,749.3,193.4,861.6949999999999,861.6949999999999,0.09516898196143475,-0.10253070338667658,-0.26110270864842566,-0.5602364499209058,-0.5164774807762724,-0.1332828474062856,-0.2790609617569103,-0.10715638015903073,-0.18496781522150707,319.2479342570387,384.1701157482229,346.821901385558,399.657852078337,410.8523636922725,448.56400006833303,110.63496322499293,0.2074,-0.2432,-0.8005,-0.6771,-0.7318,False,28.8989584674287,26.438406519539594,27.778283547963653,33.17223984418317,,,,HHHL,LHLL,LHLL,LHLL,LHLL,LHLL,6,0,0.0,0.0,0.0,0.0,0.0,0.0,0,0
2022-05-02,DBL,264.0,264.0,211.0,228.9,1063204,245208253.0,241.15,268.5,317.35,277.8,241.15,233.8,264.1,241.15,679.8,679.8,679.8,679.8,749.3,193.4,749.3,193.4,861.6949999999999,861.6949999999999,-0.1332828474062856,0.09516898196143475,-0.10253070338667658,-0.5666003976143141,-0.5751276102088168,-0.16819571865443428,0.030144167758846763,0.05591961555264291,0.02599388379204881,289.13195617135915,355.9391856121823,319.2479342570387,346.821901385558,384.1701157482229,410.8523636922725,106.5253229946363,-0.3304,0.2074,-0.2432,-0.8005,-0.6771,False,26.091627863142747,26.44692681394398,26.438406519539594,27.778283547963653,,,,LHLL,HHHL,LHLL,LHLL,LHLL,LHLL,7,0,0.0,0.0,0.0,0.0,0.0,0.0,0,0
2022-06-01,DBL,228.0,246.8,189.6,190.4,773616,168994383.0,264.0,241.15,264.0,317.35,211.0,241.15,228.9,264.1,679.8,679.8,679.8,679.8,749.3,193.4,749.3,193.4,861.6949999999999,861.6949999999999,-0.16819571865443428,-0.1332828474062856,0.09516898196143475,-0.5700090334236676,-0.6682637860440805,0.23844537815126055,0.26943277310924363,0.16150210084033612,0.14101890756302526,256.22130411423944,325.84115186451277,289.13195617135915,319.2479342570387,355.9391856121823,384.1701157482229,103.00208563787656,-0.3738,-0.3304,0.2074,-0.2432,-0.8005,False,23.2140496659909,26.068211998854114,26.44692681394398,26.438406519539594,,,,LHLL,LHLL,HHHL,LHLL,LHLL,LHLL,8,0,0.0,0.0,0.0,0.0,0.0,0.0,0,0
2022-07-01,DBL,190.4,242.55,187.4,235.8,1499102,323388992.0,228.0,264.0,246.8,264.0,189.6,211.0,190.4,228.9,679.8,679.8,679.8,679.8,749.3,193.4,749.3,193.4,861.6949999999999,861.6949999999999,0.23844537815126055,-0.16819571865443428,-0.1332828474062856,-0.35157431596315136,-0.5807254623044096,0.02502120441051736,-0.06212892281594573,-0.0871501272264632,-0.09308736217133173,249.41420274282632,309.47003334369225,256.22130411423944,289.13195617135915,325.84115186451277,355.9391856121823,99.5840795208854,0.4559,-0.3738,-0.3304,0.2074,-0.2432,False,33.32983089145621,27.545169473529953,26.068211998854114,26.44692681394398,,,,LHLL,LHLL,LHLL,HHHL,LHLL,LHLL,9,0,0.0,0.0,0.0,0.0,0.0,0.0,0,0
2022-08-01,DBL,240.1,260.75,229.05,241.7,1148021,282160791.0,190.4,228.0,242.55,246.8,187.4,189.6,235.8,190.4,679.8,679.8,679.8,679.8,749.3,193.4,749.3,193.4,861.6949999999999,861.6949999999999,0.02502120441051736,0.23844537815126055,-0.16819571865443428,-0.10048381094157055,-0.5239314555840063,-0.08502275548200244,-0.10943318163011995,-0.028340918494000777,-0.18990484071162594,246.8428018285509,297.14820909938453,249.41420274282632,256.22130411423944,309.47003334369225,325.84115186451277,94.73521669796501,0.0623,0.4559,-0.3738,-0.3304,0.2074,False,34.635409889237366,30.393096815561492,27.545169473529953,26.068211998854114,,,,HHHL,LHLL,LHLL,LHLL,HHHL,LHLL,0,0,0.0,0.0,0.0,0.0,0.0,0.0,0,0
2022-09-01,DBL,241.8,256.45,209.0,221.15,1524269,362203974.0,240.1,190.4,260.75,242.55,229.05,187.4,241.7,235.8,679.8,679.8,679.8,679.8,749.3,193.4,749.3,193.4,861.6949999999999,861.6949999999999,-0.08502275548200244,0.02502120441051736,0.23844537815126055,-0.0829359319925358,-0.6107199436718888,-0.026678724847388646,0.06194890345919046,-0.017635089305900964,-0.23603888763282843,238.2785345523673,283.3303528994964,246.8428018285509,249.41420274282632,297.14820909938453,309.47003334369225,91.35770121953895,-0.2249,0.0623,0.4559,-0.3738,-0.3304,False,32.08244054011145,33.34922710693501,30.393096815561492,27.545169473529953,,,,LHLL,HHHL,LHLL,LHLL,LHLL,HHHL,1,0,0.0,0.0,0.0,0.0,0.0,0.0,0,0
2022-10-03,DBL,220.0,238.1,214.05,215.25,343481,76014522.0,241.8,240.1,256.45,260.75,209.0,229.05,221.15,241.7,679.8,679.8,679.8,679.8,749.3,193.4,749.3,193.4,861.6949999999999,861.6949999999999,-0.026678724847388646,-0.08502275548200244,0.02502120441051736,-0.18496781522150707,-0.6415785529930896,0.0910569105691057,0.009291521486643362,-0.006504065040650486,-0.15958188153310104,230.60235636824487,270.95210691776975,238.2785345523673,246.8428018285509,283.3303528994964,297.14820909938453,86.55000827528616,-0.0682,-0.2249,0.0623,0.4559,-0.3738,False,31.3094265437787,32.67575899104251,33.34922710693501,30.393096815561492,,,,LHHL,LHLL,HHHL,LHLL,LHLL,LHLL,2,0,0.0,0.0,0.0,0.0,0.0,0.0,0,0
2022-11-01,DBL,216.0,242.3,215.1,234.85,460779,105585376.0,220.0,241.8,238.1,256.45,214.05,209.0,215.25,221.15,679.8,679.8,679.8,679.8,749.3,193.4,749.3,193.4,861.6949999999999,861.6949999999999,0.0910569105691057,-0.026678724847388646,-0.08502275548200244,0.02599388379204881,-0.5553346587143804,-0.07494145199063229,-0.08941877794336806,-0.16627634660421542,-0.0932510112837982,232.01823757882994,264.38808747817524,230.60235636824487,238.2785345523673,270.95210691776975,283.3303528994964,82.31072196990858,0.2381,-0.0682,-0.2249,0.0623,0.4559,True,37.176146777348734,33.522671287079625,32.67575899104251,33.34922710693501,,,,HHHL,LHHL,LHLL,HHHL,LHLL,LHLL,3,0,0.0,0.0,0.0,0.0,0.0,0.0,0,0
2022-12-01,DBL,235.0,248.25,206.55,217.25,664912,152894938.0,216.0,220.0,242.3,238.1,215.1,214.05,234.85,215.25,679.8,679.8,679.8,679.8,749.3,193.4,749.3,193.4,861.6949999999999,861.6949999999999,-0.07494145199063229,0.0910569105691057,-0.026678724847388646,0.14101890756302526,-0.5093721770551038,-0.01565017261219792,-0.09873417721518984,-0.22232451093210592,0.09712313003452233,227.09549171921998,255.817526118507,232.01823757882994,230.60235636824487,264.38808747817524,270.95210691776975,79.40995611491512,-0.2216,0.2381,-0.0682,-0.2249,0.0623,True,34.12299260800398,34.20285530971047,33.522671287079625,32.67575899104251,,,,HHLL,HHHL,LHHL,LHLL,HHHL,LHLL,4,0,0.0,0.0,0.0,0.0,0.0,0.0,0,0
2023-01-02,DBL,219.75,229.6,207.25,213.85,419003,92225326.0,235.0,216.0,248.25,242.3,206.55,215.1,217.25,234.85,679.8,679.8,679.8,679.8,749.3,193.4,749.3,193.4,861.6949999999999,861.6949999999999,-0.01565017261219792,-0.07494145199063229,0.0910569105691057,-0.09308736217133173,-0.4119345524542829,-0.08440495674538218,-0.20996025251344408,-0.15407996259060086,0.24456394669160608,222.68032781281335,248.18706682423297,227.09549171921998,232.01823757882994,255.817526118507,264.38808747817524,75.33424496384974,-0.0451,-0.2216,0.2381,-0.0682,-0.2249,True,33.50286741112632,34.934002265493014,34.20285530971047,33.522671287079625,,,,LHHL,HHLL,HHHL,LHHL,LHLL,HHHL,5,0,0.0,0.0,0.0,0.0,0.0,0.0,0,0
2023-02-01,DBL,216.95,220.2,192.75,195.8,351204,72516688.0,219.75,235.0,229.6,248.25,207.25,206.55,213.85,217.25,600.55,679.8,679.8,679.8,749.3,193.4,749.3,193.4,861.6949999999999,861.6949999999999,-0.08440495674538218,-0.01565017261219792,-0.07494145199063229,-0.18990484071162594,-0.27130628954224034,-0.137129724208376,-0.07609805924412671,0.0875893769152194,0.6749233912155259,213.72021854187557,238.6621455834633,222.68032781281335,227.09549171921998,248.18706682423297,255.817526118507,71.91394175214619,-0.251,-0.0451,-0.2216,0.2381,-0.0682,True,30.11336018973492,32.57974006962174,34.934002265493014,34.20285530971047,,,,LHLL,LHHL,HHLL,HHHL,LHHL,LHLL,6,0,0.0,0.0,0.0,0.0,0.0,0.0,0,0
2023-03-01,DBL,196.0,205.5,165.45,168.95,998436,186872392.0,216.95,219.75,220.2,229.6,192.75,207.25,195.8,213.85,600.55,679.8,600.55,679.8,749.3,193.4,749.3,193.4,861.6949999999999,861.6949999999999,-0.137129724208376,-0.08440495674538218,-0.01565017261219792,-0.23603888763282843,-0.2993987144930542,0.07073098549866841,0.26043208049718847,0.4107724178751111,0.8452204794317846,198.7968123612504,225.9872100228336,213.72021854187557,222.68032781281335,238.6621455834633,248.18706682423297,69.63794591270718,-0.3856,-0.251,-0.0451,-0.2216,0.2381,True,25.61580530337443,29.744010968078555,32.57974006962174,34.934002265493014,,,,LHLL,LHLL,LHHL,HHLL,HHHL,LHHL,7,0,0.0,0.0,0.0,0.0,0.0,0.0,0,1
2023-04-03,DBL,169.25,190.8,169.25,180.9,432802,77651828.0,196.0,216.95,205.5,220.2,165.45,192.75,168.95,195.8,600.55,679.8,600.55,679.8,749.3,193.4,749.3,193.4,861.6949999999999,861.6949999999999,0.07073098549866841,-0.137129724208376,-0.08440495674538218,-0.15958188153310104,-0.31503218477849304,0.1771697070204532,0.31757877280265334,0.4712548369264786,0.6807628524046434,192.83120824083363,217.7895354732275,198.7968123612504,213.72021854187557,225.9872100228336,238.6621455834633,66.22452120465667,0.1804,-0.3856,-0.251,-0.0451,-0.2216,False,30.969214873357544,28.89946012215563,29.744010968078555,32.57974006962174,,,,LHHL,LHLL,LHLL,LHHL,HHLL,HHHL,8,0,0.0,0.0,0.0,0.0,0.0,0.0,0,1
2023-05-02,DBL,181.85,231.7,159.7,212.95,2382956,479887141.0,169.25,196.0,190.8,205.5,169.25,165.45,180.9,168.95,600.55,679.8,600.55,679.8,749.3,159.7,749.3,193.4,861.6949999999999,861.6949999999999,0.1771697070204532,0.07073098549866841,-0.137129724208376,-0.0932510112837982,-0.06968108344255142,0.11927682554590291,0.24982390232448926,0.5400328715660954,0.8581826719887298,199.53747216055575,216.90961993264065,192.83120824083363,198.7968123612504,217.7895354732275,225.9872100228336,66.63705540432404,0.481,0.1804,-0.3856,-0.251,-0.0451,False,43.65725933901809,33.41409317191668,28.89946012215563,29.744010968078555,,,,HHLL,LHHL,LHLL,LHLL,LHHL,HHLL,0,0,0.0,0.0,0.0,0.0,0.0,0.0,0,1
2023-06-01,DBL,207.25,251.7,206.05,238.35,2668614,612938019.0,181.85,169.25,231.7,190.8,159.7,169.25,212.95,180.9,600.55,679.8,600.55,679.8,749.3,159.7,749.3,159.7,861.6949999999999,861.6949999999999,0.11927682554590291,0.1771697070204532,0.07073098549866841,0.09712313003452233,0.25183823529411753,0.11663520033564079,0.3759177679882526,0.3079504929725194,0.6138032305433185,212.4749814403705,220.8078708539787,199.53747216055575,192.83120824083363,216.90961993264065,217.7895354732275,65.1379800183009,0.3899,0.481,0.1804,-0.3856,-0.251,False,51.84148246534154,42.15598555923906,33.41409317191668,28.89946012215563,,,,HHHL,HHLL,LHHL,LHLL,LHLL,LHHL,0,0,0.0,0.0,0.0,0.0,0.0,0.0,0,1
2023-07-03,DBL,238.0,269.5,236.3,266.15,1337685,339759164.0,207.25,181.85,251.7,231.7,206.05,159.7,238.35,212.95,600.55,679.8,600.55,679.8,749.3,159.7,749.3,159.7,861.6949999999999,861.6949999999999,0.11663520033564079,0.11927682554590291,0.1771697070204532,0.24456394669160608,0.1287107718405427,0.23219988728160823,0.1713319556640993,0.14240090174713527,0.5029118917903439,230.36665429358032,229.05189433507348,212.4749814403705,199.53747216055575,220.8078708539787,216.90961993264065,62.8566957312794,0.4423,0.3899,0.481,0.1804,-0.3856,False,59.37635997643478,51.62503392693147,42.15598555923906,33.41409317191668,,,,HHHL,HHHL,HHLL,LHHL,LHLL,LHLL,0,0,0.0,0.0,0.0,0.0,0.0,0.0,0,0
2023-08-01,DBL,266.1,347.8,266.1,327.95,3732771,1177199445.0,238.0,207.25,269.5,251.7,236.3,206.05,266.15,238.35,600.55,679.8,600.55,679.8,749.3,159.7,749.3,159.7,861.6949999999999,861.6949999999999,0.23219988728160823,0.11663520033564079,0.11927682554590291,0.6749233912155259,0.3568473314025651,-0.04939777405092238,-0.07287696295166934,0.20658636987345624,0.33099557859429796,262.89443619572023,247.03336809233284,230.36665429358032,212.4749814403705,229.05189433507348,220.8078708539787,64.20264603618803,0.9626,0.4423,0.3899,0.481,0.1804,False,71.10247603976305,60.77343949384646,51.62503392693147,42.15598555923906,,,,HHHL,HHHL,HHHL,HHLL,LHHL,LHLL,0,0,0.0,0.0,0.0,0.0,0.0,0.0,0,1
2023-09-01,DBL,328.85,343.95,300.05,311.75,1038062,333741658.0,266.1,238.0,347.8,269.5,266.1,236.3,327.95,266.15,600.55,679.8,600.55,679.8,749.3,159.7,749.3,159.7,861.6949999999999,861.6949999999999,-0.04939777405092238,0.23219988728160823,0.11663520033564079,0.8452204794317846,0.4096766900293918,-0.024699278267842795,0.2692862870890136,0.23384121892542087,0.4654370489174018,279.1796241304802,258.8000284391814,262.89443619572023,230.36665429358032,247.03336809233284,229.05189433507348,62.752457033603164,-0.2582,0.9626,0.4423,0.3899,0.481,False,65.33489287184376,65.27124296268052,60.77343949384646,51.62503392693147,,,,LHHL,HHHL,HHHL,HHHL,HHLL,LHHL,1,0,0.0,0.0,0.0,0.0,0.0,0.0,0,1
2023-10-03,DBL,305.55,351.3,286.25,304.05,1740312,564680148.0,328.85,266.1,343.95,347.8,300.05,266.1,311.75,327.95,528.15,679.8,600.55,679.8,749.3,159.7,749.3,159.7,861.6949999999999,861.6949999999999,-0.024699278267842795,-0.04939777405092238,0.23219988728160823,0.6807628524046434,0.4125435540069686,0.30143068574247645,0.26508797895083025,0.31557309653017596,0.5456339417858904,287.4697494203201,267.02729599569386,279.1796241304802,262.89443619572023,258.8000284391814,247.03336809233284,62.91656724548865,-0.1224,-0.2582,0.9626,0.4423,0.3899,False,62.522549650013374,66.3199728538734,65.27124296268052,60.77343949384646,,,,HHLL,LHHL,HHHL,HHHL,HHHL,HHLL,2,0,0.0,0.0,0.0,0.0,0.0,1.0,1,1
2023-11-01,DBL,302.0,439.35,302.0,395.7,3023266,1155107347.0,305.55,328.85,351.3,343.95,286.25,300.05,304.05,311.75,442.8,679.8,528.15,679.8,749.3,159.7,749.3,159.7,861.6949999999999,861.6949999999999,0.30143068574247645,-0.024699278267842795,-0.04939777405092238,0.8581826719887298,0.6849052586757505,-0.02792519585544606,0.01086681829668934,0.10310841546626226,0.026029820571139783,323.54649961354676,290.4223330873859,287.4697494203201,279.1796241304802,267.02729599569386,258.8000284391814,68.23324101366804,1.3432,-0.1224,-0.2582,0.9626,0.4423,False,76.54344808859203,68.13363020348305,66.3199728538734,65.27124296268052,,,,HHHL,HHLL,LHHL,HHHL,HHHL,HHHL,0,0,0.0,0.0,0.0,0.0,1.0,1.0,1,1
2023-12-01,DBL,401.0,437.0,355.5,384.65,1421927,567310065.0,302.0,305.55,439.35,351.3,302.0,286.25,395.7,304.05,395.7,679.8,442.8,679.8,749.3,159.7,749.3,159.7,861.6949999999999,861.6949999999999,-0.02792519585544606,0.30143068574247645,-0.024699278267842795,0.6138032305433185,0.7705408515535097,0.03990640842324189,0.1347978681918629,0.18770310672039536,0.3579877810997012,343.91433307569787,307.5546361624066,323.54649961354676,287.4697494203201,290.4223330873859,267.02729599569386,69.1808666555489,-0.1597,1.3432,-0.1224,-0.2582,0.9626,False,72.71681139760062,70.59426971206868,68.13363020348305,66.3199728538734,,,,LHHL,HHHL,HHLL,LHHL,HHHL,HHHL,1,0,0.0,0.0,0.0,1.0,1.0,1.0,1,1
2024-01-01,DBL,389.85,413.6,365.5,400.0,1117912,441740127.0,401.0,302.0,437.0,439.35,355.5,302.0,384.65,395.7,400.0,679.8,395.7,679.8,749.3,159.7,749.3,159.7,861.6949999999999,861.6949999999999,0.03990640842324189,-0.02792519585544606,0.30143068574247645,0.5029118917903439,0.8704699555763387,0.09125000000000005,0.14212500000000006,0.1748749999999999,0.295625,362.6095553837986,324.36288413287815,343.91433307569787,323.54649961354676,307.5546361624066,290.4223330873859,67.67509046586683,0.2268,-0.1597,1.3432,-0.1224,-0.2582,False,74.7616675274688,74.67397567122049,70.59426971206868,68.13363020348305,,,,LHHL,LHHL,HHHL,HHLL,LHHL,HHHL,2,1,0.0,0.0,0.0,1.0,1.0,1.0,1,1
2024-02-01,DBL,403.25,504.45,375.75,436.5,2806255,1245842633.0,389.85,401.0,413.6,437.0,365.5,355.5,400.0,384.65,436.5,600.55,400.0,679.8,749.3,159.7,749.3,159.7,861.6949999999999,861.6949999999999,0.09125000000000005,0.03990640842324189,-0.02792519585544606,0.33099557859429796,1.2293156281920328,0.04662084765177554,0.07663230240549823,-0.06987399770904923,0.2856815578465064,387.23970358919905,344.751450654173,362.6095553837986,343.91433307569787,324.36288413287815,307.5546361624066,72.03401257544776,0.5067,0.2268,-0.1597,1.3432,-0.1224,False,79.10597882200773,75.52815258235906,74.67397567122049,70.59426971206868,,,,HHHL,LHHL,LHHL,HHHL,HHLL,LHHL,0,1,1.0,0.0,0.0,1.0,1.0,0.0,1,1
2024-03-01,DBL,445.5,469.0,377.3,456.85,850363,362766448.0,403.25,389.85,504.45,413.6,375.75,365.5,436.5,400.0,456.85,600.55,436.5,600.55,749.3,159.7,749.3,159.7,861.6949999999999,861.6949999999999,0.04662084765177554,0.09125000000000005,0.03990640842324189,0.4654370489174018,1.704054453980468,0.02867461967823126,-0.1113056802013791,0.14337309839115675,0.1545364999452774,410.4431357261327,365.133005080687,387.23970358919905,362.6095553837986,344.751450654173,324.36288413287815,73.43872596291578,0.2771,0.5067,0.2268,-0.1597,1.3432,False,81.20980522354927,78.35915052434194,75.52815258235906,74.67397567122049,,,,LHHL,HHHL,LHHL,LHHL,HHHL,HHLL,0,1,1.0,1.0,0.0,1.0,0.0,1.0,1,1
2024-04-01,DBL,457.0,500.4,420.05,469.95,747961,346473067.0,445.5,403.25,469.0,504.45,377.3,375.75,456.85,436.5,469.95,600.55,456.85,600.55,749.3,159.7,749.3,159.7,861.6949999999999,861.6949999999999,0.02867461967823126,0.04662084765177554,0.09125000000000005,0.5456339417858904,1.5978441127694856,-0.1360783062027875,0.1115012235344186,0.10277689115863398,0.06596446430471326,430.27875715075515,384.19064052056206,410.4431357261327,387.23970358919905,365.133005080687,344.751450654173,73.93238839413608,0.1772,0.2771,0.5067,0.2268,-0.1597,False,82.53083805994358,80.94887403516685,78.35915052434194,75.52815258235906,,,,HHHL,LHHL,HHHL,LHHL,LHHL,HHHL,0,1,1.0,1.0,1.0,0.0,1.0,0.0,1,1
2024-05-02,DBL,472.75,489.85,402.0,406.0,497432,219606497.0,457.0,445.5,500.4,469.0,420.05,377.3,469.95,456.85,469.95,600.55,469.95,600.55,749.3,159.7,749.3,159.7,861.6949999999999,861.6949999999999,-0.1360783062027875,0.02867461967823126,0.04662084765177554,0.026029820571139783,0.9065508335289976,0.286576354679803,0.27647783251231517,0.3822660098522168,0.18633004926108376,422.1858381005035,388.15597860773255,430.27875715075515,410.4431357261327,384.19064052056206,365.133005080687,74.92650350884067,-0.8535,0.1772,0.2771,0.5067,0.2268,False,58.933593371864426,74.22474555178574,80.94887403516685,78.35915052434194,,,,LHLL,HHHL,LHHL,HHHL,LHHL,LHHL,1,0,1.0,1.0,1.0,1.0,0.0,1.0,1,1
2024-06-03,DBL,421.05,564.0,341.65,522.35,1839315,915035465.0,472.75,457.0,489.85,500.4,402.0,420.05,406.0,469.95,522.35,600.55,469.95,600.55,749.3,159.7,749.3,159.7,861.6949999999999,861.6949999999999,0.286576354679803,-0.1360783062027875,0.02867461967823126,0.3579877810997012,1.1915250681770506,-0.007849143294725747,0.07437541878051124,0.009763568488561303,-0.1385086627740021,455.57389206700236,412.5548915881448,422.1858381005035,430.27875715075515,388.15597860773255,384.19064052056206,85.45675325820919,1.3615,-0.8535,0.1772,0.2771,0.5067,False,74.44371918597972,71.96938353926258,74.22474555178574,80.94887403516685,,,,HHLL,LHLL,HHHL,LHHL,HHHL,LHHL,0,1,0.0,1.0,1.0,0.0,1.0,0.0,1,1
2024-07-01,DBL,520.05,559.3,476.8,518.25,815763,433264276.0,421.05,472.75,564.0,489.85,341.65,402.0,522.35,406.0,522.35,600.55,522.35,600.55,749.3,159.7,749.3,159.7,861.6949999999999,861.6949999999999,-0.007849143294725747,0.286576354679803,-0.1360783062027875,0.295625,0.9472102198008643,0.08287506029908354,0.01775205016883752,-0.033381572600096554,-0.16208393632416784,476.46592804466826,431.7721840266639,455.57389206700236,422.1858381005035,412.5548915881448,388.15597860773255,85.24555659690853,-0.0481,1.3615,-0.8535,0.1772,0.2771,False,73.30549087745716,68.89426781176711,71.96938353926258,74.22474555178574,,,,LHHL,HHLL,LHLL,HHHL,LHHL,HHHL,1,0,1.0,0.0,1.0,1.0,0.0,0.0,1,1
2024-08-01,DBL,513.3,588.4,496.35,561.2,1190394,647627665.0,520.05,421.05,559.3,564.0,476.8,341.65,518.25,522.35,561.2,600.55,522.35,600.55,588.4,159.7,749.3,159.7,676.66,861.6949999999999,0.08287506029908354,-0.007849143294725747,0.286576354679803,0.2856815578465064,0.7112364689739292,-0.060138987883107675,-0.10735923022095517,-0.1417498218104064,-0.26380969351389894,504.7106186964455,455.30451420363414,476.46592804466826,455.57389206700236,431.7721840266639,412.5548915881448,85.73158826855793,0.501,-0.0481,1.3615,-0.8535,0.1772,False,77.50838184238873,75.08586396860854,68.89426781176711,71.96938353926258,,,,HHHL,LHHL,HHLL,LHLL,HHHL,LHHL,0,1,0.0,1.0,0.0,0.0,0.0,0.0,0,0
2024-09-02,DBL,570.95,582.4,515.0,527.45,751745,414385756.0,513.3,520.05,588.4,559.3,496.35,476.8,561.2,518.25,561.2,600.55,561.2,600.55,588.4,159.7,588.4,159.7,676.66,676.66,-0.060138987883107675,0.08287506029908354,-0.007849143294725747,0.1545364999452774,0.6919005613472335,-0.05024172907384594,-0.08683287515404314,-0.14683856289695718,-0.09735519954498062,512.2904124642971,468.4218752575189,504.7106186964455,476.46592804466826,455.30451420363414,431.7721840266639,84.42218910651809,-0.3998,0.501,-0.0481,1.3615,-0.8535,False,67.73201324410563,72.84862865465051,75.08586396860854,68.89426781176711,,,,LHHL,HHHL,LHHL,HHLL,LHLL,HHHL,1,0,1.0,0.0,1.0,0.0,0.0,0.0,0,0
2024-10-01,DBL,523.15,540.45,455.0,500.95,388096,192673633.0,570.95,513.3,582.4,588.4,515.0,496.35,527.45,561.2,561.2,561.2,561.2,600.55,588.4,159.7,588.4,159.7,676.66,676.66,-0.05024172907384594,-0.060138987883107675,0.08287506029908354,0.06596446430471326,0.647590856766979,-0.03852679908174472,-0.10170675716139332,-0.13314702066074457,-0.1579998003792793,508.51027497619805,474.3360797561518,512.2904124642971,504.7106186964455,468.4218752575189,455.30451420363414,84.49560417033823,-0.3136,-0.3998,0.501,-0.0481,1.3615,False,60.71657148256815,68.6523221896875,72.84862865465051,75.08586396860854,,,,LHLL,LHHL,HHHL,LHHL,HHLL,LHLL,2,0,0.0,1.0,0.0,0.0,0.0,0.0,0,0
2024-11-01,DBL,512.65,512.65,422.2,481.65,280206,130850806.0,523.15,570.95,540.45,582.4,455.0,515.0,500.95,527.45,561.2,561.2,561.2,561.2,588.4,159.7,588.4,159.7,676.66,676.66,-0.03852679908174472,-0.05024172907384594,-0.060138987883107675,0.18633004926108376,0.2172100075815011,-0.06571161631890376,-0.09841170974774205,-0.14221945396034463,0.02200768192671032,499.5568499841321,475.6658834368514,508.51027497619805,512.2904124642971,474.3360797561518,468.4218752575189,84.9209181581712,-0.2273,-0.3136,-0.3998,0.501,-0.0481,False,55.80529200232859,61.41795890966747,68.6523221896875,72.84862865465051,,,,LHLL,LHLL,LHHL,HHHL,LHHL,HHLL,3,0,0.0,0.0,1.0,0.0,0.0,0.0,0,0
2024-12-02,DBL,480.1,515.15,441.95,450.0,142119,68550540.0,512.65,523.15,512.65,540.45,422.2,455.0,481.65,500.95,561.2,561.2,561.2,561.2,588.4,159.7,588.4,159.7,676.66,676.66,-0.06571161631890376,-0.03852679908174472,-0.05024172907384594,-0.1385086627740021,0.16989470947614715,-0.03500000000000003,-0.0818888888888889,0.05800000000000005,0.1359999999999999,483.0378999894214,470.99935917560566,499.5568499841321,508.51027497619805,475.6658834368514,474.3360797561518,84.08370971830183,-0.3764,-0.2273,-0.3136,-0.3998,0.501,False,48.326433017147714,54.94943216734816,61.41795890966747,68.6523221896875,19.43248469634491,,,HHHL,LHLL,LHLL,LHHL,HHHL,LHHL,4,0,0.0,0.0,0.0,0.0,0.0,0.0,0,0
2025-01-01,DBL,461.95,482.15,363.45,434.25,1480933,582892657.0,480.1,512.65,515.15,512.65,441.95,422.2,450.0,481.65,561.2,561.2,561.2,561.2,588.4,159.7,588.4,159.7,676.66,676.66,-0.03500000000000003,-0.06571161631890376,-0.03852679908174472,-0.16208393632416784,0.08562500000000006,-0.04858952216465173,0.09637305699481868,-0.02867012089810017,0.10777202072538872,466.7752666596143,464.3176575073137,483.0378999894214,499.5568499841321,470.99935917560566,475.6658834368514,86.55630188128028,-0.182,-0.3764,-0.2273,-0.3136,-0.3998,False,44.83778060852453,49.65650187600028,54.94943216734816,61.41795890966747,19.395016680521135,19.43248469634491,,LHLL,HHHL,LHLL,LHLL,LHHL,HHHL,5,0,0.0,0.0,0.0,0.0,0.0,0.0,0,0
2025-02-01,DBL,429.0,454.45,382.45,413.15,354117,150984479.0,461.95,480.1,482.15,515.15,363.45,441.95,434.25,450.0,561.2,561.2,561.2,561.2,588.4,159.7,588.4,159.7,676.66,676.66,-0.04858952216465173,-0.03500000000000003,-0.06571161631890376,-0.26380969351389894,-0.053493699885452495,0.15236596877647357,0.02093670579692608,0.19145588769212152,0.13397071281616846,448.9001777730762,455.0144470514385,466.7752666596143,483.0378999894214,464.3176575073137,470.99935917560566,85.5165660326174,-0.2467,-0.182,-0.3764,-0.2273,-0.3136,False,40.29169900184262,44.48530420917162,49.65650187600028,54.94943216734816,16.660524142331727,19.395016680521135,19.43248469634491,LHHL,LHLL,HHHL,LHLL,LHLL,LHHL,6,0,0.0,0.0,0.0,0.0,0.0,0.0,0,0
2025-03-03,DBL,408.7,488.35,408.7,476.1,349976,159075186.0,429.0,461.95,454.45,482.15,382.45,363.45,413.15,434.25,561.2,561.2,561.2,561.2,588.4,159.7,588.4,159.7,676.66,676.66,0.15236596877647357,-0.04858952216465173,-0.03500000000000003,-0.09735519954498062,0.04213636861114156,-0.11405166981726533,0.03392144507456418,0.07372400756143649,-0.0077714765805504404,457.96678518205084,458.8481839511769,448.9001777730762,466.7752666596143,455.0144470514385,464.3176575073137,85.09752560171617,0.7397,-0.2467,-0.182,-0.3764,-0.2273,False,55.86647489102219,46.99865150046312,44.48530420917162,49.65650187600028,77.20575481646952,16.660524142331727,19.395016680521135,HHHL,LHHL,LHLL,HHHL,LHLL,LHLL,0,0,0.0,0.0,0.0,0.0,0.0,0.0,0,0
2025-04-01,DBL,485.5,485.5,381.05,421.8,136818,61839847.0,408.7,429.0,488.35,454.45,408.7,382.45,476.1,413.15,561.2,561.2,561.2,561.2,588.4,159.7,588.4,159.7,676.66,676.66,-0.11405166981726533,0.15236596877647357,-0.04858952216465173,-0.1579998003792793,-0.10245770826683687,0.16702228544333808,0.21194879089615926,0.1404694167852063,0.17377904220009488,445.9111901213672,452.11215050550834,457.96678518205084,448.9001777730762,458.8481839511769,455.0144470514385,86.47984520159359,-0.6279,0.7397,-0.2467,-0.182,-0.3764,False,44.250489510129725,46.80288780099818,46.99865150046312,44.48530420917162,38.088752157191585,77.20575481646952,16.660524142331727,LHLL,HHHL,LHHL,LHLL,HHHL,LHLL,1,0,0.0,0.0,0.0,0.0,0.0,0.0,0,0
2025-05-02,DBL,421.8,515.75,410.0,492.25,356342,169091759.0,485.5,408.7,485.5,488.35,381.05,408.7,421.8,476.1,561.2,561.2,561.2,561.2,588.4,159.7,588.4,159.7,676.66,676.66,0.16702228544333808,-0.11405166981726533,0.15236596877647357,0.02200768192671032,0.21243842364532028,0.03849669883189444,-0.022752666328085258,-0.048247841543930914,-0.031081767394616544,461.3574600809115,459.4099413226886,445.9111901213672,457.96678518205084,452.11215050550834,458.8481839511769,87.8562848300512,0.8019,-0.6279,0.7397,-0.2467,-0.182,False,57.59610238305808,52.57102226140333,46.80288780099818,46.99865150046312,74.60698214922029,38.088752157191585,77.20575481646952,HHHL,LHLL,HHHL,LHHL,LHLL,HHHL,0,0,0.0,0.0,0.0,0.0,0.0,0.0,0,0
2025-06-02,DBL,496.7,554.25,481.55,511.2,485408,249045639.0,421.8,485.5,515.75,485.5,410.0,381.05,492.25,421.8,561.2,561.2,561.2,561.2,588.4,159.7,588.4,159.7,676.66,676.66,0.03849669883189444,0.16702228544333808,-0.11405166981726533,0.1359999999999999,-0.021345840911266456,-0.058978873239436624,-0.08352895148669792,-0.0758998435054773,-0.068368544600939,477.97164005394103,468.8263156276543,461.3574600809115,445.9111901213672,459.4099413226886,452.11215050550834,86.7736930564761,0.2184,0.8019,-0.6279,0.7397,-0.2467,False,60.55902375702826,54.13520521673868,52.57102226140333,46.80288780099818,69.12583534707512,74.60698214922029,38.088752157191585,HHHL,HHHL,LHLL,HHHL,LHHL,LHLL,0,0,0.0,0.0,0.0,0.0,0.0,0.0,0,0
2025-07-01,DBL,511.2,523.9,456.05,481.05,257251,126635765.0,496.7,421.8,554.25,515.75,481.55,410.0,511.2,492.25,561.2,561.2,561.2,561.2,588.4,159.7,588.4,159.7,676.66,676.66,-0.058978873239436624,0.03849669883189444,0.16702228544333808,0.10777202072538872,-0.07178002894356006,-0.02608876416172956,-0.017981498804698126,0.029206943145203335,-0.05082631743062049,478.9977600359607,471.0488036953535,477.97164005394103,461.3574600809115,468.8263156276543,459.4099413226886,85.42200069529925,-0.353,0.2184,0.8019,-0.6279,0.7397,False,53.60629859054107,57.25380824354247,54.13520521673868,52.57102226140333,37.549748604838236,69.12583534707512,74.60698214922029,LHLL,HHHL,HHHL,LHLL,HHHL,LHHL,1,0,0.0,0.0,0.0,0.0,0.0,0.0,0,0
2025-08-01,DBL,472.0,499.9,454.8,468.5,754638,358372185.0,511.2,496.7,523.9,554.25,456.05,481.55,481.05,511.2,561.2,561.2,561.2,561.2,588.4,159.7,588.4,159.7,676.66,676.66,-0.02608876416172956,-0.058978873239436624,0.03849669883189444,0.13397071281616846,-0.16518175338560237,0.008324439701173914,0.05677694770544295,0.018036286019210257,-0.11280683030949845,475.4985066906405,470.58538484165285,478.9977600359607,477.97164005394103,471.0488036953535,468.8263156276543,82.54185778849215,-0.152,-0.353,0.2184,0.8019,-0.6279,False,50.77534790685117,54.98022341814016,57.25380824354247,54.13520521673868,35.43261359051584,37.549748604838236,69.12583534707512,LHLL,LHLL,HHHL,HHHL,LHLL,HHHL,2,0,0.0,0.0,0.0,0.0,0.0,0.0,0,0
2025-09-01,DBL,462.05,587.9,455.65,472.4,1813536,911980277.0,472.0,511.2,499.9,523.9,454.8,456.05,468.5,481.05,561.2,561.2,561.2,561.2,587.9,159.7,588.4,159.7,676.0849999999999,676.66,0.008324439701173914,-0.02608876416172956,-0.058978873239436624,-0.0077714765805504404,-0.10437008247227242,0.048052497883150025,0.009631668077900057,0.00814987298899239,-0.17834462320067745,474.4656711270937,470.9153148704432,475.4985066906405,478.9977600359607,470.58538484165285,471.0488036953535,86.09243937502843,0.0453,-0.152,-0.353,0.2184,0.8019,False,51.70011057659116,52.02725235799446,54.98022341814016,57.25380824354247,56.72379502523906,35.43261359051584,37.549748604838236,HHHL,LHLL,LHLL,HHHL,HHHL,LHLL,0,0,0.0,0.0,0.0,0.0,0.0,0.0,0,0
2025-10-01,DBL,480.0,531.4,471.0,495.1,403459,201812948.0,462.05,472.0,587.9,499.9,455.65,454.8,472.4,468.5,561.2,561.2,561.2,561.2,587.9,159.7,587.9,159.7,676.0849999999999,676.0849999999999,0.048052497883150025,0.008324439701173914,-0.02608876416172956,0.17377904220009488,-0.011677812156901779,-0.036659260755403045,-0.03807311654211276,-0.07776206826903653,-0.05948293274086047,481.3437807513958,475.31253034854444,474.4656711270937,475.4985066906405,470.9153148704432,470.58538484165285,84.25726513395499,0.2694,0.0453,-0.152,-0.353,0.2184,False,57.16469944414226,53.21338597586152,52.02725235799446,54.98022341814016,69.74388432293279,56.72379502523906,35.43261359051584,LHHL,HHHL,LHLL,LHLL,HHHL,HHHL,1,0,0.0,0.0,0.0,0.0,0.0,0.0,0,0
2025-11-03,DBL,498.4,528.0,425.3,476.95,638440,302759290.0,480.0,462.05,531.4,587.9,471.0,455.65,495.1,472.4,561.2,561.2,561.2,561.2,587.9,159.7,587.9,159.7,676.0849999999999,676.0849999999999,-0.036659260755403045,0.048052497883150025,0.008324439701173914,-0.031081767394616544,-0.009758123118447037,-0.0014676590837613412,-0.042666946220777824,-0.12852500262081978,-0.10892127057343537,479.87918716759725,475.61025210335447,481.3437807513958,474.4656711270937,475.31253034854444,470.9153148704432,85.5746033386725,-0.2121,0.2694,0.0453,-0.152,-0.353,True,51.70758373608681,53.52413125227341,53.21338597586152,52.02725235799446,37.69062792747815,69.74388432293279,56.72379502523906,LHLL,LHHL,HHHL,LHLL,LHLL,HHHL,2,0,0.0,0.0,0.0,0.0,0.0,0.0,0,0
2025-12-01,DBL,479.95,490.7,433.4,476.25,420550,195053001.0,498.4,480.0,528.0,531.4,425.3,471.0,476.95,495.1,561.2,561.2,561.2,561.2,587.9,159.7,587.9,159.7,676.0849999999999,676.0849999999999,-0.0014676590837613412,-0.036659260755403045,0.048052497883150025,-0.068368544600939,0.05833333333333335,-0.04125984251968495,-0.12724409448818907,-0.18498687664042002,,478.66945811173156,475.7265699027446,479.87918716759725,481.3437807513958,475.61025210335447,475.31253034854444,83.5549888144816,-0.0084,-0.2121,0.2694,0.0453,-0.152,True,51.48642901783141,53.45290406602016,53.52413125227341,53.21338597586152,38.896126998620055,37.69062792747815,69.74388432293279,LHHL,LHLL,LHHL,HHHL,LHLL,LHLL,3,0,0.0,0.0,0.0,0.0,0.0,0.0,0,0
2026-01-02,DBL,474.15,475.85,444.25,456.6,53539,24793715.0,479.95,498.4,490.7,528.0,433.4,425.3,476.25,476.95,561.2,561.2,561.2,561.2,587.9,159.7,587.9,159.7,676.0849999999999,676.0849999999999,-0.04125984251968495,-0.0014676590837613412,-0.036659260755403045,-0.05082631743062049,0.051468048359240015,-0.08968462549277278,-0.14991239597021477,0.01982041173893978,,471.31297207448773,472.24901173860917,478.66945811173156,479.87918716759725,475.7265699027446,475.61025210335447,79.8724896134472,-0.246,-0.0084,-0.2121,0.2694,0.0453,True,45.160657187005846,49.451556646974694,53.45290406602016,53.52413125227341,25.388793862257515,38.896126998620055,37.69062792747815,LHHL,LHHL,LHLL,LHHL,HHHL,LHLL,4,0,0.0,0.0,0.0,0.0,0.0,0.0,0,0
2026-02-01,DBL,459.05,480.3,411.1,415.65,281725,126749978.0,474.15,479.95,475.85,490.7,444.25,433.4,456.6,476.25,561.2,561.2,561.2,561.2,587.9,159.7,587.9,159.7,676.0849999999999,676.0849999999999,-0.08968462549277278,-0.04125984251968495,-0.0014676590837613412,-0.11280683030949845,0.00605107103957403,-0.06616143389871287,0.12029351617947803,0.02249488752556239,,452.7586480496585,461.95828233158926,471.31297207448773,478.66945811173156,472.24901173860917,475.7265699027446,79.1101689267724,-0.5176,-0.246,-0.0084,-0.2121,0.2694,True,34.77330489312814,43.80679703265513,49.451556646974694,53.45290406602016,14.578737039892411,25.388793862257515,38.896126998620055,HHLL,LHHL,LHHL,LHLL,LHHL,HHHL,5,0,0.0,0.0,0.0,0.0,0.0,0.0,0,0
2026-03-02,DBL,403.3,471.65,381.75,388.15,263482,111727715.0,459.05,474.15,480.3,475.85,411.1,444.25,415.65,456.6,561.2,561.2,561.2,561.2,587.9,381.75,587.9,159.7,676.0849999999999,676.0849999999999,-0.06616143389871287,-0.08968462549277278,-0.04125984251968495,-0.17834462320067745,-0.18473009871875667,0.19966507793378852,0.09493752415303369,,,431.2224320331057,448.53859463493666,452.7586480496585,471.31297207448773,461.95828233158926,472.24901173860917,79.88087114628865,-0.3443,-0.5176,-0.246,-0.0084,-0.2121,False,29.46374905616905,36.46590371210101,43.80679703265513,49.451556646974694,13.742984234532912,14.578737039892411,25.388793862257515,LHLL,HHLL,LHHL,LHHL,LHLL,LHHL,6,0,0.0,0.0,0.0,0.0,0.0,,0,0
2026-04-01,DBL,397.0,479.0,389.55,465.65,143908,63966692.0,403.3,459.05,471.65,480.3,381.75,411.1,388.15,415.65,561.2,561.2,561.2,561.2,587.9,381.75,587.9,381.75,676.0849999999999,676.0849999999999,0.19966507793378852,-0.06616143389871287,-0.08968462549277278,-0.05948293274086047,0.103959222380275,-0.08729732631804998,,,,442.69828802207047,451.6497592467663,431.2224320331057,452.7586480496585,448.53859463493666,461.95828233158926,80.66438035012519,0.9608,-0.3443,-0.5176,-0.246,-0.0084,False,53.0393265061914,39.09212681849619,36.46590371210101,43.80679703265513,79.24733222914442,13.742984234532912,14.578737039892411,HHHL,LHLL,HHLL,LHHL,LHHL,LHLL,0,0,0.0,0.0,0.0,0.0,,,0,0
2026-05-04,DBL,462.1,496.15,421.4,425.0,125374,57187708.0,397.0,403.3,479.0,471.65,389.55,381.75,465.65,388.15,561.2,561.2,561.2,561.2,587.9,381.75,587.9,381.75,676.0849999999999,676.0849999999999,-0.08729732631804998,0.19966507793378852,-0.06616143389871287,-0.10892127057343537,-0.1366175723717623,,,,,436.79885868138035,446.804348474627,442.69828802207047,431.2224320331057,451.6497592467663,448.53859463493666,80.24192461083054,-0.5066,0.9608,-0.3443,-0.5176,-0.246,False,44.03323773882036,42.1787711003936,39.09212681849619,36.46590371210101,41.16290416650415,79.24733222914442,13.742984234532912,HHHL,HHHL,LHLL,HHLL,LHHL,LHHL,1,0,0.0,0.0,0.0,,,,0,0
2015-01-01,NIFTYBEES,83.5,90.6,81.9,89.3,3499,34040014.0,,,,,,,,,,,,,,,,,,,,,,,,0.002239641657334923,-0.048376259798432186,-0.0727883538633819,-0.03426651735722286,,,,,,,0.0,,,,,,False,,,,,,,,nan,,,,,,0,0,,,,0.0,0.0,0.0,0,0
2015-02-02,NIFTYBEES,89.3,91.5,86.0,89.5,3706,22729622.0,83.5,,90.6,,81.9,,89.3,,,,,,91.5,,,,105.225,,0.002239641657334923,,,,,-0.05050279329608931,-0.0748603351955307,-0.05351955307262579,-0.09832402234636872,,,,,,,0.0,,,,,,False,,,,,,,,HHHL,nan,,,,,0,0,0.0,,,0.0,0.0,0.0,0,0
2015-03-02,NIFTYBEES,89.9,90.98,83.2,84.98,3665,25045016.0,89.3,83.5,91.5,90.6,86.0,81.9,89.5,89.3,,,,,91.5,,91.5,,105.225,105.225,-0.05050279329608931,0.002239641657334923,,,,-0.025653094845846214,-0.0031772181689810886,-0.010355377735937976,-0.05718992704165682,,,,,,,0.0,,,,,,False,,,,,,,,LHLL,HHHL,nan,,,,1,0,0.0,0.0,,0.0,0.0,0.0,0,0
2015-04-01,NIFTYBEES,85.2,90.0,82.02,82.8,3077,16612168.0,89.9,89.3,90.98,91.5,83.2,86.0,84.98,89.5,,,,,91.5,,91.5,,105.225,105.225,-0.025653094845846214,-0.05050279329608931,0.002239641657334923,,,0.023067632850241493,0.01570048309178751,0.04154589371980677,-0.004830917874396046,,,,,,,0.0,,,,,,False,,,,,,,,LHLL,LHLL,HHHL,nan,,,2,0,0.0,0.0,0.0,0.0,0.0,0.0,0,0
2015-05-04,NIFTYBEES,83.0,84.84,80.51,84.71,2299,12981914.0,85.2,89.9,90.0,90.98,82.02,83.2,82.8,84.98,,,,,91.5,,91.5,,105.225,105.225,0.023067632850241493,-0.025653094845846214,-0.05050279329608931,,,-0.0072010388383897395,0.0180616220044858,-0.04733797662613615,-0.05217801912407016,85.70530864197534,,,,,,0.0,,,,,,False,,,,,,,,LHLL,LHLL,LHLL,HHHL,nan,,3,0,0.0,0.0,0.0,0.0,0.0,0.0,0,0
2015-06-01,NIFTYBEES,84.5,85.45,80.2,84.1,2466,25417524.0,83.0,85.2,84.84,90.0,80.51,82.02,84.71,82.8,,,,,91.5,,91.5,,105.225,105.225,-0.0072010388383897395,0.023067632850241493,-0.025653094845846214,,,0.025445897740784762,-0.04042806183115333,-0.04732461355529116,-0.04673008323424488,85.1702057613169,,85.70530864197534,,,,0.0,,,,,,False,,,,,,,,HHLL,LHLL,LHLL,LHLL,HHHL,nan,4,0,0.0,0.0,0.0,0.0,0.0,0.0,0,0
2015-07-01,NIFTYBEES,84.1,87.65,84.01,86.24,1790,17526310.0,84.5,83.0,85.45,84.84,80.2,80.51,84.1,84.71,,,,,91.5,,91.5,,105.225,105.225,0.025445897740784762,-0.0072010388383897395,0.023067632850241493,-0.03426651735722286,,-0.06423933209647481,-0.07096474953617804,-0.0445269016697587,-0.11259276437847865,85.52680384087793,,85.1702057613169,85.70530864197534,,,0.0,,,,,,False,45.611297433782944,,,,,,,HHHL,HHLL,LHLL,LHLL,LHLL,HHHL,0,0,0.0,0.0,0.0,0.0,0.0,0.0,0,0
2015-08-03,NIFTYBEES,86.5,87.4,77.7,80.7,2694,25537716.0,84.1,84.5,87.65,85.45,84.01,80.2,86.24,84.1,,,,,91.5,,91.5,,105.225,105.225,-0.06423933209647481,0.025445897740784762,-0.0072010388383897395,-0.09832402234636872,,-0.0071871127633209575,0.02106567534076831,-0.00508054522924406,-0.1229244114002479,83.91786922725197,,85.52680384087793,85.1702057613169,,,0.0,,,,,,False,25.18807699794357,,,,,,,LHLL,HHHL,HHLL,LHLL,LHLL,LHLL,1,0,0.0,0.0,0.0,0.0,0.0,0.0,0,0
2015-09-01,NIFTYBEES,80.5,81.75,76.5,80.12,3072,31719236.0,86.5,84.1,87.4,87.65,77.7,84.01,80.7,86.24,,,,,91.5,,91.5,,105.225,105.225,-0.0071871127633209575,-0.06423933209647481,0.025445897740784762,-0.05718992704165682,,0.02845731402895657,0.0021218172740888885,0.0006240639041437124,-0.013105341987019625,82.65191281816799,,83.91786922725197,85.52680384087793,,,0.0,,,,,,False,23.881946591089275,31.560440340938595,,,,,,LHLL,LHLL,HHHL,HHLL,LHLL,LHLL,2,0,0.0,0.0,0.0,0.0,0.0,0.0,0,0
2015-10-01,NIFTYBEES,80.5,84.0,80.0,82.4,1959,19581176.0,80.5,86.5,81.75,87.4,76.5,77.7,80.12,80.7,,,,,91.5,,91.5,,105.225,105.225,0.02845731402895657,-0.0071871127633209575,-0.06423933209647481,-0.004830917874396046,,-0.02560679611650485,-0.027063106796116565,-0.07123786407766997,-0.03604368932038837,82.56794187877867,84.05870329911401,82.65191281816799,83.91786922725197,,,0.0,,,,,,False,38.50627611581018,29.19209990161434,31.560440340938595,,,,,HHHL,LHLL,LHLL,HHHL,HHLL,LHLL,3,0,0.0,0.0,0.0,0.0,0.0,0.0,0,0
2015-11-02,NIFTYBEES,82.3,82.5,78.12,80.29,2154,16102038.0,80.5,80.5,84.0,81.75,80.0,76.5,82.4,80.12,,,,,91.5,,91.5,,105.225,105.225,-0.02560679611650485,0.02845731402895657,-0.0071871127633209575,-0.05217801912407016,,-0.0014945821397435166,-0.046830240378627486,-0.11844563457466684,0.026777930003736294,81.8086279191858,83.37348451745692,82.56794187877867,82.65191281816799,84.05870329911401,,0.0,,,,,,False,31.890964041106287,31.42639558266858,29.19209990161434,31.560440340938595,,,,LHLL,HHHL,LHLL,LHLL,HHHL,HHLL,4,0,0.0,0.0,0.0,0.0,0.0,0.0,0,0
2015-12-01,NIFTYBEES,80.4,80.7,76.52,80.17,2150,20366011.0,82.3,80.5,82.5,84.0,78.12,80.0,80.29,82.4,89.5,89.5,,,91.5,,91.5,,105.225,105.225,-0.0014945821397435166,-0.02560679611650485,0.02845731402895657,-0.04673008323424488,,-0.04540351752525884,-0.11712610702257698,-0.013720843208182676,0.049644505425969765,81.26241861279054,82.7910327870102,81.8086279191858,82.56794187877867,83.37348451745692,84.05870329911401,0.0,,,,,,False,31.53153799047115,33.97625938246254,31.42639558266858,29.19209990161434,,,,LHLL,LHLL,HHHL,LHLL,LHLL,HHHL,5,0,0.0,0.0,0.0,0.0,0.0,0.0,0,0
2016-01-01,NIFTYBEES,80.3,80.9,73.4,76.53,3153,35397591.0,80.4,82.3,80.7,82.5,76.52,78.12,80.17,80.29,89.5,89.5,89.5,89.5,91.5,,91.5,,105.225,105.225,-0.04540351752525884,-0.0014945821397435166,-0.02560679611650485,-0.11259276437847865,-0.14300111982082864,-0.07513393440480853,0.03318959885012407,0.037893636482425164,0.15013720109760875,79.68494574186036,81.65266318937198,81.26241861279054,81.8086279191858,82.7910327870102,83.37348451745692,0.0,,,,,,False,22.54105433040327,28.654518787326904,33.97625938246254,31.42639558266858,,,,HHLL,LHLL,LHLL,HHHL,LHLL,LHLL,6,0,0.0,0.0,0.0,0.0,0.0,0.0,0,0
2016-02-01,NIFTYBEES,77.0,77.0,69.5,70.78,3588,40606895.0,80.3,80.4,80.9,80.7,73.4,76.52,76.53,80.17,89.5,89.5,89.5,89.5,91.5,69.5,91.5,,105.225,105.225,-0.07513393440480853,-0.04540351752525884,-0.0014945821397435166,-0.1229244114002479,-0.20916201117318434,0.1171234812093811,0.1222096637468213,0.16473580107374963,0.2653291890364511,76.71663049457358,79.67581533675889,79.68494574186036,81.26241861279054,81.65266318937198,82.7910327870102,6.1207142857142856,-0.9394,,,,,False,14.776427368737174,22.94967322987053,28.654518787326904,33.97625938246254,,,,LHLL,HHLL,LHLL,LHLL,HHHL,LHLL,7,0,0.0,0.0,0.0,0.0,0.0,0.0,0,0
2016-03-01,NIFTYBEES,71.24,79.2,71.2,79.07,2330,27287970.0,77.0,80.3,77.0,80.9,69.5,73.4,70.78,76.53,89.5,89.5,89.5,89.5,91.5,69.5,91.5,69.5,105.225,105.225,0.1171234812093811,-0.07513393440480853,-0.04540351752525884,-0.013105341987019625,-0.0695457754765828,0.004552927785506755,0.04262046288099164,0.06424686986214767,0.10914379663589235,77.50108699638238,79.56566709371181,76.71663049457358,79.68494574186036,79.67581533675889,81.65266318937198,6.284948979591837,1.319,-0.9394,,,,False,46.04060078159743,27.786027493579294,22.94967322987053,28.654518787326904,,,,HHHL,LHLL,HHLL,LHLL,LHLL,HHHL,0,0,0.0,0.0,0.0,0.0,0.0,0.0,0,0
2016-04-01,NIFTYBEES,78.7,81.0,76.44,79.43,1599,13864746.0,71.24,77.0,79.2,77.0,71.2,69.5,79.07,70.78,89.5,89.5,89.5,89.5,91.5,69.5,91.5,69.5,105.225,105.225,0.004552927785506755,0.1171234812093811,-0.07513393440480853,-0.03604368932038837,-0.04070048309178731,0.03789500188845518,0.0594233916656175,0.10814553695077422,0.10902681606445919,78.14405799758826,79.54100034940056,77.50108699638238,76.71663049457358,79.56566709371181,79.67581533675889,6.1617383381924204,0.0584,1.319,-0.9394,,,False,47.02518177945631,35.94740330993031,27.786027493579294,22.94967322987053,,,,HHHL,HHHL,LHLL,HHLL,LHLL,LHLL,0,0,0.0,0.0,0.0,0.0,0.0,0.0,0,0
2016-05-02,NIFTYBEES,79.5,84.0,77.8,82.44,1909,18963240.0,78.7,71.24,81.0,79.2,76.44,71.2,79.43,79.07,89.5,89.5,89.5,89.5,91.5,69.5,91.5,69.5,105.225,105.225,0.03789500188845518,0.004552927785506755,0.1171234812093811,0.026777930003736294,-0.026797308464171832,0.020742358078602807,0.06768558951965065,0.08636584182435714,0.01734594856865601,79.57603866505885,80.06809119496408,78.14405799758826,77.50108699638238,79.54100034940056,79.56566709371181,6.164471314035819,0.4883,0.0584,1.319,-0.9394,,False,55.0294765107878,49.36508635728052,35.94740330993031,27.786027493579294,,,,HHHL,HHHL,HHHL,LHLL,HHLL,LHLL,0,0,0.0,0.0,0.0,0.0,0.0,1.0,1,1
2016-06-01,NIFTYBEES,82.6,99.6,80.86,84.15,1879,19005807.0,79.5,78.7,84.0,81.0,77.8,76.44,82.44,79.43,89.5,89.5,89.5,89.5,91.5,69.5,91.5,69.5,105.225,105.225,0.020742358078602807,0.03789500188845518,0.004552927785506755,0.049644505425969765,0.0005945303210466157,0.04598930481283414,0.06428995840760532,0.042186571598336275,-0.007248960190136655,81.10069244337257,80.81025643224334,79.57603866505885,78.14405799758826,80.06809119496408,79.54100034940056,7.062723363033261,0.2421,0.4883,0.0584,1.319,-0.9394,False,59.12310049374821,53.725919594664106,49.36508635728052,35.94740330993031,,,,HHHL,HHHL,HHHL,HHHL,LHLL,HHLL,0,0,0.0,0.0,0.0,0.0,1.0,0.0,1,1
2016-07-01,NIFTYBEES,84.4,88.5,84.02,88.02,1618,20617012.0,82.6,79.5,99.6,84.0,80.86,77.8,84.15,82.44,89.5,89.5,89.5,89.5,91.5,69.5,91.5,69.5,105.225,105.225,0.04598930481283414,0.020742358078602807,0.03789500188845518,0.15013720109760875,0.020640074211502712,0.01749602363099312,-0.0036355373778685918,0.0007952738014087579,-0.008520790729379724,83.40712829558171,82.12111889910817,81.10069244337257,79.57603866505885,80.81025643224334,80.06809119496408,6.8782431228166,0.5626,0.2421,0.4883,0.0584,1.319,False,67.0440241199346,60.398867041490206,53.725919594664106,49.36508635728052,,,,LHHL,HHHL,HHHL,HHHL,HHHL,LHLL,0,0,0.0,0.0,0.0,1.0,0.0,0.0,1,1
2016-08-01,NIFTYBEES,88.2,89.8,86.66,89.56,1478,23564059.0,84.4,82.6,88.5,99.6,84.02,80.86,88.02,84.15,89.56,89.56,89.5,89.5,91.5,69.5,91.5,69.5,105.225,105.225,0.01749602363099312,0.04598930481283414,0.020742358078602807,0.2653291890364511,0.1097893432465924,-0.02076820008932556,-0.01641357748995087,-0.06353282715497988,0.012393925859758737,85.45808553038782,83.47364273563394,83.40712829558171,81.10069244337257,82.12111889910817,80.81025643224334,6.611225756901129,0.2329,0.5626,0.2421,0.4883,0.0584,False,69.76407876670412,65.31040112679564,60.398867041490206,53.725919594664106,,,,HHHL,LHHL,HHHL,HHHL,HHHL,HHHL,0,1,0.0,0.0,0.0,0.0,0.0,0.0,0,0
2016-09-01,NIFTYBEES,89.7,108.57,87.3,87.7,1474,18665568.0,88.2,84.4,89.8,88.5,86.66,84.02,89.56,88.02,89.56,89.56,89.56,89.56,108.57,69.5,91.5,69.5,124.85549999999998,105.225,-0.02076820008932556,0.01749602363099312,0.04598930481283414,0.10914379663589235,0.09460808786819763,0.0044469783352336645,-0.04367160775370582,-0.047434435575826606,0.06681870011402502,86.2053903535919,84.24207132915505,85.45808553038782,83.40712829558171,83.47364273563394,82.12111889910817,7.658281059979619,-0.2429,0.2329,0.5626,0.2421,0.4883,False,62.49577418549799,66.43462569071225,65.31040112679564,60.398867041490206,,,,HHHL,HHHL,LHHL,HHHL,HHHL,HHHL,1,0,1.0,0.0,0.0,0.0,0.0,0.0,0,0
2016-10-03,NIFTYBEES,87.9,89.5,87.0,88.09,918,8771692.0,89.7,88.2,108.57,89.8,87.3,86.66,87.7,89.56,89.56,89.56,89.56,89.56,108.57,69.5,108.57,69.5,124.85549999999998,124.85549999999998,0.0044469783352336645,-0.02076820008932556,0.01749602363099312,0.10902681606445919,0.06905339805825239,-0.04790555114087858,-0.05165171983199002,-0.009308661596095003,0.07798842093313652,86.83359356906126,84.94169472385413,86.2053903535919,85.45808553038782,84.24207132915505,83.47364273563394,7.2898324128382175,0.0535,-0.2429,0.2329,0.5626,0.2421,False,63.4278478240406,65.2292335920809,66.43462569071225,65.31040112679564,,,,LHLL,HHHL,HHHL,LHHL,HHHL,HHHL,2,0,0.0,1.0,0.0,0.0,0.0,0.0,0,0
2016-11-01,NIFTYBEES,88.46,88.8,81.2,83.87,2149,42382959.0,87.9,89.7,89.5,108.57,87.0,87.3,88.09,87.7,89.56,89.56,89.56,89.56,108.57,69.5,108.57,69.5,124.85549999999998,124.85549999999998,-0.04790555114087858,0.0044469783352336645,-0.02076820008932556,0.01734594856865601,0.04458836716901238,-0.003934660784547517,0.04053892929533798,0.08107785859067596,0.17372123524502192,85.84572904604084,84.74684113769882,86.83359356906126,86.2053903535919,84.94169472385413,84.24207132915505,7.31198724049263,-0.5771,0.0535,-0.2429,0.2329,0.5626,False,48.28050491714945,58.06804230889602,65.2292335920809,66.43462569071225,,,,LHLL,LHLL,HHHL,HHHL,LHHL,HHHL,3,0,0.0,0.0,1.0,0.0,0.0,1.0,1,1
2016-12-01,NIFTYBEES,86.4,86.4,80.71,83.54,1270,17723023.0,88.46,87.9,88.8,89.5,81.2,87.0,83.87,88.09,89.56,89.56,89.56,89.56,108.57,69.5,108.57,69.5,124.85549999999998,124.85549999999998,-0.003934660784547517,-0.04790555114087858,0.0044469783352336645,-0.007248960190136655,0.04203567419234133,0.04464926981086892,0.08534833612640647,0.11994254249461322,0.16854201580081396,85.07715269736057,84.52741547629903,85.84572904604084,86.83359356906126,84.74684113769882,84.94169472385413,7.19613100902887,-0.0459,-0.5771,0.0535,-0.2429,0.2329,False,47.25102937273619,52.98646070464208,58.06804230889602,65.2292335920809,,,,LHLL,LHLL,LHLL,HHHL,HHHL,LHHL,4,0,0.0,0.0,0.0,0.0,1.0,1.0,1,1
2017-01-02,NIFTYBEES,83.66,94.99,82.85,87.27,1122,28004912.0,86.4,88.46,86.4,88.8,80.71,81.2,83.54,83.87,89.56,89.56,89.56,89.56,108.57,69.5,108.57,69.5,124.85549999999998,124.85549999999998,0.04464926981086892,-0.003934660784547517,-0.04790555114087858,-0.008520790729379724,0.1403371226969814,0.038959550819296584,0.07207516901569844,0.08811733700011448,0.18368282342156528,85.80810179824039,85.02606720788103,85.07715269736057,85.84572904604084,84.52741547629903,84.74684113769882,7.549264508383951,0.4941,-0.0459,-0.5771,0.0535,-0.2429,False,58.82785321508858,51.45312916832474,52.98646070464208,58.06804230889602,,,,HHHL,LHLL,LHLL,LHLL,HHHL,HHHL,0,0,0.0,0.0,0.0,1.0,1.0,1.0,1,1
2017-02-01,NIFTYBEES,87.4,91.5,87.06,90.67,967,27117938.0,83.66,86.4,94.99,86.4,82.85,80.71,87.27,83.54,90.67,90.67,89.56,89.56,108.57,69.5,108.57,69.5,124.85549999999998,124.85549999999998,0.038959550819296584,0.04464926981086892,-0.003934660784547517,0.012393925859758737,0.2810115851935575,0.03187382816808215,0.04731443696922888,0.08569537884636591,0.12098819896327329,87.42873453216026,86.05223680644811,85.80810179824039,85.07715269736057,85.02606720788103,84.52741547629903,7.327174186356525,0.464,0.4941,-0.0459,-0.5771,0.0535,False,66.61885843573232,57.56591367451904,51.45312916832474,52.98646070464208,,,,LHHL,HHHL,LHLL,LHLL,LHLL,HHHL,1,1,0.0,0.0,0.0,1.0,1.0,1.0,1,1
2017-03-01,NIFTYBEES,90.8,94.09,90.3,93.56,1144,49585383.0,87.4,83.66,91.5,94.99,87.06,82.85,90.67,87.27,93.56,93.56,90.67,90.67,108.57,69.5,108.57,69.5,124.85549999999998,124.85549999999998,0.03187382816808215,0.038959550819296584,0.04464926981086892,0.06681870011402502,0.1832553433666373,0.014963659683625341,0.05215904232578028,0.04339461308251402,0.08176571184266779,89.47248968810685,87.41728465982118,87.42873453216026,85.80810179824039,86.05223680644811,85.02606720788103,7.07451888733106,0.4085,0.464,0.4941,-0.0459,-0.5771,False,71.89318824589292,65.77996663223793,57.56591367451904,51.45312916832474,,,,HHHL,LHHL,HHHL,LHLL,LHLL,LHLL,0,1,1.0,0.0,0.0,1.0,1.0,0.0,1,1
2017-04-03,NIFTYBEES,94.5,95.8,91.2,94.96,873,18697479.0,90.8,87.4,94.09,91.5,90.3,87.06,93.56,90.67,94.96,94.96,93.56,93.56,108.57,69.5,108.57,69.5,124.85549999999998,124.85549999999998,0.014963659683625341,0.03187382816808215,0.038959550819296584,0.07798842093313652,0.19551806622183032,0.03664700926705988,0.028011794439764204,0.08782645324347094,0.12089300758213994,91.30165979207123,88.7886874489446,89.47248968810685,87.42873453216026,87.41728465982118,86.05223680644811,6.897767538235984,0.203,0.4085,0.464,0.4941,-0.0459,False,74.19732286630739,70.90312318264421,65.77996663223793,57.56591367451904,,,,HHHL,HHHL,LHHL,HHHL,LHLL,LHLL,0,1,1.0,1.0,0.0,1.0,0.0,1.0,1,1
2017-05-02,NIFTYBEES,95.18,98.9,94.2,98.44,812,13587700.0,94.5,90.8,95.8,94.09,91.2,90.3,94.96,93.56,98.44,98.44,94.96,94.96,108.57,69.5,108.57,69.5,124.85549999999998,124.85549999999998,0.03664700926705988,0.014963659683625341,0.03187382816808215,0.17372123524502192,0.1940805434255215,-0.008329947175944707,0.04937017472572114,0.03250711093051617,0.0728362454286875,93.6811065280475,90.54347154913648,91.30165979207123,89.47248968810685,88.7886874489446,87.41728465982118,6.7407841426476995,0.5163,0.203,0.4085,0.464,0.4941,False,79.15332106714348,75.08127739311459,70.90312318264421,65.77996663223793,,,,HHHL,HHHL,HHHL,LHHL,HHHL,LHLL,0,1,1.0,1.0,1.0,0.0,1.0,0.0,1,1
2017-06-01,NIFTYBEES,98.28,99.9,97.0,97.62,695,13168600.0,95.18,94.5,98.9,95.8,94.2,91.2,98.44,94.96,98.44,98.44,98.44,98.44,108.57,69.5,108.57,69.5,124.85549999999998,124.85549999999998,-0.008329947175944707,0.03664700926705988,0.014963659683625341,0.16854201580081396,0.1600713012477719,0.05818479819709066,0.04118008604794099,0.036775250973161144,0.11032575291948366,94.99407101869834,91.83011308565712,93.6811065280475,91.30165979207123,90.54347154913648,88.7886874489446,6.466442418172865,-0.1268,0.5163,0.203,0.4085,0.464,False,75.18350540648332,76.17804977997805,75.08127739311459,70.90312318264421,,,,HHHL,HHHL,HHHL,HHHL,LHHL,HHHL,1,0,1.0,1.0,1.0,1.0,0.0,0.0,1,1
2017-07-03,NIFTYBEES,98.17,103.8,97.69,103.3,947,32922606.0,98.28,95.18,99.9,98.9,97.0,94.2,97.62,98.44,103.3,103.3,98.44,98.44,108.57,69.5,108.57,69.5,124.85549999999998,124.85549999999998,0.05818479819709066,-0.008329947175944707,0.03664700926705988,0.18368282342156528,0.17359690979322884,-0.016069699903194512,-0.02023233301064864,0.03039690222652469,0.098354307841239,97.76271401246555,93.9155470700831,94.99407101869834,93.6811065280475,91.83011308565712,90.54347154913648,6.445982245446231,0.8812,-0.1268,0.5163,0.203,0.4085,False,82.34085399558022,78.89256015640234,76.17804977997805,75.08127739311459,,,,HHHL,HHHL,HHHL,HHHL,HHHL,LHHL,0,1,0.0,1.0,1.0,0.0,0.0,1.0,1,1
2017-08-01,NIFTYBEES,103.3,104.0,99.6,101.64,709,13696882.0,98.17,98.28,103.8,99.9,97.69,97.0,103.3,97.62,103.3,103.3,103.3,103.3,108.57,69.5,108.57,69.5,124.85549999999998,124.85549999999998,-0.016069699903194512,0.05818479819709066,-0.008329947175944707,0.12098819896327329,0.13488164359088883,-0.004230617866981534,0.04722550177095619,0.039059425423061844,0.06847697756788662,99.05514267497703,95.31999305734071,97.76271401246555,94.99407101869834,93.9155470700831,91.83011308565712,6.299840656485786,-0.2635,0.8812,-0.1268,0.5163,0.203,False,74.96864039184845,77.49766659797068,78.89256015640234,76.17804977997805,,,,HHHL,HHHL,HHHL,HHHL,HHHL,HHHL,1,0,1.0,0.0,1.0,0.0,1.0,0.0,1,1
2017-09-01,NIFTYBEES,102.5,104.98,100.0,101.21,826,11973671.0,103.3,98.17,104.0,103.8,99.6,97.69,101.64,103.3,103.3,103.3,103.3,103.3,108.57,69.5,108.57,69.5,124.85549999999998,124.85549999999998,-0.004230617866981534,-0.016069699903194512,0.05818479819709066,0.08176571184266779,0.15404789053591772,0.05167473569805359,0.04347396502321921,0.07094160656061654,0.03754569706550748,99.77342844998469,96.39090341055149,99.05514267497703,97.76271401246555,95.31999305734071,93.9155470700831,6.205566323879659,-0.0693,-0.2635,0.8812,-0.1268,0.5163,False,72.993606634268,76.76770034056555,77.49766659797068,78.89256015640234,,,,HHHL,HHHL,HHHL,HHHL,HHHL,HHHL,2,0,0.0,1.0,0.0,1.0,0.0,1.0,1,1
2017-10-03,NIFTYBEES,101.3,106.97,101.21,106.44,769,14726172.0,102.5,103.3,104.98,104.0,100.0,99.6,101.21,101.64,106.44,106.44,103.3,103.3,108.57,69.5,108.57,69.5,124.85549999999998,124.85549999999998,0.05167473569805359,-0.004230617866981534,-0.016069699903194512,0.12089300758213994,0.20830968327846522,-0.007797820368282582,0.01832018038331462,0.06595264937993228,0.04331078541901534,101.99561896665648,98.2180118813603,99.77342844998469,99.05514267497703,96.39090341055149,95.31999305734071,6.173740157888255,0.8471,-0.0693,-0.2635,0.8812,-0.1268,False,80.34226906051198,76.10150536220948,76.76770034056555,77.49766659797068,,,,HHHL,HHHL,HHHL,HHHL,HHHL,HHHL,0,1,0.0,0.0,1.0,0.0,1.0,1.0,1,1
2017-11-01,NIFTYBEES,108.0,108.0,104.3,105.61,765,15346311.0,101.3,102.5,106.97,104.98,101.21,100.0,106.44,101.21,106.44,106.44,106.44,106.44,108.57,69.5,108.57,69.5,124.85549999999998,124.85549999999998,-0.007797820368282582,0.05167473569805359,-0.004230617866981534,0.0728362454286875,0.2592106832001908,0.026323264842344596,0.07433008237856265,0.028311712905974673,0.05633936180285959,103.20041264443766,99.56200972111297,101.99561896665648,99.77342844998469,98.2180118813603,96.39090341055149,5.997044432324808,-0.1384,0.8471,-0.0693,-0.2635,0.8812,False,76.48870815182168,76.60819461553389,76.10150536220948,76.76770034056555,,,,HHHL,HHHL,HHHL,HHHL,HHHL,HHHL,1,0,1.0,0.0,0.0,1.0,1.0,0.0,1,1
2017-12-01,NIFTYBEES,105.9,109.07,103.6,108.39,793,10732751.0,108.0,101.3,108.0,106.97,104.3,101.21,105.61,106.44,108.39,108.39,106.44,106.44,108.57,69.5,108.57,69.5,124.85549999999998,124.85549999999998,0.026323264842344596,-0.007797820368282582,0.05167473569805359,0.11032575291948366,0.29746229351208986,0.04677553279822866,0.0019374481040685954,-0.031183688532152365,0.024079712150567367,104.93027509629178,101.16709886272878,103.20041264443766,101.99561896665648,99.56200972111297,98.2180118813603,5.9593984014444645,0.4665,-0.1384,0.8471,-0.0693,-0.2635,False,80.19979641458316,79.01025787563894,76.60819461553389,76.10150536220948,,,,HHLL,HHHL,HHHL,HHHL,HHHL,HHHL,0,1,0.0,1.0,0.0,1.0,0.0,0.0,1,1
2018-01-01,NIFTYBEES,108.5,114.98,107.1,113.46,951,28010791.0,105.9,108.0,109.07,108.0,103.6,104.3,108.39,105.61,113.46,113.46,108.39,108.39,108.57,69.5,108.57,69.5,124.85549999999998,124.85549999999998,0.04677553279822866,0.026323264842344596,-0.007797820368282582,0.098354307841239,0.30010312822275687,-0.042834479111581225,-0.07447558610964211,-0.021240965979199666,0.042305658381808664,107.77351673086119,103.40217179677808,104.93027509629178,103.20041264443766,101.16709886272878,99.56200972111297,6.096584229912717,0.8316,0.4665,-0.1384,0.8471,-0.0693,False,85.17773314132789,80.62207923591092,79.01025787563894,76.60819461553389,,,,HHHL,HHLL,HHHL,HHHL,HHHL,HHHL,0,1,1.0,0.0,1.0,0.0,0.0,0.0,0,0
2018-02-01,NIFTYBEES,113.8,114.66,106.07,108.6,1353,31257828.0,108.5,105.9,114.98,109.07,107.1,103.6,113.46,108.39,113.46,113.46,113.46,113.46,108.57,69.5,108.57,69.5,124.85549999999998,124.85549999999998,-0.042834479111581225,0.04677553279822866,0.026323264842344596,0.06847697756788662,0.19775008271754713,-0.033057090239410614,0.022559852670349878,0.0272559852670351,0.12486187845303864,108.04901115390746,104.34723147009115,107.77351673086119,104.93027509629178,103.40217179677808,101.16709886272878,6.274685356347524,-0.7745,0.8316,0.4665,-0.1384,0.8471,False,66.48480907191859,77.28744620927655,80.62207923591092,79.01025787563894,,,,LHLL,HHHL,HHLL,HHHL,HHHL,HHHL,1,0,1.0,1.0,0.0,0.0,0.0,0.0,0,0
2018-03-01,NIFTYBEES,108.66,108.7,103.0,105.01,1058,25637659.0,113.8,108.5,114.66,114.98,106.07,107.1,108.6,113.46,113.46,113.46,113.46,113.46,108.57,69.5,108.57,69.5,124.85549999999998,124.85549999999998,-0.033057090239410614,-0.042834479111581225,0.04677553279822866,0.03754569706550748,0.12238135955536555,0.057518331587467886,0.06237501190362815,0.05704218645843251,0.090753261594134,107.03600743593832,104.46773483916547,108.04901115390746,107.77351673086119,104.34723147009115,103.40217179677808,6.233636402322701,-0.5759,-0.7745,0.8316,0.4665,-0.1384,False,55.910551005222935,69.19103107282314,77.28744620927655,80.62207923591092,,,,LHLL,LHLL,HHHL,HHLL,HHHL,HHHL,2,0,0.0,1.0,1.0,0.0,0.0,0.0,0,0
2018-04-02,NIFTYBEES,104.8,111.5,104.3,111.05,713,15523429.0,108.66,113.8,108.7,114.66,103.0,106.07,105.01,108.6,113.46,113.46,113.46,113.46,108.57,69.5,108.57,69.5,124.85549999999998,124.85549999999998,0.057518331587467886,-0.033057090239410614,-0.042834479111581225,0.04331078541901534,0.16943976411120487,0.004592525889239196,-0.00045024763619982977,0.06492570914002704,-0.023863124718595197,108.37400495729221,105.66451032295356,107.03600743593832,108.04901115390746,104.46773483916547,104.34723147009115,6.302662373585365,0.9583,-0.5759,-0.7745,0.8316,0.4665,False,66.40006186202164,62.931807313054385,69.19103107282314,77.28744620927655,,,,HHHL,LHLL,LHLL,HHHL,HHLL,HHHL,3,0,0.0,0.0,1.0,0.0,0.0,1.0,1,1
2018-05-02,NIFTYBEES,110.8,113.0,107.72,111.56,677,11444217.0,104.8,108.66,111.5,108.7,104.3,103.0,111.05,105.01,113.46,113.46,113.46,113.46,108.57,69.5,108.57,69.5,124.85549999999998,124.85549999999998,0.004592525889239196,0.057518331587467886,-0.033057090239410614,0.05633936180285959,0.13327915481511576,-0.005019720329867305,0.06005736823234131,0.09501613481534599,0.02007888131946922,109.43600330486149,106.736417536962,108.37400495729221,107.03600743593832,105.66451032295356,104.46773483916547,6.2296150611864105,0.0819,0.9583,-0.5759,-0.7745,0.8316,False,67.16950758381225,63.16004015035227,62.931807313054385,69.19103107282314,,,,HHHL,HHHL,LHLL,LHLL,HHHL,HHLL,0,0,0.0,0.0,0.0,0.0,1.0,1.0,1,1
2018-06-01,NIFTYBEES,111.3,113.15,109.5,111.0,717,12272746.0,110.8,104.8,113.0,111.5,107.72,104.3,111.56,111.05,113.46,113.46,113.46,113.46,108.57,69.5,108.57,69.5,124.85549999999998,124.85549999999998,-0.005019720329867305,0.004592525889239196,0.057518331587467886,0.024079712150567367,0.1370620774431468,0.0654054054054054,0.1005405405405404,0.03189189189189201,0.021891891891892,109.95733553657433,107.51161434842345,109.43600330486149,108.37400495729221,106.736417536962,105.66451032295356,6.045356842530238,-0.0926,0.0819,0.9583,-0.5759,-0.7745,False,65.25516763798367,66.27491236127251,63.16004015035227,62.931807313054385,,,,HHHL,HHHL,HHHL,LHLL,LHLL,HHHL,1,0,0.0,0.0,0.0,1.0,1.0,0.0,1,1
2018-07-02,NIFTYBEES,111.2,119.0,110.15,118.26,763,14618573.0,111.3,110.8,113.15,113.0,109.5,107.72,111.0,111.56,118.26,118.26,113.46,113.46,108.57,69.5,108.57,69.5,124.85549999999998,124.85549999999998,0.0654054054054054,-0.005019720329867305,0.004592525889239196,0.042305658381808664,0.14482090997095853,0.03297818366311511,-0.03145611364789447,-0.08337561305597829,-0.03940470150515818,112.72489035771623,109.46586628507373,109.95733553657433,109.43600330486149,107.51161434842345,106.736417536962,6.24568849663522,1.1624,-0.0926,0.0819,0.9583,-0.5759,False,75.72098823813126,69.38188781997572,66.27491236127251,63.16004015035227,,,,HHHL,HHHL,HHHL,HHHL,LHLL,LHLL,0,1,0.0,0.0,0.0,1.0,0.0,0.0,1,1
2018-08-01,NIFTYBEES,118.1,122.8,116.96,122.16,756,15510025.0,111.2,111.3,119.0,113.15,110.15,109.5,118.26,111.0,122.16,122.16,118.26,118.26,108.57,69.5,108.57,69.5,124.85549999999998,124.85549999999998,0.03297818366311511,0.0654054054054054,-0.005019720329867305,0.12486187845303864,0.2018890200708383,-0.06237721021610998,-0.11263916175507527,-0.06843483955468244,-0.0718729535036019,115.86992690514417,111.77389059687849,112.72489035771623,109.95733553657433,109.46586628507373,107.51161434842345,6.216710746875562,0.6273,1.1624,-0.0926,0.0819,0.9583,False,79.57654464834789,73.51756684148761,69.38188781997572,66.27491236127251,,,,HHHL,HHHL,HHHL,HHHL,HHHL,LHLL,0,1,1.0,0.0,0.0,0.0,0.0,0.0,0,0
2018-09-03,NIFTYBEES,122.2,122.35,113.35,114.54,1606,55121797.0,118.1,111.2,122.8,119.0,116.96,110.15,122.16,118.26,122.16,122.16,122.16,122.16,108.57,69.5,108.57,69.5,124.85549999999998,124.85549999999998,-0.06237721021610998,0.03297818366311511,0.0654054054054054,0.090753261594134,0.1317063531271614,-0.05360572725685353,-0.006460625109132256,-0.009690937663698218,0.0625982189628076,115.4266179367628,112.27681957926421,115.86992690514417,112.72489035771623,111.77389059687849,109.46586628507373,6.415517122098736,-1.1877,0.6273,1.1624,-0.0926,0.0819,False,58.42679346753402,71.24144211800439,73.51756684148761,69.38188781997572,,,,LHLL,HHHL,HHHL,HHHL,HHHL,HHHL,1,0,1.0,1.0,0.0,0.0,0.0,0.0,0,0
2018-10-01,NIFTYBEES,114.8,115.3,104.59,108.4,2068,36222082.0,122.2,118.1,122.35,122.8,113.35,116.96,114.54,122.16,122.16,122.16,122.16,122.16,108.57,69.5,108.57,69.5,124.85549999999998,124.85549999999998,-0.05360572725685353,-0.06237721021610998,0.03297818366311511,-0.023863124718595197,0.018414130026305875,0.04981549815498143,0.04640221402214029,0.04797047970479684,0.13496309963099629,113.08441195784187,111.57194329212527,115.4266179367628,115.86992690514417,112.27681957926421,111.77389059687849,6.722265899091683,-0.9134,-1.1877,0.6273,1.1624,-0.0926,False,46.747022456947086,61.58345352427633,71.24144211800439,73.51756684148761,,,,LHLL,LHLL,HHHL,HHHL,HHHL,HHHL,2,0,0.0,1.0,1.0,0.0,0.0,0.0,0,0
2018-11-01,NIFTYBEES,107.9,114.99,107.5,113.8,1116,23963983.0,114.8,122.2,115.3,122.35,104.59,113.35,108.4,114.54,122.16,122.16,122.16,122.16,108.57,69.5,108.57,69.5,124.85549999999998,124.85549999999998,0.04981549815498143,-0.05360572725685353,-0.06237721021610998,0.02007888131946922,0.07754947448158322,-0.0032513181019331316,-0.0017574692442882123,-0.0036906854130053235,0.10035149384885766,113.32294130522791,111.97704451173885,113.08441195784187,115.4266179367628,111.57194329212527,112.27681957926421,6.777104049156563,0.7968,-0.9134,-1.1877,0.6273,1.1624,False,55.810823474413766,53.66154646629829,61.58345352427633,71.24144211800439,,,,LHHL,LHLL,LHLL,HHHL,HHHL,HHHL,3,0,0.0,0.0,1.0,0.0,0.0,0.0,0,0
2018-12-03,NIFTYBEES,114.5,114.99,108.3,113.43,1238,22463624.0,107.9,114.8,114.99,115.3,107.5,104.59,113.8,108.4,122.16,122.16,122.16,122.16,108.57,69.5,108.57,69.5,124.85549999999998,124.85549999999998,-0.0032513181019331316,0.04981549815498143,-0.05360572725685353,0.021891891891892,0.0464987544976474,0.0014987216785682378,-0.0004408004936966581,0.07299656175614899,0.09486026624349808,113.35862753681862,112.24121823687724,113.32294130522791,113.08441195784187,111.97704451173885,111.57194329212527,6.770882331359665,-0.0546,0.7968,-0.9134,-1.1877,0.6273,False,55.061670336652,52.53983875600428,53.66154646629829,61.58345352427633,,,,LHHL,LHHL,LHLL,LHLL,HHHL,HHHL,4,0,0.0,0.0,0.0,0.0,0.0,0.0,0,0
2019-01-01,NIFTYBEES,114.0,115.1,111.0,113.6,1557,48318166.0,114.5,107.9,114.99,114.99,108.3,107.5,113.43,113.8,122.16,122.16,122.16,122.16,108.57,69.5,108.57,69.5,124.85549999999998,124.85549999999998,0.0014987216785682378,-0.0032513181019331316,0.04981549815498143,-0.03940470150515818,0.001233915036136013,-0.0019366197183098288,0.07139084507042259,0.08301056338028179,0.03609154929577474,113.43908502454575,112.48826946653593,113.35862753681862,113.32294130522791,112.24121823687724,111.97704451173885,6.5801050219768324,0.0258,-0.0546,0.7968,-0.9134,-1.1877,False,55.38270314232269,55.41839898446282,52.53983875600428,53.66154646629829,,,,HHHL,LHHL,LHHL,LHLL,LHLL,HHHL,0,0,0.0,0.0,0.0,0.0,0.0,1.0,1,1
2019-02-01,NIFTYBEES,114.5,116.72,111.1,113.38,2717,212750975.0,114.0,114.5,115.1,114.99,111.0,108.3,113.6,113.43,122.16,122.16,122.16,122.16,108.57,69.5,108.57,69.5,124.85549999999998,124.85549999999998,-0.0019366197183098288,0.0014987216785682378,-0.0032513181019331316,-0.0718729535036019,0.04401473296500913,0.07346974775092607,0.08511201270065283,0.1044275886399717,0.028841065443640845,113.41939001636385,112.6504022908021,113.43908502454575,113.35862753681862,112.48826946653593,112.24121823687724,6.51152609183563,-0.0338,0.0258,-0.0546,0.7968,-0.9134,False,54.791729587389966,55.07870102212155,55.41839898446282,52.53983875600428,,,,HHHL,HHHL,LHHL,LHHL,LHLL,LHLL,1,0,0.0,0.0,0.0,0.0,1.0,1.0,1,1
2019-03-01,NIFTYBEES,113.7,121.96,112.88,121.71,3060,196468352.0,114.5,114.0,116.72,115.1,111.1,111.0,113.38,113.6,122.16,122.16,122.16,122.16,108.57,69.5,108.57,69.5,124.85549999999998,124.85549999999998,0.07346974775092607,-0.0019366197183098288,0.0014987216785682378,0.0625982189628076,0.1590324730978001,0.01084545230465861,0.028839043628296812,0.020376304329964734,-0.0010681127269739354,116.1829266775759,114.29760187429262,113.41939001636385,113.43908502454575,112.6504022908021,112.48826946653593,6.69498851384737,1.2442,-0.0338,0.0258,-0.0546,0.7968,False,69.27473392875709,59.816388886156574,55.07870102212155,55.41839898446282,,,,HHHL,HHHL,HHHL,LHHL,LHHL,LHLL,0,0,0.0,0.0,0.0,1.0,1.0,0.0,1,1
2019-04-01,NIFTYBEES,122.0,124.5,120.38,123.03,1673,18581793.0,113.7,114.5,121.96,116.72,112.88,111.1,121.71,113.38,123.03,123.03,122.16,122.16,108.57,69.5,108.57,69.5,124.85549999999998,124.85549999999998,0.01084545230465861,0.07346974775092607,-0.0019366197183098288,0.13496309963099629,0.10787933363349844,0.017800536454523286,0.009428594651710975,-0.04332276680484437,0.019019751280175523,118.46528445171728,115.88531062442124,116.1829266775759,113.41939001636385,114.29760187429262,112.6504022908021,6.511060762858272,0.2027,1.2442,-0.0338,0.0258,-0.0546,False,70.9927344043296,65.01973264015888,59.816388886156574,55.07870102212155,,,,HHHL,HHHL,HHHL,HHHL,LHHL,LHHL,0,1,0.0,0.0,0.0,1.0,0.0,0.0,1,1
2019-05-02,NIFTYBEES,123.2,127.5,116.69,125.22,3551,47748153.0,122.0,113.7,124.5,121.96,120.38,112.88,123.03,121.71,125.22,125.22,123.03,123.03,108.57,69.5,108.57,69.5,124.85549999999998,124.85549999999998,0.017800536454523286,0.01084545230465861,0.07346974775092607,0.10035149384885766,0.12244532090354965,-0.008225523079380292,-0.060054304424213334,-0.06843954639833882,0.01868711068519402,120.71685630114486,117.58252687452647,118.46528445171728,116.1829266775759,115.88531062442124,114.29760187429262,6.8181278512255385,0.3212,0.2027,1.2442,-0.0338,0.0258,False,73.82557272232,71.36434701846889,65.01973264015888,59.816388886156574,,,,HHLL,HHHL,HHHL,HHHL,HHHL,LHHL,0,1,1.0,0.0,0.0,0.0,0.0,0.0,0,0
2019-06-03,NIFTYBEES,125.28,126.97,122.48,124.19,1777,40041635.0,123.2,122.0,127.5,124.5,116.69,120.38,125.22,123.03,125.22,125.22,125.22,125.22,108.57,69.5,108.57,69.5,124.85549999999998,124.85549999999998,-0.008225523079380292,0.017800536454523286,0.01084545230465861,0.09486026624349808,0.11882882882882884,-0.05225863596102742,-0.06071342298091631,-0.021016184878009492,0.04026089057089943,121.87457086742991,118.78388562461255,120.71685630114486,118.46528445171728,117.58252687452647,115.88531062442124,6.651833004709428,-0.1548,0.3212,0.2027,1.2442,-0.0338,False,70.07073174227075,71.62967962297346,71.36434701846889,65.01973264015888,,,,LHHL,HHLL,HHHL,HHHL,HHHL,HHHL,1,0,1.0,1.0,0.0,0.0,0.0,0.0,0,0
2019-07-01,NIFTYBEES,124.7,126.3,116.48,117.7,2538,38190861.0,125.28,123.2,126.97,127.5,122.48,116.69,124.19,125.22,125.22,125.22,125.22,125.22,108.57,69.5,108.57,69.5,124.85549999999998,124.85549999999998,-0.05225863596102742,-0.008225523079380292,0.017800536454523286,0.03609154929577474,-0.004735328936242178,-0.008920985556499561,0.03296516567544594,0.06516567544604923,0.07977909940526762,120.48304724495328,118.58681551104664,121.87457086742991,120.71685630114486,118.78388562461255,117.58252687452647,6.878130647230184,-0.9436,-0.1548,0.3212,0.2027,1.2442,False,51.001859901072386,64.96605478855437,71.62967962297346,71.36434701846889,,,,LHLL,LHHL,HHLL,HHHL,HHHL,HHHL,2,0,0.0,1.0,1.0,0.0,0.0,1.0,1,1
2019-08-01,NIFTYBEES,117.3,118.3,112.88,116.65,2943,64013897.0,124.7,125.28,126.3,126.97,116.48,122.48,117.7,124.19,125.22,125.22,125.22,125.22,108.57,69.5,108.57,69.5,124.85549999999998,124.85549999999998,-0.008920985556499561,-0.05225863596102742,-0.008225523079380292,0.028841065443640845,-0.04510478061558609,0.04226318045435051,0.07475353621946002,0.09352764680668657,0.02391770252893255,119.20536482996886,118.23466723631088,120.48304724495328,121.87457086742991,118.58681551104664,118.78388562461255,6.773978458142314,-0.155,-0.9436,-0.1548,0.3212,0.2027,False,48.510068804975454,56.52755348277285,64.96605478855437,71.62967962297346,,,,LHLL,LHLL,LHHL,HHLL,HHHL,HHHL,3,0,0.0,0.0,1.0,0.0,1.0,1.0,1,1
2019-09-03,NIFTYBEES,116.2,123.97,113.2,121.58,3933,92617703.0,117.3,124.7,118.3,126.3,112.88,116.48,116.65,117.7,125.22,125.22,125.22,125.22,108.57,69.5,108.57,69.5,124.85549999999998,124.85549999999998,0.04226318045435051,-0.008920985556499561,-0.05225863596102742,-0.0010681127269739354,0.06146324428147354,0.031172890278006404,0.04918572133574606,0.06259253166639245,-0.24551735482809667,119.99690988664591,118.84290955698162,119.20536482996886,120.48304724495328,118.23466723631088,118.58681551104664,7.059408568275005,0.6984,-0.155,-0.9436,-0.1548,0.3212,False,59.38085201753303,52.96426024119362,56.52755348277285,64.96605478855437,,,,HHHL,LHLL,LHLL,LHHL,HHLL,HHHL,4,0,0.0,0.0,0.0,1.0,1.0,1.0,1,1
2019-10-01,NIFTYBEES,122.08,126.28,117.28,125.37,3758,100288473.0,116.2,117.3,123.97,118.3,113.2,112.88,121.58,116.65,125.37,125.37,125.22,125.22,108.57,69.5,108.57,69.5,124.85549999999998,124.85549999999998,0.031172890278006404,0.04226318045435051,-0.008920985556499561,0.019019751280175523,0.15654981549815505,0.01746829385020332,0.030469809364281675,0.013719390603812665,-0.16893993778415894,121.78793992443062,120.02965327389406,119.99690988664591,119.20536482996886,118.84290955698162,118.23466723631088,7.198022241969648,0.5265,0.6984,-0.155,-0.9436,-0.1548,False,65.84776145478557,57.91289409243135,52.96426024119362,56.52755348277285,,,,HHHL,HHHL,LHLL,LHLL,LHHL,HHLL,0,1,0.0,0.0,0.0,1.0,1.0,0.0,1,1
2019-11-01,NIFTYBEES,125.56,128.58,125.0,127.56,2278,89374516.0,122.08,116.2,126.28,123.97,117.28,113.2,125.37,121.58,127.56,127.56,125.37,125.37,108.57,69.5,108.57,69.5,124.85549999999998,124.85549999999998,0.01746829385020332,0.031172890278006404,0.04226318045435051,0.01868711068519402,0.12091388400702985,0.012778300407651155,-0.0036845406083411136,-0.06365631859517096,-0.20507996237064907,123.71195994962042,121.39880722409512,121.78793992443062,119.99690988664591,120.02965327389406,118.84290955698162,6.93959208182896,0.3156,0.5265,0.6984,-0.155,-0.9436,False,69.15800623316021,64.79553990182626,57.91289409243135,52.96426024119362,,,,HHHL,HHHL,HHHL,LHLL,LHLL,LHHL,0,1,1.0,0.0,0.0,1.0,0.0,0.0,1,1
2019-12-02,NIFTYBEES,127.5,130.55,125.6,129.19,5957,77081986.0,125.56,122.08,128.58,126.28,125.0,117.28,127.56,125.37,129.19,129.19,127.56,127.56,108.57,69.5,108.57,69.5,124.85549999999998,124.85549999999998,0.012778300407651155,0.01746829385020332,0.031172890278006404,0.04026089057089943,0.13894031561315345,-0.01625512810589047,-0.07547023763449179,-0.2899605232603142,-0.15256598807957267,125.53797329974695,122.81538772880509,123.71195994962042,121.78793992443062,121.39880722409512,120.02965327389406,6.797478361698322,0.2398,0.3156,0.5265,0.6984,-0.155,False,71.55230476774452,68.85269081856343,64.79553990182626,57.91289409243135,,,,HHHL,HHHL,HHHL,HHHL,LHLL,LHLL,0,1,1.0,1.0,0.0,0.0,0.0,0.0,0,0
2020-01-01,NIFTYBEES,129.79,132.8,126.31,127.09,665747,86216776.0,127.5,125.56,130.55,128.58,125.6,125.0,129.19,127.56,129.19,129.19,129.19,129.19,108.57,69.5,108.57,69.5,124.85549999999998,124.85549999999998,-0.01625512810589047,0.012778300407651155,0.01746829385020332,0.07977909940526762,0.11875000000000013,-0.06019356361633488,-0.2782280273821701,-0.18018726886458414,-0.07113069478322454,126.05531553316465,123.59258995993143,125.53797329974695,123.71195994962042,122.81538772880509,121.39880722409512,6.775515621577014,-0.3099,0.2398,0.3156,0.5265,0.6984,False,64.07564957752837,68.26198685947769,68.85269081856343,64.79553990182626,,,,HHHL,HHHL,HHHL,HHHL,HHHL,LHLL,1,0,1.0,1.0,1.0,0.0,0.0,0.0,0,0
2020-02-01,NIFTYBEES,127.0,129.77,119.21,119.44,540310,67551709.0,129.79,127.5,132.8,130.55,126.31,125.6,127.09,129.19,129.19,129.19,129.19,129.19,108.57,69.5,108.57,69.5,124.85549999999998,124.85549999999998,-0.06019356361633488,-0.01625512810589047,0.012778300407651155,0.02391770252893255,0.05344857999647212,-0.23199933020763563,-0.12767916945746816,-0.15103817816476883,0.015154052243804506,123.85021035544311,122.83757360358025,126.05531553316465,125.53797329974695,123.59258995993143,122.81538772880509,7.045835934321515,-1.0857,-0.3099,0.2398,0.3156,0.5265,False,44.37090085243279,59.999618399235224,68.26198685947769,68.85269081856343,,,,LHLL,HHHL,HHHL,HHHL,HHHL,HHHL,2,0,0.0,1.0,1.0,0.0,0.0,0.0,0,0
2020-03-02,NIFTYBEES,120.5,123.8,82.5,91.73,3653495,349759094.0,127.0,129.79,129.77,132.8,119.21,126.31,119.44,127.09,129.19,129.19,129.19,129.19,108.57,82.5,108.57,69.5,124.85549999999998,124.85549999999998,-0.23199933020763563,-0.06019356361633488,-0.01625512810589047,-0.24551735482809667,-0.24632322734368572,0.1358334241796577,0.10541807478469423,0.19350267088193607,0.3072059304480539,113.14347357029541,117.18165113020203,123.85021035544311,126.05531553316465,122.83757360358025,123.59258995993143,9.492561939012834,-2.9191,-1.0857,-0.3099,0.2398,0.3156,False,19.29530123445474,42.58061722147196,59.999618399235224,68.26198685947769,,,,LHLL,LHLL,HHHL,HHHL,HHHL,HHHL,3,0,0.0,0.0,1.0,0.0,0.0,0.0,0,0
2020-04-01,NIFTYBEES,91.55,104.73,86.4,104.19,1415332,133327047.0,120.5,127.0,123.8,129.77,82.5,119.21,91.73,119.44,129.19,129.19,129.19,129.19,108.57,82.5,108.57,82.5,124.85549999999998,124.85549999999998,0.1358334241796577,-0.23199933020763563,-0.06019356361633488,-0.16893993778415894,-0.1531333821019264,-0.02677800172761291,0.050772626931567366,0.1330262021307227,0.19550820616181985,110.15898238019696,114.81953274289256,113.14347357029541,123.85021035544311,117.18165113020203,122.83757360358025,10.123807514797631,1.2308,-2.9191,-1.0857,-0.3099,0.2398,False,37.75045172878204,33.80555127188985,42.58061722147196,59.999618399235224,,,,LHHL,LHLL,LHLL,HHHL,HHHL,HHHL,4,0,0.0,0.0,0.0,0.0,0.0,0.0,0,0
2020-05-04,NIFTYBEES,102.0,103.0,93.5,101.4,1204732,117599601.0,91.55,120.5,104.73,123.8,86.4,82.5,104.19,91.73,129.19,129.19,129.19,129.19,108.57,82.5,108.57,82.5,124.85549999999998,124.85549999999998,-0.02677800172761291,0.1358334241796577,-0.23199933020763563,-0.20507996237064907,-0.1902252036415908,0.07968441814595661,0.16420118343195256,0.19575936883629175,0.3641025641025639,107.23932158679798,112.37961769873027,110.15898238019696,113.14347357029541,114.81953274289256,117.18165113020203,10.16424983516923,-0.2745,1.2308,-2.9191,-1.0857,-0.3099,False,35.62243367867272,30.889395547303163,33.80555127188985,42.58061722147196,,,,LHHL,LHHL,LHLL,LHLL,HHHL,HHHL,5,0,0.0,0.0,0.0,0.0,0.0,0.0,0,0
2020-06-01,NIFTYBEES,102.5,111.94,101.1,109.48,2018592,217155463.0,102.0,91.55,103.0,104.73,93.5,86.4,101.4,104.19,129.19,129.19,129.19,129.19,108.57,82.5,108.57,82.5,124.85549999999998,124.85549999999998,0.07968441814595661,-0.02677800172761291,0.1358334241796577,-0.15256598807957267,-0.11844754005958602,0.0782791377420533,0.1075082206795761,0.09526854219948833,0.3639934234563391,107.98621439119867,111.8524144807793,107.23932158679798,110.15898238019696,112.37961769873027,114.81953274289256,10.212517704085714,0.7912,-0.2745,1.2308,-2.9191,-1.0857,False,45.922175003984655,39.76502013714647,30.889395547303163,33.80555127188985,,,,HHHL,LHHL,LHHL,LHLL,LHLL,HHHL,0,0,0.0,0.0,0.0,0.0,0.0,0.0,0,0
2020-07-01,NIFTYBEES,109.67,120.44,109.61,118.05,2225129,257914628.0,102.5,102.0,111.94,103.0,101.1,93.5,109.48,101.4,129.19,129.19,129.19,129.19,108.57,82.5,108.57,82.5,124.85549999999998,124.85549999999998,0.0782791377420533,0.07968441814595661,-0.02677800172761291,-0.07113069478322454,0.0029736618521665203,0.02710715798390506,0.015756035578144756,0.05514612452350698,0.23854299025836512,111.34080959413245,112.9792482115467,107.98621439119867,107.23932158679798,111.8524144807793,112.37961769873027,10.26590929665102,0.8348,0.7912,-0.2745,1.2308,-2.9191,False,54.85893018713606,45.46784628993114,39.76502013714647,30.889395547303163,,,,HHHL,HHHL,LHHL,LHHL,LHLL,LHLL,0,0,0.0,0.0,0.0,0.0,0.0,0.0,0,0
2020-08-03,NIFTYBEES,118.25,125.2,114.2,121.25,1639865,197127229.0,109.67,102.5,120.44,111.94,109.61,101.1,118.05,109.48,129.19,129.19,129.19,129.19,108.57,82.5,108.57,82.5,124.85549999999998,124.85549999999998,0.02710715798390506,0.0782791377420533,0.07968441814595661,0.015154052243804506,0.03943420488641225,-0.011051546391752654,0.027298969072165002,0.1407835051546391,0.26861855670103085,114.64387306275498,114.48302126399275,111.34080959413245,107.98621439119867,112.9792482115467,111.8524144807793,10.318344346890234,0.3101,0.8348,0.7912,-0.2745,1.2308,False,57.890429034929134,52.890511408683274,45.46784628993114,39.76502013714647,,,,HHHL,HHHL,HHHL,LHHL,LHHL,LHLL,0,0,0.0,0.0,0.0,0.0,0.0,1.0,1,1
2020-09-01,NIFTYBEES,121.5,123.84,115.05,119.91,2375742,285753143.0,118.25,109.67,125.2,120.44,114.2,109.61,121.25,118.05,129.19,129.19,129.19,129.19,108.57,82.5,108.57,82.5,124.85549999999998,124.85549999999998,-0.011051546391752654,0.02710715798390506,0.0782791377420533,0.3072059304480539,-0.013735811811153131,0.03877908431323496,0.15353181552831296,0.2453506796764242,0.3115670085897757,116.39924870850332,115.46974467053951,114.64387306275498,111.34080959413245,114.48302126399275,112.9792482115467,10.209176893540931,-0.1313,0.3101,0.8348,0.7912,-0.2745,False,56.05146130104016,56.26694017436845,52.890511408683274,45.46784628993114,,,,LHHL,HHHL,HHHL,HHHL,LHHL,LHHL,1,0,0.0,0.0,0.0,0.0,1.0,1.0,1,1
2020-10-01,NIFTYBEES,119.8,127.82,119.8,124.56,1835323,230360113.0,121.5,118.25,123.84,125.2,115.05,114.2,119.91,121.25,129.19,129.19,129.19,129.19,108.57,82.5,108.57,82.5,124.85549999999998,124.85549999999998,0.03877908431323496,-0.011051546391752654,0.02710715798390506,0.19550820616181985,-0.006460875807609456,0.11046885035324339,0.19885998715478492,0.17381181759794484,0.2603564547206165,119.11949913900222,117.12251836680505,116.39924870850332,114.64387306275498,115.46974467053951,114.48302126399275,10.052807115430864,0.4626,-0.1313,0.3101,0.8348,0.7912,False,61.059460485995395,58.33378360732156,56.26694017436845,52.890511408683274,,,,HHHL,LHHL,HHHL,HHHL,HHHL,LHHL,0,0,0.0,0.0,0.0,1.0,1.0,0.0,1,1
2020-11-02,NIFTYBEES,124.57,140.13,123.6,138.32,1991742,268005493.0,119.8,121.5,127.82,123.84,119.8,115.05,124.56,119.91,138.32,138.32,129.19,129.19,108.57,82.5,108.57,82.5,124.85549999999998,124.85549999999998,0.11046885035324339,0.03877908431323496,-0.011051546391752654,0.3641025641025639,0.08435246158670417,0.07959803354540207,0.05704164256795852,0.11205899363794103,0.20575477154424537,125.51966609266816,120.97660593647686,119.11949913900222,116.39924870850332,117.12251836680505,115.46974467053951,10.515463750042946,1.3085,0.4626,-0.1313,0.3101,0.8348,False,72.05354019181162,63.05482065961572,58.33378360732156,56.26694017436845,,,,HHHL,HHHL,LHHL,HHHL,HHHL,HHHL,0,1,0.0,0.0,0.0,1.0,0.0,1.0,1,1
2020-12-01,NIFTYBEES,138.87,150.0,138.14,149.33,2261291,327536146.0,124.57,119.8,140.13,127.82,123.6,119.8,138.32,124.56,149.33,149.33,138.32,138.32,108.57,82.5,108.57,82.5,124.85549999999998,124.85549999999998,0.07959803354540207,0.11046885035324339,0.03877908431323496,0.3639934234563391,0.15589441907268387,-0.020893323511685602,0.03006763543829094,0.05317082970602027,0.13212348489921633,133.45644406177877,126.13176849348106,125.51966609266816,119.11949913900222,120.97660593647686,117.12251836680505,10.611502053611307,1.0376,1.3085,0.4626,-0.1313,0.3101,False,77.88268660082709,70.3318957595447,63.05482065961572,58.33378360732156,,,,HHHL,HHHL,HHHL,LHHL,HHHL,HHHL,0,1,1.0,0.0,0.0,0.0,1.0,1.0,1,1
2021-01-01,NIFTYBEES,149.07,159.0,144.0,146.21,3510061,533096164.0,138.87,124.57,150.0,140.13,138.14,123.6,149.33,138.32,149.33,149.33,149.33,149.33,108.57,82.5,108.57,82.5,124.85549999999998,124.85549999999998,-0.020893323511685602,0.07959803354540207,0.11046885035324339,0.23854299025836512,0.15044456684239527,0.05204842350044436,0.07564462075097467,0.07372956706107647,0.16093290472607902,137.70762937451917,129.78235604012087,133.45644406177877,125.51966609266816,126.13176849348106,120.97660593647686,10.924966192639072,-0.2856,1.0376,1.3085,0.4626,-0.1313,False,72.85842756842911,74.26488478702261,70.3318957595447,63.05482065961572,,,,HHHL,HHHL,HHHL,HHHL,LHHL,HHHL,1,0,1.0,1.0,0.0,1.0,1.0,0.0,1,1
2021-02-01,NIFTYBEES,147.88,188.32,145.52,153.82,5337797,846628568.0,149.07,138.87,159.0,150.0,144.0,138.14,146.21,149.33,153.82,153.82,149.33,149.33,108.57,82.5,108.57,82.5,124.85549999999998,124.85549999999998,0.05204842350044436,-0.020893323511685602,0.07959803354540207,0.26861855670103085,0.28784326858673803,0.022428812898192874,0.020608503445585846,0.08425432323494997,0.19925887400858144,143.0784195830128,134.1528367600989,137.70762937451917,133.45644406177877,129.78235604012087,126.13176849348106,13.20175432173628,0.5764,-0.2856,1.0376,1.3085,0.4626,False,77.06809742850649,75.9364038659209,74.26488478702261,70.3318957595447,,,,HHHL,HHHL,HHHL,HHHL,HHHL,LHHL,0,1,0.0,1.0,1.0,1.0,0.0,1.0,1,1
2021-03-01,NIFTYBEES,157.8,163.8,153.0,157.27,4735410,747924925.0,147.88,149.07,188.32,159.0,145.52,144.0,153.82,146.21,157.27,157.27,153.82,153.82,108.57,82.5,108.57,82.5,124.85549999999998,124.85549999999998,0.022428812898192874,0.05204842350044436,-0.020893323511685602,0.3115670085897757,0.7144881718085687,-0.0017803776944108618,0.06046925669231262,0.07496661791822978,0.20963947351688184,147.8089463886752,138.35595734917183,143.0784195830128,137.70762937451917,134.1528367600989,129.78235604012087,13.03020044161226,0.2648,0.5764,-0.2856,1.0376,1.3085,False,78.80667236075934,76.24439911923164,75.9364038659209,74.26488478702261,,,,LHHL,HHHL,HHHL,HHHL,HHHL,HHHL,0,1,1.0,0.0,1.0,0.0,1.0,1.0,1,1
2021-04-01,NIFTYBEES,157.85,160.69,151.1,156.99,4414761,688754085.0,157.8,147.88,163.8,188.32,153.0,145.52,157.27,153.82,157.27,157.27,157.27,157.27,108.57,82.5,108.57,82.5,124.85549999999998,124.85549999999998,-0.0017803776944108618,0.022428812898192874,0.05204842350044436,0.2603564547206165,0.5067664843075153,0.062360659914644234,0.07688387795400975,0.08121536403592589,0.21835785718835599,150.86929759245015,141.74396510386785,147.8089463886752,143.0784195830128,138.35595734917183,134.1528367600989,12.784471838639957,-0.0219,0.2648,0.5764,-0.2856,1.0376,False,78.24498382936774,78.03991787287787,76.24439911923164,75.9364038659209,,,,LHLL,LHHL,HHHL,HHHL,HHHL,HHHL,1,0,1.0,1.0,0.0,1.0,1.0,1.0,1,1
2021-05-03,NIFTYBEES,156.78,166.9,154.96,166.78,2530473,404034076.0,157.85,157.8,160.69,163.8,151.1,153.0,156.99,157.27,166.78,166.78,157.27,157.27,108.57,82.5,108.57,82.5,124.85549999999998,124.85549999999998,0.062360659914644234,-0.0017803776944108618,0.022428812898192874,0.20575477154424537,0.6447731755424062,0.013670703921333516,0.017747931406643547,0.10606787384578475,0.1016908502218492,156.17286506163344,146.29597144861913,150.86929759245015,147.8089463886752,141.74396510386785,138.35595734917183,12.724152421594246,0.7694,-0.0219,0.2648,0.5764,-0.2856,False,83.14530823445901,80.06565480819535,78.03991787287787,76.24439911923164,,,,HHHL,LHLL,LHHL,HHHL,HHHL,HHHL,0,1,0.0,1.0,1.0,1.0,1.0,1.0,1,1
2021-06-01,NIFTYBEES,166.89,171.6,165.88,169.06,2861571,481993880.0,156.78,157.85,166.9,160.69,154.96,151.1,166.78,156.99,169.06,169.06,166.78,166.78,108.57,82.5,108.57,82.5,124.85549999999998,124.85549999999998,0.013670703921333516,0.062360659914644234,-0.0017803776944108618,0.13212348489921633,0.5442089879430032,0.004022240624630413,0.0911510706258134,0.12528096533775002,0.11007926180054417,160.46857670775563,150.43488573068836,156.17286506163344,150.86929759245015,146.29597144861913,141.74396510386785,12.2238558200518,0.1865,0.7694,-0.0219,0.2648,0.5764,False,84.11735507461874,81.83588237948183,80.06565480819535,78.03991787287787,,,,HHHL,HHHL,LHLL,LHHL,HHHL,HHHL,0,1,1.0,0.0,1.0,1.0,1.0,1.0,1,1
2021-07-01,NIFTYBEES,169.91,173.99,167.4,169.74,1971436,334956399.0,166.89,156.78,171.6,166.9,165.88,154.96,169.06,166.78,169.74,169.74,169.06,169.06,108.57,82.5,108.57,82.5,124.85549999999998,124.85549999999998,0.004022240624630413,0.013670703921333516,0.062360659914644234,0.16093290472607902,0.4378653113087676,0.08677978084128668,0.12077294685990347,0.12684105101920595,0.10451278425827715,163.55905113850378,153.94490650692683,160.46857670775563,156.17286506163344,150.43488573068836,146.29597144861913,11.821437547190957,0.0575,0.1865,0.7694,-0.0219,0.2648,False,84.42980560648392,83.89748963852055,81.83588237948183,80.06565480819535,,,,HHHL,HHHL,HHHL,LHLL,LHHL,HHHL,0,1,1.0,1.0,0.0,1.0,1.0,1.0,1,1
2021-08-02,NIFTYBEES,171.06,184.8,170.12,184.47,2004760,356115160.0,169.91,166.89,173.99,171.6,167.4,165.88,169.74,169.06,184.47,184.47,169.74,169.74,108.57,82.5,108.57,82.5,124.85549999999998,124.85549999999998,0.08677978084128668,0.004022240624630413,0.013670703921333516,0.19925887400858144,0.5214020618556701,0.03127879872065931,0.036862362443757846,-0.003957283027050451,-0.014419688838293476,170.5293674256692,159.4949235056674,163.55905113850378,160.46857670775563,153.94490650692683,150.43488573068836,12.052763436677319,1.2221,0.0575,0.1865,0.7694,-0.0219,False,89.60020302644843,86.04912123585036,83.89748963852055,81.83588237948183,,,,HHHL,HHHL,HHHL,HHHL,LHLL,LHHL,0,1,1.0,1.0,1.0,1.0,1.0,0.0,1,1
2021-09-01,NIFTYBEES,189.5,194.0,184.1,190.24,2702717,511515109.0,171.06,169.91,184.8,173.99,170.12,167.4,184.47,169.74,190.24,190.24,184.47,184.47,108.57,82.5,108.57,82.5,124.85549999999998,124.85549999999998,0.03127879872065931,0.08677978084128668,0.004022240624630413,0.20963947351688184,0.586523225752648,0.005414213624894915,-0.03416736753574434,-0.013509251471825134,-0.007253994953742571,177.09957828377946,165.08493741372786,170.5293674256692,163.55905113850378,159.4949235056674,153.94490650692683,11.898994619771797,0.4849,1.2221,0.0575,0.1865,0.7694,False,90.9704965788742,88.33350173726886,86.04912123585036,83.89748963852055,,,,HHHL,HHHL,HHHL,HHHL,HHHL,LHLL,0,1,1.0,1.0,1.0,1.0,0.0,0.0,1,1
2021-10-01,NIFTYBEES,190.04,201.0,188.41,191.27,3390584,659859667.0,189.5,171.06,194.0,184.8,184.1,170.12,190.24,184.47,191.27,191.27,190.24,190.24,201.0,82.5,108.57,82.5,231.14999999999998,124.85549999999998,0.005414213624894915,0.03127879872065931,0.08677978084128668,0.21835785718835599,0.5355651894669236,-0.039368432059392444,-0.01882156114393274,-0.019814921315418066,-0.03131698645893244,181.8230521891863,169.84585788395916,177.09957828377946,170.5293674256692,165.08493741372786,159.4949235056674,11.948352146930954,0.0862,0.4849,1.2221,0.0575,0.1865,False,91.21165587557066,90.59411849363109,88.33350173726886,86.04912123585036,,,,HHHL,HHHL,HHHL,HHHL,HHHL,HHHL,0,1,1.0,1.0,1.0,0.0,0.0,0.0,0,0
2021-11-01,NIFTYBEES,192.7,196.69,181.95,183.74,4648417,880282621.0,190.04,189.5,201.0,194.0,188.41,184.1,191.27,190.24,191.27,191.27,191.27,191.27,201.0,82.5,201.0,82.5,231.14999999999998,231.14999999999998,-0.039368432059392444,0.005414213624894915,0.03127879872065931,0.1016908502218492,0.3283689994216312,0.021388919124850192,0.020354849243496176,-0.010503973005333678,-0.021443343855447883,182.4620347927909,172.3720655414211,181.8230521891863,177.09957828377946,169.84585788395916,165.08493741372786,12.147755565007316,-0.6199,0.0862,0.4849,1.2221,0.0575,False,74.28897866791377,85.49037704078621,90.59411849363109,88.33350173726886,,,,LHLL,HHHL,HHHL,HHHL,HHHL,HHHL,1,0,1.0,1.0,1.0,0.0,0.0,0.0,0,0
2021-12-01,NIFTYBEES,183.83,191.0,177.41,187.67,4839687,889195781.0,192.7,190.04,196.69,201.0,181.95,188.41,183.74,191.27,191.27,191.27,191.27,191.27,201.0,82.5,201.0,82.5,231.14999999999998,231.14999999999998,0.021388919124850192,-0.039368432059392444,0.005414213624894915,0.11007926180054417,0.2567468023839816,-0.0010124154100282778,-0.031225022646134137,0.006340917568071758,-0.08568231470133736,184.1980231951939,175.15350817025362,182.4620347927909,181.8230521891863,172.3720655414211,169.84585788395916,12.25077302464965,0.3208,-0.6199,0.0862,0.4849,1.2221,False,76.8987290410314,80.79978786150527,85.49037704078621,90.59411849363109,,,,LHLL,LHLL,HHHL,HHHL,HHHL,HHHL,2,0,0.0,1.0,1.0,0.0,0.0,0.0,0,0
2022-01-03,NIFTYBEES,188.0,198.39,179.8,187.48,6094967,1155357915.0,183.83,192.7,191.0,196.69,177.41,181.95,187.67,183.74,191.27,191.27,191.27,191.27,201.0,82.5,201.0,82.5,231.14999999999998,231.14999999999998,-0.0010124154100282778,0.021388919124850192,-0.039368432059392444,0.10451278425827715,0.2822652349360508,-0.03024322594410067,0.007360785150416271,-0.011734585022402322,-0.004693834008960951,185.29201546346263,177.39468850293477,184.1980231951939,182.4620347927909,175.15350817025362,172.3720655414211,12.703574951460388,-0.015,0.3208,-0.6199,0.0862,0.4849,False,76.46097785867676,75.8828951892073,80.79978786150527,85.49037704078621,,,,HHHL,LHLL,LHLL,HHHL,HHHL,HHHL,3,0,0.0,0.0,1.0,0.0,0.0,0.0,0,0
2022-02-01,NIFTYBEES,189.25,192.7,177.05,181.81,7352438,1351549192.0,188.0,183.83,198.39,191.0,179.8,177.41,187.48,187.67,191.27,191.27,191.27,191.27,201.0,82.5,201.0,82.5,231.14999999999998,231.14999999999998,-0.03024322594410067,-0.0010124154100282778,0.021388919124850192,-0.014419688838293476,0.18196593420881557,0.03877674495352301,0.019085858863648886,-0.011055497497387323,0.06627798250921302,184.13134364230842,178.19747241149207,185.29201546346263,184.1980231951939,177.39468850293477,175.15350817025362,12.914033883498929,-0.4391,-0.015,0.3208,-0.6199,0.0862,False,63.81366889914394,72.39112526628404,75.8828951892073,80.79978786150527,,,,LHLL,HHHL,LHLL,LHLL,HHHL,HHHL,4,0,0.0,0.0,0.0,0.0,0.0,0.0,0,0
2022-03-02,NIFTYBEES,180.0,189.47,170.25,188.86,11200235,2002897140.0,189.25,188.0,192.7,198.39,177.05,179.8,181.81,187.48,191.27,191.27,191.27,191.27,201.0,82.5,201.0,82.5,231.14999999999998,231.14999999999998,0.03877674495352301,-0.03024322594410067,-0.0010124154100282778,-0.007253994953742571,0.20086475488014255,-0.01895584030498787,-0.047972042783013924,-0.09144339722545802,-0.010007412898443424,185.70756242820562,180.1361137912208,184.13134364230842,185.29201546346263,178.19747241149207,177.39468850293477,13.364460034677577,0.5275,-0.4391,-0.015,0.3208,-0.6199,False,70.81617297646453,70.36360657809506,72.39112526628404,75.8828951892073,,,,LHLL,LHLL,HHHL,LHLL,LHLL,HHHL,5,0,0.0,0.0,0.0,0.0,0.0,0.0,0,0
2022-04-01,NIFTYBEES,188.86,196.19,182.5,185.28,5127436,967388002.0,180.0,189.25,189.47,192.7,170.25,177.05,188.86,181.81,191.27,191.27,191.27,191.27,201.0,82.5,201.0,82.5,231.14999999999998,231.14999999999998,-0.01895584030498787,0.03877674495352301,-0.03024322594410067,-0.03131698645893244,0.18020256067265428,-0.029576856649395467,-0.07388816925734021,0.007124352331606243,0.05942357512953356,185.56504161880375,181.07136582918065,185.70756242820562,184.13134364230842,180.1361137912208,178.19747241149207,13.387712889343463,-0.2674,0.5275,-0.4391,-0.015,0.3208,False,63.5325748755688,66.05413891705909,70.36360657809506,72.39112526628404,,,,HHHL,LHLL,LHLL,HHHL,LHLL,LHLL,6,0,0.0,0.0,0.0,0.0,0.0,0.0,0,0
2022-05-02,NIFTYBEES,184.16,186.08,171.0,179.8,10054645,1770498855.0,188.86,180.0,196.19,189.47,182.5,170.25,185.28,188.86,191.27,191.27,191.27,191.27,201.0,82.5,201.0,82.5,231.14999999999998,231.14999999999998,-0.029576856649395467,-0.01895584030498787,0.03877674495352301,-0.021443343855447883,0.0780669144981414,-0.04566184649610683,0.03781979977753047,0.078197997775306,0.13887652947719697,183.64336107920252,180.84020840569323,185.56504161880375,185.70756242820562,181.07136582918065,180.1361137912208,13.508590540104645,-0.4057,-0.2674,0.5275,-0.4391,-0.015,False,53.67385300145773,62.67420028449701,66.05413891705909,70.36360657809506,,,,LHLL,HHHL,LHLL,LHLL,HHHL,LHLL,7,0,0.0,0.0,0.0,0.0,0.0,1.0,1,1
2022-06-01,NIFTYBEES,179.8,184.95,165.68,171.59,9602647,1656696984.0,184.16,188.86,186.08,196.19,171.0,182.5,179.8,185.28,191.27,191.27,191.27,191.27,201.0,165.68,201.0,82.5,231.14999999999998,231.14999999999998,-0.04566184649610683,-0.029576856649395467,-0.01895584030498787,-0.08568231470133736,0.014965101147521587,0.087475960137537,0.12978611807214868,0.08963226295238647,0.153855119762224,179.62557405280168,179.15835233193081,183.64336107920252,185.56504161880375,180.84020840569323,181.07136582918065,13.920119787240026,-0.5898,-0.4057,-0.2674,0.5275,-0.4391,False,42.22207088077977,53.142832919268756,62.67420028449701,66.05413891705909,,,,LHLL,LHLL,HHHL,LHLL,LHLL,HHHL,8,0,0.0,0.0,0.0,0.0,1.0,0.0,1,1
2022-07-01,NIFTYBEES,170.52,186.8,169.1,186.6,2616006,465712974.0,179.8,184.16,184.95,186.08,165.68,171.0,171.59,179.8,191.27,191.27,191.27,191.27,201.0,165.68,201.0,165.68,231.14999999999998,231.14999999999998,0.087475960137537,-0.04566184649610683,-0.029576856649395467,-0.004693834008960951,0.0993283845881936,0.038906752411575596,0.0019828510182207104,0.051929260450160664,0.037942122186495286,181.9503827018678,180.51137918067067,179.62557405280168,183.64336107920252,179.15835233193081,180.84020840569323,14.190111231008597,1.0578,-0.5898,-0.4057,-0.2674,0.5275,False,60.292463044375964,52.06279564220447,53.142832919268756,62.67420028449701,,,,HHHL,LHLL,LHLL,HHHL,LHLL,LHLL,0,0,0.0,0.0,0.0,1.0,0.0,1.0,1,1
2022-08-01,NIFTYBEES,187.0,196.15,186.69,193.86,3368918,643332162.0,170.52,179.8,186.8,184.95,169.1,165.68,186.6,171.59,193.86,193.86,191.27,191.27,201.0,165.68,201.0,165.68,231.14999999999998,231.14999999999998,0.038906752411575596,0.087475960137537,-0.04566184649610683,0.06627798250921302,0.0509025857863068,-0.03554111214278355,0.012534818941503989,0.056277726194160715,-0.021407201072939253,185.92025513457855,182.93840114782145,181.9503827018678,179.62557405280168,180.51137918067067,179.15835233193081,13.858674714507984,0.5239,1.0578,-0.5898,-0.4057,-0.2674,False,66.24901315503078,56.25451569339549,52.06279564220447,53.142832919268756,,,,HHHL,HHHL,LHLL,LHLL,HHHL,LHLL,0,1,0.0,0.0,0.0,0.0,1.0,1.0,1,1
2022-09-01,NIFTYBEES,191.59,197.27,183.43,186.97,5224181,1000278612.0,187.0,170.52,196.15,186.8,186.69,169.1,193.86,186.6,193.86,193.86,193.86,193.86,201.0,165.68,201.0,165.68,231.14999999999998,231.14999999999998,-0.03554111214278355,0.038906752411575596,0.087475960137537,-0.010007412898443424,-0.01718881412952067,0.049847569128737224,0.09520243889394031,0.058939936888270816,0.015457025191207174,186.27017008971904,183.67141912094482,185.92025513457855,181.9503827018678,182.93840114782145,180.51137918067067,13.85734080632884,-0.4972,0.5239,1.0578,-0.5898,-0.4057,False,56.81280571961146,61.11809397300606,56.25451569339549,52.06279564220447,,,,HHLL,HHHL,HHHL,LHLL,LHLL,HHHL,1,0,1.0,0.0,0.0,1.0,1.0,0.0,1,1
2022-10-03,NIFTYBEES,186.97,196.55,183.93,196.29,3416613,647942409.0,191.59,187.0,197.27,196.15,183.43,186.69,186.97,193.86,196.29,196.29,193.86,193.86,201.0,165.68,201.0,165.68,231.14999999999998,231.14999999999998,0.049847569128737224,-0.03554111214278355,0.038906752411575596,0.05942357512953356,0.026245621372928296,0.04320138570482457,0.008660655153089891,-0.013296652911508389,0.005196393091853935,189.61011339314604,185.9657065535003,186.27017008971904,185.92025513457855,183.67141912094482,182.93840114782145,13.768959320162494,0.6769,-0.4972,0.5239,1.0578,-0.5898,False,64.73887270845945,62.60023052770055,61.11809397300606,56.25451569339549,,,,LHHL,HHLL,HHHL,HHHL,LHLL,LHLL,2,1,0.0,1.0,0.0,1.0,0.0,0.0,1,1
2022-11-01,NIFTYBEES,196.97,205.21,195.45,204.77,2142334,427266120.0,186.97,191.59,196.55,197.27,183.93,183.43,196.29,186.97,204.77,204.77,196.29,196.29,201.0,165.68,201.0,165.68,231.14999999999998,231.14999999999998,0.04320138570482457,0.049847569128737224,-0.03554111214278355,0.13887652947719697,0.11445520844671808,-0.03311031889436933,-0.054158323973238276,-0.07354592957952821,-0.00537188064657923,194.66340892876403,189.38466899831843,189.61011339314604,186.27017008971904,185.9657065535003,183.67141912094482,13.48260508300803,0.629,0.6769,-0.4972,0.5239,1.0578,False,70.48829023820146,64.01332288875744,62.60023052770055,61.11809397300606,,,,HHHL,LHHL,HHLL,HHHL,HHHL,LHLL,0,1,1.0,0.0,1.0,0.0,0.0,0.0,0,0
2022-12-01,NIFTYBEES,205.9,206.16,194.9,197.99,2081650,417272566.0,196.97,186.97,205.21,196.55,195.45,183.93,204.77,196.29,204.77,204.77,204.77,204.77,201.0,165.68,201.0,165.68,231.14999999999998,231.14999999999998,-0.03311031889436933,0.04320138570482457,0.049847569128737224,0.153855119762224,0.054990142271007736,-0.021768776200818185,-0.04182029395424014,-0.041062679933329904,0.06399313096621029,195.77227261917605,190.9492746349878,194.66340892876403,189.61011339314604,189.38466899831843,185.9657065535003,13.323847577078883,-0.5089,0.629,0.6769,-0.4972,0.5239,False,61.18283016533703,65.46999770399931,64.01332288875744,62.60023052770055,,,,HHLL,HHHL,LHHL,HHLL,HHHL,HHHL,1,0,1.0,1.0,0.0,0.0,0.0,0.0,0,0
2023-01-02,NIFTYBEES,197.88,199.88,187.21,193.68,2991816,586901046.0,205.9,196.97,206.16,205.21,194.9,195.45,197.99,204.77,204.77,204.77,204.77,204.77,201.0,165.68,201.0,165.68,231.14999999999998,231.14999999999998,-0.021768776200818185,-0.03311031889436933,0.04320138570482457,0.037942122186495286,0.03307019415404322,-0.02049772821148288,-0.019723254853366345,0.018742255266418706,0.12308963238331261,195.07484841278406,191.4457701558991,195.77227261917605,194.66340892876403,190.9492746349878,189.38466899831843,13.277144178716105,-0.3246,-0.5089,0.629,0.6769,-0.4972,False,55.72677045516656,62.465963619568335,65.46999770399931,64.01332288875744,,,,LHLL,HHLL,HHHL,LHHL,HHLL,HHHL,2,0,0.0,1.0,1.0,0.0,0.0,0.0,0,0
2023-02-01,NIFTYBEES,194.91,198.39,189.2,189.71,2957203,572873499.0,197.88,205.9,199.88,206.16,187.21,194.9,193.68,197.99,204.77,204.77,204.77,204.77,201.0,165.68,201.0,165.68,231.14999999999998,231.14999999999998,-0.02049772821148288,-0.021768776200818185,-0.03311031889436933,-0.021407201072939253,0.04345195533799018,0.000790680512360975,0.04006114595962251,0.07358599968372759,0.12118496652785815,193.28656560852272,191.13017558209927,195.07484841278406,195.77227261917605,191.4457701558991,190.9492746349878,12.98520530880781,-0.3057,-0.3246,-0.5089,0.629,0.6769,False,50.85339849615962,55.9209997055544,62.465963619568335,65.46999770399931,,,,LHHL,LHLL,HHLL,HHHL,LHHL,HHLL,3,0,0.0,0.0,1.0,0.0,0.0,0.0,0,0
2023-03-01,NIFTYBEES,190.75,194.64,184.55,189.86,2999962,564473906.0,194.91,197.88,198.39,199.88,189.2,187.21,189.71,193.68,204.77,204.77,204.77,204.77,201.0,165.68,201.0,165.68,231.14999999999998,231.14999999999998,0.000790680512360975,-0.02049772821148288,-0.021768776200818185,0.015457025191207174,0.005294927459493781,0.03923943958706411,0.07273780680501418,0.10955440851153475,0.1416833456230906,192.1443770723485,190.89923456717213,193.28656560852272,195.07484841278406,191.13017558209927,191.4457701558991,12.77840492960725,0.0117,-0.3057,-0.3246,-0.5089,0.629,False,51.042126251679065,52.540765067668396,55.9209997055544,62.465963619568335,,,,LHLL,LHHL,LHLL,HHLL,HHHL,LHHL,4,0,0.0,0.0,0.0,0.0,0.0,1.0,1,1
2023-04-03,NIFTYBEES,190.95,197.75,189.56,197.31,1789162,345799977.0,190.75,194.91,194.64,198.39,184.55,189.2,189.86,189.71,204.77,204.77,204.77,204.77,201.0,165.68,201.0,165.68,231.14999999999998,231.14999999999998,0.03923943958706411,0.000790680512360975,-0.02049772821148288,0.005196393091853935,0.06492875647668384,0.03223354112817378,0.06766002736810095,0.10242765191830117,0.06882570574223301,193.8662513815657,192.06482828223173,192.1443770723485,193.28656560852272,190.89923456717213,191.13017558209927,12.450661720349588,0.5984,0.0117,-0.3057,-0.3246,-0.5089,False,59.95306350795161,53.94952941859676,52.540765067668396,55.9209997055544,,,,HHHL,LHLL,LHHL,LHLL,HHLL,HHHL,0,0,0.0,0.0,0.0,0.0,1.0,1.0,1,1
2023-05-02,NIFTYBEES,197.31,205.39,197.25,203.67,3010770,603640771.0,190.95,190.75,197.75,194.64,189.56,184.55,197.31,189.86,204.77,204.77,204.77,204.77,201.0,165.68,201.0,165.68,231.14999999999998,231.14999999999998,0.03223354112817378,0.03923943958706411,0.000790680512360975,-0.00537188064657923,0.13275862068965494,0.034320223891589396,0.068002160357441,0.04433642657239645,0.08994942799626848,197.13416758771046,194.17485950364414,193.8662513815657,192.1443770723485,192.06482828223173,190.89923456717213,12.142757311753188,0.5238,0.5984,0.0117,-0.3057,-0.3246,False,66.09867548860973,59.03128841608012,53.94952941859676,52.540765067668396,79.42298859160674,,,HHHL,HHHL,LHLL,LHHL,LHLL,HHLL,0,0,0.0,0.0,0.0,1.0,1.0,0.0,1,1
2023-06-01,NIFTYBEES,204.45,210.86,202.47,210.66,2353170,484685440.0,197.31,190.95,205.39,197.75,197.25,189.56,203.67,197.31,210.66,210.66,204.77,204.77,201.0,165.68,201.0,165.68,231.14999999999998,231.14999999999998,0.034320223891589396,0.03223354112817378,0.03923943958706411,0.06399313096621029,0.22769392155720025,0.03256432165574874,0.00968385075477074,0.028956612551030103,0.1386119813918163,201.64277839180698,197.17215777570885,197.13416758771046,193.8662513815657,194.17485950364414,192.06482828223173,11.874703218056533,0.5886,0.5238,0.5984,0.0117,-0.3057,False,71.67268922133496,65.90814273929875,59.03128841608012,53.94952941859676,83.8215153816525,79.42298859160674,,HHHL,HHHL,HHHL,LHLL,LHHL,LHLL,0,1,0.0,0.0,0.0,1.0,0.0,0.0,1,1
2023-07-03,NIFTYBEES,211.67,219.74,210.77,217.52,2546558,546532542.0,204.45,197.31,210.86,205.39,202.47,197.25,210.66,203.67,217.52,217.52,210.66,210.66,201.0,165.68,201.0,165.68,231.14999999999998,231.14999999999998,0.03256432165574874,0.034320223891589396,0.03223354112817378,0.12308963238331261,0.16570203644158643,-0.02215888194189053,-0.0034939315924973346,-0.030479955866127395,0.10399043766090466,206.935185594538,200.87176545285269,201.64277839180698,197.13416758771046,197.17215777570885,194.17485950364414,11.675081559623925,0.5876,0.5886,0.5238,0.5984,0.0117,False,76.1605669877514,71.31064389923202,65.90814273929875,59.03128841608012,85.58257671178154,83.8215153816525,79.42298859160674,HHHL,HHHL,HHHL,HHHL,LHLL,LHHL,0,1,1.0,0.0,0.0,0.0,0.0,0.0,0,0
2023-08-01,NIFTYBEES,218.1,218.5,200.0,212.7,5002264,1071879341.0,211.67,204.45,219.74,210.86,210.77,202.47,217.52,210.66,217.52,217.52,217.52,217.52,201.0,165.68,201.0,165.68,231.14999999999998,231.14999999999998,-0.02215888194189053,0.03256432165574874,0.034320223891589396,0.12118496652785815,0.09718353450943962,0.019087917254348774,-0.008509637987776264,0.043676539727315555,0.14494593323930416,208.8567903963587,203.02235355233398,206.935185594538,201.64277839180698,200.87176545285269,197.17215777570885,12.162575733936501,-0.3963,0.5876,0.5886,0.5238,0.5984,False,67.40654822770288,71.74660147892973,71.31064389923202,65.90814273929875,33.52992717496156,85.58257671178154,83.8215153816525,LHLL,HHHL,HHHL,HHHL,HHHL,LHLL,1,0,1.0,1.0,0.0,0.0,0.0,1.0,1,1
2023-09-01,NIFTYBEES,212.95,230.0,212.12,216.76,5219538,1137351732.0,218.1,211.67,218.5,219.74,200.0,210.77,212.7,217.52,217.52,217.52,217.52,217.52,201.0,165.68,201.0,165.68,231.14999999999998,231.14999999999998,0.019087917254348774,-0.02215888194189053,0.03256432165574874,0.1416833456230906,0.1593303738567684,-0.027080642184905024,0.024128067909208406,0.10656947776342518,0.14010887617641643,211.49119359757248,205.5201074519096,208.8567903963587,206.935185594538,203.02235355233398,200.87176545285269,12.570963181512466,0.323,-0.3963,0.5876,0.5886,0.5238,False,70.71447648105803,71.42719723217077,71.74660147892973,71.31064389923202,58.95668685104138,33.52992717496156,85.58257671178154,HHHL,LHLL,HHHL,HHHL,HHHL,HHHL,0,0,0.0,1.0,1.0,0.0,1.0,1.0,1,1
2023-10-03,NIFTYBEES,216.85,256.3,208.37,210.89,5307343,1134059589.0,212.95,218.1,230.0,218.5,212.12,200.0,216.76,212.7,217.52,217.52,217.52,217.52,201.0,165.68,201.0,165.68,231.14999999999998,231.14999999999998,-0.027080642184905024,0.019087917254348774,-0.02215888194189053,0.06882570574223301,0.07437974425594773,0.052634074636066286,0.13737019299160713,0.13869789937882304,0.1861634027217982,211.29079573171498,206.4964515515624,211.49119359757248,208.8567903963587,205.5201074519096,203.02235355233398,15.09660866854729,-0.3888,0.323,-0.3963,0.5876,0.5886,False,60.37818726963449,66.16640399279846,71.42719723217077,71.74660147892973,30.56036144662288,58.95668685104138,33.52992717496156,HHLL,HHHL,LHLL,HHHL,HHHL,HHHL,1,0,0.0,0.0,1.0,1.0,1.0,1.0,1,1
2023-11-01,NIFTYBEES,211.4,222.35,209.8,221.99,5621842,1222253338.0,216.85,212.95,256.3,230.0,208.37,212.12,210.89,216.76,221.99,221.99,217.52,217.52,201.0,165.68,201.0,165.68,231.14999999999998,231.14999999999998,0.052634074636066286,-0.027080642184905024,0.019087917254348774,0.08994942799626848,0.08409434975826535,0.08049912158205319,0.08176043965944402,0.09703139781071224,0.13144736249380595,214.85719715447667,209.31346036036922,211.29079573171498,211.49119359757248,206.4964515515624,205.5201074519096,14.91470804936534,0.7442,-0.3888,0.323,-0.3963,0.5876,False,70.03951523739924,67.04405966269725,66.16640399279846,71.42719723217077,73.45343200486785,30.56036144662288,58.95668685104138,LHHL,HHLL,HHHL,LHLL,HHHL,HHHL,2,1,0.0,0.0,0.0,1.0,1.0,1.0,1,1
2023-12-01,NIFTYBEES,222.46,240.35,222.2,239.86,8039519,1883159995.0,211.4,216.85,222.35,256.3,209.8,208.37,221.99,210.89,239.86,239.86,221.99,221.99,201.0,165.68,201.0,165.68,231.14999999999998,231.14999999999998,0.08049912158205319,0.052634074636066286,-0.027080642184905024,0.1386119813918163,0.21147532703671912,0.001167347619444481,0.015300592012006842,0.030309347119152674,0.11515050446093555,223.19146476965113,214.86737665848392,214.85719715447667,211.29079573171498,209.31346036036922,206.4964515515624,15.16080033155353,1.1787,0.7442,-0.3888,0.323,-0.3963,False,79.45075321399871,69.9561519070108,67.04405966269725,66.16640399279846,84.9923087165218,73.45343200486785,30.56036144662288,HHHL,LHHL,HHLL,HHHL,LHLL,HHHL,0,1,1.0,0.0,0.0,1.0,1.0,1.0,1,1
2024-01-01,NIFTYBEES,239.86,245.0,234.0,240.14,6344977,1514314145.0,222.46,211.4,240.35,222.35,222.2,209.8,239.86,221.99,240.14,240.14,239.86,239.86,201.0,165.68,201.0,165.68,231.14999999999998,231.14999999999998,0.001167347619444481,0.08049912158205319,0.052634074636066286,0.10399043766090466,0.23988021478727783,0.014116765220288263,0.029108020321479078,0.04168401765636731,0.15649204630632152,228.84097651310077,219.4623990842141,223.19146476965113,214.85719715447667,214.86737665848392,209.31346036036922,14.863600307871135,0.0188,1.1787,0.7442,-0.3888,0.323,False,79.5680773658247,76.3527819390742,69.9561519070108,67.04405966269725,70.90025094186603,84.9923087165218,73.45343200486785,HHHL,HHHL,LHHL,HHLL,HHHL,LHLL,0,1,1.0,1.0,0.0,1.0,1.0,1.0,1,1
2024-02-01,NIFTYBEES,240.14,249.5,238.4,243.53,5683160,1380044618.0,239.86,222.46,245.0,240.35,234.0,222.2,240.14,239.86,243.53,243.53,240.14,240.14,201.0,165.68,201.0,165.68,231.14999999999998,231.14999999999998,0.014116765220288263,0.001167347619444481,0.08049912158205319,0.14494593323930416,0.28369616783511664,0.014782572988954135,0.027183509218576818,0.03137190489878039,0.15480638935654745,233.7373176754005,223.83832652344788,228.84097651310077,223.19146476965113,219.4623990842141,214.86737665848392,14.594771714451767,0.2323,0.0188,1.1787,0.7442,-0.3888,False,81.09285309530344,80.03722789170894,76.3527819390742,69.9561519070108,77.3981414066467,70.90025094186603,84.9923087165218,HHHL,HHHL,HHHL,LHHL,HHLL,HHHL,0,1,1.0,1.0,1.0,1.0,1.0,1.0,1,1
2024-03-01,NIFTYBEES,243.77,249.71,240.51,247.13,5154421,1264567690.0,240.14,239.86,249.5,245.0,238.4,234.0,243.53,240.14,247.13,247.13,243.53,243.53,201.0,165.68,201.0,165.68,231.14999999999998,231.14999999999998,0.014782572988954135,0.014116765220288263,0.001167347619444481,0.14010887617641643,0.3016433161276728,0.01222028891676441,0.016347671266135233,0.08234532432323083,0.1673613078137013,238.2015451169337,228.07317624645734,233.7373176754005,228.84097651310077,223.83832652344788,219.4623990842141,14.209430877705215,0.2534,0.2323,0.0188,1.1787,0.7442,False,82.69302787566775,81.11798611226529,80.03722789170894,76.3527819390742,79.58973421688508,77.3981414066467,70.90025094186603,HHHL,HHHL,HHHL,HHHL,LHHL,HHLL,0,1,1.0,1.0,1.0,1.0,1.0,1.0,1,1
2024-04-01,NIFTYBEES,246.73,251.84,241.2,250.15,6578966,1630476815.0,243.77,240.14,249.71,249.5,240.51,238.4,247.13,243.53,250.15,250.15,247.13,247.13,201.0,165.68,201.0,165.68,231.14999999999998,231.14999999999998,0.01222028891676441,0.014782572988954135,0.014116765220288263,0.1861634027217982,0.26780193603973435,0.004077553467919159,0.06927843294023583,0.11021387167699381,0.08227063761742959,242.18436341128913,232.08714420164688,238.2015451169337,233.7373176754005,228.07317624645734,223.83832652344788,13.9544715292977,0.2164,0.2534,0.2323,0.0188,1.1787,True,84.01692148995251,82.60093415364122,81.11798611226529,80.03722789170894,79.61040683812762,79.58973421688508,77.3981414066467,HHHL,HHHL,HHHL,HHHL,HHHL,LHHL,0,1,1.0,1.0,1.0,1.0,1.0,1.0,1,1
2024-05-02,NIFTYBEES,250.06,256.75,242.27,251.17,8905856,2224362112.0,246.73,243.77,251.84,249.71,241.2,240.51,250.15,247.13,251.17,251.17,250.15,250.15,201.0,165.68,201.0,165.68,231.14999999999998,231.14999999999998,0.004077553467919159,0.01222028891676441,0.014782572988954135,0.13144736249380595,0.2332204055580105,0.06493609905641606,0.10570529919974536,0.11967989807699975,0.07421268463590414,245.1795756075261,235.55675434680197,242.18436341128913,238.2015451169337,232.08714420164688,228.07317624645734,13.992009277205009,0.0729,0.2164,0.2534,0.2323,0.0188,True,84.48458701028673,83.73151212530232,82.60093415364122,81.11798611226529,78.23117213483204,79.61040683812762,79.58973421688508,HHHL,HHHL,HHHL,HHHL,HHHL,HHHL,0,1,1.0,1.0,1.0,1.0,1.0,1.0,1,1
2024-06-03,NIFTYBEES,255.0,268.37,242.12,267.48,16901239,4301808920.0,250.06,246.73,256.75,251.84,242.27,241.2,251.17,250.15,267.48,267.48,251.17,251.17,201.0,165.68,201.0,165.68,231.14999999999998,231.14999999999998,0.06493609905641606,0.004077553467919159,0.01222028891676441,0.11515050446093555,0.2697237254343492,0.03828323612980422,0.05140571257664117,0.07854792881710781,-0.010879318079856537,252.61305040501742,241.3609808292016,245.1795756075261,242.18436341128913,235.55675434680197,232.08714420164688,14.867580043118936,1.097,0.0729,0.2164,0.2534,0.2323,True,89.96320118538983,86.154903228543,83.73151212530232,82.60093415364122,95.29469639384251,78.23117213483204,79.61040683812762,HHLL,HHHL,HHHL,HHHL,HHHL,HHHL,0,1,1.0,1.0,1.0,1.0,1.0,1.0,1,1
2024-07-01,NIFTYBEES,268.0,278.24,267.08,277.72,5308346,1442023656.0,255.0,250.06,268.37,256.75,242.12,242.27,267.48,251.17,277.72,277.72,267.48,267.48,201.0,165.68,201.0,165.68,231.14999999999998,231.14999999999998,0.03828323612980422,0.06493609905641606,0.004077553467919159,0.15649204630632152,0.27675616035307105,0.012638628834797494,0.03878006625378072,-0.025169235200921847,-0.05271496471266035,260.982033603345,247.97171158752857,252.61305040501742,245.1795756075261,241.3609808292016,235.55675434680197,14.60275289718187,0.7012,1.097,0.0729,0.2164,0.2534,False,92.02569631918854,88.82449483828835,86.154903228543,83.73151212530232,89.59932634660244,95.29469639384251,78.23117213483204,HHHL,HHLL,HHHL,HHHL,HHHL,HHHL,0,1,1.0,1.0,1.0,1.0,1.0,0.0,1,1
2024-08-01,NIFTYBEES,277.72,281.58,266.5,281.23,7005380,1907572437.0,268.0,255.0,278.24,268.37,267.08,242.12,277.72,267.48,281.23,281.23,277.72,277.72,201.0,165.68,201.0,165.68,231.14999999999998,231.14999999999998,0.012638628834797494,0.03828323612980422,0.06493609905641606,0.15480638935654745,0.32219087917254363,0.02581516907869008,-0.0373359883369484,-0.04060733207694778,-0.11606158660171395,267.73135573556334,254.01867311706883,260.982033603345,252.61305040501742,247.97171158752857,241.3609808292016,14.636841975954594,0.2398,0.7012,1.097,0.0729,0.2164,False,92.63124077118611,91.5400460919215,88.82449483828835,86.154903228543,81.70508133614466,89.59932634660244,95.29469639384251,HHLL,HHHL,HHLL,HHHL,HHHL,HHHL,0,1,1.0,1.0,1.0,1.0,0.0,0.0,1,1
2024-09-02,NIFTYBEES,281.23,292.58,276.31,288.49,6229403,1763681706.0,277.72,268.0,281.58,278.24,266.5,267.08,281.23,277.72,288.49,288.49,281.23,281.23,292.58,165.68,201.0,165.68,336.4669999999999,231.14999999999998,0.02581516907869008,0.012638628834797494,0.03828323612980422,0.1673613078137013,0.3309189887433106,-0.061561925889978775,-0.06475094457346875,-0.08291448577073735,-0.08766335054941254,274.6509038237089,260.2861870957836,267.73135573556334,260.982033603345,254.01867311706883,247.97171158752857,14.753496120529265,0.4921,0.2398,0.7012,1.097,0.0729,False,93.77240891796221,92.80978200277895,91.5400460919215,88.82449483828835,86.14931072931635,81.70508133614466,89.59932634660244,HHHL,HHLL,HHHL,HHLL,HHHL,HHHL,0,1,1.0,1.0,1.0,0.0,0.0,0.0,0,0
2024-10-01,NIFTYBEES,288.49,289.4,268.11,270.73,13895837,3854488960.0,281.23,277.72,292.58,281.58,276.31,266.5,288.49,281.23,288.49,288.49,288.49,288.49,292.58,165.68,292.58,165.68,336.4669999999999,336.4669999999999,-0.061561925889978775,0.02581516907869008,0.012638628834797494,0.08227063761742959,0.28374982218218037,-0.0033982196284121358,-0.022753296642411325,-0.02825693495364401,0.0040630886861448,273.34393588247264,262.1850621692775,274.6509038237089,267.73135573556334,260.2861870957836,254.01867311706883,15.220389254777173,-1.1669,0.4921,0.2398,0.7012,1.097,False,65.03004612602439,83.81123193839089,92.80978200277895,91.5400460919215,17.838447271270336,86.14931072931635,81.70508133614466,LHLL,HHHL,HHLL,HHHL,HHLL,HHHL,1,0,1.0,1.0,1.0,0.0,0.0,0.0,0,0
2024-11-01,NIFTYBEES,270.73,274.52,260.0,269.81,15027266,4011174458.0,288.49,281.23,289.4,292.58,268.11,276.31,270.73,288.49,288.49,288.49,288.49,288.49,292.58,165.68,292.58,165.68,336.4669999999999,336.4669999999999,-0.0033982196284121358,-0.061561925889978775,0.02581516907869008,0.07421268463590414,0.2154151087886842,-0.01942107408917393,-0.024943478744301584,-0.07864793743745602,0.03031763092546602,272.1659572549818,263.5714145021361,273.34393588247264,274.6509038237089,262.1850621692775,260.2861870957836,15.170361450864517,-0.0606,-1.1669,0.4921,0.2398,0.7012,False,63.84732659969051,74.2165938812257,83.81123193839089,92.80978200277895,27.221027669261748,17.838447271270336,86.14931072931635,LHLL,LHLL,HHHL,HHLL,HHHL,HHLL,2,0,0.0,1.0,1.0,0.0,0.0,0.0,0,0
2024-12-02,NIFTYBEES,269.8,277.35,262.5,264.57,10127906,2739195917.0,270.73,288.49,274.52,289.4,260.0,268.11,269.81,270.73,288.49,288.49,288.49,288.49,292.58,165.68,292.58,165.68,336.4669999999999,336.4669999999999,-0.01942107408917393,-0.0033982196284121358,-0.061561925889978775,-0.010879318079856537,0.10301842741599265,-0.005631779869221809,-0.06039989416789504,-0.005178213705257617,0.08322939108742489,269.63397150332116,263.7529755017477,272.1659572549818,273.34393588247264,263.5714145021361,262.1850621692775,15.147478490088483,-0.3459,-0.0606,-1.1669,0.4921,0.2398,False,56.96315072540375,61.946841150372876,74.2165938812257,83.81123193839089,19.410677927152676,27.221027669261748,17.838447271270336,HHHL,LHLL,LHLL,HHHL,HHLL,HHHL,3,0,0.0,0.0,1.0,0.0,0.0,0.0,0,0
2025-01-01,NIFTYBEES,264.6,270.2,255.11,263.08,18735644,4886189558.0,269.8,270.73,277.35,274.52,262.5,260.0,264.57,269.81,288.49,288.49,288.49,288.49,292.58,165.68,292.58,165.68,336.4669999999999,336.4669999999999,-0.005631779869221809,-0.01942107408917393,-0.0033982196284121358,-0.05271496471266035,0.09552760889481138,-0.05507830317774054,0.0004561350159646427,0.033259844914094616,0.062376463433176266,267.44931433554746,263.63061631961176,269.63397150332116,272.1659572549818,263.7529755017477,263.5714145021361,15.143372883653589,-0.0984,-0.3459,-0.0606,-1.1669,0.4921,False,54.99598042286483,58.60215258265302,61.946841150372876,74.2165938812257,20.5177388878442,19.410677927152676,27.221027669261748,LHLL,HHHL,LHLL,LHLL,HHHL,HHLL,4,0,0.0,0.0,0.0,0.0,0.0,0.0,0,0
2025-02-01,NIFTYBEES,263.58,266.14,248.05,248.59,13487682,3468390819.0,264.6,269.8,270.2,277.35,255.11,262.5,263.08,264.57,288.49,288.49,288.49,288.49,292.58,165.68,292.58,165.68,336.4669999999999,336.4669999999999,-0.05507830317774054,-0.005631779869221809,-0.01942107408917393,-0.11606158660171395,0.02077772759003005,0.05877147109698688,0.09348726819260622,0.11826702602679107,0.11058369202300966,261.16287622369833,260.8959588069551,267.44931433554746,269.63397150332116,263.63061631961176,263.7529755017477,15.353846249106903,-0.9437,-0.0984,-0.3459,-0.0606,-1.1669,False,39.513965554077515,50.49103223411535,58.60215258265302,61.946841150372876,5.868164433008658,20.5177388878442,19.410677927152676,LHLL,LHLL,HHHL,LHLL,LHLL,HHHL,5,0,0.0,0.0,0.0,0.0,0.0,0.0,0,0
2025-03-03,NIFTYBEES,248.59,266.83,246.0,263.2,11088706,2829609684.0,263.58,264.6,266.14,270.2,248.05,255.11,248.59,263.08,288.49,288.49,288.49,288.49,292.58,165.68,292.58,165.68,336.4669999999999,336.4669999999999,0.05877147109698688,-0.05507830317774054,-0.005631779869221809,-0.08766335054941254,0.06502650426900813,0.032788753799392056,0.05619300911854119,0.08886778115501515,0.05436930091185421,261.84191748246553,261.3148753875087,261.16287622369833,267.44931433554746,260.8959588069551,263.63061631961176,15.74500008845641,0.9279,-0.9437,-0.0984,-0.3459,-0.0606,False,54.56107812323145,49.69034136672459,50.49103223411535,58.60215258265302,74.14319613900246,5.868164433008658,20.5177388878442,HHLL,LHLL,LHLL,HHHL,LHLL,LHLL,6,0,0.0,0.0,0.0,0.0,0.0,0.0,0,0
2025-04-01,NIFTYBEES,261.36,273.25,243.89,271.83,22078239,5722793706.0,248.59,263.58,266.83,266.14,246.0,248.05,263.2,248.59,288.49,288.49,288.49,288.49,292.58,243.89,292.58,165.68,336.4669999999999,336.4669999999999,0.032788753799392056,0.05877147109698688,-0.05507830317774054,0.0040630886861448,0.08666799920047952,0.02266122208733412,0.05429864253393668,0.02817937681639271,0.07088989441930638,265.1712783216437,263.2267162261435,261.84191748246553,261.16287622369833,261.3148753875087,260.8959588069551,16.717500082138095,0.5162,0.9279,-0.9437,-0.0984,-0.3459,False,61.210966892485516,51.762003523264816,49.69034136672459,50.49103223411535,73.01992319454165,74.14319613900246,5.868164433008658,HHLL,HHLL,LHLL,LHLL,HHHL,LHLL,0,0,0.0,0.0,0.0,0.0,0.0,0.0,0,0
2025-05-02,NIFTYBEES,273.0,282.61,265.04,277.99,10748920,2971362819.0,261.36,248.59,273.25,266.83,243.89,246.0,271.83,263.2,288.49,288.49,288.49,288.49,292.58,243.89,292.58,243.89,336.4669999999999,336.4669999999999,0.02266122208733412,0.032788753799392056,0.05877147109698688,0.03031763092546602,0.10678026834414944,0.0309363646174321,0.005395877549552175,-0.006870750746429843,0.06644123889348519,269.44418554776246,265.9109496395719,265.1712783216437,261.84191748246553,263.2267162261435,261.3148753875087,16.778392933413944,0.3671,0.5162,0.9279,-0.9437,-0.0984,False,65.42471730833093,60.39892077468263,51.762003523264816,49.69034136672459,74.39288456053194,73.01992319454165,74.14319613900246,HHHL,HHLL,HHLL,LHLL,LHLL,HHHL,0,0,0.0,0.0,0.0,0.0,0.0,0.0,0,0
2025-06-02,NIFTYBEES,277.99,289.09,275.03,286.59,7918613,2215164601.0,273.0,261.36,282.61,273.25,265.04,243.89,277.99,271.83,288.49,288.49,288.49,288.49,292.58,243.89,292.58,243.89,336.4669999999999,336.4669999999999,0.0309363646174321,0.02266122208733412,0.032788753799392056,0.08322939108742489,0.07144459398833547,-0.02477406748316402,-0.03667259848564153,-0.03168289193621543,0.030496528141247037,275.15945703184167,269.67077697783157,269.44418554776246,265.1712783216437,265.9109496395719,263.2267162261435,16.584222009598662,0.5186,0.3671,0.5162,0.9279,-0.9437,False,70.62271456506883,65.75279958862842,60.39892077468263,51.762003523264816,79.74408337158049,74.39288456053194,73.01992319454165,HHHL,HHHL,HHLL,HHLL,LHLL,LHLL,0,0,0.0,0.0,0.0,0.0,0.0,0.0,0,0
2025-07-01,NIFTYBEES,287.2,290.0,276.88,279.49,8072931,2284772163.0,277.99,273.0,289.09,282.61,275.03,265.04,286.59,277.99,288.49,288.49,288.49,288.49,292.58,243.89,292.58,243.89,336.4669999999999,336.4669999999999,-0.02477406748316402,0.0309363646174321,0.02266122208733412,0.062376463433176266,0.00637332565173554,-0.012200794303910745,-0.007084332176464314,0.0415399477619951,0.02783641632974332,276.60297135456113,271.45609025458947,275.15945703184167,269.44418554776246,269.67077697783157,265.9109496395719,16.336777580341614,-0.4346,0.5186,0.3671,0.5162,0.9279,False,61.6898507516595,65.91242754168641,65.75279958862842,60.39892077468263,31.901769446588926,79.74408337158049,74.39288456053194,HHHL,HHHL,HHHL,HHLL,HHLL,LHLL,1,0,0.0,0.0,0.0,0.0,0.0,1.0,1,1
2025-08-01,NIFTYBEES,277.5,283.73,274.4,276.08,7265815,2024544282.0,287.2,277.99,290.0,289.09,276.88,275.03,279.49,286.59,288.49,288.49,288.49,288.49,292.58,243.89,292.58,243.89,336.4669999999999,336.4669999999999,-0.012200794303910745,-0.02477406748316402,0.0309363646174321,0.11058369202300966,-0.01831241332717004,0.00517965807012466,0.054404520428861236,0.07381918284555211,0.033541002607939685,276.42864756970744,272.2968011173914,276.60297135456113,275.15945703184167,271.45609025458947,269.67077697783157,15.836293467460072,-0.2153,-0.4346,0.5186,0.3671,0.5162,False,57.60699226963347,63.306519195453916,65.91242754168641,65.75279958862842,29.895081494544456,31.901769446588926,79.74408337158049,LHLL,HHHL,HHHL,HHHL,HHLL,HHLL,2,0,0.0,0.0,0.0,0.0,1.0,1.0,1,1
2025-09-01,NIFTYBEES,278.84,287.04,275.86,277.51,10322015,2907652987.0,277.5,287.2,283.73,290.0,274.4,276.88,276.08,279.49,288.49,288.49,288.49,288.49,292.58,243.89,292.58,243.89,336.4669999999999,336.4669999999999,0.00517965807012466,-0.012200794303910745,-0.02477406748316402,0.05436930091185421,-0.038060244722520786,0.04897120824474799,0.06828582753774626,0.06421390220172252,-0.0864833699686498,276.78909837980495,273.2446554596838,276.42864756970744,276.60297135456113,272.2968011173914,271.45609025458947,15.50370107692721,0.0922,-0.2153,-0.4346,0.5186,0.3671,False,58.93663092943126,59.41115798357473,63.306519195453916,65.91242754168641,54.96948129846735,29.895081494544456,31.901769446588926,HHHL,LHLL,HHHL,HHHL,HHHL,HHLL,0,0,0.0,0.0,0.0,1.0,1.0,0.0,1,1
2025-10-01,NIFTYBEES,275.35,295.0,275.35,291.1,10573112,3045170882.0,278.84,277.5,287.04,283.73,275.86,274.4,277.51,276.08,291.1,291.1,288.49,288.49,292.58,243.89,292.58,243.89,336.4669999999999,336.4669999999999,0.04897120824474799,0.00517965807012466,-0.012200794303910745,0.07088989441930638,0.07524101503342817,0.018412916523531386,0.014531088972861372,-0.013156990724837003,-0.06530401923737561,281.55939891987,276.4910817397413,276.78909837980495,276.42864756970744,273.2446554596838,272.2968011173914,15.799865285718123,0.8601,0.0922,-0.2153,-0.4346,0.5186,False,69.53195420717996,62.02519246874823,59.41115798357473,63.306519195453916,78.26684701678842,54.96948129846735,29.895081494544456,HHLL,HHHL,LHLL,HHHL,HHHL,HHHL,0,1,0.0,0.0,0.0,1.0,0.0,0.0,1,1
2025-11-03,NIFTYBEES,291.14,297.49,286.35,296.46,9357078,2738902246.0,275.35,278.84,295.0,287.04,275.35,275.86,291.1,277.51,296.46,296.46,291.1,291.1,292.58,243.89,292.58,243.89,336.4669999999999,336.4669999999999,0.018412916523531386,0.04897120824474799,0.00517965807012466,0.06644123889348519,0.09877321077795487,-0.0038116440666531304,-0.030999122984550986,-0.03750927612494104,-0.0969102071105713,286.52626594658,280.1217941506974,281.55939891987,276.78909837980495,276.4910817397413,273.2446554596838,15.467017765309686,0.3465,0.8601,0.0922,-0.2153,-0.4346,False,72.76544773616352,67.07801095759157,62.02519246874823,59.41115798357473,75.25268061255548,78.26684701678842,54.96948129846735,HHHL,HHLL,HHHL,LHLL,HHHL,HHHL,0,1,1.0,0.0,0.0,0.0,0.0,0.0,0,0
2025-12-01,NIFTYBEES,297.94,298.77,288.69,295.33,6912654,2031425833.0,291.14,275.35,297.49,295.0,286.35,275.35,296.46,291.1,296.46,296.46,296.46,296.46,298.77,243.89,292.58,243.89,343.58549999999997,336.4669999999999,-0.0038116440666531304,0.018412916523531386,0.04897120824474799,0.030496528141247037,0.11626412669614838,-0.027291504418785806,-0.03382656689127417,-0.14160430704635496,,289.46084396438664,282.8869224869342,286.52626594658,281.55939891987,280.1217941506974,276.4910817397413,15.08223078207328,-0.0749,0.3465,0.8601,0.0922,-0.2153,False,70.91438066891052,71.07059420408466,67.07801095759157,62.02519246874823,44.63431186570144,75.25268061255548,78.26684701678842,HHHL,HHHL,HHLL,HHHL,LHLL,HHHL,1,0,1.0,1.0,0.0,0.0,0.0,0.0,0,0
2026-01-02,NIFTYBEES,295.17,298.09,284.96,287.27,2207512,643520435.0,297.94,291.14,298.77,297.49,288.69,286.35,295.33,296.46,296.46,296.46,296.46,296.46,298.77,243.89,298.77,243.89,343.58549999999997,343.58549999999997,-0.027291504418785806,-0.0038116440666531304,0.018412916523531386,0.02783641632974332,0.09194921696822256,-0.006718418212831145,-0.11752010303895288,-0.05284227381905526,,288.73056264292444,283.683845671128,289.46084396438664,286.52626594658,282.8869224869342,280.1217941506974,14.942785726210902,-0.5394,-0.0749,0.3465,0.8601,0.0922,False,58.52518454338828,67.40167098282076,71.07059420408466,67.07801095759157,24.901238734251958,44.63431186570144,75.25268061255548,LHLL,HHHL,HHHL,HHLL,HHHL,LHLL,2,0,0.0,1.0,1.0,0.0,0.0,0.0,0,0
2026-02-01,NIFTYBEES,287.27,298.31,279.73,285.34,4798662,1386783709.0,295.17,297.94,298.09,298.77,284.96,288.69,287.27,295.33,296.46,296.46,296.46,296.46,298.77,243.89,298.77,243.89,343.58549999999997,343.58549999999997,-0.006718418212831145,-0.027291504418785806,-0.0038116440666531304,0.033541002607939685,0.14783378253348878,-0.11155113198289757,-0.04643583093852943,-0.061715847760566156,,287.60037509528297,283.9849646400138,288.73056264292444,289.46084396438664,283.683845671128,282.8869224869342,15.202586745767265,-0.127,-0.5394,-0.0749,0.3465,0.8601,False,55.80169769436274,61.74708763555384,67.40167098282076,71.07059420408466,26.36705578484243,24.901238734251958,44.63431186570144,HHLL,LHLL,HHHL,HHHL,HHLL,HHHL,3,0,0.0,0.0,1.0,0.0,0.0,0.0,0,0
2026-03-02,NIFTYBEES,280.86,283.25,252.7,253.51,16408593,4362586332.0,287.27,295.17,298.31,298.09,279.73,284.96,285.34,287.27,296.46,296.46,296.46,296.46,298.77,243.89,298.77,243.89,343.58549999999997,343.58549999999997,-0.11155113198289757,-0.006718418212831145,-0.027291504418785806,-0.0864833699686498,-0.03681610942249236,0.07329099443808906,0.05609246183582517,,,276.2369167301887,278.4440619781931,287.60037509528297,288.73056264292444,283.9849646400138,283.683845671128,16.448116263926746,-1.9352,-0.127,-0.5394,-0.0749,0.3465,False,29.440863365960524,47.92258186790384,61.74708763555384,67.40167098282076,5.195120054179715,26.36705578484243,24.901238734251958,LHLL,HHLL,LHLL,HHHL,HHHL,HHLL,4,0,0.0,0.0,0.0,0.0,0.0,,0,0
2026-04-01,NIFTYBEES,258.94,282.71,251.16,272.09,11520480,3083163583.0,280.86,287.27,283.25,298.31,252.7,279.73,253.51,285.34,296.46,296.46,296.46,296.46,298.77,251.16,298.77,243.89,343.58549999999997,343.58549999999997,0.07329099443808906,-0.11155113198289757,-0.006718418212831145,-0.06530401923737561,0.0009564801530368428,-0.016024109669594444,,,,274.85461115345913,277.28877798215797,276.2369167301887,287.60037509528297,278.4440619781931,283.9849646400138,17.526822245074833,1.0601,-1.9352,-0.127,-0.5394,-0.0749,False,46.61535705456884,43.95263937163069,47.92258186790384,61.74708763555384,72.38664989576273,5.195120054179715,26.36705578484243,LHLL,LHLL,HHLL,LHLL,HHHL,HHHL,5,0,0.0,0.0,0.0,0.0,,,0,0
2026-05-04,NIFTYBEES,265.28,282.44,258.95,267.73,6655224,1798566577.0,258.94,280.86,282.71,283.25,251.16,252.7,272.09,253.51,296.46,296.46,296.46,296.46,298.77,251.16,298.77,251.16,343.58549999999997,343.58549999999997,-0.016024109669594444,0.07329099443808906,-0.11155113198289757,-0.0969102071105713,-0.036907802438936654,,,,,272.47974076897276,275.5508183490383,274.85461115345913,276.2369167301887,277.28877798215797,278.4440619781931,17.952763513283774,-0.2429,1.0601,-1.9352,-0.127,-0.5394,False,43.70309502171184,39.9197718140804,43.95263937163069,47.92258186790384,38.836360468924276,72.38664989576273,5.195120054179715,LHHL,LHLL,LHLL,HHLL,LHLL,HHHL,6,0,0.0,0.0,0.0,,,,0,0
2015-01-01,WELSPUNLIV,33.2,38.49,30.51,38.39,16523,99507559.0,,,,,,,,,,,,,,,,,,,,,,,,-0.08804376139619696,-0.07918728835634281,0.23808283407137276,1.3344620995050795,,,,,,,0.0,,,,,,False,,,,,,,,nan,,,,,,0,0,,,,0.0,0.0,0.0,0,1
2015-02-02,WELSPUNLIV,38.2,40.0,34.5,35.01,10730,74439097.0,33.2,,38.49,,30.51,,38.39,,,,,,,,,,,,-0.08804376139619696,,,,,0.009711510996858186,0.3576121108254786,0.6095401313910314,1.2047986289631534,,,,,,,0.0,,,,,,False,,,,,,,,HHHL,nan,,,,,1,0,0.0,,,0.0,0.0,0.0,0,1
2015-03-02,WELSPUNLIV,35.0,35.6,31.95,35.35,13102,166232752.0,38.2,33.2,40.0,38.49,34.5,30.51,35.01,38.39,,,,,,,,,,,0.009711510996858186,-0.08804376139619696,,,,0.34455445544554464,0.5940594059405941,0.817256011315417,1.385855728429986,,,,,,,0.0,,,,,,False,,,,,,,,LHLL,HHHL,nan,,,,2,0,0.0,0.0,,0.0,0.0,0.0,0,1
2015-04-01,WELSPUNLIV,35.58,49.2,35.58,47.53,61304,582245445.0,35.0,38.2,35.6,40.0,31.95,34.5,35.35,35.01,,,,,,,,,,,0.34455445544554464,0.009711510996858186,-0.08804376139619696,,,0.18556701030927836,0.35156743109614963,0.8855459709657059,0.5175678518830211,,,,,,,0.0,,,,,,False,,,,,,,,HHHL,LHLL,HHHL,nan,,,0,0,0.0,0.0,0.0,0.0,0.0,0.0,0,1
2015-05-04,WELSPUNLIV,48.25,57.5,46.01,56.35,51670,734519064.0,35.58,35.0,49.2,35.6,35.58,31.95,47.53,35.35,,,,,,,,,,,0.18556701030927836,0.34455445544554464,0.009711510996858186,,,0.14001774622892627,0.5904170363797694,0.36983141082519966,0.543566992014197,45.62358024691358,,,,,,0.0,,,,,,False,,,,,,,,HHHL,HHHL,LHLL,HHHL,nan,,0,0,0.0,0.0,0.0,0.0,0.0,0.0,0,1
2015-06-01,WELSPUNLIV,56.87,65.0,49.5,64.24,20761,355813409.0,48.25,35.58,57.5,49.2,46.01,35.58,56.35,47.53,,,,,,,,,,,0.14001774622892627,0.18556701030927836,0.34455445544554464,,,0.3950809464508096,0.20158779576587804,0.3128891656288919,0.42403486924034883,51.82905349794239,,45.62358024691358,,,,0.0,,,,,,False,,,,,,,,HHHL,HHHL,HHHL,LHLL,HHHL,nan,0,0,0.0,0.0,0.0,0.0,0.0,0.0,0,1
2015-07-01,WELSPUNLIV,65.0,91.08,63.2,89.62,51013,1306468334.0,56.87,48.25,65.0,57.5,49.5,46.01,64.24,56.35,,,,,,,,,,,0.3950809464508096,0.14001774622892627,0.18556701030927836,1.3344620995050795,,-0.13869671948225848,-0.05891542066503008,-0.19515733095291243,-0.07264003570631561,64.42603566529493,,51.82905349794239,45.62358024691358,,,0.0,,,,,,False,96.74481088308954,,,,,,,HHHL,HHHL,HHHL,HHHL,LHLL,HHHL,0,0,0.0,0.0,0.0,0.0,0.0,0.0,0,0
2015-08-03,WELSPUNLIV,89.7,96.31,67.5,77.19,46459,1056019506.0,65.0,56.87,91.08,65.0,63.2,49.5,89.62,64.24,,,,,,,,,,,-0.13869671948225848,0.3950809464508096,0.14001774622892627,1.2047986289631534,,0.09262857883145492,-0.0655525327114912,0.12682990024614593,0.04832232154424143,68.68069044352995,,64.42603566529493,51.82905349794239,,,0.0,,,,,,False,74.31252984059304,,,,,,,HHHL,HHHL,HHHL,HHHL,HHHL,LHLL,1,0,0.0,0.0,0.0,0.0,0.0,0.0,0,0
2015-09-01,WELSPUNLIV,75.37,87.99,66.8,84.34,44133,808172961.0,89.7,65.0,96.31,91.08,67.5,63.2,77.19,89.62,,,,,,,,,,,0.09262857883145492,-0.13869671948225848,0.3950809464508096,1.385855728429986,,-0.14477116433483528,0.031301873369694144,0.08465733934076347,0.17797012093905606,73.90046029568664,,68.68069044352995,64.42603566529493,,,0.0,,,,,,False,77.77143660626076,82.94292577664778,,,,,,LHLL,HHHL,HHHL,HHHL,HHHL,HHHL,2,0,0.0,0.0,0.0,0.0,0.0,0.0,0,0
2015-10-01,WELSPUNLIV,85.07,91.56,71.2,72.13,51749,811854351.0,75.37,89.7,87.99,96.31,66.8,67.5,84.34,77.19,,,,,,,,,,,-0.14477116433483528,0.09262857883145492,-0.13869671948225848,0.5175678518830211,,0.20587827533619873,0.2682656314986831,0.15222514903646212,0.3870788853459033,73.3103068637911,64.72710926647522,73.90046029568664,68.68069044352995,,,0.0,,,,,,False,61.32082878981964,71.13493174555782,82.94292577664778,,,,,HHHL,LHLL,HHHL,HHHL,HHHL,HHHL,3,0,0.0,0.0,0.0,0.0,0.0,0.0,0,0
2015-11-02,WELSPUNLIV,72.3,89.4,67.5,86.98,32336,371395647.0,85.07,75.37,91.56,87.99,71.2,66.8,72.13,84.34,,,,,,,,,,,0.20587827533619873,-0.14477116433483528,0.09262857883145492,0.543566992014197,,0.05173603127155668,-0.044492986893538755,-0.06967118877902967,0.19682685674867773,77.8668712425274,68.77308939984336,73.3103068637911,73.90046029568664,64.72710926647522,,0.0,,,,,,False,70.24992451424842,69.78072997010962,71.13493174555782,82.94292577664778,,,,LHLL,HHHL,LHLL,HHHL,HHHL,HHHL,4,0,0.0,0.0,0.0,0.0,0.0,0.0,0,0
2015-12-01,WELSPUNLIV,88.4,93.8,77.7,91.48,34958,637641677.0,72.3,85.07,89.4,91.56,67.5,71.2,86.98,72.13,91.48,91.48,,,,,,,,,0.05173603127155668,0.20587827533619873,-0.14477116433483528,0.42403486924034883,,-0.09149540883253171,-0.11543506777437695,0.0860297332750326,0.1865981635330125,82.4045808283516,72.90161859987182,77.8668712425274,73.3103068637911,68.77308939984336,64.72710926647522,0.0,,,,,,False,72.494731750584,68.0218283515507,69.78072997010962,71.13493174555782,,,,HHHL,LHLL,HHHL,LHLL,HHHL,HHHL,0,0,0.0,0.0,0.0,0.0,0.0,1.0,1,1
2016-01-01,WELSPUNLIV,91.0,92.4,71.7,83.11,34775,328211905.0,88.4,72.3,93.8,89.4,77.7,67.5,91.48,86.98,91.48,91.48,91.48,91.48,,,,,,,-0.09149540883253171,0.05173603127155668,0.20587827533619873,-0.07264003570631561,1.1648866892419902,-0.026350619660690633,0.19540368186740453,0.20382625436168933,0.2290939718445435,82.63972055223441,74.75768794534967,82.4045808283516,77.8668712425274,72.90161859987182,68.77308939984336,0.0,,,,,,False,62.29469413590945,68.34645013358063,68.0218283515507,69.78072997010962,,,,LHLL,HHHL,LHLL,HHHL,LHLL,HHHL,1,0,0.0,0.0,0.0,0.0,1.0,1.0,1,1
2016-02-01,WELSPUNLIV,84.0,91.5,77.8,80.92,25623,247866540.0,91.0,88.4,92.4,93.8,71.7,77.7,83.11,91.48,91.48,91.48,91.48,91.48,,,,,,,-0.026350619660690633,-0.09149540883253171,0.05173603127155668,0.04832232154424143,1.311339617252214,0.227755808205635,0.2364063272367769,0.2864557587740977,-0.3963173504695996,82.06648036815628,75.87810831892246,82.63972055223441,82.4045808283516,74.75768794534967,72.90161859987182,16.329285714285714,-0.1341,,,,,True,59.72933341627094,64.8395864342548,68.34645013358063,68.0218283515507,,,,LHHL,LHLL,HHHL,LHLL,HHHL,LHLL,2,0,0.0,0.0,0.0,1.0,1.0,1.0,1,1
2016-03-01,WELSPUNLIV,83.5,111.0,83.0,99.35,36728,519662301.0,84.0,91.0,91.5,92.4,77.8,71.7,80.92,83.11,99.35,99.35,91.48,91.48,,,,,,,0.227755808205635,-0.026350619660690633,-0.09149540883253171,0.17797012093905606,1.8104667609618104,0.007045797684952282,0.047810770005032754,0.09260191243080018,-0.4725717161550075,87.82765357877085,80.14572498820928,82.06648036815628,82.63972055223441,75.87810831892246,74.75768794534967,17.311479591836733,1.0646,-0.1341,,,,True,71.32372814443266,64.44925189887103,64.8395864342548,68.34645013358063,,,,HHHL,LHHL,LHLL,HHHL,LHLL,HHHL,0,1,0.0,0.0,0.0,1.0,1.0,1.0,1,1
2016-04-01,WELSPUNLIV,101.9,104.9,87.7,100.05,35358,546261466.0,83.5,84.0,111.0,91.5,83.0,77.8,99.35,80.92,100.05,100.05,99.35,99.35,,,,,,,0.007045797684952282,0.227755808205635,-0.026350619660690633,0.3870788853459033,1.1049863244266778,0.040479760119940034,0.08495752123938027,0.020989505247376306,-0.4207896051974013,91.9017690525139,83.76468408126213,87.82765357877085,82.06648036815628,80.14572498820928,75.87810831892246,17.303516763848396,0.0405,1.0646,-0.1341,,,False,71.68496812697755,67.57934322922705,64.44925189887103,64.8395864342548,,,,LHHL,HHHL,LHHL,LHLL,HHHL,LHLL,0,1,1.0,0.0,0.0,1.0,1.0,0.0,1,1
2016-05-02,WELSPUNLIV,101.0,104.9,90.85,104.1,18520,187022363.0,101.9,83.5,104.9,111.0,87.7,83.0,100.05,99.35,104.1,104.1,100.05,100.05,,,,,,,0.040479760119940034,0.007045797684952282,0.227755808205635,0.19682685674867773,0.8473824312333627,0.042747358309318084,-0.018731988472622363,-0.5307396733909702,-0.3294908741594621,95.96784603500927,87.46201424830537,91.9017690525139,87.82765357877085,83.76468408126213,80.14572498820928,17.0711227092878,0.2372,0.0405,1.0646,-0.1341,,False,73.9039401953055,72.3042121555719,67.57934322922705,64.44925189887103,,,,LHHL,LHHL,HHHL,LHHL,LHLL,HHHL,0,1,1.0,1.0,0.0,1.0,0.0,0.0,1,1
2016-06-01,WELSPUNLIV,105.3,119.9,98.75,108.55,31088,258782435.0,101.0,101.9,104.9,104.9,90.85,87.7,104.1,100.05,108.55,108.55,104.1,104.1,119.9,,,,137.885,,0.042747358309318084,0.040479760119940034,0.007045797684952282,0.1865981635330125,0.6897571606475716,-0.058959005066789416,-0.5499769691386458,-0.517273146015661,-0.38507600184246893,100.16189735667285,91.2961934758862,95.96784603500927,91.9017690525139,87.46201424830537,83.76468408126213,17.362471087195814,0.2563,0.2372,0.0405,1.0646,-0.1341,False,76.28619296061211,73.9583670942984,72.3042121555719,67.57934322922705,,,,HHHL,LHHL,LHHL,HHHL,LHHL,LHLL,0,1,1.0,1.0,1.0,0.0,0.0,0.0,0,0
2016-07-01,WELSPUNLIV,109.3,113.5,99.0,102.15,28992,316243620.0,105.3,101.0,119.9,104.9,98.75,90.85,108.55,104.1,108.55,108.55,108.55,108.55,119.9,,119.9,,137.885,137.885,-0.058959005066789416,0.042747358309318084,0.040479760119940034,0.2290939718445435,0.13981254184333847,-0.521781693587861,-0.48702887909936377,-0.43269701419481155,-0.2540381791483113,100.82459823778191,93.26961284390688,100.16189735667285,95.96784603500927,91.2961934758862,87.46201424830537,17.15800886668183,-0.373,0.2563,0.2372,0.0405,1.0646,False,66.15334629462865,72.1144931501821,73.9583670942984,72.3042121555719,,,,LHHL,HHHL,LHHL,LHHL,HHHL,LHHL,1,0,1.0,1.0,1.0,0.0,0.0,0.0,0,0
2016-08-01,WELSPUNLIV,101.1,108.05,46.35,48.85,215491,3077313134.0,109.3,105.3,113.5,119.9,99.0,98.75,102.15,108.55,108.55,108.55,108.55,108.55,119.9,46.35,119.9,,137.885,137.885,-0.521781693587861,-0.058959005066789416,0.042747358309318084,-0.3963173504695996,-0.36714600336831194,0.0726714431934492,0.1862845445240533,0.42886386898669393,0.8198567041965201,83.49973215852128,85.19331959956017,100.82459823778191,100.16189735667285,93.26961284390688,91.2961934758862,20.33957966191884,-2.6205,-0.373,0.2563,0.2372,0.0405,False,28.880810881469984,57.10678337890359,72.1144931501821,73.9583670942984,,,,LHLL,LHHL,HHHL,LHHL,LHHL,HHHL,2,0,0.0,1.0,1.0,0.0,0.0,0.0,0,1
2016-09-01,WELSPUNLIV,49.5,61.6,49.2,52.4,120315,2147746146.0,101.1,109.3,108.05,113.5,46.35,99.0,48.85,102.15,108.55,108.55,108.55,108.55,119.9,46.35,119.9,46.35,137.885,137.885,0.0726714431934492,-0.521781693587861,-0.058959005066789416,-0.4725717161550075,-0.3787052406924354,0.10591603053435117,0.33206106870229,0.27385496183206115,0.6708015267175573,73.13315477234752,79.23089785418559,83.49973215852128,100.82459823778191,85.19331959956017,93.26961284390688,19.797466828924637,0.1793,-2.6205,-0.373,0.2563,0.2372,False,31.863874309198508,42.29934382843238,57.10678337890359,72.1144931501821,,,,LHHL,LHLL,LHHL,HHHL,LHHL,LHHL,3,0,0.0,0.0,1.0,0.0,0.0,0.0,0,1
2016-10-03,WELSPUNLIV,53.0,59.85,52.9,57.95,58812,789042138.0,49.5,101.1,61.6,108.05,49.2,46.35,52.4,48.85,108.55,108.55,108.55,108.55,119.9,46.35,119.9,46.35,137.885,137.885,0.10591603053435117,0.0726714431934492,-0.521781693587861,-0.4207896051974013,-0.19658949119645075,0.2044866264020706,0.15185504745470224,0.31492666091458155,0.6445211389128558,68.07210318156503,75.3616436988791,73.13315477234752,83.49973215852128,79.23089785418559,85.19331959956017,18.915504912572878,0.2934,0.1793,-2.6205,-0.373,0.2563,False,36.7061408088646,32.48360866651103,42.29934382843238,57.10678337890359,,,,LHHL,LHHL,LHLL,LHHL,HHHL,LHHL,4,0,0.0,0.0,0.0,0.0,0.0,0.0,0,1
2016-11-01,WELSPUNLIV,59.0,70.85,54.8,69.8,123213,1441770088.0,53.0,49.5,59.85,61.6,52.9,49.2,57.95,52.4,108.55,108.55,108.55,108.55,119.9,46.35,119.9,46.35,137.885,137.885,0.2044866264020706,0.10591603053435117,0.0726714431934492,-0.3294908741594621,-0.19751667049896537,-0.043696275071633206,0.09169054441260749,0.2736389684813756,0.16547277936962757,68.64806878771003,74.35043575362836,68.07210318156503,73.13315477234752,75.3616436988791,79.23089785418559,18.710825990246242,0.6333,0.2934,0.1793,-2.6205,-0.373,False,46.22572488510823,38.26524666772378,32.48360866651103,42.29934382843238,,,,HHHL,LHHL,LHHL,LHLL,LHHL,HHHL,0,0,0.0,0.0,0.0,0.0,0.0,0.0,0,1
2016-12-01,WELSPUNLIV,70.2,73.0,60.3,66.75,49354,572284824.0,59.0,53.0,70.85,59.85,54.8,52.9,69.8,57.95,108.55,108.55,108.55,108.55,119.9,46.35,119.9,46.35,137.885,137.885,-0.043696275071633206,0.2044866264020706,0.10591603053435117,-0.38507600184246893,-0.27033231307389594,0.14157303370786511,0.3318352059925094,0.3116104868913858,0.23970037453183513,68.01537919180669,72.96853834387774,68.64806878771003,68.07210318156503,74.35043575362836,75.3616436988791,18.281481276657225,-0.1668,0.6333,0.2934,0.1793,-2.6205,False,44.22823633940712,42.38670067779332,38.26524666772378,32.48360866651103,,,,HHHL,HHHL,LHHL,LHHL,LHLL,LHHL,1,0,0.0,0.0,0.0,0.0,0.0,0.0,0,1
2017-01-02,WELSPUNLIV,67.1,80.5,66.0,76.2,41697,420677045.0,70.2,59.0,73.0,70.85,60.3,54.8,66.75,69.8,108.55,108.55,108.55,108.55,119.9,46.35,119.9,46.35,137.885,137.885,0.14157303370786511,-0.043696275071633206,0.2044866264020706,-0.2540381791483113,-0.08314282276501017,0.16666666666666674,0.14895013123359568,0.2506561679790025,0.08136482939632539,70.74358612787113,73.55607682680906,68.01537919180669,68.64806878771003,72.96853834387774,74.35043575362836,18.011375471181708,0.5247,-0.1668,0.6333,0.2934,0.1793,False,51.76284966879518,47.40560363110351,42.38670067779332,38.26524666772378,,,,HHHL,HHHL,HHHL,LHHL,LHHL,LHLL,0,0,0.0,0.0,0.0,0.0,0.0,0.0,0,1
2017-02-01,WELSPUNLIV,75.5,98.0,73.3,88.9,56133,833653358.0,67.1,70.2,80.5,73.0,66.0,60.3,76.2,66.75,108.55,108.55,108.55,108.55,119.9,46.35,119.9,46.35,137.885,137.885,0.16666666666666674,0.14157303370786511,-0.043696275071633206,0.8198567041965201,0.09861591695501737,-0.015185601799775128,0.07199100112485923,-0.08492688413948268,-0.13104611923509568,76.79572408524743,76.3458810401165,70.74358612787113,68.01537919180669,73.55607682680906,72.96853834387774,18.4891343660973,0.6869,0.5247,-0.1668,0.6333,0.2934,False,60.19443253871249,52.06183951563826,47.40560363110351,42.38670067779332,,,,HHHL,HHHL,HHHL,HHHL,LHHL,LHHL,0,0,0.0,0.0,0.0,0.0,0.0,0.0,0,0
2017-03-01,WELSPUNLIV,89.6,91.45,79.95,87.55,27521,389955229.0,75.5,67.1,98.0,80.5,73.3,66.0,88.9,76.2,108.55,108.55,108.55,108.55,119.9,46.35,119.9,46.35,137.885,137.885,-0.015185601799775128,0.16666666666666674,0.14157303370786511,0.6708015267175573,-0.1187720181177655,0.08852084523129644,-0.07081667618503718,-0.05482581382067386,-0.2204454597372929,80.38048272349829,78.38299357827712,76.79572408524743,70.74358612787113,76.3458810401165,73.55607682680906,17.989910482804635,-0.075,0.6869,0.5247,-0.1668,0.6333,False,58.91726784059101,56.95818334936623,52.06183951563826,47.40560363110351,,,,LHHL,HHHL,HHHL,HHHL,HHHL,LHHL,1,0,0.0,0.0,0.0,0.0,0.0,0.0,0,0
2017-04-03,WELSPUNLIV,87.8,96.7,83.5,95.3,28381,489389976.0,89.6,75.5,91.45,98.0,79.95,73.3,87.55,88.9,108.55,108.55,108.55,108.55,119.9,46.35,119.9,46.35,137.885,137.885,0.08852084523129644,-0.015185601799775128,0.16666666666666674,0.6445211389128558,-0.047476261869065506,-0.14637985309548796,-0.13168940188877232,-0.13536201469045117,-0.2969569779643232,85.35365514899887,81.45881292768128,80.38048272349829,76.79572408524743,78.38299357827712,76.3458810401165,17.647774019747164,0.4391,-0.075,0.6869,0.5247,-0.1668,False,64.02889412333175,61.04686483421175,56.95818334936623,52.06183951563826,,,,HHHL,LHHL,HHHL,HHHL,HHHL,HHHL,0,0,0.0,0.0,0.0,0.0,0.0,0.0,0,0
2017-05-02,WELSPUNLIV,95.0,99.55,68.0,81.35,21918,669740681.0,87.8,89.6,96.7,91.45,83.5,79.95,95.3,87.55,108.55,108.55,108.55,108.55,119.9,46.35,119.9,46.35,137.885,137.885,-0.14637985309548796,0.08852084523129644,-0.015185601799775128,0.16547277936962757,-0.2185398655139289,0.017209588199139647,0.01290719114935479,-0.05039950829747997,-0.11739397664413032,84.01910343266591,81.43902875901196,85.35365514899887,80.38048272349829,81.45881292768128,78.38299357827712,18.640790161193795,-0.7484,0.4391,-0.075,0.6869,0.5247,False,50.76469937265559,57.903620445526116,61.04686483421175,56.95818334936623,,,,HHLL,HHHL,LHHL,HHHL,HHHL,HHHL,1,0,0.0,0.0,0.0,0.0,0.0,0.0,0,0
2017-06-01,WELSPUNLIV,82.0,85.45,75.0,82.75,18207,165755946.0,95.0,87.8,99.55,96.7,68.0,83.5,81.35,95.3,108.55,108.55,108.55,108.55,119.9,46.35,119.9,46.35,137.885,137.885,0.017209588199139647,-0.14637985309548796,0.08852084523129644,0.23970037453183513,-0.23767848917549517,-0.004229607250755163,-0.06646525679758308,-0.17522658610271902,-0.1401812688821752,83.59606895511061,81.67738716646433,84.01910343266591,85.35365514899887,81.43902875901196,81.45881292768128,18.055733721108528,0.0775,-0.7484,0.4391,-0.075,0.6869,False,51.930633213495256,55.574742236494195,57.903620445526116,61.04686483421175,,,,LHHL,HHLL,HHHL,LHHL,HHHL,HHHL,2,0,0.0,0.0,0.0,0.0,0.0,0.0,0,0
2017-07-03,WELSPUNLIV,82.0,92.5,80.0,82.4,24492,396760972.0,82.0,95.0,85.45,99.55,75.0,68.0,82.75,81.35,108.55,108.55,108.55,108.55,119.9,46.35,119.9,46.35,137.885,137.885,-0.004229607250755163,0.017209588199139647,-0.14637985309548796,0.08136482939632539,-0.19334312285854138,-0.06250000000000011,-0.17172330097087385,-0.18689320388349517,-0.16201456310679618,83.19737930340708,81.80877131801627,83.59606895511061,84.01910343266591,81.67738716646433,81.43902875901196,17.658895598172204,-0.0198,0.0775,-0.7484,0.4391,-0.075,False,51.57441312536169,51.42324857050418,55.574742236494195,57.903620445526116,,,,HHHL,LHHL,HHLL,HHHL,LHHL,HHHL,3,0,0.0,0.0,0.0,0.0,0.0,0.0,0,0
2017-08-01,WELSPUNLIV,83.65,84.2,68.0,77.25,15992,152750683.0,82.0,82.0,92.5,85.45,80.0,75.0,82.4,82.75,108.55,108.55,108.55,108.55,119.9,46.35,119.9,46.35,137.885,137.885,-0.06250000000000011,-0.004229607250755163,0.017209588199139647,-0.13104611923509568,0.5813715455475947,-0.11650485436893199,-0.1326860841423948,-0.07055016181229778,-0.16504854368932043,81.21491953560472,80.97990380564967,83.19737930340708,83.59606895511061,81.80877131801627,81.67738716646433,17.554688769731335,-0.2934,-0.0198,0.0775,-0.7484,0.4391,False,46.14105553880129,49.882033959219406,51.42324857050418,55.574742236494195,,,,LHLL,HHHL,LHHL,HHLL,HHHL,LHHL,4,0,0.0,0.0,0.0,0.0,0.0,0.0,0,0
2017-09-01,WELSPUNLIV,79.0,81.0,65.7,68.25,16952,130638643.0,83.65,82.0,84.2,92.5,68.0,80.0,77.25,82.4,108.55,108.55,108.55,108.55,119.9,46.35,119.9,46.35,137.885,137.885,-0.11650485436893199,-0.06250000000000011,-0.004229607250755163,-0.2204454597372929,0.3024809160305344,-0.01831501831501836,0.05201465201465205,0.04249084249084256,-0.15091575091575082,76.89327969040315,78.66537584098609,81.21491953560472,83.19737930340708,80.97990380564967,81.80877131801627,17.39363957189338,-0.5174,-0.2934,-0.0198,0.0775,-0.7484,False,37.98271130335653,45.23272665583983,49.882033959219406,51.42324857050418,,,,LHLL,LHLL,HHHL,LHHL,HHLL,HHHL,5,0,0.0,0.0,0.0,0.0,0.0,0.0,0,0
2017-10-03,WELSPUNLIV,69.0,72.6,60.0,67.0,24451,234277462.0,79.0,83.65,81.0,84.2,65.7,68.0,68.25,77.25,108.55,108.55,108.55,108.55,119.9,46.35,119.9,46.35,137.885,137.885,-0.01831501831501836,-0.11650485436893199,-0.06250000000000011,-0.2969569779643232,0.15616911130284716,0.07164179104477597,0.061940298507462854,0.030597014925373145,-0.14776119402985077,73.59551979360211,76.54439841535225,76.89327969040315,81.21491953560472,78.66537584098609,80.97990380564967,17.051236745329568,-0.0733,-0.5174,-0.2934,-0.0198,0.0775,False,36.92480547454004,40.349524105565955,45.23272665583983,49.882033959219406,,,,LHLL,LHLL,LHLL,HHHL,LHHL,HHLL,6,0,0.0,0.0,0.0,0.0,0.0,0.0,0,0
2017-11-01,WELSPUNLIV,68.55,77.15,64.0,71.8,37424,682068383.0,69.0,79.0,72.6,81.0,60.0,65.7,67.0,68.25,108.55,108.55,108.55,108.55,119.9,46.35,119.9,46.35,137.885,137.885,0.07164179104477597,-0.01831501831501836,-0.11650485436893199,-0.11739397664413032,0.02865329512893977,-0.009052924791086214,-0.03830083565459608,-0.10167130919220058,-0.13022284122562666,72.99701319573474,75.68178052165183,73.59551979360211,76.89327969040315,76.54439841535225,78.66537584098609,16.77257697780603,0.2862,-0.0733,-0.5174,-0.2934,-0.0198,False,43.92210929587069,39.60987535792242,40.349524105565955,45.23272665583983,,,,HHHL,LHLL,LHLL,LHLL,HHHL,LHHL,7,0,0.0,0.0,0.0,0.0,0.0,0.0,0,0
2017-12-01,WELSPUNLIV,71.75,77.65,65.0,71.15,26627,410321102.0,68.55,69.0,77.15,72.6,64.0,60.0,71.8,67.0,108.55,108.55,108.55,108.55,119.9,46.35,119.9,46.35,137.885,137.885,-0.009052924791086214,0.07164179104477597,-0.01831501831501836,-0.1401812688821752,0.06591760299625471,-0.02951510892480691,-0.0934645115952214,-0.18552354181307096,-0.23682361208713998,72.38134213048983,74.85782042680604,72.99701319573474,73.59551979360211,75.68178052165183,76.54439841535225,16.478107193677026,-0.0394,0.2862,-0.0733,-0.5174,-0.2934,False,43.16557508314245,41.33749661785106,39.60987535792242,40.349524105565955,,,,HHHL,HHHL,LHLL,LHLL,LHLL,HHHL,8,0,0.0,0.0,0.0,0.0,0.0,0.0,0,0
2018-01-01,WELSPUNLIV,71.8,82.5,68.75,69.05,83163,1546355544.0,71.75,68.55,77.65,77.15,65.0,64.0,71.15,71.8,108.55,108.55,108.55,108.55,119.9,46.35,119.9,46.35,137.885,137.885,-0.02951510892480691,-0.009052924791086214,0.07164179104477597,-0.16201456310679618,-0.09383202099737542,-0.06589427950760318,-0.16075307748008683,-0.1730629978276611,-0.1752353367125271,71.27089475365989,73.80185307647767,72.38134213048983,72.99701319573474,74.85782042680604,75.68178052165183,16.283242394128667,-0.129,-0.0394,0.2862,-0.0733,-0.5174,True,40.53398970217509,42.54055802706274,41.33749661785106,39.60987535792242,,,,HHHL,HHHL,HHHL,LHLL,LHLL,LHLL,9,0,0.0,0.0,0.0,0.0,0.0,0.0,0,0
2018-02-01,WELSPUNLIV,69.5,72.2,58.65,64.5,22808,395349136.0,71.8,71.75,82.5,77.65,68.75,65.0,69.05,71.15,108.55,108.55,108.55,108.55,119.9,46.35,119.9,46.35,137.885,137.885,-0.06589427950760318,-0.02951510892480691,-0.009052924791086214,-0.16504854368932043,-0.27446569178852653,-0.10155038759689916,-0.11472868217054266,-0.03178294573643403,0.1697674418604651,69.01392983577327,72.11060706257264,71.27089475365989,72.38134213048983,73.80185307647767,74.85782042680604,16.088010794548047,-0.2828,-0.129,-0.0394,0.2862,-0.0733,True,35.12155617175472,39.60704031902409,42.54055802706274,41.33749661785106,,,,LHLL,HHHL,HHHL,HHHL,LHLL,LHLL,10,0,0.0,0.0,0.0,0.0,0.0,0.0,0,0
2018-03-01,WELSPUNLIV,64.95,65.1,57.6,57.95,12511,297541096.0,69.5,71.8,72.2,82.5,58.65,68.75,64.5,69.05,108.55,108.55,108.55,108.55,119.9,46.35,119.9,46.35,137.885,137.885,-0.10155038759689916,-0.06589427950760318,-0.02951510892480691,-0.15091575091575082,-0.33809251856082234,-0.014667817083692913,0.07765314926660905,-0.06298533218291635,0.0025884383088869978,65.32595322384886,69.53595123301398,69.01392983577327,71.27089475365989,72.11060706257264,73.80185307647767,15.47458145208033,-0.4233,-0.2828,-0.129,-0.0394,0.2862,True,28.688010998352127,34.78118562409398,39.60704031902409,42.54055802706274,,,,LHLL,LHLL,HHHL,HHHL,HHHL,LHLL,11,0,0.0,0.0,0.0,0.0,0.0,0.0,0,0
2018-04-02,WELSPUNLIV,59.25,62.15,50.0,57.1,28453,413701447.0,64.95,69.5,65.1,72.2,57.6,58.65,57.95,64.5,108.55,108.55,108.55,108.55,119.9,46.35,119.9,46.35,137.885,137.885,-0.014667817083692913,-0.10155038759689916,-0.06589427950760318,-0.14776119402985077,-0.4008394543546694,0.09369527145359013,-0.049036777583187474,-0.0026269702276707774,0.02977232924693518,62.58396881589924,67.27486919064779,65.32595322384886,69.01392983577327,69.53595123301398,72.11060706257264,15.237111348360305,-0.0558,-0.4233,-0.2828,-0.129,-0.0394,False,27.913868260395233,30.574478476834027,34.78118562409398,39.60704031902409,,,,LHLL,LHLL,LHLL,HHHL,HHHL,HHHL,12,0,0.0,0.0,0.0,0.0,0.0,0.0,0,0
2018-05-02,WELSPUNLIV,57.7,68.9,56.75,62.45,41504,662351631.0,59.25,64.95,62.15,65.1,50.0,57.6,57.1,57.95,108.55,108.55,108.55,108.55,119.9,46.35,119.9,46.35,137.885,137.885,0.09369527145359013,-0.014667817083692913,-0.10155038759689916,-0.13022284122562666,-0.23232944068838346,-0.13050440352281834,-0.08807045636509203,0.20816653322658119,-0.028022417934347454,62.53931254393284,66.39762024689364,62.58396881589924,65.32595322384886,67.27486919064779,69.53595123301398,15.016603394905998,0.3563,-0.0558,-0.4233,-0.2828,-0.129,False,39.83565718901432,32.14584548258723,30.574478476834027,34.78118562409398,,,,HHHL,LHLL,LHLL,LHLL,HHHL,HHHL,0,0,0.0,0.0,0.0,0.0,0.0,0.0,0,1
2018-06-01,WELSPUNLIV,62.95,62.95,52.15,54.3,15482,173590931.0,57.7,59.25,68.9,62.15,56.75,50.0,62.45,57.1,102.15,108.55,108.55,108.55,119.9,46.35,119.9,46.35,137.885,137.885,-0.13050440352281834,0.09369527145359013,-0.014667817083692913,-0.23682361208713998,-0.3438066465256798,0.048802946593001995,0.3895027624309393,0.06998158379373853,0.09944751381215489,59.79287502928857,64.19805292927661,62.53931254393284,62.58396881589924,66.39762024689364,67.27486919064779,14.715417438127,-0.5538,0.3563,-0.0558,-0.4233,-0.2828,False,30.786620614355485,32.84538202125501,32.14584548258723,30.574478476834027,,,,LHLL,HHHL,LHLL,LHLL,LHLL,HHHL,1,0,0.0,0.0,0.0,0.0,0.0,0.0,0,0
2018-07-02,WELSPUNLIV,54.5,58.5,48.9,56.95,21915,505239830.0,62.95,57.7,62.95,68.9,52.15,56.75,54.3,62.45,95.3,108.55,102.15,108.55,119.9,46.35,119.9,46.35,137.885,137.885,0.048802946593001995,-0.13050440352281834,0.09369527145359013,-0.1752353367125271,-0.30885922330097093,0.32484635645302906,0.02019315188762061,0.032484635645302795,0.0588235294117645,58.845250019525714,62.88022512395359,59.79287502928857,62.53931254393284,64.19805292927661,66.39762024689364,14.350030478260786,0.1847,-0.5538,0.3563,-0.0558,-0.4233,False,36.27768990180608,35.63332256839196,32.84538202125501,32.14584548258723,,,,LHLL,LHLL,HHHL,LHLL,LHLL,LHLL,2,0,0.0,0.0,0.0,0.0,0.0,0.0,0,0
2018-08-01,WELSPUNLIV,57.4,77.45,55.9,75.45,55142,676532842.0,54.5,62.95,58.5,62.95,48.9,52.15,56.95,54.3,95.3,108.55,95.3,108.55,119.9,46.35,119.9,46.35,137.885,137.885,0.32484635645302906,0.048802946593001995,-0.13050440352281834,0.1697674418604651,-0.023300970873786353,-0.22995361166335326,-0.22067594433399607,-0.19549370444002645,-0.31345261762756804,64.38016667968381,65.1656387377802,58.845250019525714,59.79287502928857,62.88022512395359,64.19805292927661,14.864314015527873,1.2446,0.1847,-0.5538,0.3563,-0.0558,False,61.290310694455634,42.78487373687239,35.63332256839196,32.84538202125501,,,,HHHL,LHLL,LHLL,HHHL,LHLL,LHLL,0,0,0.0,0.0,0.0,0.0,0.0,0.0,0,0
2018-09-03,WELSPUNLIV,76.0,78.2,55.5,58.1,37549,478198121.0,57.4,54.5,77.45,58.5,55.9,48.9,75.45,56.95,95.3,108.55,95.3,108.55,119.9,46.35,119.9,46.35,137.885,137.885,-0.22995361166335326,0.32484635645302906,0.048802946593001995,0.0025884383088869978,-0.14871794871794874,0.012048192771084265,0.04475043029259895,0.027538726333907082,0.026678141135972444,62.28677778645588,63.880977149092885,64.38016667968381,58.845250019525714,65.1656387377802,62.88022512395359,15.424005871561596,-1.1249,1.2446,0.1847,-0.5538,0.3563,False,42.87596964494346,46.81465674706839,42.78487373687239,35.63332256839196,,,,HHLL,HHHL,LHLL,LHLL,HHHL,LHLL,1,0,0.0,0.0,0.0,0.0,0.0,0.0,0,0
2018-10-01,WELSPUNLIV,58.0,71.0,54.0,58.8,30696,315471769.0,76.0,57.4,78.2,77.45,55.5,55.9,58.1,75.45,95.3,108.55,95.3,108.55,119.9,46.35,119.9,46.35,137.885,137.885,0.012048192771084265,-0.22995361166335326,0.32484635645302906,0.02977232924693518,-0.12238805970149258,0.03231292517006823,0.015306122448979664,0.025510204081632626,-0.09608843537414968,61.12451852430392,62.95716312198509,62.28677778645588,64.38016667968381,63.880977149092885,65.1656387377802,15.536576880735767,0.0451,-1.1249,1.2446,0.1847,-0.5538,False,43.672550377905445,49.279610239101515,46.81465674706839,42.78487373687239,,,,LHLL,HHLL,HHHL,LHLL,LHLL,HHHL,2,0,0.0,0.0,0.0,0.0,0.0,0.0,0,0
2018-11-01,WELSPUNLIV,59.15,64.1,59.15,60.7,12302,81651316.0,58.0,76.0,71.0,78.2,54.0,55.5,58.8,58.1,95.3,108.55,95.3,108.55,119.9,46.35,119.9,46.35,137.885,137.885,0.03231292517006823,0.012048192771084265,-0.22995361166335326,-0.028022417934347454,-0.15459610027855142,-0.016474464579901205,-0.006589785831960571,-0.1466227347611203,-0.09225700164744643,60.983012349535954,62.546769827078705,61.12451852430392,62.28677778645588,62.95716312198509,63.880977149092885,14.80539281782607,0.1283,0.0451,-1.1249,1.2446,0.1847,False,46.05468888375331,44.201069635534076,49.279610239101515,46.81465674706839,,,,LHHL,LHLL,HHLL,HHHL,LHLL,LHLL,3,0,0.0,0.0,0.0,0.0,0.0,0.0,0,0
2018-12-03,WELSPUNLIV,60.45,64.0,56.6,59.7,10663,73560005.0,59.15,58.0,64.1,71.0,59.15,54.0,60.7,58.8,95.3,108.55,95.3,108.55,119.9,46.35,119.9,46.35,137.885,137.885,-0.016474464579901205,0.03231292517006823,0.012048192771084265,0.09944751381215489,-0.16092761770906538,0.010050251256281229,-0.13232830820770525,-0.0008375209380234727,-0.038525963149078746,60.555341566357306,62.029175313064385,60.983012349535954,61.12451852430392,62.546769827078705,62.95716312198509,14.27643618798135,-0.07,0.1283,0.0451,-1.1249,1.2446,False,44.88900683909227,44.87208203358367,44.201069635534076,49.279610239101515,,,,LHLL,LHHL,LHLL,HHLL,HHHL,LHLL,4,0,0.0,0.0,0.0,0.0,0.0,0.0,0,0
2019-01-01,WELSPUNLIV,59.5,64.9,54.3,60.3,13605,125206714.0,60.45,59.15,64.0,64.1,56.6,59.15,59.7,60.7,95.3,108.55,95.3,108.55,119.9,46.35,119.9,46.35,137.885,137.885,0.010050251256281229,-0.016474464579901205,0.03231292517006823,0.0588235294117645,-0.12671976828385234,-0.14096185737976785,-0.010779436152570487,-0.11857379767827525,-0.17081260364842454,60.47022771090488,61.71477980159813,60.555341566357306,60.983012349535954,62.029175313064385,62.546769827078705,14.013833603125542,0.0428,-0.07,0.1283,0.0451,-1.1249,True,45.848441175517905,45.59737896612116,44.87208203358367,44.201069635534076,,,,HHLL,LHLL,LHHL,LHLL,HHLL,HHHL,0,0,0.0,0.0,0.0,0.0,0.0,0.0,0,0
2019-02-01,WELSPUNLIV,59.4,60.75,46.25,51.8,10294,132839477.0,59.5,60.45,64.9,64.0,54.3,56.6,60.3,59.7,95.3,108.55,95.3,108.55,119.9,46.35,119.9,46.35,137.885,137.885,-0.14096185737976785,0.010050251256281229,-0.016474464579901205,-0.31345261762756804,-0.1968992248062016,0.15154440154440163,0.026061776061776065,0.06370656370656369,-0.031853281853281845,57.58015180726992,59.91209256494392,60.47022771090488,60.555341566357306,61.71477980159813,62.029175313064385,14.04855977433086,-0.605,0.0428,-0.07,0.1283,0.0451,True,35.603963295165954,42.113803769925376,45.59737896612116,44.87208203358367,,,,LHLL,HHLL,LHLL,LHHL,LHLL,HHLL,1,0,0.0,0.0,0.0,0.0,0.0,0.0,0,0
2019-03-01,WELSPUNLIV,51.8,66.05,51.8,59.65,15082,148600872.0,59.4,59.5,60.75,64.9,46.25,54.3,51.8,60.3,95.3,108.55,95.3,108.55,119.9,46.35,119.9,46.35,137.885,137.885,0.15154440154440163,-0.14096185737976785,0.010050251256281229,0.026678141135972444,0.029335634167385605,-0.10896898575020952,-0.07627829002514663,-0.03772003352891873,-0.12070410729253978,58.27010120484662,59.864439371317744,57.58015180726992,60.47022771090488,59.91209256494392,61.71477980159813,14.062948361878655,0.5582,-0.605,0.0428,-0.07,0.1283,False,48.09902237026027,43.18380894698137,42.113803769925376,45.59737896612116,,,,HHHL,LHLL,HHLL,LHLL,LHHL,LHLL,0,0,0.0,0.0,0.0,0.0,0.0,0.0,0,0
2019-04-01,WELSPUNLIV,60.1,62.2,52.95,53.15,10785,179033339.0,51.8,59.4,66.05,60.75,51.8,46.25,59.65,51.8,82.75,108.55,95.3,108.55,119.9,46.35,119.9,46.35,137.885,137.885,-0.10896898575020952,0.15154440154440163,-0.14096185737976785,-0.09608843537414968,-0.06917688266199651,0.03668861712135474,0.07996237064910638,-0.059266227657572834,0.04421448730009403,56.563400803231076,58.643632212896335,58.27010120484662,57.58015180726992,59.864439371317744,59.91209256494392,13.719166336030181,-0.4738,0.5582,-0.605,0.0428,-0.07,False,40.50637775491755,41.40312114011459,43.18380894698137,42.113803769925376,,,,LHHL,HHHL,LHLL,HHLL,LHLL,LHHL,1,0,0.0,0.0,0.0,0.0,0.0,0.0,0,0
2019-05-02,WELSPUNLIV,52.95,58.8,51.05,55.1,14282,372806869.0,60.1,51.8,62.2,66.05,52.95,51.8,53.15,59.65,82.75,108.55,82.75,108.55,119.9,46.35,119.9,46.35,137.885,137.885,0.03668861712135474,-0.10896898575020952,0.15154440154440163,-0.09225700164744643,-0.11769415532425942,0.041742286751361046,-0.09255898366606174,-0.08983666061705997,-0.04083484573502727,56.07560053548739,57.99933544691518,56.563400803231076,58.27010120484662,58.643632212896335,59.864439371317744,13.292797312028025,0.1467,-0.4738,0.5582,-0.605,0.0428,False,43.62125048497908,44.07555020338563,41.40312114011459,43.18380894698137,,,,LHLL,LHHL,HHHL,LHLL,HHLL,LHLL,2,0,0.0,0.0,0.0,0.0,0.0,0.0,0,0
2019-06-03,WELSPUNLIV,54.5,58.15,53.8,57.4,8289,143818838.0,52.95,60.1,58.8,62.2,51.05,52.95,55.1,53.15,82.4,102.15,82.75,108.55,119.9,46.35,119.9,46.35,137.885,137.885,0.041742286751361046,0.03668861712135474,-0.10896898575020952,-0.038525963149078746,0.057090239410681365,-0.12891986062717764,-0.12630662020905925,-0.08623693379790931,-0.16289198606271782,56.517067023658264,57.89036536565787,56.07560053548739,56.563400803231076,57.99933544691518,58.643632212896335,12.654026075454594,0.1818,0.1467,-0.4738,0.5582,-0.605,False,47.41013985900714,43.84592269963459,44.07555020338563,41.40312114011459,,,,LHHL,LHLL,LHHL,HHHL,LHLL,HHLL,3,0,0.0,0.0,0.0,0.0,0.0,0.0,0,0
2019-07-01,WELSPUNLIV,57.2,58.95,48.0,50.0,9998,69401142.0,54.5,52.95,58.15,58.8,53.8,51.05,57.4,55.1,77.25,95.3,82.4,102.15,119.9,46.35,119.9,46.35,137.885,137.885,-0.12891986062717764,0.041742286751361046,0.03668861712135474,-0.17081260364842454,-0.12203687445127309,0.0029999999999998916,0.049000000000000155,0.1100000000000001,-0.137,54.34471134910551,56.455753480992804,56.517067023658264,56.07560053548739,57.89036536565787,57.99933544691518,12.532309927207836,-0.5905,0.1818,0.1467,-0.4738,0.5582,False,37.85968325131145,42.96369119843255,43.84592269963459,44.07555020338563,,,,HHLL,LHHL,LHLL,LHHL,HHHL,LHLL,4,0,0.0,0.0,0.0,0.0,0.0,0.0,0,0
2019-08-01,WELSPUNLIV,50.5,51.0,41.0,50.15,6236,38512261.0,57.2,54.5,58.95,58.15,48.0,53.8,50.0,57.4,75.45,95.3,77.25,95.3,119.9,46.35,119.9,46.35,137.885,137.885,0.0029999999999998916,-0.12891986062717764,0.041742286751361046,-0.031853281853281845,-0.33532140490390994,0.04586241276171488,0.10667996011964109,0.053838484546360865,-0.1794616151545364,52.946474232737,55.309252848085016,54.34471134910551,56.517067023658264,56.455753480992804,57.89036536565787,12.35143064669299,0.0121,-0.5905,0.1818,0.1467,-0.4738,False,38.15430763295149,41.14137691442336,42.96369119843255,43.84592269963459,,,,LHLL,HHLL,LHHL,LHLL,LHHL,HHHL,5,0,0.0,0.0,0.0,0.0,0.0,0.0,0,0
2019-09-03,WELSPUNLIV,49.5,57.8,49.3,52.45,7247,44422867.0,50.5,57.2,51.0,58.95,41.0,48.0,50.15,50.0,75.45,95.3,75.45,95.3,119.9,46.35,119.9,46.35,137.885,137.885,0.04586241276171488,0.0029999999999998916,-0.12891986062717764,-0.12070410729253978,-0.09724612736660931,0.058150619637750145,0.007626310772163913,-0.08388941849380371,-0.5843660629170639,52.78098282182467,54.78938869388774,52.946474232737,54.34471134910551,55.309252848085016,56.455753480992804,12.07632845764349,0.1905,0.0121,-0.5905,0.1818,0.1467,False,42.989701988288715,39.66789762418389,41.14137691442336,42.96369119843255,,,,HHHL,LHLL,HHLL,LHHL,LHLL,LHHL,0,0,0.0,0.0,0.0,0.0,0.0,0.0,0,0
2019-10-01,WELSPUNLIV,52.75,59.3,49.1,55.5,9656,64275059.0,49.5,50.5,57.8,51.0,49.3,41.0,52.45,50.15,75.45,95.3,75.45,95.3,119.9,46.35,119.9,46.35,137.885,137.885,0.058150619637750145,0.04586241276171488,0.0029999999999998916,0.04421448730009403,-0.056122448979591844,-0.047747747747747704,-0.1342342342342343,-0.22252252252252258,-0.5261261261261261,53.687321881216455,54.918590749544514,52.78098282182467,52.946474232737,54.78938869388774,55.309252848085016,11.942304996383239,0.2554,0.1905,0.0121,-0.5905,0.1818,False,49.1415343212282,43.428514647489465,39.66789762418389,41.14137691442336,,,,HHLL,HHHL,LHLL,HHLL,LHHL,LHLL,0,0,0.0,0.0,0.0,0.0,0.0,0.0,0,0
2019-11-01,WELSPUNLIV,56.45,58.2,51.7,52.85,9521,53285038.0,52.75,49.5,59.3,57.8,49.1,49.3,55.5,52.45,75.45,95.3,75.45,95.3,119.9,46.35,119.9,46.35,137.885,137.885,-0.047747747747747704,0.058150619637750145,0.04586241276171488,-0.04083484573502727,-0.12932454695222406,-0.09082308420056773,-0.18353831598864712,-0.22138126773888367,-0.4105960264900662,53.408214587477644,54.542483340536414,53.687321881216455,52.78098282182467,54.918590749544514,54.78938869388774,11.553568925213009,-0.2294,0.2554,0.1905,0.0121,-0.5905,True,44.2963334855381,45.47585659835167,43.428514647489465,39.66789762418389,,,,LHHL,HHLL,HHHL,LHLL,HHLL,LHHL,1,0,0.0,0.0,0.0,0.0,0.0,0.0,0,0
2019-12-02,WELSPUNLIV,53.45,56.0,47.4,48.05,8490,31443200.0,56.45,52.75,58.2,59.3,51.7,49.1,52.85,55.5,75.45,95.3,75.45,95.3,119.9,46.35,119.9,46.35,137.885,137.885,-0.09082308420056773,-0.047747747747747704,0.058150619637750145,-0.16289198606271782,-0.19514237855946404,-0.10197710718002084,-0.1436004162330905,-0.54630593132154,-0.2289281997918835,51.622143058318436,53.362031824075245,53.408214587477644,53.687321881216455,54.542483340536414,54.918590749544514,11.342599716269222,-0.4232,-0.2294,0.2554,0.1905,0.0121,True,36.65835840141002,43.365408736058775,45.47585659835167,43.428514647489465,,,,LHLL,LHHL,HHLL,HHHL,LHLL,HHLL,2,0,0.0,0.0,0.0,0.0,0.0,0.0,0,0
2020-01-01,WELSPUNLIV,48.45,52.75,42.55,43.15,4696359,231529413.0,53.45,56.45,56.0,58.2,47.4,51.7,48.05,52.85,75.45,95.3,75.45,95.3,119.9,46.35,119.9,46.35,137.885,137.885,-0.10197710718002084,-0.09082308420056773,-0.047747747747747704,-0.137,-0.28441127694859036,-0.04634994206257237,-0.4947856315179606,-0.3904982618771726,-0.09154113557358046,48.798095372212295,51.50529876515247,51.622143058318436,53.408214587477644,53.362031824075245,54.542483340536414,11.26098545082142,-0.4351,-0.4232,-0.2294,0.2554,0.1905,False,30.412833147168087,37.1225083447054,43.365408736058775,45.47585659835167,,,,LHLL,LHLL,LHHL,HHLL,HHHL,LHLL,3,0,0.0,0.0,0.0,0.0,0.0,0.0,0,0
2020-02-01,WELSPUNLIV,43.0,48.4,40.3,41.15,33879500,1476824310.0,48.45,53.45,52.75,56.0,42.55,47.4,43.15,48.05,75.45,95.3,75.45,95.3,119.9,46.35,119.9,46.35,137.885,137.885,-0.04634994206257237,-0.10197710718002084,-0.09082308420056773,-0.1794616151545364,-0.20559845559845558,-0.4702308626974483,-0.3608748481166464,-0.24301336573511545,0.3232077764277037,46.24873024814153,49.62251717148838,48.798095372212295,51.622143058318436,51.50529876515247,53.362031824075245,11.035200775762748,-0.1812,-0.4351,-0.4232,-0.2294,0.2554,False,28.130621154860762,31.733937567812955,37.1225083447054,43.365408736058775,,,,LHLL,LHLL,LHLL,LHHL,HHLL,HHHL,4,0,0.0,0.0,0.0,0.0,0.0,0.0,0,0
2020-03-02,WELSPUNLIV,42.0,43.05,18.3,21.8,7144479,200180823.0,43.0,48.45,48.4,52.75,40.3,42.55,41.15,43.15,75.45,95.3,75.45,95.3,119.9,18.3,119.9,46.35,137.885,137.885,-0.4702308626974483,-0.04634994206257237,-0.10197710718002084,-0.5843660629170639,-0.6345347862531433,0.20642201834862384,0.42889908256880727,0.6995412844036695,2.073394495412844,38.09915349876102,44.56387768576322,46.24873024814153,48.798095372212295,49.62251717148838,51.50529876515247,12.014829291779694,-1.6105,-0.1812,-0.4351,-0.4232,-0.2294,False,15.230222759234735,24.59122568708786,31.733937567812955,37.1225083447054,,,,LHLL,LHLL,LHLL,LHLL,LHHL,HHLL,5,0,0.0,0.0,0.0,0.0,0.0,0.0,0,1
2020-04-01,WELSPUNLIV,21.9,31.1,20.2,26.3,1354466,35540923.0,42.0,43.0,43.05,48.4,18.3,40.3,21.8,41.15,75.45,82.75,75.45,95.3,119.9,18.3,119.9,18.3,137.885,137.885,0.20642201834862384,-0.4702308626974483,-0.04634994206257237,-0.5261261261261261,-0.5051740357478833,0.18441064638783256,0.40874524714828886,0.49049429657794685,1.671102661596958,34.16610233250735,41.24317265198808,38.09915349876102,46.24873024814153,44.56387768576322,49.62251717148838,11.935198628081144,0.377,-1.6105,-0.1812,-0.4351,-0.4232,False,24.610448581709633,22.65709749860171,24.59122568708786,31.733937567812955,,,,LHHL,LHLL,LHLL,LHLL,LHLL,LHHL,6,0,0.0,0.0,0.0,0.0,0.0,0.0,0,1
2020-05-04,WELSPUNLIV,26.2,31.15,23.5,31.15,973834,25399973.0,21.9,42.0,31.1,43.05,20.2,18.3,26.3,21.8,75.45,82.75,75.45,82.75,119.9,18.3,119.9,18.3,137.885,137.885,0.18441064638783256,0.20642201834862384,-0.4702308626974483,-0.4105960264900662,-0.43466424682395643,0.189406099518459,0.258426966292135,0.7479935794542538,1.1958266452648476,33.16073488833824,39.40805035162661,34.16610233250735,38.09915349876102,41.24317265198808,44.56387768576322,11.629113011789633,0.4171,0.377,-1.6105,-0.1812,-0.4351,False,33.81881896707823,24.553163436007534,22.65709749860171,24.59122568708786,,,,HHHL,LHHL,LHLL,LHLL,LHLL,LHLL,7,0,0.0,0.0,0.0,0.0,0.0,0.0,0,1
2020-06-01,WELSPUNLIV,32.5,39.3,31.0,37.05,2970691,106206358.0,26.2,21.9,31.15,31.1,23.5,20.2,31.15,26.3,75.45,82.4,75.45,82.75,119.9,18.3,119.9,18.3,137.885,137.885,0.189406099518459,0.18441064638783256,0.20642201834862384,-0.2289281997918835,-0.3545296167247387,0.05802968960863719,0.4696356275303646,0.8083670715249665,0.8340080971659922,34.457156592225495,38.97931392405813,33.16073488833824,34.16610233250735,39.40805035162661,41.24317265198808,11.39131922523323,0.5179,0.4171,0.377,-1.6105,-0.1812,False,43.596478344151215,34.00858196431303,24.553163436007534,22.65709749860171,,,,HHHL,HHHL,LHHL,LHLL,LHLL,LHLL,0,0,0.0,0.0,0.0,0.0,0.0,1.0,1,1
2020-07-01,WELSPUNLIV,37.2,39.8,31.0,39.2,4841046,176335827.0,32.5,26.2,39.3,31.15,31.0,23.5,37.05,31.15,75.45,77.25,75.45,82.4,119.9,18.3,119.9,18.3,137.885,137.885,0.05802968960863719,0.189406099518459,0.18441064638783256,-0.09154113557358046,-0.21599999999999997,0.3890306122448979,0.7091836734693877,0.7920918367346939,0.686224489795918,36.038104394817,39.019438665138466,34.457156592225495,33.16073488833824,38.97931392405813,39.40805035162661,11.206224994859427,0.1919,0.5179,0.4171,0.377,-1.6105,False,46.929851483930534,41.44838293172,34.00858196431303,24.553163436007534,,,,HHLL,HHHL,HHHL,LHHL,LHLL,LHLL,0,0,0.0,0.0,0.0,0.0,1.0,1.0,1,1
2020-08-03,WELSPUNLIV,41.15,57.9,39.2,54.45,3607953,174127653.0,37.2,32.5,39.8,39.3,31.0,31.0,39.2,37.05,60.7,75.45,75.45,77.25,119.9,18.3,119.9,18.3,137.885,137.885,0.3890306122448979,0.05802968960863719,0.189406099518459,0.3232077764277037,0.08574277168494526,0.23048668503213943,0.2901744719926538,0.25619834710743805,0.26354453627180896,42.175402929878004,41.82499527147692,36.038104394817,34.457156592225495,39.019438665138466,38.97931392405813,11.741494638083752,1.2988,0.1919,0.5179,0.4171,0.377,False,64.35979763731132,51.62870915513103,41.44838293172,34.00858196431303,,,,HHHL,HHLL,HHHL,HHHL,LHHL,LHLL,0,0,0.0,0.0,0.0,1.0,1.0,0.0,1,1
2020-09-01,WELSPUNLIV,51.75,68.7,51.15,67.0,3619695,218328677.0,41.15,37.2,57.9,39.8,39.2,31.0,54.45,39.2,67.0,75.45,60.7,75.45,119.9,18.3,119.9,18.3,137.885,137.885,0.23048668503213943,0.3890306122448979,0.05802968960863719,2.073394495412844,0.27740705433746427,0.04850746268656714,0.020895522388059806,0.014179104477612059,0.21044776119402986,50.450268619918674,46.402268858481115,42.175402929878004,36.038104394817,41.82499527147692,39.019438665138466,12.156387878220627,1.0324,1.2988,0.1919,0.5179,0.4171,False,72.90400107862845,61.397883399956775,51.62870915513103,41.44838293172,,,,HHHL,HHHL,HHLL,HHHL,HHHL,LHHL,0,1,0.0,0.0,0.0,1.0,0.0,0.0,1,1
2020-10-01,WELSPUNLIV,69.0,78.0,66.0,70.25,3399456,241949788.0,51.75,41.15,68.7,57.9,51.15,39.2,67.0,54.45,70.25,75.45,67.0,75.45,119.9,18.3,119.9,18.3,137.885,137.885,0.04850746268656714,0.23048668503213943,0.3890306122448979,1.671102661596958,0.2657657657657657,-0.02633451957295363,-0.03274021352313161,-0.05907473309608546,0.1316725978647686,57.050179079945785,50.73821997512091,50.450268619918674,42.175402929878004,46.402268858481115,41.82499527147692,12.145217315490584,0.2676,1.0324,1.2988,0.1919,0.5179,False,74.73401376042808,70.66593749212262,61.397883399956775,51.62870915513103,,,,HHHL,HHHL,HHHL,HHLL,HHHL,HHHL,0,1,1.0,0.0,0.0,0.0,0.0,0.0,0,0
2020-11-02,WELSPUNLIV,70.2,70.2,62.0,68.4,1567546,104074334.0,69.0,51.75,78.0,68.7,66.0,51.15,70.25,67.0,70.25,75.45,70.25,75.45,119.9,18.3,119.9,18.3,137.885,137.885,-0.02633451957295363,0.04850746268656714,0.23048668503213943,1.1958266452648476,0.294228949858089,-0.006578947368421129,-0.033625730994152225,0.005847953216374213,0.30190058479532156,60.83345271996386,53.94945270691711,57.050179079945785,50.450268619918674,50.73821997512091,46.402268858481115,11.866987507241257,-0.1559,0.2676,1.0324,1.2988,0.1919,False,71.5259165351103,73.05464379138895,70.66593749212262,61.397883399956775,,,,LHLL,HHHL,HHHL,HHHL,HHLL,HHHL,1,0,1.0,1.0,0.0,0.0,0.0,0.0,0,0
2020-12-01,WELSPUNLIV,69.9,77.75,65.2,67.95,2510089,177874669.0,70.2,69.0,70.2,78.0,62.0,66.0,68.4,70.25,70.25,75.45,70.25,75.45,119.9,18.3,119.9,18.3,137.885,137.885,-0.006578947368421129,-0.02633451957295363,0.04850746268656714,0.8340080971659922,0.4141519250780439,-0.027225901398087005,0.012509197939661432,0.19352465047829281,0.41942604856512133,63.20563514664258,56.4950067602049,60.83345271996386,57.050179079945785,53.94945270691711,50.73821997512091,11.91577411386688,-0.0378,-0.1559,0.2676,1.0324,1.2988,False,70.6650781334252,72.30833614298787,73.05464379138895,70.66593749212262,,,,HHHL,LHLL,HHHL,HHHL,HHHL,HHLL,2,0,0.0,1.0,1.0,0.0,0.0,1.0,1,1
2021-01-01,WELSPUNLIV,68.5,74.9,65.0,66.1,1871544,130138158.0,69.9,70.2,77.75,70.2,65.2,62.0,67.95,68.4,70.25,75.45,70.25,75.45,119.9,18.3,119.9,18.3,137.885,137.885,-0.027225901398087005,-0.006578947368421129,-0.02633451957295363,0.686224489795918,0.5318655851680185,0.0408472012102874,0.22692889561270801,0.2027231467473527,1.0173978819969745,64.17042343109506,58.24136916744037,63.20563514664258,60.83345271996386,56.4950067602049,53.94945270691711,11.771790248590674,-0.1572,-0.0378,-0.1559,0.2676,1.0324,True,66.80855212173587,69.66651559675712,72.30833614298787,73.05464379138895,,,,LHLL,HHHL,LHLL,HHHL,HHHL,HHHL,3,0,0.0,0.0,1.0,0.0,1.0,0.0,1,1
2021-02-01,WELSPUNLIV,67.45,74.9,65.7,68.8,2144935,150386172.0,68.5,69.9,74.9,77.75,65.0,65.2,66.1,67.95,70.25,75.45,70.25,75.45,119.9,18.3,119.9,18.3,137.885,137.885,0.0408472012102874,-0.027225901398087005,-0.006578947368421129,0.26354453627180896,0.671931956257594,0.17877906976744184,0.15552325581395343,0.2943313953488371,0.8422965116279071,65.71361562073004,60.16112022790575,64.17042343109506,63.20563514664258,58.24136916744037,56.4950067602049,11.588090945119912,0.233,-0.1572,-0.0378,-0.1559,0.2676,True,69.63061237262548,69.03474754259553,69.66651559675712,72.30833614298787,,,,LHHL,LHLL,HHHL,LHLL,HHHL,HHHL,4,0,0.0,0.0,0.0,1.0,0.0,1.0,1,1
2021-03-01,WELSPUNLIV,70.6,87.6,67.35,81.1,5503038,440593612.0,67.45,68.5,74.9,74.9,65.7,65.0,68.8,66.1,81.1,81.1,70.25,75.45,119.9,18.3,119.9,18.3,137.885,137.885,0.17877906976744184,0.0408472012102874,-0.027225901398087005,0.21044776119402986,2.7201834862385317,-0.019728729963008562,0.0980271270036992,0.18927250308261412,1.0850801479654746,70.84241041382003,63.96818927737743,65.71361562073004,64.17042343109506,60.16112022790575,58.24136916744037,12.206798734754203,1.0076,0.233,-0.1572,-0.0378,-0.1559,True,79.08279154613939,71.84065201350025,69.03474754259553,69.66651559675712,,,,HHHL,LHHL,LHLL,HHHL,LHLL,HHHL,0,1,0.0,0.0,0.0,0.0,1.0,1.0,1,1
2021-04-01,WELSPUNLIV,82.75,87.9,75.55,79.5,3167038,258325747.0,70.6,67.45,87.6,74.9,67.35,65.7,81.1,68.8,81.1,81.1,81.1,81.1,119.9,18.3,119.9,18.3,137.885,137.885,-0.019728729963008562,0.17877906976744184,0.0408472012102874,0.1316725978647686,2.0228136882129277,0.12012578616352187,0.21320754716981138,0.6773584905660377,0.732075471698113,73.72827360921336,66.7921548633088,70.84241041382003,65.71361562073004,63.96818927737743,60.16112022790575,12.217027396557475,-0.131,1.0076,0.233,-0.1572,-0.0378,False,75.51585239778267,74.74308543884918,71.84065201350025,69.03474754259553,,,,HHHL,HHHL,LHHL,LHLL,HHHL,LHLL,1,0,1.0,0.0,0.0,1.0,1.0,1.0,1,1
2021-05-03,WELSPUNLIV,80.5,104.45,79.55,89.05,8122494,766994488.0,82.75,70.6,87.9,87.6,75.55,67.35,79.5,81.1,89.05,89.05,81.1,81.1,119.9,18.3,119.9,18.3,137.885,137.885,0.12012578616352187,-0.019728729963008562,0.17877906976744184,0.30190058479532156,1.8587479935794544,0.08309938236945547,0.4974733295901179,0.4233576642335768,0.5519371139809095,78.83551573947557,70.83903579725265,73.72827360921336,70.84241041382003,66.7921548633088,63.96818927737743,13.126525439660513,0.7275,-0.131,1.0076,0.233,-0.1572,False,81.36787789341989,78.65550727911399,74.74308543884918,71.84065201350025,,,,HHHL,HHHL,HHHL,LHHL,LHLL,HHHL,0,1,0.0,1.0,0.0,1.0,1.0,0.0,1,1
2021-06-01,WELSPUNLIV,89.8,97.8,86.0,96.45,12913269,1215520442.0,80.5,82.75,104.45,87.9,79.55,75.55,89.05,79.5,96.45,96.45,89.05,89.05,119.9,18.3,119.9,18.3,137.885,137.885,0.08309938236945547,0.12012578616352187,-0.019728729963008562,0.41942604856512133,1.6032388663967616,0.3825816485225504,0.31415241057542764,0.7532400207361325,0.508035251425609,84.70701049298371,75.4955747432067,78.83551573947557,73.72827360921336,70.83903579725265,66.7921548633088,13.031773622541904,0.5678,0.7275,-0.131,1.0076,0.233,False,84.67842498648017,80.52071842589424,78.65550727911399,74.74308543884918,,,,LHHL,HHHL,HHHL,HHHL,LHHL,LHLL,0,1,1.0,0.0,1.0,1.0,0.0,1.0,1,1
2021-07-01,WELSPUNLIV,98.0,145.45,95.65,133.35,14547465,1716749784.0,89.8,80.5,97.8,104.45,86.0,79.55,96.45,89.05,133.35,133.35,96.45,96.45,119.9,18.3,119.9,18.3,137.885,137.885,0.3825816485225504,0.08309938236945547,0.12012578616352187,1.0173978819969745,2.401785714285714,-0.04949381327334079,0.2680914885639296,0.03262092238470182,0.06449193850768653,100.92134032865582,86.01456115353275,84.70701049298371,78.83551573947557,75.4955747432067,70.83903579725265,15.658075506646053,2.3566,0.5678,0.7275,-0.131,1.0076,False,92.4660199041645,86.17077426135485,80.52071842589424,78.65550727911399,,,,HHHL,LHHL,HHHL,HHHL,HHHL,LHHL,0,1,1.0,1.0,0.0,0.0,1.0,0.0,1,1
2021-08-02,WELSPUNLIV,135.0,143.0,115.2,126.75,3436291,441764702.0,98.0,89.8,145.45,97.8,95.65,86.0,133.35,96.45,133.35,133.35,133.35,133.35,119.9,18.3,119.9,18.3,137.885,137.885,-0.04949381327334079,0.3825816485225504,0.08309938236945547,0.8422965116279071,1.327823691460055,0.3341222879684418,0.08639053254437856,0.09033530571992099,-0.17041420118343187,109.53089355243722,93.42100458016316,100.92134032865582,84.70701049298371,86.01456115353275,75.4955747432067,16.525355827599906,-0.3994,2.3566,0.5678,0.7275,-0.131,False,83.59922705670516,86.91455731578328,86.17077426135485,80.52071842589424,,,,LHHL,HHHL,LHHL,HHHL,HHHL,HHHL,1,0,1.0,1.0,1.0,1.0,0.0,0.0,1,1
2021-09-01,WELSPUNLIV,126.7,170.6,124.25,169.1,9617594,1399065194.0,135.0,98.0,143.0,145.45,115.2,95.65,126.75,133.35,169.1,169.1,133.35,133.35,119.9,18.3,119.9,18.3,137.885,137.885,0.3341222879684418,-0.04949381327334079,0.3825816485225504,1.0850801479654746,1.5238805970149252,-0.18568894145476056,-0.18273211117681853,-0.1398580721466588,-0.4627439384979303,129.3872623682915,107.1808219292244,109.53089355243722,100.92134032865582,93.42100458016316,86.01456115353275,18.655687554199915,2.2701,-0.3994,2.3566,0.5678,0.7275,False,90.45279676492639,88.83934790859867,86.91455731578328,86.17077426135485,,,,HHHL,LHHL,HHHL,LHHL,HHHL,HHHL,0,1,0.0,1.0,1.0,0.0,0.0,0.0,0,0
2021-10-01,WELSPUNLIV,168.45,170.75,136.25,137.7,9472586,1522647009.0,126.7,135.0,170.6,143.0,124.25,115.2,169.1,126.75,169.1,169.1,169.1,169.1,170.75,18.3,119.9,18.3,196.36249999999998,137.885,-0.18568894145476056,0.3341222879684418,-0.04949381327334079,0.732075471698113,0.9601423487544483,0.0036310820624545492,0.0562817719680464,0.030864197530864113,-0.39397240377632525,132.15817491219434,112.72976339663813,129.3872623682915,109.53089355243722,107.1808219292244,93.42100458016316,19.78742415747135,-1.5869,2.2701,-0.3994,2.3566,0.5678,False,66.43746485140883,80.16316289101347,88.83934790859867,86.91455731578328,,,,HHHL,HHHL,LHHL,HHHL,LHHL,HHHL,1,0,1.0,0.0,1.0,0.0,0.0,0.0,0,0
2021-11-01,WELSPUNLIV,139.3,148.8,122.45,138.2,2830471,387712066.0,168.45,126.7,170.75,170.6,136.25,124.25,137.7,169.1,169.1,169.1,169.1,169.1,170.75,18.3,170.75,18.3,196.36249999999998,196.36249999999998,0.0036310820624545492,-0.18568894145476056,0.3341222879684418,0.5519371139809095,1.0204678362573096,0.05246020260492035,0.02713458755426923,-0.23914616497829222,-0.5274963820549927,134.17211660812956,117.36071550634028,132.15817491219434,129.3872623682915,112.72976339663813,107.1808219292244,20.256179574794828,0.0247,-1.5869,2.2701,-0.3994,2.3566,False,66.60219446181259,74.49748535938261,80.16316289101347,88.83934790859867,,,,LHLL,HHHL,HHHL,LHHL,HHHL,LHHL,2,0,0.0,1.0,0.0,0.0,0.0,0.0,0,0
2021-12-01,WELSPUNLIV,138.5,151.05,133.2,145.45,3569560,511298931.0,139.3,168.45,148.8,170.75,122.45,136.25,138.2,137.7,169.1,169.1,169.1,169.1,170.75,18.3,170.75,18.3,196.36249999999998,196.36249999999998,0.05246020260492035,0.0036310820624545492,-0.18568894145476056,0.508035251425609,1.1405445180279616,-0.02406325197662429,-0.27707115847370223,-0.3753867308353386,-0.522860089377793,137.93141107208638,122.46785814155115,134.17211660812956,132.15817491219434,117.36071550634028,112.72976339663813,20.084309605166627,0.361,0.0247,-1.5869,2.2701,-0.3994,False,69.16260381896359,67.400754377395,74.49748535938261,80.16316289101347,,,,HHHL,LHLL,HHHL,HHHL,LHHL,HHHL,0,0,0.0,0.0,1.0,0.0,0.0,0.0,0,0
2022-01-03,WELSPUNLIV,147.45,159.95,132.2,141.95,5065169,753877642.0,138.5,139.3,151.05,148.8,133.2,122.45,145.45,138.2,169.1,169.1,169.1,169.1,170.75,18.3,170.75,18.3,196.36249999999998,196.36249999999998,-0.02406325197662429,0.05246020260492035,0.0036310820624545492,0.06449193850768653,1.1475037821482603,-0.25924621345544197,-0.35998591053187745,-0.4121169425854173,-0.5082775625220148,139.27094071472425,126.0100657521782,137.93141107208638,134.17211660812956,122.46785814155115,117.36071550634028,20.631858919083296,-0.1696,0.361,0.0247,-1.5869,2.2701,False,66.2998699387845,67.35488940652023,67.400754377395,74.49748535938261,,,,HHLL,HHHL,LHLL,HHHL,HHHL,LHHL,1,0,0.0,0.0,0.0,0.0,0.0,0.0,0,0
2022-02-01,WELSPUNLIV,143.95,145.7,100.6,105.15,4625283,555192090.0,147.45,138.5,159.95,151.05,132.2,133.2,141.95,145.45,169.1,169.1,169.1,169.1,170.75,18.3,170.75,18.3,196.36249999999998,196.36249999999998,-0.25924621345544197,-0.02406325197662429,0.05246020260492035,-0.17041420118343187,0.5283430232558142,-0.13599619591060397,-0.2063718497384689,-0.3789824060865431,-0.26771279125059444,127.89729380981618,122.21732652450945,139.27094071472425,137.93141107208638,126.0100657521782,122.46785814155115,22.379583282005918,-1.6444,-0.1696,0.361,0.0247,-1.5869,False,43.97318889705598,59.811887551601366,67.35488940652023,67.400754377395,,,,LHLL,HHLL,HHHL,LHLL,HHHL,HHHL,2,0,0.0,0.0,0.0,0.0,0.0,0.0,0,0
2022-03-02,WELSPUNLIV,105.9,112.05,89.1,90.85,7641199,754844106.0,143.95,147.45,145.7,159.95,100.6,132.2,105.15,141.95,169.1,169.1,169.1,169.1,170.75,18.3,170.75,18.3,196.36249999999998,196.36249999999998,-0.13599619591060397,-0.25924621345544197,-0.02406325197662429,-0.4627439384979303,0.12022194821208387,-0.08145294441386897,-0.2812328013208586,-0.23610346725371478,-0.18932305998899268,115.54819587321079,116.5141762473259,127.89729380981618,139.27094071472425,122.21732652450945,126.0100657521782,22.42032733329121,-0.6378,-1.6444,-0.1696,0.361,0.0247,False,38.14906740664039,49.47404208082696,59.811887551601366,67.35488940652023,,,,LHLL,LHLL,HHLL,HHHL,LHLL,HHHL,3,0,0.0,0.0,0.0,0.0,0.0,0.0,0,0
2022-04-01,WELSPUNLIV,92.5,99.0,82.4,83.45,5688149,529610133.0,105.9,143.95,112.05,145.7,89.1,100.6,90.85,105.15,169.1,169.1,169.1,169.1,170.75,18.3,170.75,18.3,196.36249999999998,196.36249999999998,-0.08145294441386897,-0.13599619591060397,-0.25924621345544197,-0.39397240377632525,0.04968553459119507,-0.2174955062911924,-0.16836428999400832,-0.1635710005991612,-0.06291192330736972,104.8487972488072,110.50250783872119,115.54819587321079,127.89729380981618,116.5141762473259,122.21732652450945,22.00458966662755,-0.3363,-0.6378,-1.6444,-0.1696,0.361,False,35.32444570172201,39.1489006684728,49.47404208082696,59.811887551601366,,,,LHLL,LHLL,LHLL,HHLL,HHHL,LHLL,4,0,0.0,0.0,0.0,0.0,0.0,0.0,0,0
2022-05-02,WELSPUNLIV,83.45,84.55,62.3,65.3,9921574,683421643.0,92.5,105.9,99.0,112.05,82.4,89.1,83.45,90.85,169.1,169.1,169.1,169.1,170.75,62.3,170.75,18.3,196.36249999999998,196.36249999999998,-0.2174955062911924,-0.08145294441386897,-0.13599619591060397,-0.5274963820549927,-0.2667040988208872,0.06278713629402777,0.06891271056661563,0.17917304747320073,0.25344563552833077,91.66586483253815,102.28387004986278,104.8487972488072,115.54819587321079,110.50250783872119,116.5141762473259,22.022118976154154,-0.8242,-0.3363,-0.6378,-1.6444,-0.1696,False,29.14872521287535,34.20741277374592,39.1489006684728,49.47404208082696,,,,LHLL,LHLL,LHLL,LHLL,HHLL,HHHL,5,0,0.0,0.0,0.0,0.0,0.0,0.0,0,0
2022-06-01,WELSPUNLIV,66.9,77.85,65.7,69.4,6018980,427889342.0,83.45,92.5,84.55,99.0,62.3,82.4,65.3,83.45,169.1,169.1,169.1,169.1,170.75,62.3,170.75,62.3,196.36249999999998,196.36249999999998,0.06278713629402777,-0.2174955062911924,-0.08145294441386897,-0.522860089377793,-0.28045619491964746,0.0057636887608067955,0.10951008645533133,0.061239193083573396,0.11095100864553298,84.24390988835877,96.30498458625136,91.66586483253815,104.8487972488072,102.28387004986278,110.50250783872119,21.345539049286,0.1921,-0.8242,-0.3363,-0.6378,-1.6444,False,32.26941857169329,32.247529828763554,34.20741277374592,39.1489006684728,,,,LHHL,LHLL,LHLL,LHLL,LHLL,HHLL,6,0,0.0,0.0,0.0,0.0,0.0,0.0,0,0
2022-07-01,WELSPUNLIV,71.45,75.95,66.95,69.8,3653889,260120479.0,66.9,83.45,77.85,84.55,65.7,62.3,69.4,65.3,169.1,169.1,169.1,169.1,170.75,62.3,170.75,62.3,196.36249999999998,196.36249999999998,0.0057636887608067955,0.06278713629402777,-0.2174955062911924,-0.5082775625220148,-0.47656542932133483,0.1031518624641834,0.055157593123209336,0.12034383954154726,-0.035816618911174825,79.42927325890585,91.4858964796602,84.24390988835877,91.66586483253815,96.30498458625136,102.28387004986278,20.463714831479855,0.0195,0.1921,-0.8242,-0.3363,-0.6378,False,32.60728056014719,31.34180811490528,32.247529828763554,34.20741277374592,,,,LHHL,LHHL,LHLL,LHLL,LHLL,LHLL,7,0,0.0,0.0,0.0,0.0,0.0,0.0,0,0
2022-08-01,WELSPUNLIV,70.15,82.4,70.15,77.0,4016081,307973734.0,71.45,66.9,75.95,77.85,66.95,65.7,69.8,69.4,169.1,169.1,169.1,169.1,170.75,62.3,170.75,62.3,196.36249999999998,196.36249999999998,0.1031518624641834,0.0057636887608067955,0.06278713629402777,-0.26771279125059444,-0.39250493096646943,-0.04350649350649338,0.01558441558441559,0.06298701298701292,-0.13701298701298703,78.61951550593724,88.85209711972198,79.42927325890585,84.24390988835877,91.4858964796602,96.30498458625136,19.90202091494558,0.3618,0.0195,0.1921,-0.8242,-0.3363,False,38.997575733998,34.62475828861283,31.34180811490528,32.247529828763554,,,,HHHL,LHHL,LHHL,LHLL,LHLL,LHLL,0,0,0.0,0.0,0.0,0.0,0.0,0.0,0,0
2022-09-01,WELSPUNLIV,75.65,86.0,72.0,73.65,8121094,649073656.0,70.15,71.45,82.4,75.95,70.15,66.95,77.0,69.8,169.1,169.1,169.1,169.1,170.75,62.3,170.75,62.3,196.36249999999998,196.36249999999998,-0.04350649350649338,0.1031518624641834,0.0057636887608067955,-0.18932305998899268,-0.5644589000591366,0.0617786829599456,0.11133740665308878,0.04684317718940911,-0.13496266123557377,76.96301033729151,86.0880794615907,78.61951550593724,79.42927325890585,88.85209711972198,91.4858964796602,19.480447992449466,-0.172,0.3618,0.0195,0.1921,-0.8242,False,37.08857044365097,36.231142245932055,34.62475828861283,31.34180811490528,,,,HHHL,HHHL,LHHL,LHHL,LHLL,LHLL,1,0,0.0,0.0,0.0,0.0,0.0,0.0,0,0
2022-10-03,WELSPUNLIV,74.35,82.0,72.6,78.2,1939998,150688966.0,75.65,70.15,86.0,82.4,72.0,70.15,73.65,77.0,169.1,169.1,169.1,169.1,170.75,62.3,170.75,62.3,196.36249999999998,196.36249999999998,0.0617786829599456,-0.04350649350649338,0.1031518624641834,-0.06291192330736972,-0.4320987654320987,0.046675191815856776,-0.01406649616368294,-0.13938618925831214,0.12071611253196934,77.375340224861,84.65388319584693,76.96301033729151,78.61951550593724,86.0880794615907,88.85209711972198,18.76041599298879,0.2425,-0.172,0.3618,0.0195,0.1921,False,41.61720990900364,39.23445202888421,36.231142245932055,34.62475828861283,,,,LHHL,HHHL,HHHL,LHHL,LHHL,LHLL,2,0,0.0,0.0,0.0,0.0,0.0,0.0,0,0
2022-11-01,WELSPUNLIV,78.2,84.0,74.6,81.85,2706541,215715920.0,74.35,75.65,82.0,86.0,72.6,72.0,78.2,73.65,169.1,169.1,169.1,169.1,170.75,62.3,170.75,62.3,196.36249999999998,196.36249999999998,0.046675191815856776,0.0617786829599456,-0.04350649350649338,0.25344563552833077,-0.40774240231548475,-0.0580329871716555,-0.17776420281001826,-0.18814905314599872,0.12657299938912647,78.86689348324067,84.14408625114747,77.375340224861,76.96301033729151,84.65388319584693,86.0880794615907,18.09181485063245,0.2017,0.2425,-0.172,0.3618,0.0195,False,45.30219988097939,41.33599341121134,39.23445202888421,36.231142245932055,,,,HHHL,LHHL,HHHL,HHHL,LHHL,LHHL,0,0,0.0,0.0,0.0,0.0,0.0,0.0,0,0
2022-12-01,WELSPUNLIV,82.7,83.45,67.35,77.1,3342820,259602751.0,78.2,74.35,84.0,82.0,74.6,72.6,81.85,78.2,169.1,169.1,169.1,169.1,170.75,62.3,170.75,62.3,196.36249999999998,196.36249999999998,-0.0580329871716555,0.046675191815856776,0.0617786829599456,0.11095100864553298,-0.4699209350292196,-0.12710765239948119,-0.1381322957198443,-0.17367055771725026,0.20064850843060955,78.27792898882711,82.86334329639338,78.86689348324067,77.375340224861,84.14408625114747,84.65388319584693,17.94954236130156,-0.2646,0.2017,0.2425,-0.172,0.3618,True,41.34055700702828,42.75332226567044,41.33599341121134,39.23445202888421,,,,LHLL,HHHL,LHHL,HHHL,HHHL,LHHL,1,0,0.0,0.0,0.0,0.0,0.0,0.0,0,0
2023-01-02,WELSPUNLIV,77.2,77.65,65.25,67.3,1402352,101316612.0,82.7,78.2,83.45,84.0,67.35,74.6,77.1,81.85,169.1,169.1,169.1,169.1,170.75,62.3,170.75,62.3,196.36249999999998,196.36249999999998,-0.12710765239948119,-0.0580329871716555,0.046675191815856776,-0.035816618911174825,-0.5258893976752377,-0.012630014858840966,-0.05334323922734019,0.3022288261515602,0.6301634472511144,74.61861932588474,80.03364451523095,78.27792898882711,78.86689348324067,82.86334329639338,84.14408625114747,17.553146478351447,-0.5583,-0.2646,0.2017,0.2425,-0.172,True,34.15186725818407,40.26487471539725,42.75332226567044,41.33599341121134,,,,LHLL,LHLL,HHHL,LHHL,HHHL,HHHL,2,0,0.0,0.0,0.0,0.0,0.0,0.0,0,1
2023-02-01,WELSPUNLIV,67.35,73.0,63.6,66.45,2098572,144167231.0,77.2,82.7,77.65,83.45,65.25,67.35,67.3,77.1,169.1,169.1,169.1,169.1,170.75,62.3,170.75,62.3,196.36249999999998,196.36249999999998,-0.012630014858840966,-0.12710765239948119,-0.0580329871716555,-0.13701298701298703,-0.36804564907275317,-0.041234010534236254,0.3188863807373965,0.38765989465763706,0.8781038374717831,71.89574621725649,77.56389096700713,74.61861932588474,78.27792898882711,80.03364451523095,82.86334329639338,16.970778872754916,-0.0501,-0.5583,-0.2646,0.2017,0.2425,False,33.561323430642844,36.35124923195173,40.26487471539725,42.75332226567044,,,,LHLL,LHLL,LHLL,HHHL,LHHL,HHHL,3,0,0.0,0.0,0.0,0.0,0.0,0.0,0,1
2023-03-01,WELSPUNLIV,67.84,70.37,62.2,63.71,1689064,112142082.0,67.35,77.2,73.0,77.65,63.6,65.25,66.45,67.3,169.1,169.1,169.1,169.1,170.75,62.2,170.75,62.3,196.36249999999998,196.36249999999998,-0.041234010534236254,-0.012630014858840966,-0.12710765239948119,-0.13496266123557377,-0.2987341772151898,0.3756082247684822,0.44733950714173587,0.4529901114424735,0.9055093391932194,69.16716414483767,75.04500170027855,71.89574621725649,74.61861932588474,77.56389096700713,80.03364451523095,16.34215181041528,-0.1677,-0.0501,-0.5583,-0.2646,0.2017,False,31.512081655483087,33.07509078143667,36.35124923195173,40.26487471539725,,,,LHLL,LHLL,LHLL,LHLL,HHHL,LHHL,4,0,0.0,0.0,0.0,0.0,0.0,0.0,0,1
2023-04-03,WELSPUNLIV,64.0,89.95,64.0,87.64,3479711,284516681.0,67.84,67.35,70.37,73.0,62.2,63.6,63.71,66.45,169.1,169.1,169.1,169.1,170.75,62.2,170.75,62.2,196.36249999999998,196.36249999999998,0.3756082247684822,-0.041234010534236254,-0.012630014858840966,0.12071611253196934,0.05020970641102451,0.05214513920584207,0.05625285257873114,0.2518256503879506,0.716111364673665,75.32477609655845,77.33500139113698,69.16716414483767,71.89574621725649,75.04500170027855,77.56389096700713,17.04914096681419,1.4036,-0.1677,-0.0501,-0.5583,-0.2646,False,57.77946380603996,40.950956297388636,33.07509078143667,36.35124923195173,,,,HHHL,LHLL,LHLL,LHLL,LHLL,HHHL,0,0,0.0,0.0,0.0,0.0,0.0,0.0,0,1
2023-05-02,WELSPUNLIV,88.48,104.9,87.52,92.21,9399645,902855506.0,64.0,67.84,89.95,70.37,64.0,62.2,87.64,63.71,169.1,169.1,169.1,169.1,170.75,62.2,170.75,62.2,196.36249999999998,196.36249999999998,0.05214513920584207,0.3756082247684822,-0.041234010534236254,0.12657299938912647,0.4120980091883615,0.0039041318728987306,0.1897841882659148,0.3534323826049237,0.703719770090012,80.9531840643723,80.03954659274844,75.32477609655845,69.16716414483767,77.33500139113698,75.04500170027855,17.07277375489889,0.2677,1.4036,-0.1677,-0.0501,-0.5583,False,61.10327364351851,50.1316063683472,40.950956297388636,33.07509078143667,78.07681923906428,,,HHHL,HHHL,LHLL,LHLL,LHLL,LHLL,0,0,0.0,0.0,0.0,0.0,0.0,0.0,0,1
2023-06-01,WELSPUNLIV,92.22,104.5,90.9,92.57,5325212,515700925.0,88.48,64.0,104.9,89.95,87.52,64.0,92.21,87.64,169.1,169.1,169.1,169.1,170.75,62.2,170.75,62.2,196.36249999999998,196.36249999999998,0.0039041318728987306,0.05214513920584207,0.3756082247684822,0.20064850843060955,0.33386167146974044,0.1851571783515178,0.34816895322458685,0.3114399913578916,0.5696229880090744,84.82545604291487,82.31781084861235,80.9531840643723,75.32477609655845,80.03954659274844,77.33500139113698,16.824718486691825,0.0214,0.2677,1.4036,-0.1677,-0.0501,False,61.38267448366645,60.08847064440832,50.1316063683472,40.950956297388636,73.66355235670551,78.07681923906428,,LHHL,HHHL,HHHL,LHLL,LHLL,LHLL,0,0,0.0,0.0,0.0,0.0,0.0,0.0,0,1
2023-07-03,WELSPUNLIV,92.34,114.95,92.34,109.71,7125928,724561351.0,92.22,88.48,104.5,104.9,90.9,87.52,92.57,92.21,169.1,169.1,169.1,169.1,170.75,62.2,170.75,62.2,196.36249999999998,196.36249999999998,0.1851571783515178,0.0039041318728987306,0.05214513920584207,0.6301634472511144,0.5717765042979943,0.137544435329505,0.1065536414182846,0.3708868836022241,0.48846960167714903,93.12030402860991,87.29820887613738,84.82545604291487,80.9531840643723,82.31781084861235,80.03954659274844,17.237952880499552,0.9943,0.0214,0.2677,1.4036,-0.1677,False,72.3964224638805,64.96079019702182,60.08847064440832,50.1316063683472,90.8855042633536,73.66355235670551,78.07681923906428,HHHL,LHHL,HHHL,HHHL,LHLL,LHLL,0,0,0.0,0.0,0.0,0.0,0.0,1.0,1,1
2023-08-01,WELSPUNLIV,111.0,128.0,108.5,124.8,8532860,999817249.0,92.34,92.22,114.95,104.5,92.34,90.9,109.71,92.57,169.1,169.1,169.1,169.1,170.75,62.2,170.75,62.2,196.36249999999998,196.36249999999998,0.137544435329505,0.1851571783515178,0.0039041318728987306,0.8781038374717831,0.6207792207792207,-0.027243589743589647,0.2051282051282053,0.25881410256410264,0.23958333333333326,103.68020268573994,94.1167163532033,93.12030402860991,84.82545604291487,87.29820887613738,82.31781084861235,17.399527674749585,0.8673,0.9943,0.0214,0.2677,1.4036,False,78.65052896608688,70.80987530454462,64.96079019702182,60.08847064440832,90.69877597507292,90.8855042633536,73.66355235670551,HHHL,HHHL,LHHL,HHHL,HHHL,LHLL,0,0,0.0,0.0,0.0,0.0,1.0,1.0,1,1
2023-09-01,WELSPUNLIV,125.0,129.4,112.45,121.4,3643228,447405065.0,111.0,92.34,128.0,114.95,108.5,92.34,124.8,109.71,145.45,169.1,169.1,169.1,170.75,62.2,170.75,62.2,196.36249999999998,196.36249999999998,-0.027243589743589647,0.137544435329505,0.1851571783515178,0.9055093391932194,0.6483367277664629,0.23887973640856663,0.29406919275123555,0.19686985172981886,0.13385502471169697,109.58680179049331,99.07731337989361,103.68020268573994,93.12030402860991,94.1167163532033,87.29820887613738,17.367418555124612,-0.1958,0.8673,0.9943,0.0214,0.2677,False,74.22960047170797,75.09218396722513,70.80987530454462,64.96079019702182,43.68875569244934,90.69877597507292,90.8855042633536,HHHL,HHHL,HHHL,LHHL,HHHL,HHHL,1,0,0.0,0.0,0.0,1.0,1.0,0.0,1,1
2023-10-03,WELSPUNLIV,122.65,158.05,115.8,150.4,10364256,1449206187.0,125.0,111.0,129.4,128.0,112.45,108.5,121.4,124.8,150.4,169.1,145.45,169.1,170.75,62.2,170.75,62.2,196.36249999999998,196.36249999999998,0.23887973640856663,-0.027243589743589647,0.137544435329505,0.716111364673665,0.9232736572890026,0.044547872340425565,-0.03390957446808507,0.0857712765957448,-0.0033244680851063357,123.19120119366221,108.40871094718567,109.58680179049331,103.68020268573994,99.07731337989361,94.1167163532033,19.14474580118714,1.5148,-0.1958,0.8673,0.9943,0.0214,False,83.47354620034085,78.78455854604523,75.09218396722513,70.80987530454462,77.54749786647982,43.68875569244934,90.69877597507292,HHHL,HHHL,HHHL,HHHL,LHHL,HHHL,0,1,0.0,0.0,0.0,1.0,0.0,1.0,1,1
2023-11-01,WELSPUNLIV,151.45,170.25,146.5,157.1,10338283,1634343838.0,122.65,125.0,158.05,129.4,115.8,112.45,150.4,121.4,157.1,169.1,150.4,169.1,170.75,62.2,170.75,62.2,196.36249999999998,196.36249999999998,0.044547872340425565,0.23887973640856663,-0.027243589743589647,0.703719770090012,0.9193646915088578,-0.07511139401654987,0.03946530872056031,-0.015276893698281335,-0.1317632081476766,134.49413412910815,117.2616725931519,123.19120119366221,109.58680179049331,108.40871094718567,99.07731337989361,19.47369252967377,0.3441,1.5148,-0.1958,0.8673,0.9943,False,84.93053943809325,80.87789537004737,78.78455854604523,75.09218396722513,71.68878146694597,77.54749786647982,43.68875569244934,HHHL,HHHL,HHHL,HHHL,HHHL,LHHL,0,1,1.0,0.0,0.0,0.0,1.0,0.0,1,1
2023-12-01,WELSPUNLIV,158.25,165.55,140.15,145.3,4568229,704481295.0,151.45,122.65,170.25,158.05,146.5,115.8,157.1,150.4,157.1,169.1,157.1,169.1,170.75,62.2,170.75,62.2,196.36249999999998,196.36249999999998,-0.07511139401654987,0.044547872340425565,0.23887973640856663,0.5696229880090744,0.8845654993514918,0.1238816242257399,0.06469373709566395,-0.052649690295939466,0.05677907777013069,138.09608941940544,122.35955030348792,134.49413412910815,123.19120119366221,117.2616725931519,108.40871094718567,19.897000206125647,-0.5931,0.3441,1.5148,-0.1958,0.8673,False,71.90512114916788,80.10306892920067,80.87789537004737,78.78455854604523,35.956401080516166,71.68878146694597,77.54749786647982,LHLL,HHHL,HHHL,HHHL,HHHL,HHHL,1,0,1.0,1.0,0.0,1.0,0.0,0.0,1,1
2024-01-01,WELSPUNLIV,146.35,171.7,133.2,163.3,5250918,794549972.0,158.25,151.45,165.55,170.25,140.15,146.5,145.3,157.1,163.3,169.1,157.1,169.1,170.75,62.2,170.75,62.2,196.36249999999998,196.36249999999998,0.1238816242257399,-0.07511139401654987,0.044547872340425565,0.48846960167714903,1.4264487369985144,-0.0526638089406003,-0.15707287201469688,-0.08205756276791187,0.1246172688303735,146.4973929462703,129.80326843012648,138.09608941940544,134.49413412910815,122.35955030348792,117.2616725931519,21.2257859056881,0.848,-0.5931,0.3441,1.5148,-0.1958,False,77.92911839680845,78.25492632802319,80.10306892920067,80.87789537004737,72.44541269216106,35.956401080516166,71.68878146694597,HHLL,LHLL,HHHL,HHHL,HHHL,HHHL,0,1,0.0,1.0,1.0,0.0,0.0,0.0,0,0
2024-02-01,WELSPUNLIV,166.5,168.05,144.95,154.7,5242618,829530099.0,146.35,158.25,171.7,165.55,133.2,140.15,163.3,145.3,163.3,169.1,163.3,169.1,170.75,62.2,170.75,62.2,196.36249999999998,196.36249999999998,-0.0526638089406003,0.1238816242257399,-0.07511139401654987,0.23958333333333326,1.3280662151993976,-0.11021331609566898,-0.031027795733677976,-0.11829347123464762,0.2482223658694247,149.23159529751354,134.3299468973762,146.4973929462703,138.09608941940544,129.80326843012648,122.35955030348792,21.359658340996095,-0.4026,0.848,-0.5931,0.3441,1.5148,False,69.60957795068893,73.14793916555509,78.25492632802319,80.10306892920067,38.496859292769635,72.44541269216106,35.956401080516166,LHHL,HHLL,LHLL,HHHL,HHHL,HHHL,1,0,1.0,0.0,1.0,0.0,0.0,0.0,0,0
2024-03-01,WELSPUNLIV,155.2,158.5,132.95,137.65,2581486,377831418.0,166.5,146.35,168.05,171.7,144.95,133.2,154.7,163.3,163.3,169.1,163.3,169.1,170.75,62.2,170.75,62.2,196.36249999999998,196.36249999999998,-0.11021331609566898,-0.0526638089406003,0.1238816242257399,0.13385502471169697,1.160571338879297,0.0889938249182709,-0.009081002542680738,0.11551035234289864,0.18961133309117328,145.3710635316757,134.93359291603505,149.23159529751354,146.4973929462703,134.3299468973762,129.80326843012648,21.658968459496375,-0.7872,-0.4026,0.848,-0.5931,0.3441,False,55.82480771065237,67.78783468604992,73.14793916555509,78.25492632802319,23.253707815180906,38.496859292769635,72.44541269216106,LHLL,LHHL,HHLL,LHLL,HHHL,HHHL,2,0,0.0,1.0,0.0,0.0,0.0,0.0,0,0
2024-04-01,WELSPUNLIV,139.25,163.5,139.25,149.9,3909461,601184809.0,155.2,166.5,158.5,168.05,132.95,144.95,137.65,154.7,163.3,169.1,163.3,169.1,170.75,62.2,170.75,62.2,196.36249999999998,196.36249999999998,0.0889938249182709,-0.11021331609566898,-0.0526638089406003,-0.0033244680851063357,0.7104062072113191,-0.09006004002668444,0.024349566377585008,0.2251501000667111,0.014342895263508959,146.88070902111713,137.6547578403923,145.3710635316757,149.23159529751354,134.93359291603505,134.3299468973762,21.958327855246637,0.5579,-0.7872,-0.4026,0.848,-0.5931,False,62.11366353141128,62.516016397584195,67.78783468604992,73.14793916555509,68.18340721904116,23.253707815180906,38.496859292769635,HHHL,LHLL,LHHL,HHLL,LHLL,HHHL,0,0,0.0,0.0,1.0,0.0,0.0,1.0,1,1
2024-05-02,WELSPUNLIV,150.05,153.0,135.5,136.4,2416289,348499784.0,139.25,155.2,163.5,158.5,139.25,132.95,149.9,137.65,163.3,169.1,163.3,169.1,170.75,62.2,170.75,62.2,196.36249999999998,196.36249999999998,-0.09006004002668444,0.0889938249182709,-0.11021331609566898,-0.1317632081476766,0.47923218739833007,0.12573313782991202,0.3464076246334311,0.41568914956011715,0.11913489736070382,143.38713934741145,137.42662005123006,146.88070902111713,145.3710635316757,137.6547578403923,134.93359291603505,21.639875865586163,-0.6238,0.5579,-0.7872,-0.4026,0.848,False,52.50359097017119,56.81402073741162,62.516016397584195,67.78783468604992,31.261875421976356,68.18340721904116,23.253707815180906,LHLL,HHHL,LHLL,LHHL,HHLL,LHLL,1,0,0.0,0.0,0.0,0.0,1.0,1.0,1,1
2024-06-03,WELSPUNLIV,140.1,155.95,122.6,153.55,3504151,505161123.0,150.05,139.25,153.0,163.5,135.5,139.25,136.4,149.9,163.3,169.1,163.3,169.1,170.75,62.2,170.75,62.2,196.36249999999998,196.36249999999998,0.12573313782991202,-0.09006004002668444,0.0889938249182709,0.05677907777013069,0.6587447337150267,0.19602735265385873,0.25757082383588403,0.06642787365678915,0.018886356235753743,146.77475956494098,140.35814367827913,143.38713934741145,146.88070902111713,137.42662005123006,137.6547578403923,22.476313303758584,0.763,-0.6238,0.5579,-0.7872,-0.4026,False,61.36325409767339,58.66016953308529,56.81402073741162,62.516016397584195,70.31370289608718,31.261875421976356,68.18340721904116,HHLL,LHLL,HHHL,LHLL,LHHL,HHLL,2,0,0.0,0.0,0.0,1.0,1.0,0.0,1,1
2024-07-01,WELSPUNLIV,154.0,191.2,149.6,183.65,8191925,1425174044.0,140.1,150.05,155.95,153.0,122.6,135.5,153.55,136.4,183.65,183.65,163.3,169.1,170.75,62.2,170.75,62.2,196.36249999999998,196.36249999999998,0.19602735265385873,0.12573313782991202,-0.09006004002668444,0.1246172688303735,0.6739586181751893,0.05145657500680634,-0.10835829022597332,-0.1720664307105908,-0.2499319357473455,159.06650637662733,148.2293902822284,146.77475956494098,143.38713934741145,140.35814367827913,137.42662005123006,23.842290924918682,1.2625,0.763,-0.6238,0.5579,-0.7872,False,72.04184772420538,61.96956426401666,58.66016953308529,56.81402073741162,83.23973319230937,70.31370289608718,31.261875421976356,HHHL,HHLL,LHLL,HHHL,LHLL,LHHL,0,1,0.0,0.0,0.0,1.0,0.0,0.0,1,1
2024-08-01,WELSPUNLIV,184.0,213.1,172.1,193.1,10181086,1970484973.0,154.0,140.1,191.2,155.95,149.6,122.6,183.65,153.55,193.1,193.1,183.65,183.65,213.1,62.2,170.75,62.2,245.06499999999997,196.36249999999998,0.05145657500680634,0.19602735265385873,0.12573313782991202,0.2482223658694247,0.547275641025641,-0.15199378560331434,-0.21258415328845148,-0.20947695494562402,-0.4448472294148109,170.41100425108488,156.38768295818687,159.06650637662733,146.77475956494098,148.2293902822284,140.35814367827913,25.067841573138775,0.377,1.2625,0.763,-0.6238,0.5579,False,74.6119745013357,69.3390254410715,61.96956426401666,58.66016953308529,78.59417483168009,83.23973319230937,70.31370289608718,HHHL,HHHL,HHLL,LHLL,HHHL,LHLL,0,1,1.0,0.0,0.0,0.0,0.0,0.0,0,0
2024-09-02,WELSPUNLIV,193.35,194.25,161.1,163.75,4825528,862275509.0,184.0,154.0,213.1,191.2,172.1,149.6,193.1,183.65,193.1,193.1,193.1,193.1,213.1,62.2,213.1,62.2,245.06499999999997,245.06499999999997,-0.15199378560331434,0.05145657500680634,0.19602735265385873,0.18961133309117328,0.3488467874794068,-0.07145038167938922,-0.0677862595419847,-0.044580152671755746,-0.17526717557251903,168.19066950072326,157.72628605669834,170.41100425108488,159.06650637662733,156.38768295818687,148.2293902822284,25.64513860362886,-1.1445,0.377,1.2625,0.763,-0.6238,False,55.968951409515114,67.54092454501874,69.3390254410715,61.96956426401666,23.86263669735259,78.59417483168009,83.23973319230937,LHLL,HHHL,HHHL,HHLL,LHLL,HHHL,1,0,1.0,1.0,0.0,0.0,0.0,0.0,0,0
2024-10-01,WELSPUNLIV,164.95,176.55,145.0,152.05,4209037,687282760.0,193.35,184.0,194.25,213.1,161.1,172.1,163.75,193.1,193.1,193.1,193.1,193.1,213.1,62.2,213.1,62.2,245.06499999999997,245.06499999999997,-0.07145038167938922,-0.15199378560331434,0.05145657500680634,0.014342895263508959,0.01097074468085113,0.003946070371588339,0.02893784939164723,-0.09404801052285439,-0.1637619204209142,162.81044633381552,156.69423404638954,168.19066950072326,170.41100425108488,157.72628605669834,156.38768295818687,26.066914417655372,-0.4488,-1.1445,0.377,1.2625,0.763,False,50.14208887487576,60.241004928575535,67.54092454501874,69.3390254410715,23.993603438791283,23.86263669735259,78.59417483168009,LHLL,LHLL,HHHL,HHHL,HHLL,LHLL,2,0,0.0,1.0,1.0,0.0,0.0,0.0,0,0
2024-11-01,WELSPUNLIV,154.0,165.0,145.0,152.65,1528000,234590464.0,164.95,193.35,176.55,194.25,145.0,161.1,152.05,163.75,193.1,193.1,193.1,193.1,213.1,62.2,213.1,62.2,245.06499999999997,245.06499999999997,0.003946070371588339,-0.07145038167938922,-0.15199378560331434,0.11913489736070382,-0.02832590706556326,0.024893547330494536,-0.097608909269571,-0.2977399279397315,-0.1306911234850967,159.42363088921036,155.9589187652278,162.81044633381552,168.19066950072326,156.69423404638954,157.72628605669834,25.633563387822846,0.0234,-0.4488,-1.1445,0.377,1.2625,False,50.450718168296945,52.187252817562616,60.241004928575535,67.54092454501874,51.296755812870344,23.993603438791283,23.86263669735259,LHLL,LHLL,LHLL,HHHL,HHHL,HHLL,3,0,0.0,0.0,1.0,0.0,0.0,0.0,0,0
2024-12-02,WELSPUNLIV,152.65,187.8,152.0,156.45,4278419,727736085.0,154.0,164.95,165.0,176.55,145.0,145.0,152.65,152.05,193.1,193.1,193.1,193.1,213.1,62.2,213.1,62.2,245.06499999999997,245.06499999999997,0.024893547330494536,0.003946070371588339,-0.07145038167938922,0.018886356235753743,0.07673778389538866,-0.11952700543304562,-0.3147970597635027,-0.1367849153084051,-0.08469159475870891,158.43242059280692,156.0482062624591,159.42363088921036,162.81044633381552,155.9589187652278,156.69423404638954,26.359737431549785,0.1442,0.0234,-0.4488,-1.1445,0.377,False,52.617905512045745,51.07023751840617,52.187252817562616,60.241004928575535,58.681599216696476,51.296755812870344,23.993603438791283,HHHL,LHLL,LHLL,LHLL,HHHL,HHHL,0,0,0.0,0.0,0.0,0.0,0.0,0.0,0,0
2025-01-01,WELSPUNLIV,156.05,166.6,135.0,137.75,2720199,410630755.0,152.65,154.0,187.8,165.0,152.0,145.0,156.45,152.65,193.1,193.1,193.1,193.1,213.1,62.2,213.1,62.2,245.06499999999997,245.06499999999997,-0.11952700543304562,0.024893547330494536,0.003946070371588339,-0.2499319357473455,-0.15646050214329466,-0.22177858439201448,-0.019600725952813036,-0.07695099818511797,-0.08384754990925591,151.53828039520462,152.72125966928473,158.43242059280692,159.42363088921036,156.0482062624591,155.9589187652278,26.7340419007248,-0.6995,0.1442,0.0234,-0.4488,-1.1445,False,42.05698008574013,48.375201255360956,51.07023751840617,52.187252817562616,20.75246139636441,58.681599216696476,51.296755812870344,LHLL,HHHL,LHLL,LHLL,LHLL,HHHL,1,0,0.0,0.0,0.0,0.0,0.0,0.0,0,0
2025-02-01,WELSPUNLIV,141.85,144.9,105.0,107.2,2587162,315516232.0,156.05,152.65,166.6,187.8,135.0,152.0,137.75,156.45,193.1,193.1,193.1,193.1,213.1,105.0,213.1,62.2,245.06499999999997,245.06499999999997,-0.22177858439201448,-0.11952700543304562,0.024893547330494536,-0.4448472294148109,-0.3070458952811893,0.25979477611940305,0.1861007462686568,0.237873134328358,0.019123134328358216,136.75885359680308,144.44466700214204,151.53828039520462,158.43242059280692,152.72125966928473,156.0482062624591,27.674467479244463,-1.1039,-0.6995,0.1442,0.0234,-0.4488,False,30.419927602101254,41.69827106662905,48.375201255360956,51.07023751840617,10.877640710627569,20.75246139636441,58.681599216696476,LHLL,LHLL,HHHL,LHLL,LHLL,LHLL,2,0,0.0,0.0,0.0,0.0,0.0,0.0,0,1
2025-03-03,WELSPUNLIV,107.2,142.45,106.6,135.05,9794354,1202678235.0,141.85,156.05,144.9,166.6,105.0,135.0,107.2,137.75,193.1,193.1,193.1,193.1,213.1,105.0,213.1,105.0,245.06499999999997,245.06499999999997,0.25979477611940305,-0.22177858439201448,-0.11952700543304562,-0.17526717557251903,-0.018888485288775847,-0.05849685301740104,-0.017400962606442194,0.060348019252128626,-0.15105516475379488,136.18923573120207,142.7365457290253,136.75885359680308,151.53828039520462,144.44466700214204,152.72125966928473,28.258434087869855,0.9855,-1.1039,-0.6995,0.1442,0.0234,False,46.240463723295015,39.572457137045475,41.69827106662905,48.375201255360956,71.2963776057568,10.877640710627569,20.75246139636441,LHHL,LHLL,LHLL,HHHL,LHLL,LHLL,3,0,0.0,0.0,0.0,0.0,0.0,0.0,0,0
2025-04-01,WELSPUNLIV,134.8,141.15,107.05,127.15,3325295,418587546.0,107.2,141.85,142.45,144.9,106.6,105.0,135.05,107.2,193.1,193.1,193.1,193.1,213.1,105.0,213.1,105.0,245.06499999999997,245.06499999999997,-0.05849685301740104,0.25979477611940305,-0.22177858439201448,-0.1637619204209142,-0.1517678452301534,0.043649233189146486,0.1262288635469917,-0.007471490365709821,0.022807707432166868,133.17615715413473,139.90262832374796,136.18923573120207,136.75885359680308,142.7365457290253,144.44466700214204,28.675688795879154,-0.2755,0.9855,-1.1039,-0.6995,0.1442,False,43.00453284592069,39.88830805710566,39.572457137045475,41.69827106662905,35.17646481511709,71.2963776057568,10.877640710627569,LHHL,LHHL,LHLL,LHLL,HHHL,LHLL,4,0,0.0,0.0,0.0,0.0,0.0,0.0,0,0
2025-05-02,WELSPUNLIV,125.05,154.6,120.0,132.7,19040800,2686748165.0,134.8,107.2,141.15,142.45,107.05,106.6,127.15,135.05,193.1,193.1,193.1,193.1,213.1,105.0,213.1,105.0,245.06499999999997,245.06499999999997,0.043649233189146486,-0.05849685301740104,0.25979477611940305,-0.1306911234850967,-0.027126099706744955,0.07912584777694054,-0.04898266767143922,-0.17671439336850026,0.12057272042200462,133.0174381027565,138.59305953761196,133.17615715413473,136.18923573120207,139.90262832374796,142.7365457290253,29.098853881887788,0.1907,-0.2755,0.9855,-1.1039,-0.6995,False,46.09631033030724,45.113768966507656,39.88830805710566,39.572457137045475,59.44633261064629,35.17646481511709,71.2963776057568,HHHL,LHHL,LHHL,LHLL,LHLL,HHHL,0,0,0.0,0.0,0.0,0.0,0.0,0.0,0,0
2025-06-02,WELSPUNLIV,132.2,145.0,126.9,143.2,15292112,2090003698.0,125.05,134.8,154.6,141.15,120.0,107.05,132.7,127.15,193.1,193.1,193.1,193.1,213.1,105.0,213.1,105.0,245.06499999999997,245.06499999999997,0.07912584777694054,0.043649233189146486,-0.05849685301740104,-0.08469159475870891,-0.0674047541517423,-0.11871508379888263,-0.23708100558659206,-0.19937150837988815,-0.08729050279329609,136.41162540183768,139.43068507622797,133.0174381027565,133.17615715413473,138.59305953761196,139.90262832374796,28.313221461752942,0.3709,0.1907,-0.2755,0.9855,-1.1039,False,51.86019574029101,46.987012972173,45.113768966507656,39.88830805710566,72.37724795874176,59.44633261064629,35.17646481511709,LHHL,HHHL,LHHL,LHHL,LHLL,LHLL,0,0,0.0,0.0,0.0,0.0,0.0,0.0,0,0
2025-07-01,WELSPUNLIV,143.75,149.25,124.15,126.2,5531166,774416557.0,132.2,125.05,145.0,154.6,126.9,120.0,143.2,132.7,193.1,193.1,193.1,193.1,213.1,105.0,213.1,105.0,245.06499999999997,245.06499999999997,-0.11871508379888263,0.07912584777694054,0.043649233189146486,-0.08384754990925591,-0.3128233052001089,-0.13431061806656108,-0.09152139461172737,0.030507131537242493,-0.019809825673534065,133.0077502678918,137.02510597145925,136.41162540183768,133.0174381027565,139.43068507622797,138.59305953761196,28.083705643056305,-0.6053,0.3709,0.1907,-0.2755,0.9855,False,43.145724803918256,47.03407695817217,46.987012972173,45.113768966507656,26.107812632268587,72.37724795874176,59.44633261064629,HHLL,LHHL,HHHL,LHHL,LHHL,LHLL,1,0,0.0,0.0,0.0,0.0,0.0,0.0,0,0
2025-08-01,WELSPUNLIV,125.95,127.2,109.0,109.25,4501718,528712793.0,143.75,132.2,149.25,145.0,124.15,126.9,126.2,143.2,193.1,193.1,193.1,193.1,213.1,105.0,213.1,105.0,245.06499999999997,245.06499999999997,-0.13431061806656108,-0.11871508379888263,0.07912584777694054,0.019123134328358216,-0.4342309684101502,0.04942791762013732,0.19038901601830682,0.3610983981693363,0.1473684210526316,125.08850017859453,131.9750867039212,133.0077502678918,136.41162540183768,137.02510597145925,139.43068507622797,27.37772666855228,-0.6191,-0.6053,0.3709,0.1907,-0.2755,False,36.091091264983426,43.69900393639758,47.03407695817217,46.987012972173,17.293844578608958,26.107812632268587,72.37724795874176,LHLL,HHLL,LHHL,HHHL,LHHL,LHHL,2,0,0.0,0.0,0.0,0.0,0.0,0.0,0,1
2025-09-01,WELSPUNLIV,109.7,132.5,109.1,114.65,8996917,1107932548.0,125.95,143.75,127.2,149.25,109.0,124.15,109.25,126.2,193.1,193.1,193.1,193.1,213.1,105.0,213.1,105.0,245.06499999999997,245.06499999999997,0.04942791762013732,-0.13431061806656108,-0.11871508379888263,-0.15105516475379488,-0.29984732824427474,0.13432184910597478,0.2969908416921063,0.13999127780200604,-0.05102485826428271,121.60900011906303,128.82507093957187,125.08850017859453,133.0077502678918,131.9750867039212,137.02510597145925,27.09360333508426,0.1993,-0.6191,-0.6053,0.3709,0.1907,False,39.75248691517396,39.66310099469189,43.69900393639758,47.03407695817217,57.800109148916306,17.293844578608958,26.107812632268587,HHHL,LHLL,HHLL,LHHL,HHHL,LHHL,0,0,0.0,0.0,0.0,0.0,0.0,0.0,0,0
2025-10-01,WELSPUNLIV,113.25,134.35,113.25,130.05,4604864,576660952.0,109.7,125.95,132.5,127.2,109.1,109.0,114.65,109.25,193.1,193.1,193.1,193.1,213.1,105.0,213.1,105.0,245.06499999999997,245.06499999999997,0.13432184910597478,0.04942791762013732,-0.13431061806656108,0.022807707432166868,-0.14468924695823737,0.14340638216070722,0.004998077662437428,-0.04882737408688975,-0.008842752787389552,124.42266674604204,129.04778531419515,121.60900011906303,125.08850017859453,128.82507093957187,131.9750867039212,26.665488811149675,0.5775,0.1993,-0.6191,-0.6053,0.3709,False,49.39802532779649,41.74720116931797,39.66310099469189,43.69900393639758,74.58807237929317,57.800109148916306,17.293844578608958,HHHL,HHHL,LHLL,HHLL,LHHL,HHHL,0,0,0.0,0.0,0.0,0.0,0.0,0.0,0,0
2025-11-03,WELSPUNLIV,129.2,151.1,125.9,148.7,6546714,924934158.0,113.25,109.7,134.35,132.5,113.25,109.1,130.05,114.65,193.1,193.1,193.1,193.1,213.1,105.0,213.1,105.0,245.06499999999997,245.06499999999997,0.14340638216070722,0.13432184910597478,0.04942791762013732,0.12057272042200462,-0.025876187356698388,-0.12104909213180903,-0.16812373907195688,-0.15702757229320774,-0.0709482178883657,132.51511116402804,132.62091525706876,124.42266674604204,121.60900011906303,129.04778531419515,128.82507093957187,26.560811038924697,0.7022,0.5775,0.1993,-0.6191,-0.6053,False,58.732684638342405,49.29439896043763,41.74720116931797,39.66310099469189,82.90169832137522,74.58807237929317,57.800109148916306,HHHL,HHHL,HHHL,LHLL,HHLL,LHHL,0,0,0.0,0.0,0.0,0.0,0.0,0.0,0,0
2025-12-01,WELSPUNLIV,147.8,147.8,128.1,130.7,5067593,701875241.0,129.2,113.25,151.1,134.35,125.9,113.25,148.7,130.05,193.1,193.1,193.1,193.1,213.1,105.0,213.1,105.0,245.06499999999997,245.06499999999997,-0.12104909213180903,0.14340638216070722,0.13432184910597478,-0.08729050279329609,-0.1645893256631512,-0.05355776587605188,-0.040933435348125435,-0.16755929609793418,,131.91007410935202,132.2716579376017,132.51511116402804,124.42266674604204,132.62091525706876,129.04778531419515,26.13503882185865,-0.6887,0.7022,0.5775,0.1993,-0.6191,False,48.63117603961501,52.253962001917984,49.29439896043763,41.74720116931797,27.638353694657066,82.90169832137522,74.58807237929317,LHHL,HHHL,HHHL,HHHL,LHLL,HHLL,1,0,0.0,0.0,0.0,0.0,0.0,0.0,0,0
2026-01-02,WELSPUNLIV,133.4,134.2,112.65,123.7,1184591,148291955.0,147.8,129.2,147.8,151.1,128.1,125.9,130.7,148.7,193.1,193.1,193.1,193.1,213.1,105.0,213.1,105.0,245.06499999999997,245.06499999999997,-0.05355776587605188,-0.12104909213180903,0.14340638216070722,-0.019809825673534065,-0.10199637023593466,0.013338722716248919,-0.12045270816491516,0.04203718674211809,,129.173382739568,130.71317467621958,131.91007410935202,132.51511116402804,132.2716579376017,132.62091525706876,25.807536048868744,-0.2712,-0.6887,0.7022,0.5775,0.1993,False,45.11102419805344,50.82496162533696,52.253962001917984,49.29439896043763,27.761628657108943,27.638353694657066,82.90169832137522,LHLL,LHHL,HHHL,HHHL,HHHL,LHLL,2,0,0.0,0.0,0.0,0.0,0.0,0.0,0,0
2026-02-01,WELSPUNLIV,124.6,152.9,119.9,125.35,9946862,1410873104.0,133.4,147.8,134.2,147.8,112.65,128.1,123.7,130.7,193.1,193.1,193.1,193.1,213.1,105.0,213.1,105.0,245.06499999999997,245.06499999999997,0.013338722716248919,-0.05355776587605188,-0.12104909213180903,0.1473684210526316,0.16930970149253732,-0.1320303151176705,0.028320702034304146,0.10211408057439186,,127.89892182637868,129.738052007816,129.173382739568,131.91007410935202,130.71317467621958,132.2716579376017,26.321283473949546,0.0627,-0.2712,-0.6887,0.7022,0.5775,False,46.18230763567585,46.641502624448115,50.82496162533696,52.253962001917984,54.71665449227576,27.761628657108943,27.638353694657066,HHHL,LHLL,LHHL,HHHL,HHHL,HHHL,0,0,0.0,0.0,0.0,0.0,0.0,0.0,0,0
2026-03-02,WELSPUNLIV,115.95,126.3,107.4,108.8,3492332,403425324.0,124.6,133.4,152.9,134.2,119.9,112.65,125.35,123.7,193.1,193.1,193.1,193.1,213.1,107.4,213.1,105.0,245.06499999999997,245.06499999999997,-0.1320303151176705,0.013338722716248919,-0.05355776587605188,-0.05102485826428271,-0.19437245464642738,0.1847426470588236,0.2697610294117647,,,121.53261455091913,125.93113346094036,127.89892182637868,129.173382739568,129.738052007816,130.71317467621958,25.791191797238863,-0.6417,0.0627,-0.2712,-0.6887,0.7022,False,37.59575369176045,42.963028508496585,46.641502624448115,50.82496162533696,23.2971372917461,54.71665449227576,27.761628657108943,LHLL,HHHL,LHLL,LHHL,HHHL,HHHL,1,0,0.0,0.0,0.0,0.0,0.0,,0,0
2026-04-01,WELSPUNLIV,110.85,136.4,110.85,128.9,1971887,246864593.0,115.95,124.6,126.3,152.9,107.4,119.9,108.8,125.35,193.1,193.1,193.1,193.1,213.1,107.4,213.1,107.4,245.06499999999997,245.06499999999997,0.1847426470588236,-0.1320303151176705,0.013338722716248919,-0.008842752787389552,0.013763271726307424,0.07176105508145847,,,,123.98840970061276,126.47092737713301,121.53261455091913,127.89892182637868,125.93113346094036,129.738052007816,25.920392383150375,0.7755,-0.6417,0.0627,-0.2712,-0.6887,False,50.60782115663999,44.795294161358775,42.963028508496585,46.641502624448115,70.85737756597253,23.2971372917461,54.71665449227576,HHHL,LHLL,HHHL,LHLL,LHHL,HHHL,0,0,0.0,0.0,0.0,0.0,,,0,0
2026-05-04,WELSPUNLIV,128.35,146.0,127.45,138.15,2271771,313206942.0,110.85,115.95,136.4,126.3,110.85,107.4,128.9,108.8,193.1,193.1,193.1,193.1,213.1,107.4,213.1,107.4,245.06499999999997,245.06499999999997,0.07176105508145847,0.1847426470588236,-0.1320303151176705,-0.0709482178883657,0.04107008289374536,,,,,128.70893980040853,128.59439512674518,123.98840970061276,121.53261455091913,126.47092737713301,125.93113346094036,25.39393578435392,0.3643,0.7755,-0.6417,0.0627,-0.2712,False,55.5805811746738,47.92805200769143,44.795294161358775,42.963028508496585,72.74653584667985,70.85737756597253,23.2971372917461,HHHL,HHHL,LHLL,HHHL,LHLL,LHHL,0,0,0.0,0.0,0.0,,,,0,0
2015-01-01,ZEEL,380.5,400.0,354.15,377.5,79786,845983980.0,,,,,,,,,,,,,,,,,,,,,,,,-0.07947019867549665,-0.09483443708609274,-0.17152317880794699,0.0553642384105959,,,,,,,0.0,,,,,,False,,,,,,,,nan,,,,,,0,0,,,,0.0,0.0,0.0,0,0
2015-02-02,ZEEL,377.5,377.5,340.1,347.5,63268,521146289.0,380.5,,400.0,,354.15,,377.5,,,,,,,,,,,,-0.07947019867549665,,,,,-0.01669064748201443,-0.09999999999999998,-0.06820143884892083,0.10964028776978418,,,,,,,0.0,,,,,,False,,,,,,,,LHLL,nan,,,,,1,0,0.0,,,0.0,0.0,0.0,0,0
2015-03-02,ZEEL,347.8,371.0,330.55,341.7,65207,445391383.0,377.5,380.5,377.5,400.0,340.1,354.15,347.5,377.5,,,,,,,,,,,-0.01669064748201443,-0.07947019867549665,,,,-0.08472344161545209,-0.052385133157740627,0.07374890254609312,0.14925373134328357,,,,,,,0.0,,,,,,False,,,,,,,,LHLL,LHLL,nan,,,,2,0,0.0,0.0,,0.0,0.0,0.0,0,0
2015-04-01,ZEEL,348.95,358.05,311.5,312.75,64504,1876813580.0,347.8,377.5,371.0,377.5,330.55,340.1,341.7,347.5,,,,,,,,,,,-0.08472344161545209,-0.01669064748201443,-0.07947019867549665,,,0.035331734612310095,0.17314148681055141,0.2738609112709831,0.3058353317346123,,,,,,,0.0,,,,,,False,,,,,,,,LHLL,LHLL,LHLL,nan,,,3,0,0.0,0.0,0.0,0.0,0.0,0.0,0,1
2015-05-04,ZEEL,315.1,326.15,299.65,323.8,74154,5352670223.0,348.95,347.8,358.05,371.0,311.5,330.55,312.75,341.7,,,,,,299.65,,,,,0.035331734612310095,-0.08472344161545209,-0.01669064748201443,,,0.1331068560840023,0.2303891290920319,0.19085855466337254,0.2611179740580605,336.9444444444445,,,,,,0.0,,,,,,False,,,,,,,,LHLL,LHLL,LHLL,LHLL,nan,,4,0,0.0,0.0,0.0,0.0,0.0,0.0,0,0
2015-06-01,ZEEL,323.0,368.2,318.0,366.9,47135,635835549.0,315.1,348.95,326.15,358.05,299.65,311.5,323.8,312.75,,,,,,299.65,,299.65,,,0.1331068560840023,0.035331734612310095,-0.08472344161545209,,,0.08585445625511046,0.05096756609430386,0.07031888798037622,0.19119651131098392,346.9296296296297,,336.9444444444445,,,,0.0,,,,,,False,,,,,,,,HHHL,LHLL,LHLL,LHLL,LHLL,nan,0,0,0.0,0.0,0.0,0.0,0.0,0.0,0,0
2015-07-01,ZEEL,367.6,410.45,350.2,398.4,51779,934505325.0,323.0,315.1,368.2,326.15,318.0,299.65,366.9,323.8,,,,,,299.65,,299.65,,,0.08585445625511046,0.1331068560840023,0.035331734612310095,0.0553642384105959,,-0.032128514056224744,-0.014307228915662606,0.025100401606425793,0.05534638554216875,364.0864197530865,,346.9296296296297,336.9444444444445,,,0.0,,,,,,False,68.47883544876933,,,,,,,HHHL,HHHL,LHLL,LHLL,LHLL,LHLL,0,0,0.0,0.0,0.0,0.0,0.0,0.0,0,0
2015-08-03,ZEEL,399.35,419.9,347.0,385.6,41549,638787053.0,367.6,323.0,410.45,368.2,350.2,318.0,398.4,366.9,,,,,,299.65,,299.65,,,-0.032128514056224744,0.08585445625511046,0.1331068560840023,0.10964028776978418,,0.018412863070539354,0.05912863070539398,0.05899896265560156,-0.03345435684647313,371.25761316872433,,364.0864197530865,346.9296296296297,,,0.0,,,,,,False,60.40996342454822,,,,,,,HHLL,HHHL,HHHL,LHLL,LHLL,LHLL,1,0,0.0,0.0,0.0,0.0,0.0,0.0,0,0
2015-09-01,ZEEL,385.0,406.85,358.1,392.7,39774,504574808.0,399.35,367.6,419.9,410.45,347.0,350.2,385.6,398.4,,,,,,299.65,,299.65,,,0.018412863070539354,-0.032128514056224744,0.08585445625511046,0.14925373134328357,,0.03997962821492229,0.03985230455818689,0.11293608352431894,-0.016042780748663166,378.40507544581624,,371.25761316872433,364.0864197530865,,,0.0,,,,,,False,63.21490315336599,64.03456734222785,,,,,,LHHL,HHLL,HHHL,HHHL,LHLL,LHLL,2,0,0.0,0.0,0.0,0.0,0.0,0.0,0,0
2015-10-01,ZEEL,394.0,440.3,381.0,408.4,63504,1431992953.0,385.0,399.35,406.85,419.9,358.1,347.0,392.7,385.6,,,,,,299.65,,299.65,,,0.03997962821492229,0.018412863070539354,-0.032128514056224744,0.3058353317346123,,-0.0001224289911849752,0.07015181194906961,0.029505386875612105,0.015915768854064538,388.40338363054417,377.77842958713876,378.40507544581624,371.25761316872433,,,0.0,,,,,,False,68.89942724366392,64.17476460719271,64.03456734222785,,,,,HHHL,LHHL,HHLL,HHHL,HHHL,LHLL,0,0,0.0,0.0,0.0,0.0,0.0,0.0,0,0
2015-11-02,ZEEL,415.0,417.8,375.0,408.35,46484,780924483.0,394.0,385.0,440.3,406.85,381.0,358.1,408.4,392.7,,,,,,299.65,,299.65,,,-0.0001224289911849752,0.03997962821492229,0.018412863070539354,0.2611179740580605,,0.0702828455981388,0.02963144361454617,-0.08730255907922135,0.08656789518795138,395.05225575369616,383.3368969349317,388.40338363054417,378.40507544581624,377.77842958713876,,0.0,,,,,,False,68.85989006510276,66.99140682071089,64.17476460719271,64.03456734222785,,,,LHLL,HHHL,LHHL,HHLL,HHHL,HHHL,1,0,0.0,0.0,0.0,0.0,0.0,0.0,0,0
2015-12-01,ZEEL,414.0,439.45,387.5,437.05,38371,676785894.0,415.0,394.0,417.8,440.3,375.0,381.0,408.35,408.4,437.05,437.05,,,,299.65,,299.65,,,0.0702828455981388,-0.0001224289911849752,0.03997962821492229,0.19119651131098392,,-0.03798192426495828,-0.14723715821988337,-0.11589063036265879,0.0426724631049078,409.05150383579746,393.102915674035,395.05225575369616,388.40338363054417,383.3368969349317,377.77842958713876,0.0,,,,,,False,77.50448552493546,71.75460094456737,66.99140682071089,64.17476460719271,,,,HHHL,LHLL,HHHL,LHHL,HHLL,HHHL,0,0,0.0,0.0,0.0,0.0,0.0,0.0,0,0
2016-01-01,ZEEL,437.5,437.5,375.1,420.45,53337,973494670.0,414.0,415.0,439.45,417.8,387.5,375.0,437.05,408.35,437.05,437.05,437.05,437.05,,299.65,,299.65,,,-0.03798192426495828,0.0702828455981388,-0.0001224289911849752,0.05534638554216875,0.11377483443708614,-0.11356879533832798,-0.08098465929361398,-0.013200142704245521,0.18111547151861118,412.85100255719834,398.0751128242104,409.05150383579746,395.05225575369616,393.102915674035,383.3368969349317,0.0,,,,,,False,65.27651284479921,70.54696281161249,71.75460094456737,66.99140682071089,,,,LHLL,HHHL,LHLL,HHHL,LHHL,HHLL,1,0,0.0,0.0,0.0,0.0,0.0,0.0,0,0
2016-02-01,ZEEL,423.0,423.0,350.15,372.7,43689,1167058666.0,437.5,414.0,437.5,439.45,375.1,387.5,420.45,437.05,437.05,437.05,437.05,437.05,,299.65,,299.65,,,-0.11356879533832798,-0.03798192426495828,0.0702828455981388,-0.03345435684647313,0.0725179856115108,0.0367587872283337,0.11322779715588949,0.19050174403005093,0.44794741078615496,399.4673350381322,393.4614559470812,412.85100255719834,409.05150383579746,398.0751128242104,393.102915674035,51.29642857142858,-0.9309,,,,,False,42.679228184551434,61.820075518095365,70.54696281161249,71.75460094456737,,,,LHLL,LHLL,HHHL,LHLL,HHHL,LHHL,2,0,0.0,0.0,0.0,0.0,0.0,1.0,1,1
2016-03-01,ZEEL,375.4,407.6,372.85,386.4,41924,537440917.0,423.0,437.5,423.0,437.5,350.15,375.1,372.7,420.45,437.05,437.05,437.05,437.05,,299.65,,299.65,,,0.0367587872283337,-0.11356879533832798,-0.03798192426495828,-0.016042780748663166,0.1308165057067603,0.07375776397515521,0.14829192546583858,0.17934782608695654,0.4148550724637683,395.11155669208813,392.1775548657937,399.4673350381322,412.85100255719834,393.4614559470812,398.0751128242104,50.12525510204083,0.2733,-0.9309,,,,False,48.63159114010998,52.195777389820215,61.820075518095365,70.54696281161249,,,,LHHL,LHLL,LHLL,HHHL,LHLL,HHHL,3,0,0.0,0.0,0.0,0.0,1.0,1.0,1,1
2016-04-01,ZEEL,385.0,416.55,382.15,414.9,33249,702247056.0,375.4,423.0,407.6,423.0,372.85,350.15,386.4,372.7,437.05,437.05,437.05,437.05,,299.65,,299.65,,,0.07375776397515521,0.0367587872283337,-0.11356879533832798,0.015915768854064538,0.32661870503597124,0.06941431670282006,0.09833694866232823,0.19691491925765248,0.2512653651482284,401.70770446139215,396.30890852655847,395.11155669208813,399.4673350381322,392.1775548657937,393.4614559470812,49.0020225947522,0.5816,0.2733,-0.9309,,,False,58.97183063628283,50.09421665364808,52.195777389820215,61.820075518095365,,,,HHHL,LHHL,LHLL,LHLL,HHHL,LHLL,4,0,0.0,0.0,0.0,1.0,1.0,1.0,1,1
2016-05-02,ZEEL,414.9,459.2,396.3,443.7,67905,1617320439.0,385.0,375.4,416.55,407.6,382.15,372.85,414.9,386.4,443.7,443.7,437.05,437.05,,299.65,,299.65,,,0.06941431670282006,0.07375776397515521,0.0367587872283337,0.08656789518795138,0.3702903026559603,0.02704530087897239,0.1192247013748029,0.2162497182781158,0.027157989632634605,415.7051363075948,404.9254706126387,401.70770446139215,395.11155669208813,396.30890852655847,392.1775548657937,49.99473526655561,0.5761,0.5816,0.2733,-0.9309,,False,66.84102099711583,58.14814759116954,50.09421665364808,52.195777389820215,,,,HHHL,HHHL,LHHL,LHLL,LHLL,HHHL,0,1,0.0,0.0,0.0,1.0,1.0,1.0,1,1
2016-06-01,ZEEL,445.0,466.5,434.0,455.7,47167,621452483.0,414.9,385.0,459.2,416.55,396.3,382.15,443.7,414.9,455.7,455.7,443.7,443.7,,299.65,,299.65,,,0.02704530087897239,0.06941431670282006,0.07375776397515521,0.0426724631049078,0.2420278004905969,0.08975202984419584,0.18422207592714512,0.1996927803379418,-0.007790212859337342,429.03675753839656,414.1572032285226,415.7051363075948,401.70770446139215,404.9254706126387,396.30890852655847,48.745111318944495,0.2462,0.5761,0.5816,0.2733,-0.9309,False,69.66896431036533,65.160605314588,58.14814759116954,50.09421665364808,,,,HHHL,HHHL,HHHL,LHHL,LHLL,LHLL,0,1,1.0,0.0,0.0,1.0,1.0,1.0,1,1
2016-07-01,ZEEL,458.45,499.3,446.3,496.6,47030,1089211447.0,445.0,414.9,466.5,459.2,434.0,396.3,455.7,443.7,496.6,496.6,455.7,455.7,,299.65,,299.65,,,0.08975202984419584,0.02704530087897239,0.06941431670282006,0.18111547151861118,0.24648594377510058,0.08668948852194913,0.10088602496979471,0.04540877970197332,-0.013592428513894528,451.5578383589311,429.1468026415185,429.03675753839656,415.7051363075948,414.1572032285226,404.9254706126387,49.04903193901988,0.8339,0.2462,0.5761,0.5816,0.2733,False,77.35009013853148,71.28669181533753,65.160605314588,58.14814759116954,,,,HHHL,HHHL,HHHL,HHHL,LHHL,LHLL,0,1,1.0,1.0,0.0,1.0,1.0,0.0,1,1
2016-08-01,ZEEL,497.7,543.85,476.0,539.65,54219,996282100.0,458.45,445.0,499.3,466.5,446.3,434.0,496.6,455.7,539.65,539.65,496.6,496.6,,299.65,,299.65,,,0.08668948852194913,0.08975202984419584,0.02704530087897239,0.44794741078615496,0.3995072614107882,0.013064022977856249,-0.037987584545538744,-0.15547113870100993,-0.05744464004447325,480.92189223928744,449.23829307033327,451.5578383589311,429.03675753839656,429.1468026415185,414.1572032285226,50.391958229089894,0.8543,0.8339,0.2462,0.5761,0.5816,False,82.72293446558652,76.58066297149445,71.28669181533753,65.160605314588,,,,HHHL,HHHL,HHHL,HHHL,HHHL,LHHL,0,1,1.0,1.0,1.0,1.0,0.0,0.0,1,1
2016-09-01,ZEEL,545.0,558.35,507.15,546.7,46531,846281691.0,497.7,458.45,543.85,499.3,476.0,446.3,539.65,496.6,546.7,546.7,539.65,539.65,,299.65,,299.65,,,0.013064022977856249,0.08668948852194913,0.08975202984419584,0.4148550724637683,0.3921568627450982,-0.05039326870312799,-0.16636180720687765,-0.17294677153832094,-0.022041338942747513,502.847928159525,466.9586034211817,480.92189223928744,451.5578383589311,449.23829307033327,429.1468026415185,50.44967549844062,0.1397,0.8543,0.8339,0.2462,0.5761,False,83.47200168213081,81.1816754287496,76.58066297149445,71.28669181533753,,,,HHHL,HHHL,HHHL,HHHL,HHHL,HHHL,0,1,1.0,1.0,1.0,0.0,0.0,0.0,0,0
2016-10-03,ZEEL,550.0,588.8,498.1,519.15,59671,1437610177.0,545.0,497.7,558.35,543.85,507.15,476.0,546.7,539.65,546.7,546.7,546.7,546.7,588.8,299.65,,299.65,677.1199999999999,,-0.05039326870312799,0.013064022977856249,0.08668948852194913,0.2512653651482284,0.27118021547502447,-0.12212270056823649,-0.129057112587884,-0.05643840893768648,0.013290956370991092,508.28195210635,476.44794825369405,502.847928159525,480.92189223928744,466.9586034211817,449.23829307033327,53.32469867712343,-0.5166,0.1397,0.8543,0.8339,0.2462,False,69.69560928046357,78.63018180939362,81.1816754287496,76.58066297149445,,,,HHLL,HHHL,HHHL,HHHL,HHHL,HHHL,1,0,1.0,1.0,1.0,0.0,0.0,0.0,0,0
2016-11-01,ZEEL,524.85,524.85,430.1,455.75,60192,1274681158.0,550.0,545.0,588.8,558.35,498.1,507.15,519.15,546.7,546.7,546.7,546.7,546.7,588.8,299.65,588.8,299.65,677.1199999999999,677.1199999999999,-0.12212270056823649,-0.05039326870312799,0.013064022977856249,0.027157989632634605,0.11607689482061945,-0.007899067471201393,0.07482172243554586,0.11607240811848607,0.12945693911135492,490.7713014042333,472.68468493484056,508.28195210635,502.847928159525,476.44794825369405,466.9586034211817,56.28364877161461,-1.1264,-0.5166,0.1397,0.8543,0.8339,False,48.29550695490838,67.15437263916759,78.63018180939362,81.1816754287496,,,,LHLL,HHLL,HHHL,HHHL,HHHL,HHHL,2,0,0.0,1.0,1.0,0.0,0.0,0.0,0,0
2016-12-01,ZEEL,459.8,467.4,428.5,452.15,57114,1246525873.0,524.85,550.0,524.85,588.8,430.1,498.1,455.75,519.15,546.7,546.7,546.7,546.7,588.8,299.65,588.8,299.65,677.1199999999999,677.1199999999999,-0.007899067471201393,-0.12212270056823649,-0.05039326870312799,-0.007790212859337342,0.03454982267475115,0.08337940948800182,0.12495853146079838,0.18246157248700645,0.08736038925135459,477.8975342694889,468.95110585577856,490.7713014042333,508.28195210635,472.68468493484056,476.44794825369405,55.04195957364214,-0.0654,-1.1264,-0.5166,0.1397,0.8543,False,47.33271624489061,55.10794416008752,67.15437263916759,78.63018180939362,,,,LHLL,LHLL,HHLL,HHHL,HHHL,HHHL,3,0,0.0,0.0,1.0,0.0,0.0,0.0,0,0
2017-01-02,ZEEL,453.3,510.9,450.7,489.85,77160,1239372200.0,459.8,524.85,467.4,524.85,428.5,430.1,452.15,455.75,546.7,546.7,546.7,546.7,588.8,299.65,588.8,299.65,677.1199999999999,677.1199999999999,0.08337940948800182,-0.007899067471201393,-0.12212270056823649,-0.013592428513894528,0.1650612439053396,0.038379095641522865,0.09145656833724591,0.07390017352250666,0.10544044095131166,481.8816895129927,472.7509047910915,477.8975342694889,490.7713014042333,468.95110585577856,472.68468493484056,55.410391032667704,0.6804,-0.0654,-1.1264,-0.5166,0.1397,False,57.64806772447874,51.092096974759244,55.10794416008752,67.15437263916759,,,,HHHL,LHLL,LHLL,HHLL,HHHL,HHHL,4,0,0.0,0.0,0.0,0.0,0.0,0.0,0,0
2017-02-01,ZEEL,492.55,532.5,487.5,508.65,41267,823604724.0,453.3,459.8,510.9,467.4,450.7,428.5,489.85,452.15,546.7,546.7,546.7,546.7,588.8,299.65,588.8,299.65,677.1199999999999,677.1199999999999,0.038379095641522865,0.08337940948800182,-0.007899067471201393,-0.05744464004447325,0.3647705929702174,0.051115698417379285,0.03420819817163068,0.011992529244077454,0.022019070087486492,490.80445967532853,479.278013010893,481.8816895129927,477.8975342694889,472.7509047910915,468.95110585577856,54.66679167319144,0.3439,0.6804,-0.0654,-1.1264,-0.5166,False,61.98033000360241,55.65370465765725,51.092096974759244,55.10794416008752,,,,HHHL,HHHL,LHLL,LHLL,HHLL,HHHL,0,0,0.0,0.0,0.0,0.0,0.0,0.0,0,0
2017-03-01,ZEEL,510.9,550.0,494.15,534.65,34224,1002033060.0,492.55,453.3,532.5,510.9,487.5,450.7,508.65,489.85,546.7,546.7,546.7,546.7,588.8,299.65,588.8,299.65,677.1199999999999,677.1199999999999,0.051115698417379285,0.038379095641522865,0.08337940948800182,-0.022041338942747513,0.3836697722567288,-0.016085289441690853,-0.03722061161507528,-0.08042644720845415,-0.025624240157111955,505.4196397835524,489.3456470089124,490.80445967532853,481.8816895129927,479.278013010893,472.7509047910915,54.751306553677765,0.4749,0.3439,0.6804,-0.0654,-1.1264,False,67.36636586185057,62.331587863310574,55.65370465765725,51.092096974759244,,,,HHHL,HHHL,HHHL,LHLL,LHLL,HHLL,0,0,0.0,0.0,0.0,0.0,0.0,0.0,0,0
2017-04-03,ZEEL,538.0,554.3,515.5,526.05,25275,855443513.0,510.9,492.55,550.0,532.5,494.15,487.5,534.65,508.65,546.7,546.7,546.7,546.7,588.8,299.65,588.8,299.65,677.1199999999999,677.1199999999999,-0.016085289441690853,0.051115698417379285,0.038379095641522865,0.013290956370991092,0.2678958785249457,-0.021480847828153182,-0.06539302347685583,0.029369831765041488,0.030510407755916846,512.2964265223683,496.01916573456464,505.4196397835524,490.80445967532853,489.3456470089124,479.278013010893,53.611927514129356,-0.1604,0.4749,0.3439,0.6804,-0.0654,False,63.874479021364536,64.40705829560584,62.331587863310574,55.65370465765725,,,,HHHL,HHHL,HHHL,HHHL,LHLL,LHLL,1,0,0.0,0.0,0.0,0.0,0.0,0.0,0,0
2017-05-02,ZEEL,531.8,549.9,494.5,514.75,53031,1390945235.0,538.0,510.9,554.3,550.0,515.5,494.15,526.05,534.65,546.7,546.7,546.7,546.7,588.8,299.65,588.8,299.65,677.1199999999999,677.1199999999999,-0.021480847828153182,-0.016085289441690853,0.051115698417379285,0.12945693911135492,0.16013071895424846,-0.04487615347255958,0.05196697425934915,0.009907722195240387,0.1056823700825642,513.1142843482455,499.4247719646438,512.2964265223683,505.4196397835524,496.01916573456464,489.3456470089124,53.739646977405826,-0.2103,-0.1604,0.4749,0.3439,0.6804,False,59.17266995252255,63.471171611912546,64.40705829560584,62.331587863310574,,,,LHLL,HHHL,HHHL,HHHL,HHHL,LHLL,2,0,0.0,0.0,0.0,0.0,0.0,0.0,0,0
2017-06-01,ZEEL,515.0,529.1,479.95,491.65,23054,982571324.0,531.8,538.0,549.9,554.3,494.5,515.5,514.75,526.05,546.7,546.7,546.7,546.7,588.8,299.65,588.8,299.65,677.1199999999999,677.1199999999999,-0.04487615347255958,-0.021480847828153182,-0.016085289441690853,0.08736038925135459,0.07888962036427483,0.10139326756839218,0.05735787653818791,0.05959524051662779,0.18417573477067029,505.95952289883036,498.01117706198124,513.1142843482455,512.2964265223683,499.4247719646438,496.01916573456464,53.411815050448276,-0.4325,-0.2103,-0.1604,0.4749,0.3439,False,50.33586134234007,57.79433677207572,63.471171611912546,64.40705829560584,,,,LHLL,LHLL,HHHL,HHHL,HHHL,HHHL,3,0,0.0,0.0,0.0,0.0,0.0,0.0,0,0
2017-07-03,ZEEL,495.0,561.0,488.0,541.5,50573,3115466577.0,515.0,531.8,529.1,549.9,479.95,494.5,491.65,514.75,546.7,546.7,546.7,546.7,588.8,299.65,588.8,299.65,677.1199999999999,677.1199999999999,0.10139326756839218,-0.04487615347255958,-0.021480847828153182,0.10544044095131166,0.09041482078131291,-0.03998153277931671,-0.03795013850415507,0.001108033240997175,0.09796860572483834,517.8063485992202,505.9182357779846,505.95952289883036,513.1142843482455,498.01117706198124,499.4247719646438,54.8109711182734,0.9095,-0.4325,-0.2103,-0.1604,0.4749,False,63.90656737258463,57.80503288914908,57.79433677207572,63.471171611912546,,,,HHHL,LHLL,LHLL,HHHL,HHHL,HHHL,0,0,0.0,0.0,0.0,0.0,0.0,0.0,0,0
2017-08-01,ZEEL,543.05,550.9,501.0,519.85,17747,1268995367.0,495.0,515.0,561.0,529.1,488.0,479.95,541.5,491.65,546.7,546.7,546.7,546.7,588.8,299.65,588.8,299.65,677.1199999999999,677.1199999999999,-0.03998153277931671,0.10139326756839218,-0.04487615347255958,0.022019070087486492,-0.03669044751227635,0.0021159949985574134,0.042800807925363005,0.09483504857170333,0.08887178993940537,518.4875657328136,508.45128381835104,517.8063485992202,505.95952289883036,505.9182357779846,498.01117706198124,54.46018746696815,-0.3975,0.9095,-0.4325,-0.2103,-0.1604,False,56.13462002007119,56.79234957833196,57.80503288914908,57.79433677207572,,,,LHHL,HHHL,LHLL,LHLL,HHHL,HHHL,1,0,0.0,0.0,0.0,0.0,0.0,1.0,1,1
2017-09-01,ZEEL,520.45,551.15,515.0,520.95,21492,4165677522.0,543.05,495.0,550.9,561.0,501.0,488.0,519.85,541.5,546.7,546.7,546.7,546.7,588.8,299.65,588.8,299.65,677.1199999999999,677.1199999999999,0.0021159949985574134,-0.03998153277931671,0.10139326756839218,-0.025624240157111955,-0.047100786537406236,0.04059890584509063,0.09252327478644773,0.11757366349937604,0.10624820040310956,519.3083771552091,510.7237776695599,518.4875657328136,517.8063485992202,508.45128381835104,505.9182357779846,53.152316933613285,0.0207,-0.3975,0.9095,-0.4325,-0.2103,False,56.44857566516801,58.8299210192746,56.79234957833196,57.80503288914908,,,,HHHL,LHHL,HHHL,LHLL,LHLL,HHHL,0,0,0.0,0.0,0.0,0.0,1.0,1.0,1,1
2017-10-03,ZEEL,520.15,550.0,477.25,542.1,38763,1530943788.0,520.45,543.05,551.15,550.9,515.0,501.0,520.95,519.85,546.7,546.7,546.7,546.7,588.8,477.25,588.8,299.65,677.1199999999999,677.1199999999999,0.04059890584509063,0.0021159949985574134,-0.03998153277931671,0.030510407755916846,0.0442068766252528,0.049898542704297943,0.07397159195720349,0.09675336653753908,0.08254934513927314,526.9055847701394,516.4285453660036,519.3083771552091,518.4875657328136,510.7237776695599,508.45128381835104,54.55215143835519,0.3877,0.0207,-0.3975,0.9095,-0.4325,False,62.473468208196884,58.35222129781203,58.8299210192746,56.79234957833196,,,,LHLL,HHHL,LHHL,HHHL,LHLL,LHLL,1,0,0.0,0.0,0.0,1.0,1.0,1.0,1,1
2017-11-01,ZEEL,543.4,595.85,525.0,569.15,30462,2085975081.0,520.15,520.45,550.0,551.15,477.25,515.0,542.1,520.95,569.15,569.15,546.7,546.7,588.8,477.25,588.8,477.25,677.1199999999999,677.1199999999999,0.049898542704297943,0.04059890584509063,0.0021159949985574134,0.1056823700825642,0.24882062534284133,0.022928929104805595,0.04462795396644115,-0.005446718791179861,-0.02055697092154951,540.9870565134263,526.0142643903665,526.9055847701394,519.3083771552091,516.4285453660036,510.7237776695599,55.716283478472675,0.4855,0.3877,0.0207,-0.3975,0.9095,False,68.89429161964483,62.60544516433657,58.35222129781203,58.8299210192746,,,,HHHL,LHLL,HHHL,LHHL,HHHL,LHLL,0,1,0.0,0.0,0.0,1.0,1.0,0.0,1,1
2017-12-01,ZEEL,570.05,593.5,554.0,582.2,17108,1028516099.0,543.4,520.15,595.85,550.0,525.0,477.25,569.15,542.1,582.2,582.2,569.15,569.15,588.8,477.25,588.8,477.25,677.1199999999999,677.1199999999999,0.022928929104805595,0.049898542704297943,0.04059890584509063,0.18417573477067029,0.287625787902245,0.021212641703881596,-0.027739608381999514,-0.010133974579182525,-0.06561319134318111,554.7247043422842,536.2298526830272,540.9870565134263,526.9055847701394,526.0142643903665,516.4285453660036,54.55797751572463,0.2392,0.4855,0.3877,0.0207,-0.3975,False,71.62673770747992,67.66483251177388,62.60544516433657,58.35222129781203,,,,LHHL,HHHL,LHLL,HHHL,LHHL,HHHL,0,1,1.0,0.0,0.0,1.0,0.0,0.0,1,1
2018-01-01,ZEEL,580.9,619.35,575.0,594.55,48357,11342455283.0,570.05,543.4,593.5,595.85,554.0,525.0,582.2,569.15,594.55,594.55,582.2,582.2,619.35,477.25,588.8,477.25,712.2524999999999,677.1199999999999,0.021212641703881596,0.022928929104805595,0.049898542704297943,0.09796860572483834,0.21373889966316195,-0.04793541333781848,-0.030695483979480298,-0.012950971322849059,-0.11445631149608937,567.9998028948562,546.8335158315676,554.7247043422842,540.9870565134263,536.2298526830272,526.0142643903665,53.82883626460144,0.2294,0.2392,0.4855,0.3877,0.0207,False,74.13528576709341,71.55210503140604,67.66483251177388,62.60544516433657,,,,HHHL,LHHL,HHHL,LHLL,HHHL,LHHL,0,1,1.0,1.0,0.0,0.0,0.0,0.0,0,0
2018-02-01,ZEEL,596.1,600.5,554.0,566.05,16396,820570188.0,580.9,570.05,619.35,593.5,575.0,554.0,594.55,582.2,594.55,594.55,594.55,594.55,619.35,477.25,619.35,477.25,712.2524999999999,712.2524999999999,-0.04793541333781848,0.021212641703881596,0.022928929104805595,0.08887178993940537,0.11284773419836824,0.018107940994611882,0.0367458705061392,-0.015193004151576539,-0.11862909636957863,567.3498685965708,550.3274220440098,567.9998028948562,554.7247043422842,546.8335158315676,536.2298526830272,53.30534795998705,-0.5347,0.2294,0.2392,0.4855,0.3877,False,59.8814923506094,68.54783860839424,71.55210503140604,67.66483251177388,,,,LHLL,HHHL,LHHL,HHHL,LHLL,HHHL,1,0,1.0,1.0,1.0,0.0,0.0,0.0,0,0
2018-03-01,ZEEL,564.0,595.9,547.2,576.3,15351,1046494648.0,596.1,580.9,600.5,619.35,554.0,575.0,566.05,594.55,594.55,594.55,594.55,594.55,619.35,477.25,619.35,477.25,712.2524999999999,712.2524999999999,0.018107940994611882,-0.04793541333781848,0.021212641703881596,0.10624820040310956,0.07790143084260737,0.018306437619295624,-0.03270865868471262,-0.056047197640117896,-0.23833073052229736,570.3332457310472,555.0497089450989,567.3498685965708,567.9998028948562,550.3274220440098,546.8335158315676,52.97639453427369,0.1935,-0.5347,0.2294,0.2392,0.4855,False,62.8763868465955,65.63105498809944,68.54783860839424,71.55210503140604,,,,LHLL,LHLL,HHHL,LHHL,HHHL,LHLL,2,0,0.0,1.0,1.0,0.0,0.0,0.0,0,0
2018-04-02,ZEEL,576.3,603.9,569.3,586.85,13342,375229030.0,564.0,596.1,595.9,600.5,547.2,554.0,576.3,566.05,594.55,594.55,594.55,594.55,619.35,477.25,619.35,477.25,712.2524999999999,712.2524999999999,0.018306437619295624,0.018107940994611882,-0.04793541333781848,0.08254934513927314,0.11557836707537317,-0.05009798074465366,-0.07301695492885751,-0.10283718156257993,-0.23029735025986198,575.8388304873649,560.83158004599,570.3332457310472,567.3498685965708,555.0497089450989,550.3274220440098,51.66379492468271,0.2042,0.1935,-0.5347,0.2294,0.2392,False,65.93045339464452,62.89611086394981,65.63105498809944,68.54783860839424,,,,HHHL,LHLL,LHLL,HHHL,LHHL,HHHL,0,0,0.0,0.0,1.0,0.0,0.0,0.0,0,0
2018-05-02,ZEEL,590.0,609.75,546.75,557.45,19269,5110393299.0,576.3,564.0,603.9,595.9,569.3,547.2,586.85,576.3,594.55,594.55,594.55,594.55,619.35,477.25,619.35,477.25,712.2524999999999,712.2524999999999,-0.05009798074465366,0.018306437619295624,0.018107940994611882,-0.02055697092154951,0.08295288975230708,-0.02412772445959288,-0.055520674499955236,-0.10503184142075539,-0.12359852901605528,569.70922032491,560.2167473103555,575.8388304873649,570.3332457310472,560.83158004599,555.0497089450989,52.473523858633946,-0.5603,0.2042,0.1935,-0.5347,0.2294,False,52.01749839386325,60.27477954503443,62.89611086394981,65.63105498809944,,,,HHLL,HHHL,LHLL,LHLL,HHHL,LHHL,1,0,0.0,0.0,0.0,0.0,0.0,0.0,0,0
2018-06-01,ZEEL,554.0,575.0,534.5,544.0,20569,4878645687.0,590.0,576.3,609.75,603.9,546.75,569.3,557.45,586.85,594.55,594.55,594.55,594.55,619.35,477.25,619.35,477.25,712.2524999999999,712.2524999999999,-0.02412772445959288,-0.05009798074465366,0.018306437619295624,-0.06561319134318111,0.10647818570121026,-0.032169117647058876,-0.08290441176470598,-0.19310661764705883,-0.12555147058823535,561.1394802166067,557.2682477993817,569.70922032491,575.8388304873649,560.2167473103555,560.83158004599,51.61827215444581,-0.2606,-0.5603,0.2042,0.1935,-0.5347,False,46.75182813785722,54.89992664212166,60.27477954503443,62.89611086394981,,,,LHLL,HHLL,HHHL,LHLL,LHLL,HHHL,2,0,0.0,0.0,0.0,0.0,0.0,0.0,0,0
2018-07-02,ZEEL,540.1,553.95,505.05,526.5,22932,9853395445.0,554.0,590.0,575.0,609.75,534.5,546.75,544.0,557.45,594.55,594.55,594.55,594.55,619.35,477.25,619.35,477.25,712.2524999999999,712.2524999999999,-0.032169117647058876,-0.02412772445959288,-0.05009798074465366,-0.11445631149608937,-0.027700831024930705,-0.05242165242165242,-0.16628679962013293,-0.14207027540360873,-0.2773979107312441,549.5929868110711,551.6740209267668,561.1394802166067,569.70922032491,557.2682477993817,560.2167473103555,51.42410985769969,-0.3403,-0.2606,-0.5603,0.2042,0.1935,False,40.52471544809258,46.431347326604346,54.89992664212166,60.27477954503443,,,,LHLL,LHLL,HHLL,HHHL,LHLL,LHLL,3,0,0.0,0.0,0.0,0.0,0.0,0.0,0,0
2018-08-01,ZEEL,527.85,540.4,493.95,498.9,22492,3029298559.0,540.1,554.0,553.95,575.0,505.05,534.5,526.5,544.0,594.55,594.55,594.55,594.55,619.35,477.25,619.35,477.25,712.2524999999999,712.2524999999999,-0.05242165242165242,-0.032169117647058876,-0.02412772445959288,-0.11862909636957863,-0.04030008656343187,-0.12016436159551014,-0.0946081379033874,-0.02074564040889948,-0.06484265383844456,532.6953245407141,542.0787443946274,549.5929868110711,561.1394802166067,551.6740209267668,557.2682477993817,51.06881629643543,-0.5404,-0.3403,-0.2606,-0.5603,0.2042,False,32.547909161094054,39.941484249014614,46.431347326604346,54.89992664212166,,,,LHLL,LHLL,LHLL,HHLL,HHHL,LHLL,4,0,0.0,0.0,0.0,0.0,0.0,0.0,0,0
2018-09-03,ZEEL,505.0,505.1,428.9,438.95,37926,2793126916.0,527.85,540.1,540.4,553.95,493.95,505.05,498.9,526.5,594.55,594.55,594.55,594.55,619.35,477.25,619.35,477.25,712.2524999999999,712.2524999999999,-0.12016436159551014,-0.05242165242165242,-0.032169117647058876,-0.23833073052229736,-0.15740474133794036,0.02904658844970953,0.11299692447887,0.08372251964916289,0.01218817632987812,501.44688302714275,523.3280635956041,532.6953245407141,549.5929868110711,542.0787443946274,551.6740209267668,52.86390084669004,-1.134,-0.5404,-0.3403,-0.2606,-0.5603,False,21.715820440149955,31.59614834977886,39.941484249014614,46.431347326604346,,,,LHLL,LHLL,LHLL,LHLL,HHLL,HHHL,5,0,0.0,0.0,0.0,0.0,0.0,0.0,0,0
2018-10-01,ZEEL,438.5,479.45,410.3,451.7,40457,1211408817.0,505.0,527.85,505.1,540.4,428.9,493.95,438.95,498.9,594.55,594.55,594.55,594.55,619.35,477.25,619.35,477.25,712.2524999999999,712.2524999999999,0.02904658844970953,-0.12016436159551014,-0.05242165242165242,-0.23029735025986198,-0.16675890057185028,0.08158069515164934,0.053132610139473124,-0.1577374363515608,-0.04305955280053131,484.8645886847619,510.30477930549426,501.44688302714275,532.6953245407141,523.3280635956041,542.0787443946274,54.027193643355034,0.236,-1.134,-0.5404,-0.3403,-0.2606,False,27.687166991122638,27.31696553078888,31.59614834977886,39.941484249014614,,,,LHLL,LHLL,LHLL,LHLL,LHLL,HHLL,6,0,0.0,0.0,0.0,0.0,0.0,0.0,0,0
2018-11-01,ZEEL,460.0,496.4,420.3,488.55,50822,1475395089.0,438.5,505.0,479.45,505.1,410.3,428.9,451.7,438.95,594.55,594.55,594.55,594.55,619.35,477.25,619.35,477.25,712.2524999999999,712.2524999999999,0.08158069515164934,0.02904658844970953,-0.12016436159551014,-0.12359852901605528,-0.1416146885706755,-0.026302323201310096,-0.22126701463514487,-0.04503121481936345,-0.2683451028553885,486.0930591231746,506.3493648863134,484.8645886847619,501.44688302714275,510.30477930549426,523.3280635956041,55.60382266882967,0.6627,0.236,-1.134,-0.5404,-0.3403,False,42.481080851847416,30.62802276104,27.31696553078888,31.59614834977886,,,,HHHL,LHLL,LHLL,LHLL,LHLL,LHLL,7,0,0.0,0.0,0.0,0.0,0.0,0.0,0,0
2018-12-03,ZEEL,493.15,506.1,431.35,475.7,59052,1789740316.0,460.0,438.5,496.4,479.45,420.3,410.3,488.55,451.7,594.55,594.55,594.55,594.55,619.35,477.25,619.35,477.25,712.2524999999999,712.2524999999999,-0.026302323201310096,0.08158069515164934,0.02904658844970953,-0.12555147058823535,-0.18292682926829273,-0.20023123817532062,-0.019234811856211897,-0.06600798822787468,-0.2886272861046879,482.6287060821164,500.77675308880185,486.0930591231746,484.8645886847619,506.3493648863134,510.30477930549426,56.971406763913265,-0.2256,0.6627,0.236,-1.134,-0.5404,False,39.217044440515444,36.461764094495166,30.62802276104,27.31696553078888,,,,HHHL,HHHL,LHLL,LHLL,LHLL,LHLL,8,0,0.0,0.0,0.0,0.0,0.0,0.0,0,0
2019-01-01,ZEEL,478.5,482.0,288.95,380.45,329307,9702468363.0,493.15,460.0,506.1,496.4,431.35,420.3,475.7,488.55,594.55,594.55,594.55,594.55,619.35,477.25,619.35,477.25,712.2524999999999,712.2524999999999,-0.20023123817532062,-0.026302323201310096,0.08158069515164934,-0.2773979107312441,-0.3601042805483138,0.2263109475620977,0.16782757261138137,0.13615455381784725,-0.04994085950847682,448.56913738807765,478.8991616181106,482.6287060821164,486.0930591231746,500.77675308880185,506.3493648863134,66.69130628077662,-1.4282,-0.2256,0.6627,0.236,-1.134,False,23.561438420409033,35.08652123759063,36.461764094495166,30.62802276104,,,,LHLL,HHHL,HHHL,LHLL,LHLL,LHLL,9,0,0.0,0.0,0.0,0.0,0.0,0.0,0,0
2019-02-01,ZEEL,380.0,489.75,328.8,466.55,188370,4985505652.0,478.5,493.15,482.0,506.1,288.95,431.35,380.45,475.7,594.55,594.55,594.55,594.55,619.35,477.25,619.35,477.25,712.2524999999999,712.2524999999999,0.2263109475620977,-0.20023123817532062,-0.026302323201310096,-0.06484265383844456,-0.17577952477696313,-0.047690494052084476,-0.07351837959489871,-0.2338441753295467,-0.19954988747186797,454.5627582587185,476.6538595057268,448.56913738807765,482.6287060821164,478.8991616181106,500.77675308880185,73.42407011786399,1.1726,-1.4282,-0.2256,0.6627,0.236,False,46.207831167511785,36.32877134281208,35.08652123759063,36.461764094495166,,,,HHHL,LHLL,HHHL,HHHL,LHLL,LHLL,0,0,0.0,0.0,0.0,0.0,0.0,0.0,0,0
2019-03-01,ZEEL,465.0,489.0,414.9,444.3,96058,3397520760.0,380.0,478.5,489.75,482.0,328.8,288.95,466.55,380.45,594.55,594.55,594.55,594.55,619.35,477.25,619.35,477.25,712.2524999999999,712.2524999999999,-0.047690494052084476,0.2263109475620977,-0.20023123817532062,0.01218817632987812,-0.2290473711608536,-0.027121314427188903,-0.19547602970965572,-0.23835246455097914,-0.4028809363042989,451.14183883914563,470.77133959559467,454.5627582587185,448.56913738807765,476.6538595057268,478.8991616181106,73.47235082373085,-0.3028,1.1726,-1.4282,-0.2256,0.6627,False,42.41887702177166,37.39604886989749,36.32877134281208,35.08652123759063,,,,LHHL,HHHL,LHLL,HHHL,HHHL,LHLL,1,0,0.0,0.0,0.0,0.0,0.0,0.0,0,0
2019-04-01,ZEEL,448.45,448.45,391.5,432.25,109686,2841185263.0,465.0,380.0,489.0,489.75,414.9,328.8,444.3,466.55,594.55,594.55,594.55,594.55,619.35,477.25,619.35,477.25,712.2524999999999,712.2524999999999,-0.027121314427188903,-0.047690494052084476,0.2263109475620977,-0.04305955280053131,-0.26344040214705633,-0.17304800462695202,-0.21711972238288035,-0.16379410063620592,-0.3966454598033545,444.8445592260971,463.7674596691229,451.14183883914563,454.5627582587185,470.77133959559467,476.6538595057268,72.29218290775007,-0.1667,-0.3028,1.1726,-1.4282,-0.2256,False,40.329437749502674,42.98538197959537,37.39604886989749,36.32877134281208,,,,LHLL,LHHL,HHHL,LHLL,HHHL,HHHL,2,0,0.0,0.0,0.0,0.0,0.0,0.0,0,0
2019-05-02,ZEEL,431.55,434.9,309.6,357.45,287325,7638046797.0,448.45,465.0,448.45,489.0,391.5,414.9,432.25,444.3,594.55,594.55,594.55,594.55,619.35,477.25,619.35,477.25,712.2524999999999,712.2524999999999,-0.17304800462695202,-0.027121314427188903,-0.047690494052084476,-0.2683451028553885,-0.3587765718898557,-0.05329416701636591,0.011190376276402292,0.04476150510560917,-0.17876626101552662,415.7130394840647,444.43701245655507,444.8445592260971,451.14183883914563,463.7674596691229,470.77133959559467,76.07845555719648,-0.9832,-0.1667,-0.3028,1.1726,-1.4282,False,29.72560931558651,37.49130802895362,42.98538197959537,37.39604886989749,,,,LHLL,LHLL,LHHL,HHHL,LHLL,HHHL,3,0,0.0,0.0,0.0,0.0,0.0,0.0,0,0
2019-06-03,ZEEL,360.0,366.0,325.0,338.4,95608,2534612558.0,431.55,448.45,434.9,448.45,309.6,391.5,357.45,432.25,594.55,594.55,594.55,594.55,619.35,477.25,619.35,477.25,712.2524999999999,712.2524999999999,-0.05329416701636591,-0.17304800462695202,-0.027121314427188903,-0.2886272861046879,-0.3779411764705882,0.06811465721040189,0.10357565011820324,-0.21601654846335694,-0.1365248226950354,389.9420263227098,425.1575556462723,415.7130394840647,444.8445592260971,444.43701245655507,463.7674596691229,73.5728515888253,-0.2589,-0.9832,-0.1667,-0.3028,1.1726,False,27.571622592930396,32.54222321933986,37.49130802895362,42.98538197959537,,,,LHHL,LHLL,LHLL,LHHL,HHHL,LHLL,4,0,0.0,0.0,0.0,0.0,0.0,0.0,0,0
2019-07-01,ZEEL,337.0,405.5,327.05,361.45,156519,4861547639.0,360.0,431.55,366.0,434.9,325.0,309.6,338.4,357.45,594.55,594.55,594.55,594.55,619.35,477.25,619.35,477.25,712.2524999999999,712.2524999999999,0.06811465721040189,-0.05329416701636591,-0.17304800462695202,-0.04994085950847682,-0.3134852801519469,0.03319961267118554,-0.2660118965278738,-0.2784617512795684,-0.2557753492875916,380.4446842151399,413.57436371058634,389.9420263227098,415.7130394840647,425.1575556462723,444.43701245655507,73.92121933248063,0.3118,-0.2589,-0.9832,-0.1667,-0.3028,False,34.2928364723238,30.53002279361357,32.54222321933986,37.49130802895362,,,,HHHL,LHHL,LHLL,LHLL,LHHL,HHHL,5,0,0.0,0.0,0.0,0.0,0.0,0.0,0,0
2019-08-01,ZEEL,359.0,376.2,305.05,373.45,112137,3245934553.0,337.0,360.0,405.5,366.0,327.05,325.0,361.45,338.4,594.55,594.55,594.55,594.55,619.35,477.25,619.35,477.25,712.2524999999999,712.2524999999999,0.03319961267118554,0.06811465721040189,-0.05329416701636591,-0.19954988747186797,-0.2514531970334737,-0.2895970009372071,-0.30164680680144595,-0.2139509974561521,-0.3577453474360691,378.1131228100933,406.2790248541161,380.4446842151399,389.9420263227098,413.57436371058634,425.1575556462723,73.72327509444631,0.1628,0.3118,-0.2589,-0.9832,-0.1667,False,37.798703979066964,33.22105434810705,30.53002279361357,32.54222321933986,,,,LHLL,HHHL,LHHL,LHLL,LHLL,LHHL,6,0,0.0,0.0,0.0,0.0,0.0,0.0,0,0
2019-09-03,ZEEL,371.7,371.7,251.6,265.3,239405,8551671932.0,359.0,337.0,376.2,405.5,305.05,327.05,373.45,361.45,594.55,594.55,594.55,594.55,619.35,477.25,619.35,477.25,712.2524999999999,712.2524999999999,-0.2895970009372071,0.03319961267118554,0.06811465721040189,-0.4028809363042989,-0.3956031438660439,-0.016961929890689786,0.10648322653599696,0.10139464756878991,-0.5326045985676593,340.50874854006224,380.6464748806404,378.1131228100933,380.4446842151399,406.2790248541161,413.57436371058634,77.16089830198585,-1.4016,0.1628,0.3118,-0.2589,-0.9832,False,24.21417622114511,32.10190555751196,33.22105434810705,30.53002279361357,,,,LHLL,LHLL,HHHL,LHHL,LHLL,LHLL,7,0,0.0,0.0,0.0,0.0,0.0,0.0,0,0
2019-10-01,ZEEL,263.55,273.75,203.7,260.8,265609,5659065679.0,371.7,359.0,371.7,376.2,251.6,305.05,265.3,373.45,594.55,594.55,594.55,594.55,619.35,477.25,619.35,477.25,712.2524999999999,712.2524999999999,-0.016961929890689786,-0.2895970009372071,0.03319961267118554,-0.3966454598033545,-0.4226256364843922,0.12557515337423308,0.12039877300613488,0.03144171779141103,-0.3893788343558282,313.9391656933749,358.85620672052397,340.50874854006224,378.1131228100933,380.6464748806404,406.2790248541161,76.65297699470115,-0.0587,-1.4016,0.1628,0.3118,-0.2589,False,23.798974956236023,28.603951718816035,32.10190555751196,33.22105434810705,,,,LHLL,LHLL,LHLL,HHHL,LHHL,LHLL,8,0,0.0,0.0,0.0,0.0,0.0,0.0,0,0
2019-11-01,ZEEL,263.0,362.5,261.7,293.55,396998,11454867881.0,263.55,371.7,273.75,371.7,203.7,251.6,260.8,265.3,594.55,594.55,594.55,594.55,619.35,477.25,619.35,477.25,712.2524999999999,712.2524999999999,0.12557515337423308,-0.016961929890689786,-0.2895970009372071,-0.17876626101552662,-0.39914031317163035,-0.004598875830352678,-0.08363140861863405,-0.18293306080735827,-0.3752342020098791,307.1427771289166,346.98235095315596,313.9391656933749,340.50874854006224,358.85620672052397,380.6464748806404,78.4420500665082,0.4175,-0.0587,-1.4016,0.1628,0.3118,False,33.483219936676605,27.165457038019245,28.603951718816035,32.10190555751196,,,,HHHL,LHLL,LHLL,LHLL,HHHL,LHHL,9,0,0.0,0.0,0.0,0.0,0.0,0.0,0,0
2019-12-02,ZEEL,289.95,307.0,268.8,292.2,222924,5639627133.0,263.0,263.55,362.5,273.75,261.7,203.7,293.55,260.8,594.55,594.55,594.55,594.55,619.35,477.25,619.35,477.25,712.2524999999999,712.2524999999999,-0.004598875830352678,0.12557515337423308,-0.016961929890689786,-0.1365248226950354,-0.3857473197393315,-0.07939767282683086,-0.17915811088295686,-0.5756331279945243,-0.4144421629021219,302.16185141927775,337.02192350712755,307.1427771289166,313.9391656933749,346.98235095315596,358.85620672052397,75.56761791890048,-0.0179,0.4175,-0.0587,-1.4016,0.1628,False,33.27981796909701,30.18733762066988,27.165457038019245,28.603951718816035,,,,LHHL,HHHL,LHLL,LHLL,LHLL,HHHL,10,0,0.0,0.0,0.0,0.0,0.0,0.0,0,0
2020-01-01,ZEEL,293.25,303.95,260.3,269.0,10848808,3007806686.0,289.95,263.0,307.0,362.5,268.8,261.7,292.2,293.55,586.85,594.55,594.55,594.55,619.35,477.25,619.35,477.25,712.2524999999999,712.2524999999999,-0.07939767282683086,-0.004598875830352678,0.12557515337423308,-0.2557753492875916,-0.29294256801156526,-0.10836431226765797,-0.5390334572490707,-0.4079925650557621,-0.48401486988847575,291.10790094618517,324.6543010512862,302.16185141927775,307.1427771289166,337.02192350712755,346.98235095315596,73.28778806755044,-0.3166,-0.0179,0.4175,-0.0587,-1.4016,False,29.66658105263842,32.14320631947068,30.18733762066988,27.165457038019245,,,,LHLL,LHHL,HHHL,LHLL,LHLL,LHLL,11,0,0.0,0.0,0.0,0.0,0.0,0.0,0,0
2020-02-01,ZEEL,266.1,269.0,220.25,239.85,13259236,3188893220.0,293.25,289.95,303.95,307.0,260.3,268.8,269.0,292.2,586.85,594.55,586.85,594.55,619.35,477.25,619.35,477.25,712.2524999999999,712.2524999999999,-0.10836431226765797,-0.07939767282683086,-0.004598875830352678,-0.3577453474360691,-0.48590719108348523,-0.4830102147175318,-0.3360433604336043,-0.2353554304773816,-0.1515530539920784,274.0219339641235,309.2353372237796,291.10790094618517,302.16185141927775,324.6543010512862,337.02192350712755,71.53508891986827,-0.4075,-0.3166,-0.0179,0.4175,-0.0587,False,25.593342310626113,29.51324711078718,32.14320631947068,30.18733762066988,,,,LHLL,LHLL,LHHL,HHHL,LHLL,LHLL,12,0,0.0,0.0,0.0,0.0,0.0,0.0,0,0
2020-03-02,ZEEL,241.75,255.8,114.0,124.0,15810161,2747396945.0,266.1,293.25,269.0,303.95,220.25,260.3,239.85,269.0,586.85,594.55,586.85,594.55,619.35,114.0,619.35,477.25,712.2524999999999,712.2524999999999,-0.4830102147175318,-0.10836431226765797,-0.07939767282683086,-0.5326045985676593,-0.7209092955210443,0.284274193548387,0.4790322580645161,0.3798387096774194,0.685483870967742,224.01462264274903,275.5561850012742,274.0219339641235,291.10790094618517,309.2353372237796,324.6543010512862,76.55401113987769,-1.5133,-0.4075,-0.3166,-0.0179,0.4175,False,15.637976931167344,23.63263343147729,29.51324711078718,32.14320631947068,,,,LHLL,LHLL,LHLL,LHHL,HHHL,LHLL,13,0,0.0,0.0,0.0,0.0,0.0,0.0,0,1
2020-04-01,ZEEL,124.0,172.8,119.15,159.25,20137380,2932133747.0,241.75,266.1,255.8,269.0,114.0,220.25,124.0,239.85,557.45,594.55,586.85,594.55,619.35,114.0,619.35,114.0,712.2524999999999,712.2524999999999,0.284274193548387,-0.4830102147175318,-0.10836431226765797,-0.3893788343558282,-0.631578947368421,0.15164835164835178,0.07441130298273158,-0.1284144427001569,0.1795918367346938,202.42641509516602,254.40960591013342,224.01462264274903,274.0219339641235,275.5561850012742,309.2353372237796,74.91801034417213,0.4705,-1.5133,-0.4075,-0.3166,-0.0179,False,25.873572992666382,22.368297411486612,23.63263343147729,29.51324711078718,,,,LHHL,LHLL,LHLL,LHLL,LHHL,HHHL,14,0,0.0,0.0,0.0,0.0,0.0,0.0,0,0
2020-05-04,ZEEL,156.85,186.65,143.5,183.4,19631725,3167315907.0,124.0,241.75,172.8,255.8,119.15,114.0,159.25,124.0,544.0,594.55,557.45,594.55,619.35,114.0,619.35,114.0,712.2524999999999,712.2524999999999,0.15164835164835178,0.284274193548387,-0.4830102147175318,-0.3752342020098791,-0.4869212477269548,-0.06706652126499457,-0.2431842966194111,0.10959651035986906,0.04989094874591071,196.0842767301107,241.49876847192732,202.42641509516602,224.01462264274903,254.40960591013342,275.5561850012742,72.64886674815983,0.3324,0.4705,-1.5133,-0.4075,-0.3166,False,32.42666560379152,24.646071842541748,22.368297411486612,23.63263343147729,,,,HHHL,LHHL,LHLL,LHLL,LHLL,LHHL,15,0,0.0,0.0,0.0,0.0,0.0,0.0,0,0
2020-06-01,ZEEL,188.5,210.3,161.15,171.1,34631587,6287497391.0,156.85,124.0,186.65,172.8,143.5,119.15,183.4,159.25,526.5,594.55,544.0,594.55,619.35,114.0,619.35,114.0,712.2524999999999,712.2524999999999,-0.06706652126499457,0.15164835164835178,0.284274193548387,-0.4144421629021219,-0.4943853427895981,-0.18877849210987718,0.18936294564582123,0.2215078901227352,0.30537697253068385,187.7561844867405,228.6989923861223,196.0842767301107,202.42641509516602,241.49876847192732,254.40960591013342,70.97037626614842,-0.1733,0.3324,0.4705,-1.5133,-0.4075,False,30.808303187483446,29.70284726131378,24.646071842541748,22.368297411486612,,,,HHHL,HHHL,LHHL,LHLL,LHLL,LHLL,16,0,0.0,0.0,0.0,0.0,0.0,0.0,0,1
2020-07-01,ZEEL,166.3,183.35,138.15,138.8,25413975,4072162538.0,188.5,156.85,210.3,186.65,161.15,143.5,171.1,183.4,498.9,594.55,526.5,594.55,619.35,114.0,619.35,114.0,712.2524999999999,712.2524999999999,-0.18877849210987718,-0.06706652126499457,0.15164835164835178,-0.48401486988847575,-0.6159911467699544,0.46613832853025916,0.5057636887608068,0.353386167146974,0.5864553314121035,171.43745632449367,212.35372104319097,187.7561844867405,196.0842767301107,228.6989923861223,241.49876847192732,69.12963510428067,-0.4672,-0.1733,0.3324,0.4705,-1.5133,False,26.72235854420063,29.985775778491867,29.70284726131378,24.646071842541748,,,,LHLL,HHHL,HHHL,LHHL,LHLL,LHLL,17,0,0.0,0.0,0.0,0.0,0.0,0.0,0,1
2020-08-03,ZEEL,138.5,218.5,134.75,203.5,45778357,8329555557.0,166.3,188.5,183.35,210.3,138.15,161.15,138.8,171.1,488.55,594.55,498.9,594.55,619.35,114.0,619.35,114.0,712.2524999999999,712.2524999999999,0.46613832853025916,-0.18877849210987718,-0.06706652126499457,-0.1515530539920784,-0.455081001472754,0.027027027027026973,-0.07690417690417695,-0.053808353808353804,-0.012285012285012331,182.1249708829958,210.7439535807926,171.43745632449367,187.7561844867405,212.35372104319097,228.6989923861223,70.17394688254633,0.922,-0.4672,-0.1733,0.3324,0.4705,False,44.06017345298554,33.863611728223205,29.985775778491867,29.70284726131378,,,,HHLL,LHLL,HHHL,HHHL,LHHL,LHLL,0,0,0.0,0.0,0.0,0.0,0.0,0.0,0,0
2020-09-01,ZEEL,208.0,228.85,177.3,209.0,23293183,4921486980.0,138.5,166.3,218.5,183.35,134.75,138.15,203.5,138.8,488.55,594.55,488.55,594.55,619.35,114.0,619.35,114.0,712.2524999999999,712.2524999999999,0.027027027027026973,0.46613832853025916,-0.18877849210987718,0.685483870967742,-0.21221258952129662,-0.10119617224880384,-0.07870813397129184,0.06866028708133975,-0.027990430622009566,191.08331392199722,210.42687111155757,182.1249708829958,171.43745632449367,210.7439535807926,212.35372104319097,68.84366496236444,0.0799,0.922,-0.4672,-0.1733,0.3324,False,45.34272853483736,38.708420177341175,33.863611728223205,29.985775778491867,,,,HHHL,HHLL,LHLL,HHHL,HHHL,LHHL,0,0,0.0,0.0,0.0,0.0,0.0,0.0,0,0
2020-10-01,ZEEL,210.4,219.5,172.7,187.85,18764424,3574092725.0,208.0,138.5,228.85,218.5,177.3,134.75,209.0,203.5,488.55,594.55,488.55,594.55,619.35,114.0,619.35,114.0,712.2524999999999,712.2524999999999,-0.10119617224880384,0.027027027027026973,0.46613832853025916,0.1795918367346938,-0.27971625766871167,0.025019962736225754,0.18898056960340703,0.17221187117380876,-0.011977641735427258,190.00554261466482,206.32198545491073,191.08331392199722,182.1249708829958,210.42687111155757,210.7439535807926,67.26911746505269,-0.3144,0.0799,0.922,-0.4672,-0.1733,False,41.11374123948384,43.50554774243559,38.708420177341175,33.863611728223205,,,,LHLL,HHHL,HHLL,LHLL,HHHL,HHHL,1,0,0.0,0.0,0.0,0.0,0.0,0.0,0,0
2020-11-02,ZEEL,187.85,200.95,179.3,192.55,15101912,2887965684.0,210.4,208.0,219.5,228.85,172.7,177.3,187.85,209.0,475.7,594.55,488.55,594.55,619.35,114.0,619.35,114.0,712.2524999999999,712.2524999999999,0.025019962736225754,-0.10119617224880384,0.027027027027026973,0.04989094874591071,-0.344064043604156,0.1599584523500388,0.1435990651778758,0.043884705271358015,0.0869903921059465,190.85369507644322,203.81798809947242,190.00554261466482,191.08331392199722,206.32198545491073,210.42687111155757,64.01060907469177,0.0734,-0.3144,0.0799,0.922,-0.4672,False,42.50401561925957,42.98682846452692,43.50554774243559,38.708420177341175,,,,LHHL,LHLL,HHHL,HHLL,LHLL,HHHL,2,0,0.0,0.0,0.0,0.0,0.0,0.0,0,0
2020-12-01,ZEEL,195.0,238.1,190.0,223.35,20759229,4510177175.0,187.85,210.4,200.95,219.5,179.3,172.7,192.55,187.85,466.55,594.55,475.7,594.55,619.35,114.0,619.35,114.0,712.2524999999999,712.2524999999999,0.1599584523500388,0.025019962736225754,-0.10119617224880384,0.30537697253068385,-0.23562628336755642,-0.0141034251175286,-0.1000671591672263,-0.09044101186478615,-0.03895231699126922,201.68579671762882,207.3692629904774,190.85369507644322,190.00554261466482,203.81798809947242,206.32198545491073,62.874136997928076,0.4899,0.0734,-0.3144,0.0799,0.922,False,51.29538142564405,44.97104609479582,42.98682846452692,43.50554774243559,,,,HHHL,LHHL,LHLL,HHHL,HHLL,LHLL,0,0,0.0,0.0,0.0,0.0,0.0,0.0,0,0
2021-01-01,ZEEL,223.0,236.9,214.5,220.2,16181895,3649105266.0,195.0,187.85,238.1,200.95,190.0,179.3,223.35,192.55,466.55,586.85,466.55,594.55,619.35,114.0,619.35,114.0,712.2524999999999,712.2524999999999,-0.0141034251175286,0.1599584523500388,0.025019962736225754,0.5864553314121035,-0.18141263940520447,-0.08719346049046317,-0.07742960944595811,-0.15712988192552224,-0.07879200726612168,207.85719781175254,209.70212426493603,201.68579671762882,190.85369507644322,207.3692629904774,203.81798809947242,59.98312721236179,-0.0525,0.4899,0.0734,-0.3144,0.0799,False,50.37630469345367,48.058567246119104,44.97104609479582,42.98682846452692,,,,LHHL,HHHL,LHHL,LHLL,HHHL,HHLL,1,0,0.0,0.0,0.0,0.0,0.0,0.0,0,0
2021-02-01,ZEEL,223.5,261.0,198.1,201.0,30660709,6700347460.0,223.0,195.0,236.9,238.1,214.5,190.0,220.2,223.35,444.3,586.85,466.55,586.85,619.35,114.0,619.35,114.0,712.2524999999999,712.2524999999999,-0.08719346049046317,-0.0141034251175286,0.1599584523500388,-0.012285012285012331,-0.1619762351469668,0.010696517412935425,-0.07661691542288562,0.04129353233830857,-0.14552238805970152,205.57146520783505,208.1199198531295,207.85719781175254,201.68579671762882,209.70212426493603,207.3692629904774,60.19147526862166,-0.319,-0.0525,0.4899,0.0734,-0.3144,False,44.683129423853686,48.78493851431713,48.058567246119104,44.97104609479582,,,,HHLL,LHHL,HHHL,LHHL,LHLL,HHHL,2,0,0.0,0.0,0.0,0.0,0.0,0.0,0,0
2021-03-01,ZEEL,204.7,231.65,194.35,203.15,26236145,5684906428.0,223.5,223.0,261.0,236.9,198.1,214.5,201.0,220.2,432.25,586.85,444.3,586.85,619.35,114.0,619.35,114.0,712.2524999999999,712.2524999999999,0.010696517412935425,-0.08719346049046317,-0.0141034251175286,-0.027990430622009566,0.6383064516129033,-0.08638936746246617,0.03027319714496679,0.056608417425547675,0.49126261383214365,204.7643101385567,207.2162980616514,205.57146520783505,207.85719781175254,208.1199198531295,209.70212426493603,58.55636989229155,0.0367,-0.319,-0.0525,0.4899,0.0734,False,45.48796043032076,46.84913151587603,48.78493851431713,48.058567246119104,,,,LHLL,HHLL,LHHL,HHHL,LHHL,LHLL,3,0,0.0,0.0,0.0,0.0,0.0,0.0,0,0
2021-04-01,ZEEL,204.0,210.65,177.3,185.6,9554468,1848752730.0,204.7,223.5,231.65,261.0,194.35,198.1,203.15,201.0,373.45,557.45,432.25,586.85,619.35,114.0,619.35,114.0,712.2524999999999,712.2524999999999,-0.08638936746246617,0.010696517412935425,-0.08719346049046317,-0.011977641735427258,0.16546310832025113,0.12769396551724155,0.1565193965517242,0.09294181034482762,0.6214978448275863,198.3762067590378,203.28606205044204,204.7643101385567,205.57146520783505,207.2162980616514,208.1199198531295,56.75591489998501,-0.3092,0.0367,-0.319,-0.0525,0.4899,True,39.95224523922985,43.37444503113477,46.84913151587603,48.78493851431713,,,,LHLL,LHLL,HHLL,LHHL,HHHL,LHHL,4,0,0.0,0.0,0.0,0.0,0.0,0.0,0,0
2021-05-03,ZEEL,187.8,216.15,179.7,209.3,17415484,3411371259.0,204.0,204.7,210.65,231.65,177.3,194.35,185.6,203.15,373.45,544.0,373.45,557.45,619.35,114.0,619.35,114.0,712.2524999999999,712.2524999999999,0.12769396551724155,-0.08638936746246617,0.010696517412935425,0.0869903921059465,0.14122137404580148,0.025561395126612485,-0.030817009077878765,-0.17940754897276645,0.5496894409937889,202.0174711726919,204.37950531399804,198.3762067590378,204.7643101385567,203.28606205044204,207.2162980616514,55.30549240712894,0.4285,-0.3092,0.0367,-0.319,-0.0525,True,49.61305099703867,45.01775222219643,43.37444503113477,46.84913151587603,,,,HHHL,LHLL,LHLL,HHLL,LHHL,HHHL,0,0,0.0,0.0,0.0,0.0,0.0,0.0,0,0
2021-06-01,ZEEL,209.55,234.35,204.65,214.65,14332281,3163241694.0,187.8,204.0,216.15,210.65,179.7,177.3,209.3,185.6,373.45,526.5,373.45,544.0,619.35,114.0,619.35,114.0,712.2524999999999,712.2524999999999,0.025561395126612485,0.12769396551724155,-0.08638936746246617,-0.03895231699126922,0.25452951490356535,-0.054973212205916666,-0.19986023759608662,0.4113673421849522,0.49499184719310496,206.22831411512794,206.2468679841802,202.0174711726919,198.3762067590378,204.37950531399804,203.28606205044204,53.47652866376258,0.1,0.4285,-0.3092,0.0367,-0.319,False,51.66121411135751,47.075503449208675,45.01775222219643,43.37444503113477,,,,HHHL,HHHL,LHLL,LHLL,HHLL,LHHL,0,0,0.0,0.0,0.0,0.0,0.0,1.0,1,1
2021-07-01,ZEEL,215.9,223.55,197.1,202.85,7526564,1582721289.0,209.55,187.8,234.35,216.15,204.65,179.7,214.65,209.3,373.45,498.9,373.45,526.5,619.35,114.0,619.35,114.0,712.2524999999999,712.2524999999999,-0.054973212205916666,0.025561395126612485,0.12769396551724155,-0.07879200726612168,0.4614553314121035,-0.15331525757949216,0.49346807986196706,0.48360857776682287,0.42765590337687964,205.10220941008532,205.62925562342014,206.22831411512794,202.0174711726919,206.2468679841802,204.37950531399804,51.54606233063669,-0.2289,0.1,0.4285,-0.3092,0.0367,False,46.769263901979706,49.34784300345863,47.075503449208675,45.01775222219643,,,,LHLL,HHHL,HHHL,LHLL,LHLL,HHLL,1,0,0.0,0.0,0.0,0.0,1.0,0.0,1,1
2021-08-02,ZEEL,205.0,213.75,166.8,171.75,9484819,1764173502.0,215.9,209.55,223.55,234.35,197.1,204.65,202.85,214.65,293.55,488.55,373.45,498.9,619.35,166.8,619.35,114.0,712.2524999999999,712.2524999999999,-0.15331525757949216,-0.054973212205916666,0.025561395126612485,-0.14552238805970152,-0.15601965601965606,0.763901018922853,0.7522561863173216,0.888500727802038,0.3327510917030567,193.98480627339023,199.46939096461645,205.10220941008532,206.22831411512794,205.62925562342014,206.2468679841802,51.21777216416264,-0.6072,-0.2289,0.1,0.4285,-0.3092,False,36.222466370769304,44.88431479470217,49.34784300345863,47.075503449208675,,,,LHLL,LHLL,HHHL,HHHL,LHLL,LHLL,2,0,0.0,0.0,0.0,1.0,0.0,1.0,1,1
2021-09-01,ZEEL,172.1,362.85,170.6,302.95,53588712,15213148369.0,205.0,215.9,213.75,223.55,166.8,197.1,171.75,202.85,302.95,488.55,293.55,488.55,619.35,166.8,619.35,166.8,712.2524999999999,712.2524999999999,0.763901018922853,-0.15331525757949216,-0.054973212205916666,0.49126261383214365,0.4495215311004783,-0.006601749463607809,0.07063871926060417,0.059250701435880515,-0.0485228585575177,230.3065375155935,218.28404715286797,193.98480627339023,205.10220941008532,199.46939096461645,205.62925562342014,61.291502723865314,2.1406,-0.6072,-0.2289,0.1,0.4285,False,69.77211848125123,50.92128291800008,44.88431479470217,49.34784300345863,,,,HHHL,LHLL,LHLL,HHHL,HHHL,LHLL,0,1,0.0,0.0,0.0,0.0,1.0,0.0,1,1
2021-10-01,ZEEL,301.0,331.85,284.4,300.95,28492209,8817952597.0,172.1,205.0,362.85,213.75,170.6,166.8,302.95,171.75,302.95,488.55,302.95,488.55,619.35,166.8,619.35,166.8,712.2524999999999,712.2524999999999,-0.006601749463607809,0.763901018922853,-0.15331525757949216,0.6214978448275863,0.602076124567474,0.0777537796976242,0.06629008140887183,-0.03771390596444579,-0.17511214487456384,253.85435834372902,233.31422039780105,230.3065375155935,193.98480627339023,218.28404715286797,199.46939096461645,60.302823957874935,-0.0332,2.1406,-0.6072,-0.2289,0.1,False,69.12542119051848,58.373335347513,50.92128291800008,44.88431479470217,,,,LHHL,HHHL,LHLL,LHLL,HHHL,HHHL,1,0,1.0,0.0,0.0,1.0,0.0,0.0,1,1
2021-11-01,ZEEL,304.0,351.0,292.85,324.35,20363253,6612209105.0,301.0,172.1,331.85,362.85,284.4,170.6,300.95,302.95,324.35,475.7,302.95,488.55,619.35,166.8,619.35,166.8,712.2524999999999,712.2524999999999,0.0777537796976242,-0.006601749463607809,0.763901018922853,0.5496894409937889,0.6844975331082837,-0.01063665793124724,-0.10713735162632954,-0.29428086943117004,-0.22044088176352716,277.35290556248606,249.86618032547358,253.85435834372902,230.3065375155935,233.31422039780105,218.28404715286797,60.14905081802673,0.389,-0.0332,2.1406,-0.6072,-0.2289,False,72.59290745613191,70.49681570930055,58.373335347513,50.92128291800008,,,,HHHL,LHHL,HHHL,LHLL,LHLL,HHHL,0,1,0.0,1.0,0.0,0.0,0.0,0.0,0,0
2021-12-01,ZEEL,325.2,378.6,314.0,320.9,26337793,9180272874.0,304.0,301.0,351.0,331.85,292.85,284.4,324.35,300.95,324.35,466.55,324.35,475.7,378.6,166.8,619.35,166.8,435.39,712.2524999999999,-0.01063665793124724,0.0777537796976242,-0.006601749463607809,0.49499184719310496,0.4367584508618758,-0.09753817388594566,-0.2866936740417575,-0.10174509192894976,-0.3329697725148021,291.86860370832403,262.78142026629655,277.35290556248606,253.85435834372902,249.86618032547358,233.31422039780105,60.46697575959625,-0.0571,0.389,-0.0332,2.1406,-0.6072,False,71.21712995524582,70.97848620063208,70.49681570930055,58.373335347513,,,,HHHL,HHHL,LHHL,HHHL,LHLL,LHLL,1,0,1.0,0.0,1.0,0.0,0.0,0.0,0,0
2022-01-03,ZEEL,319.8,332.0,262.6,289.6,10498743,3167858631.0,325.2,304.0,378.6,351.0,314.0,292.85,320.9,324.35,324.35,466.55,324.35,466.55,378.6,166.8,378.6,166.8,435.39,435.39,-0.09753817388594566,-0.01063665793124724,0.0777537796976242,0.42765590337687964,0.31516802906448693,-0.2095994475138122,-0.004661602209944826,-0.14278314917127077,-0.14675414364640893,291.11240247221605,267.65752567242447,291.86860370832403,277.35290556248606,262.78142026629655,249.86618032547358,61.105048919625084,-0.5122,-0.0571,0.389,-0.0332,2.1406,False,59.31806079360099,67.70936606832623,70.97848620063208,70.49681570930055,,,,LHLL,HHHL,HHHL,LHHL,HHHL,LHLL,2,0,0.0,1.0,0.0,0.0,0.0,0.0,0,0
2022-02-01,ZEEL,294.0,296.0,219.0,228.9,13752628,3557719478.0,319.8,325.2,332.0,378.6,262.6,314.0,289.6,320.9,324.35,444.3,324.35,466.55,378.6,166.8,378.6,166.8,435.39,435.39,-0.2095994475138122,-0.09753817388594566,-0.01063665793124724,0.3327510917030567,0.13880597014925367,0.25928352992573167,0.08453473132372213,0.10463084316295324,0.12232415902140659,270.3749349814774,260.61070282289273,291.11240247221605,291.86860370832403,267.65752567242447,262.78142026629655,62.240402568223296,-0.9753,-0.5122,-0.0571,0.389,-0.0332,False,43.045730616282476,57.86030712170976,67.70936606832623,70.97848620063208,,,,LHLL,LHLL,HHHL,HHHL,LHHL,HHHL,3,0,0.0,0.0,1.0,0.0,0.0,0.0,0,0
2022-03-02,ZEEL,228.9,307.25,215.3,288.25,25880001,6860428059.0,294.0,319.8,296.0,332.0,219.0,262.6,228.9,289.6,324.35,432.25,324.35,444.3,378.6,166.8,378.6,166.8,435.39,435.39,0.25928352992573167,-0.2095994475138122,-0.09753817388594566,-0.0485228585575177,0.41890228894905235,-0.13876843018213358,-0.12281006071118827,-0.2574154379878577,-0.10424978317432787,276.3332899876516,265.6360295823668,270.3749349814774,291.11240247221605,260.61070282289273,267.65752567242447,64.36251667049306,0.9221,-0.9753,-0.5122,-0.0571,0.389,False,56.620350172174824,52.9947138606861,57.86030712170976,67.70936606832623,,,,HHLL,LHLL,LHLL,HHHL,HHHL,LHHL,4,0,0.0,0.0,0.0,0.0,0.0,0.0,0,0
2022-04-01,ZEEL,288.3,308.65,247.1,248.25,106034767,30024893484.0,228.9,294.0,307.25,296.0,215.3,219.0,288.25,228.9,324.35,373.45,324.35,432.25,378.6,166.8,378.6,166.8,435.39,435.39,-0.13876843018213358,0.25928352992573167,-0.2095994475138122,-0.17511214487456384,0.337553879310345,0.018529707955689867,-0.13776435045317215,-0.004632426988922522,0.05699899295065447,266.9721933251011,262.47493329466374,276.3332899876516,270.3749349814774,265.6360295823668,260.61070282289273,64.1616226226007,-0.6234,0.9221,-0.9753,-0.5122,-0.0571,False,47.68400103234868,49.11669394026867,52.9947138606861,57.86030712170976,,,,HHHL,HHLL,LHLL,LHLL,HHHL,HHHL,5,0,0.0,0.0,0.0,0.0,0.0,0.0,0,0
2022-05-02,ZEEL,246.55,258.55,222.6,252.85,16340468,3956832865.0,288.3,228.9,308.65,307.25,247.1,215.3,248.25,288.25,324.35,373.45,324.35,373.45,378.6,166.8,378.6,166.8,435.39,435.39,0.018529707955689867,-0.13876843018213358,0.25928352992573167,-0.22044088176352716,0.2080745341614907,-0.1534506624480917,-0.022740755388570344,0.01601740162151466,0.047261222068420095,262.26479555006745,260.72494542290667,266.9721933251011,276.3332899876516,262.47493329466374,265.6360295823668,62.14650672098637,0.074,-0.6234,0.9221,-0.9753,-0.5122,False,48.76884273947866,51.02439798133406,49.11669394026867,52.9947138606861,,,,LHLL,HHHL,HHLL,LHLL,LHLL,HHHL,6,0,0.0,0.0,0.0,0.0,0.0,0.0,0,0
2022-06-01,ZEEL,252.85,259.3,200.5,214.05,12735823,2948213470.0,246.55,288.3,258.55,308.65,222.6,247.1,252.85,248.25,324.35,373.45,324.35,373.45,378.6,166.8,378.6,166.8,435.39,435.39,-0.1534506624480917,0.018529707955689867,-0.13876843018213358,-0.3329697725148021,-0.002795248078266921,0.15440317682784377,0.2001868722261153,0.2062602195748655,0.12076617612707308,246.1931970333783,252.2385917096509,262.26479555006745,266.9721933251011,260.72494542290667,262.47493329466374,61.90747052663021,-0.6267,0.074,-0.6234,0.9221,-0.9753,False,40.503749410820625,45.65219772754932,51.02439798133406,49.11669394026867,,,,HHLL,LHLL,HHHL,HHLL,LHLL,LHLL,7,0,0.0,0.0,0.0,0.0,0.0,0.0,0,1
2022-07-01,ZEEL,213.65,252.95,210.7,247.1,7602472,1756438770.0,252.85,246.55,259.3,258.55,200.5,222.6,214.05,252.85,324.35,373.45,324.35,373.45,378.6,166.8,378.6,166.8,435.39,435.39,0.15440317682784377,-0.1534506624480917,0.018529707955689867,-0.14675414364640893,0.21814148385506527,0.03966005665722383,0.04492108458114119,0.06191825171995147,-0.08235532173209226,246.4954646889189,251.3043023078962,246.1931970333783,262.26479555006745,252.2385917096509,260.72494542290667,60.503365489013774,0.5463,-0.6267,0.074,-0.6234,0.9221,False,49.079708842382,46.11743366422709,45.65219772754932,51.02439798133406,,,,LHHL,HHLL,LHLL,HHHL,HHLL,LHLL,8,0,0.0,0.0,0.0,0.0,0.0,0.0,0,0
2022-08-01,ZEEL,248.65,269.0,236.0,256.9,11804026,2987131234.0,213.65,252.85,252.95,259.3,210.7,200.5,247.1,214.05,324.35,324.35,324.35,373.45,378.6,166.8,378.6,166.8,435.39,435.39,0.03966005665722383,0.15440317682784377,-0.1534506624480917,0.12232415902140659,0.4957787481804947,0.005060334760607299,0.02140910860256917,0.030751265083690305,-0.23997664460879709,249.96364312594594,252.3217018882787,246.4954646889189,246.1931970333783,251.3043023078962,252.2385917096509,58.538839382655645,0.1674,0.5463,-0.6267,0.074,-0.6234,False,51.49824176809716,47.02723334043326,46.11743366422709,45.65219772754932,,,,HHHL,LHHL,HHLL,LHLL,HHHL,HHLL,0,0,0.0,0.0,0.0,0.0,0.0,0.0,0,0
2022-09-01,ZEEL,248.0,280.45,241.75,258.2,19610363,5141259794.0,248.65,213.65,269.0,252.95,236.0,210.7,256.9,247.1,324.35,324.35,324.35,324.35,378.6,166.8,378.6,166.8,435.39,435.39,0.005060334760607299,0.03966005665722383,0.15440317682784377,-0.10424978317432787,-0.14771414424822582,0.016266460108443015,0.025561580170410547,-0.07087529047250185,-0.18009295120061963,252.7090954172973,253.3904833631371,249.96364312594594,246.4954646889189,252.3217018882787,251.3043023078962,57.12177942675167,0.0228,0.1674,0.5463,-0.6267,0.074,False,51.85215924377764,50.8100366180856,47.02723334043326,46.11743366422709,,,,HHHL,HHHL,LHHL,HHLL,LHLL,HHHL,0,0,0.0,0.0,0.0,0.0,0.0,0.0,0,0
2022-10-03,ZEEL,258.65,286.9,249.75,262.4,16203115,4390067152.0,248.0,248.65,280.45,269.0,241.75,236.0,258.2,256.9,324.35,324.35,324.35,324.35,378.6,166.8,378.6,166.8,435.39,435.39,0.016266460108443015,0.005060334760607299,0.03966005665722383,0.05699899295065447,-0.12809436783518857,0.009146341463414753,-0.08574695121951215,-0.13586128048780477,-0.24980945121951215,255.93939694486488,255.02857729711212,252.7090954172973,249.96364312594594,253.3904833631371,252.3217018882787,55.695223753412265,0.0754,0.0228,0.1674,0.5463,-0.6267,False,53.14097402977079,52.163791680548535,50.8100366180856,47.02723334043326,,,,HHHL,HHHL,HHHL,LHHL,HHLL,LHLL,0,0,0.0,0.0,0.0,0.0,0.0,0.0,0,0
2022-11-01,ZEEL,263.8,269.3,246.45,264.8,8472791,2211216096.0,258.65,248.0,286.9,280.45,249.75,241.75,262.4,258.2,324.35,324.35,324.35,324.35,378.6,166.8,378.6,166.8,435.39,435.39,0.009146341463414753,0.016266460108443015,0.005060334760607299,0.047261222068420095,-0.1835979651610914,-0.0940332326283988,-0.14369335347432033,-0.2626510574018127,-0.2637839879154079,258.8929312965766,256.8051996067281,255.93939694486488,252.7090954172973,255.02857729711212,253.3904833631371,53.349136342454244,0.045,0.0754,0.0228,0.1674,0.5463,True,53.9625239193149,52.985219064287776,52.163791680548535,50.8100366180856,,,,LHLL,HHHL,HHHL,HHHL,LHHL,HHLL,1,0,0.0,0.0,0.0,0.0,0.0,0.0,0,0
2022-12-01,ZEEL,266.65,271.85,230.85,239.9,5037947,1287764480.0,263.8,258.65,269.3,286.9,246.45,249.75,264.8,262.4,324.35,324.35,324.35,324.35,378.6,166.8,378.6,166.8,435.39,435.39,-0.0940332326283988,0.009146341463414753,0.016266460108443015,0.12076617612707308,-0.25241508258024303,-0.05481450604418514,-0.18611921634014172,-0.11754897874114223,-0.2607336390162568,252.56195419771774,253.73152695095933,258.8929312965766,255.93939694486488,256.8051996067281,255.02857729711212,52.46705517513608,-0.4746,0.045,0.0754,0.0228,0.1674,True,44.51564677639443,50.53971490849337,52.985219064287776,52.163791680548535,,,,HHLL,LHLL,HHHL,HHHL,HHHL,LHHL,2,0,0.0,0.0,0.0,0.0,0.0,0.0,0,0
2023-01-02,ZEEL,239.1,244.0,213.7,226.75,6280392,1447422150.0,266.65,263.8,271.85,269.3,230.85,246.45,239.9,264.8,324.35,324.35,324.35,324.35,378.6,166.8,378.6,166.8,435.39,435.39,-0.05481450604418514,-0.0940332326283988,0.009146341463414753,-0.08235532173209226,-0.2170234806629835,-0.1389195148842337,-0.0663726571113562,-0.13186328555678062,0.06835722160970237,243.9579694651452,248.82579477805763,252.56195419771774,258.8929312965766,253.73152695095933,256.8051996067281,50.88369409119779,-0.2584,-0.4746,0.045,0.0754,0.0228,False,40.18157441444466,46.21991503671799,50.53971490849337,52.985219064287776,,,,LHLL,HHLL,LHLL,HHHL,HHHL,HHHL,3,0,0.0,0.0,0.0,0.0,0.0,0.0,0,0
2023-02-01,ZEEL,226.75,228.7,176.6,195.25,9507644,1929570312.0,239.1,266.65,244.0,271.85,213.7,230.85,226.75,239.9,324.35,324.35,324.35,324.35,378.6,166.8,378.6,166.8,435.39,435.39,-0.1389195148842337,-0.05481450604418514,-0.0940332326283988,-0.23997664460879709,-0.14700742682394063,0.08425096030729828,0.008194622279129371,-0.0015364916773368265,0.34314980793854044,227.72197964343013,239.08474118204714,243.9579694651452,252.56195419771774,248.82579477805763,253.73152695095933,50.970573084683664,-0.618,-0.2584,-0.4746,0.045,0.0754,False,31.58701454320378,38.76141191134763,46.21991503671799,50.53971490849337,,,,LHLL,LHLL,HHLL,LHLL,HHHL,HHHL,4,0,0.0,0.0,0.0,0.0,0.0,0.0,0,0
2023-03-01,ZEEL,193.6,219.45,186.5,211.7,9813789,1992637411.0,226.75,239.1,228.7,244.0,176.6,213.7,195.25,226.75,324.35,324.35,324.35,324.35,378.6,166.8,378.6,166.8,435.39,435.39,0.08425096030729828,-0.1389195148842337,-0.05481450604418514,-0.18009295120061963,-0.2655680832610582,-0.07014643363249884,-0.07912139820500708,-0.16225791213982044,0.2498819083608883,222.38131976228678,234.10569733076582,227.72197964343013,243.9579694651452,239.08474118204714,248.82579477805763,49.68338929292054,0.3311,-0.618,-0.2584,-0.4746,0.045,False,39.474478216757625,37.081022391468686,38.76141191134763,46.21991503671799,,,,LHHL,LHLL,LHLL,HHLL,LHLL,HHHL,5,0,0.0,0.0,0.0,0.0,0.0,0.0,0,0
2023-04-03,ZEEL,212.05,216.1,183.8,196.85,64846972,13209505052.0,193.6,226.75,219.45,228.7,186.5,176.6,211.7,195.25,324.35,324.35,324.35,324.35,378.6,166.8,378.6,166.8,435.39,435.39,-0.07014643363249884,0.08425096030729828,-0.1389195148842337,-0.24980945121951215,-0.20704934541792552,-0.009652019304038584,-0.09906019812039624,0.23063246126492265,0.315976631953264,213.87087984152453,227.33193417971748,222.38131976228678,227.72197964343013,234.10569733076582,239.08474118204714,48.441718629140496,-0.3066,0.3311,-0.618,-0.2584,-0.4746,False,35.200300803961284,35.420597854640896,37.081022391468686,38.76141191134763,,,,LHLL,LHHL,LHLL,LHLL,HHLL,LHLL,6,0,0.0,0.0,0.0,0.0,0.0,0.0,0,1
2023-05-02,ZEEL,197.1,199.4,175.8,194.95,11354336,2145323460.0,212.05,193.6,216.1,219.45,183.8,186.5,196.85,211.7,324.35,324.35,324.35,324.35,378.6,166.8,378.6,166.8,435.39,435.39,-0.009652019304038584,-0.07014643363249884,0.08425096030729828,-0.2637839879154079,-0.22898951947795143,-0.0902795588612465,0.24262631443959992,0.34521672223647104,0.29725570659143385,207.56391989434968,221.4443097834052,213.87087984152453,222.38131976228678,227.33193417971748,234.10569733076582,46.66731015563046,-0.0407,-0.3066,0.3311,-0.618,-0.2584,False,34.64042297477033,36.43840066516308,35.420597854640896,37.081022391468686,33.52526925717542,,,LHLL,LHLL,LHHL,LHLL,LHLL,HHLL,7,0,0.0,0.0,0.0,0.0,0.0,0.0,0,1
2023-06-01,ZEEL,194.3,202.5,172.25,177.35,19319251,3592360083.0,197.1,212.05,199.4,216.1,175.8,183.8,194.95,196.85,324.35,324.35,324.35,324.35,378.6,166.8,378.6,166.8,435.39,435.39,-0.0902795588612465,-0.009652019304038584,-0.07014643363249884,-0.2607336390162568,-0.1714552674608737,0.36594305046518194,0.4787144065407387,0.4919650408796168,0.5486326473075838,197.4926132628998,213.4271625500588,207.56391989434968,213.87087984152453,221.4443097834052,227.33193417971748,45.494645144513996,-0.3869,-0.0407,-0.3066,0.3311,-0.618,False,29.559427877804723,33.13338388551211,36.43840066516308,35.420597854640896,16.743424291480803,33.52526925717542,,HHLL,LHLL,LHLL,LHHL,LHLL,LHLL,8,0,0.0,0.0,0.0,0.0,0.0,0.0,0,1
2023-07-03,ZEEL,177.05,247.15,176.4,242.25,23619577,5053602278.0,194.3,197.1,202.5,199.4,172.25,175.8,177.35,194.95,324.35,324.35,324.35,324.35,378.6,166.8,378.6,166.8,435.39,435.39,0.36594305046518194,-0.0902795588612465,-0.009652019304038584,0.06835722160970237,-0.019627681100768846,0.08255933952528371,0.09226006191950464,0.06934984520123844,-0.28565531475748185,212.41174217526654,218.66767845004807,197.4926132628998,207.56391989434968,213.4271625500588,221.4443097834052,47.298599062762996,1.3721,-0.3869,-0.0407,-0.3066,0.3311,False,56.81200012276084,40.3372836584453,33.13338388551211,36.43840066516308,83.54107087650968,16.743424291480803,33.52526925717542,HHHL,HHLL,LHLL,LHLL,LHHL,LHLL,0,0,0.0,0.0,0.0,0.0,0.0,0.0,0,0
2023-08-01,ZEEL,242.7,290.5,225.0,262.25,31192419,8227176605.0,177.05,194.3,247.15,202.5,176.4,172.25,242.25,177.35,324.35,324.35,324.35,324.35,378.6,166.8,378.6,166.8,435.39,435.39,0.08255933952528371,0.36594305046518194,-0.0902795588612465,0.34314980793854044,0.020825223822499073,0.008960915157292693,-0.012202097235462284,-0.0356530028598665,-0.3858913250714966,229.02449478351105,226.59173691367567,212.41174217526654,197.4926132628998,218.66767845004807,213.4271625500588,48.5986991297085,0.4115,1.3721,-0.3869,-0.0407,-0.3066,False,62.08574631752933,49.4857247726983,40.3372836584453,33.13338388551211,82.17002588154055,83.54107087650968,16.743424291480803,HHHL,HHHL,HHLL,LHLL,LHLL,LHHL,0,0,0.0,0.0,0.0,0.0,0.0,0.0,0,0
2023-09-01,ZEEL,262.3,285.75,253.0,264.6,8869597,2407371991.0,242.7,177.05,290.5,247.15,225.0,176.4,262.25,242.25,324.35,324.35,324.35,324.35,378.6,166.8,378.6,166.8,435.39,435.39,0.008960915157292693,0.08255933952528371,0.36594305046518194,0.2498819083608883,0.02478698683191327,-0.02097505668934241,-0.04421768707482998,0.03798185941043064,-0.47581254724111877,240.8829965223407,233.50233020209828,229.02449478351105,212.41174217526654,226.59173691367567,218.66767845004807,47.46664919187218,0.0495,0.4115,1.3721,-0.3869,-0.0407,False,62.70996050191803,60.5359023140694,49.4857247726983,40.3372836584453,74.1872744172468,82.17002588154055,83.54107087650968,LHHL,HHHL,HHHL,HHLL,LHLL,LHLL,0,0,0.0,0.0,0.0,0.0,0.0,0.0,0,0
2023-10-03,ZEEL,264.75,266.75,237.0,259.05,5481923,1408117084.0,262.3,242.7,285.75,290.5,253.0,225.0,264.6,262.25,324.35,324.35,324.35,324.35,378.6,166.8,378.6,166.8,435.39,435.39,-0.02097505668934241,0.008960915157292693,0.08255933952528371,0.315976631953264,-0.01276676829268275,-0.023740590619571567,0.06022003474232762,-0.3319822428102682,-0.432541980312681,246.93866434822715,238.14736107444404,240.8829965223407,229.02449478351105,233.50233020209828,226.59173691367567,46.20117424959559,-0.1201,0.0495,0.4115,1.3721,-0.3869,False,59.988685826969984,61.59479754880578,60.5359023140694,49.4857247726983,44.83851975110499,74.1872744172468,82.17002588154055,LHLL,LHHL,HHHL,HHHL,HHLL,LHLL,1,0,0.0,0.0,0.0,0.0,0.0,0.0,0,0
2023-11-01,ZEEL,259.9,276.75,242.7,252.9,12062931,3117668436.0,264.75,262.3,266.75,285.75,237.0,253.0,259.05,264.6,320.9,324.35,324.35,324.35,378.6,166.8,378.6,166.8,435.39,435.39,-0.023740590619571567,-0.02097505668934241,0.008960915157292693,0.29725570659143385,-0.04493957703927498,0.0860023724792407,-0.31573744563068407,-0.3631870304468169,-0.41182285488335313,248.92577623215146,240.82965906090874,246.93866434822715,240.8829965223407,238.14736107444404,233.50233020209828,45.33323323176733,-0.1357,-0.1201,0.0495,0.4115,1.3721,False,56.802075357126526,59.83357389533818,61.59479754880578,60.5359023140694,38.251243050880085,44.83851975110499,74.1872744172468,HHHL,LHLL,LHHL,HHHL,HHHL,HHLL,2,0,0.0,0.0,0.0,0.0,0.0,0.0,0,0
2023-12-01,ZEEL,256.0,299.5,248.45,274.65,21411225,5826018485.0,259.9,264.75,276.75,266.75,242.7,237.0,252.9,259.05,289.6,324.35,320.9,324.35,299.5,166.8,378.6,166.8,344.42499999999995,435.39,0.0860023724792407,-0.023740590619571567,-0.02097505668934241,0.5486326473075838,0.1448520216756981,-0.36992535954851624,-0.41361733114873467,-0.4949936282541416,-0.44693245949390126,257.50051748810097,246.97881195892532,248.92577623215146,246.93866434822715,240.82965906090874,238.14736107444404,45.74157371521252,0.4755,-0.1357,-0.1201,0.0495,0.4115,False,64.56789822848441,60.45288647086031,59.83357389533818,61.59479754880578,77.28275447528854,38.251243050880085,44.83851975110499,HHHL,HHHL,LHLL,LHHL,HHHL,HHHL,0,0,0.0,0.0,0.0,0.0,0.0,0.0,0,0
2024-01-01,ZEEL,272.9,293.1,152.5,173.05,56977626,12021104253.0,256.0,259.9,299.5,276.75,248.45,242.7,274.65,252.9,288.25,324.35,289.6,324.35,299.5,166.8,299.5,166.8,344.42499999999995,344.42499999999995,-0.36992535954851624,0.0860023724792407,-0.023740590619571567,-0.28565531475748185,-0.23682469680264606,-0.06934412019647496,-0.19849754406240983,-0.1505345275931812,-0.13984397572955798,229.35034499206733,233.53720978457525,257.50051748810097,248.92577623215146,246.97881195892532,240.82965906090874,52.51717559269734,-1.9346,0.4755,-0.1357,-0.1201,0.0495,False,32.6145183094028,51.328163965004585,60.45288647086031,59.83357389533818,18.81609408261922,77.28275447528854,38.251243050880085,LHLL,HHHL,HHHL,LHLL,LHHL,HHHL,1,0,0.0,0.0,0.0,0.0,0.0,0.0,0,0
2024-02-01,ZEEL,176.7,209.6,154.7,161.05,51416791,9209277936.0,272.9,256.0,293.1,299.5,152.5,248.45,173.05,274.65,288.25,324.35,288.25,324.35,299.5,166.8,299.5,166.8,344.42499999999995,344.42499999999995,-0.06934412019647496,-0.36992535954851624,0.0860023724792407,-0.3858913250714966,-0.17516005121638922,-0.13877677739832361,-0.08723998758149654,-0.07637379695746671,-0.1257373486494877,206.5835633280449,220.35771709647065,229.35034499206733,257.50051748810097,233.53720978457525,246.97881195892532,52.6873773360761,-0.2278,-1.9346,0.4755,-0.1357,-0.1201,False,30.532444786147636,42.57162044134495,51.328163965004585,60.45288647086031,21.540613697024693,18.81609408261922,77.28275447528854,LHHL,LHLL,HHHL,HHHL,LHLL,LHHL,2,0,0.0,0.0,0.0,0.0,0.0,0.0,0,0
2024-03-01,ZEEL,160.9,164.35,138.0,138.7,53359496,7753272384.0,176.7,272.9,209.6,293.1,154.7,152.5,161.05,173.05,274.65,324.35,288.25,324.35,299.5,166.8,299.5,166.8,344.42499999999995,344.42499999999995,-0.13877677739832361,-0.06934412019647496,-0.36992535954851624,-0.47581254724111877,-0.3448275862068966,0.05984138428262442,0.07245854361932236,0.09516943042537873,-0.007570295602018606,183.95570888536326,205.5108594425669,206.5835633280449,229.35034499206733,220.35771709647065,233.53720978457525,50.80613609778495,-0.4399,-0.2278,-1.9346,0.4755,-0.1357,False,26.813034176588644,29.986665757379694,42.57162044134495,51.328163965004585,12.581000021522968,21.540613697024693,18.81609408261922,LHLL,LHHL,LHLL,HHHL,HHHL,LHLL,3,0,0.0,0.0,0.0,0.0,0.0,0.0,0,0
2024-04-01,ZEEL,142.0,157.2,139.0,147.0,19208215,2830023187.0,160.9,176.7,164.35,209.6,138.0,154.7,138.7,161.05,274.65,324.35,274.65,324.35,299.5,166.8,299.5,166.8,344.42499999999995,344.42499999999995,0.05984138428262442,-0.13877677739832361,-0.06934412019647496,-0.432541980312681,-0.25323850647701296,0.011904761904761862,0.03333333333333344,0.012585034013605334,-0.16938775510204085,171.63713925690885,194.87252136210017,183.95570888536326,206.5835633280449,205.5108594425669,220.35771709647065,48.49855494794316,0.1711,-0.4399,-0.2278,-1.9346,0.4755,False,30.48210835401153,29.275862438915937,29.986665757379694,42.57162044134495,59.32963155914143,12.581000021522968,21.540613697024693,LHHL,LHLL,LHHL,LHLL,HHHL,HHHL,4,0,0.0,0.0,0.0,0.0,0.0,0.0,0,0
2024-05-02,ZEEL,147.85,155.9,129.4,148.75,26652056,3804232657.0,142.0,160.9,157.2,164.35,139.0,138.0,147.0,138.7,274.65,324.35,274.65,324.35,299.5,166.8,299.5,166.8,344.42499999999995,344.42499999999995,0.011904761904761862,0.05984138428262442,-0.13877677739832361,-0.41182285488335313,-0.23698384201077194,0.021176470588235352,0.0006722689075628896,-0.05344537815126038,-0.13210084033613445,164.00809283793924,186.48660838717285,171.63713925690885,183.95570888536326,194.87252136210017,205.5108594425669,46.92722959451866,0.0373,0.1711,-0.4399,-0.2278,-1.9346,False,31.328951879185936,29.541364803262038,29.275862438915937,29.986665757379694,55.51337591719257,59.32963155914143,12.581000021522968,LHLL,LHHL,LHLL,LHHL,LHLL,HHHL,5,0,0.0,0.0,0.0,0.0,0.0,0.0,0,0
2024-06-03,ZEEL,155.85,168.7,126.15,151.9,28054720,4381678831.0,147.85,142.0,155.9,157.2,129.4,139.0,148.75,147.0,274.65,324.35,274.65,324.35,299.5,166.8,299.5,166.8,344.42499999999995,344.42499999999995,0.021176470588235352,0.011904761904761862,0.05984138428262442,-0.44693245949390126,-0.143501550606146,-0.020078999341672232,-0.07307439104674118,-0.09381171823568135,-0.20111915734035557,159.9720618919595,180.1981341349596,164.00809283793924,171.63713925690885,186.48660838717285,194.87252136210017,46.61457033776732,0.0676,0.0373,0.1711,-0.4399,-0.2278,False,33.041841488831054,31.61763390734284,29.541364803262038,29.275862438915937,61.22615825334282,55.51337591719257,59.32963155914143,HHLL,LHLL,LHHL,LHLL,LHHL,LHLL,0,0,0.0,0.0,0.0,0.0,0.0,0.0,0,0
2024-07-01,ZEEL,151.8,163.9,129.75,148.85,25999454,3814473553.0,155.85,147.85,168.7,155.9,126.15,129.4,151.9,148.75,274.65,324.35,274.65,324.35,299.5,166.8,299.5,166.8,344.42499999999995,344.42499999999995,-0.020078999341672232,0.021176470588235352,0.011904761904761862,-0.13984397572955798,-0.38555211558307534,-0.054081289889150064,-0.07524353375881754,-0.1797111185757474,-0.29056096741686266,156.264707927973,174.49847338314873,159.9720618919595,164.00809283793924,180.1981341349596,186.48660838717285,45.724243885069654,-0.0667,0.0676,0.0373,0.1711,-0.4399,True,32.136341989481565,32.169045119166185,31.61763390734284,29.541364803262038,31.38014769403402,61.22615825334282,55.51337591719257,LHHL,HHLL,LHLL,LHHL,LHLL,LHHL,1,0,0.0,0.0,0.0,0.0,0.0,0.0,0,0
2024-08-01,ZEEL,149.55,154.85,133.5,140.8,26010576,3741308245.0,151.8,155.85,163.9,168.7,129.75,126.15,148.85,151.9,274.65,324.35,274.65,324.35,299.5,166.8,299.5,166.8,344.42499999999995,344.42499999999995,-0.054081289889150064,-0.020078999341672232,0.021176470588235352,-0.1257373486494877,-0.46310772163965674,-0.02237215909090917,-0.1328125000000001,-0.08309659090909105,-0.33948863636363646,151.10980528531536,168.37147822257623,156.264707927973,159.9720618919595,174.49847338314873,180.1981341349596,43.983226464707535,-0.183,-0.0667,0.0676,0.0373,0.1711,True,29.635538191033774,31.60457388978213,32.169045119166185,31.61763390734284,21.236057723132944,31.38014769403402,61.22615825334282,LHHL,LHHL,HHLL,LHLL,LHHL,LHLL,2,0,0.0,0.0,0.0,0.0,0.0,0.0,0,0
2024-09-02,ZEEL,141.65,143.15,125.55,137.65,23366535,3147224608.0,149.55,151.8,154.85,163.9,133.5,129.75,140.8,148.85,274.65,324.35,274.65,324.35,299.5,166.8,299.5,166.8,344.42499999999995,344.42499999999995,-0.02237215909090917,-0.054081289889150064,-0.020078999341672232,-0.007570295602018606,-0.4797808012093726,-0.11296767163094812,-0.062114057391936095,-0.11841627315655656,-0.2856520159825645,146.6232035235436,162.78575490938056,151.10980528531536,156.264707927973,168.37147822257623,174.49847338314873,42.098710288656996,-0.0748,-0.183,-0.0667,0.0676,0.0373,True,28.618829558274996,30.13023657959678,31.60457388978213,32.169045119166185,22.870831955951683,21.236057723132944,31.38014769403402,LHLL,LHHL,LHHL,HHLL,LHLL,LHHL,3,0,0.0,0.0,0.0,0.0,0.0,0.0,0,0
2024-10-01,ZEEL,137.65,143.5,117.1,122.1,19357981,2488708820.0,141.65,149.55,143.15,154.85,125.55,133.5,137.65,140.8,274.65,324.35,274.65,324.35,299.5,166.8,299.5,166.8,344.42499999999995,344.42499999999995,-0.11296767163094812,-0.02237215909090917,-0.054081289889150064,-0.16938775510204085,-0.5286624203821657,0.05733005733005725,-0.00614250614250611,-0.1351351351351351,-0.12923832923832923,138.44880234902908,155.38834492585679,146.6232035235436,151.10980528531536,162.78575490938056,168.37147822257623,40.977373839467205,-0.3795,-0.0748,-0.183,-0.0667,0.0676,True,23.897150713022327,27.383839487443698,30.13023657959678,31.60457388978213,9.3894713203442,22.870831955951683,21.236057723132944,HHLL,LHLL,LHHL,LHHL,HHLL,LHLL,4,0,0.0,0.0,0.0,0.0,0.0,0.0,0,0
2024-11-01,ZEEL,123.05,132.6,114.4,129.1,14361101,1766101991.0,137.65,141.65,143.5,143.15,117.1,125.55,122.1,137.65,274.65,320.9,274.65,324.35,299.5,166.8,299.5,166.8,344.42499999999995,344.42499999999995,0.05733005733005725,-0.11296767163094812,-0.02237215909090917,-0.13210084033613445,-0.4895215500197707,-0.06003098373353988,-0.18202943454686293,-0.27962819519752125,0.008520526723470034,135.3325348993527,150.60864584842827,138.44880234902908,146.6232035235436,155.38834492585679,162.78575490938056,39.350418565219556,0.1779,-0.3795,-0.0748,-0.183,-0.0667,False,29.965506101784015,27.493828791027113,27.383839487443698,30.13023657959678,63.989061285056884,9.3894713203442,22.870831955951683,LHLL,HHLL,LHLL,LHHL,LHHL,HHLL,5,0,0.0,0.0,0.0,0.0,0.0,0.0,0,0
2024-12-02,ZEEL,130.0,144.25,120.1,121.35,12656223,1703771447.0,123.05,137.65,132.6,143.5,114.4,117.1,129.1,122.1,274.65,289.6,274.65,320.9,299.5,166.8,299.5,166.8,344.42499999999995,344.42499999999995,-0.06003098373353988,0.05733005733005725,-0.11296767163094812,-0.20111915734035557,-0.5581649371927908,-0.1297898640296663,-0.23362175525339923,-0.18969921714050264,0.2047795632468068,130.6716899329018,145.28889205780493,135.3325348993527,138.44880234902908,150.60864584842827,155.38834492585679,38.26467438198959,-0.2025,0.1779,-0.3795,-0.0748,-0.183,False,27.16737406070594,27.01001029183743,27.493828791027113,27.383839487443698,32.689439343620435,63.989061285056884,9.3894713203442,HHHL,LHLL,HHLL,LHLL,LHHL,LHHL,6,0,0.0,0.0,0.0,0.0,0.0,0.0,0,0
2025-01-01,ZEEL,121.0,136.45,103.4,105.6,21861260,2593721611.0,130.0,123.05,144.25,132.6,120.1,114.4,121.35,129.1,274.65,288.25,274.65,289.6,299.5,166.8,299.5,166.8,344.42499999999995,344.42499999999995,-0.1297898640296663,-0.06003098373353988,0.05733005733005725,-0.29056096741686266,-0.38977174227101996,-0.11931818181818177,-0.06884469696969697,0.006818181818181834,0.11884469696969702,122.31445995526789,138.07272986547676,130.6716899329018,135.3325348993527,145.28889205780493,150.60864584842827,37.89219764041891,-0.4157,-0.2025,0.1779,-0.3795,-0.0748,False,22.24286483450932,26.458581665666426,27.01001029183743,27.493828791027113,19.760173721201216,32.689439343620435,63.989061285056884,LHLL,HHHL,LHLL,HHLL,LHLL,LHHL,7,0,0.0,0.0,0.0,0.0,0.0,0.0,0,0
2025-02-01,ZEEL,105.75,111.6,92.35,93.0,14526985,1463698655.0,121.0,130.0,136.45,144.25,103.4,120.1,105.6,121.35,274.65,288.25,274.65,288.25,299.5,166.8,299.5,166.8,344.42499999999995,344.42499999999995,-0.11931818181818177,-0.1297898640296663,-0.06003098373353988,-0.33948863636363646,-0.4225395839801305,0.0573118279569893,0.14322580645161276,0.3999999999999999,0.24838709677419346,112.54297330351194,129.8776880717537,122.31445995526789,130.6716899329018,138.07272986547676,145.28889205780493,36.5606120946747,-0.3446,-0.4157,-0.2025,0.1779,-0.3795,False,19.024309549214948,22.8115161481434,26.458581665666426,27.01001029183743,15.05777413603819,19.760173721201216,32.689439343620435,LHLL,LHLL,HHHL,LHLL,HHLL,LHLL,8,0,0.0,0.0,0.0,0.0,0.0,0.0,0,1
2025-03-03,ZEEL,93.38,108.3,89.29,98.33,27933113,2844092195.0,105.75,121.0,111.6,136.45,92.35,103.4,93.0,105.6,274.65,274.65,274.65,288.25,299.5,89.29,299.5,166.8,344.42499999999995,344.42499999999995,0.0573118279569893,-0.11931818181818177,-0.1297898640296663,-0.2856520159825645,-0.29105984138428254,0.08125699176243262,0.3241126817858231,0.4868300620360011,0.14308959625750028,107.80531553567462,124.1417447859803,112.54297330351194,122.31445995526789,129.8776880717537,138.07272986547676,35.30699694505508,0.151,-0.3446,-0.4157,-0.2025,0.1779,False,24.421549055429125,21.896241146384465,22.8115161481434,26.458581665666426,60.98043803399353,15.05777413603819,19.760173721201216,LHLL,LHLL,LHLL,HHHL,LHLL,HHLL,9,0,0.0,0.0,0.0,0.0,0.0,0.0,0,1
2025-04-01,ZEEL,98.42,119.7,95.2,106.32,16862699,1839461940.0,93.38,105.75,108.3,111.6,89.29,92.35,98.33,93.0,274.65,274.65,274.65,274.65,299.5,89.29,299.5,89.29,344.42499999999995,344.42499999999995,0.08125699176243262,0.0573118279569893,-0.11931818181818177,-0.12923832923832923,-0.2767346938775511,0.22460496613995473,0.3750940556809632,0.11126787057938303,-0.05332957110609471,107.31021035711642,120.90142755216569,107.80531553567462,112.54297330351194,124.1417447859803,129.8776880717537,34.53506859183686,0.2314,0.151,-0.3446,-0.4157,-0.2025,False,32.31189014529188,25.25258291664532,21.896241146384465,22.8115161481434,71.5784171011933,60.98043803399353,15.05777413603819,HHHL,LHLL,LHLL,LHLL,HHHL,LHLL,0,0,0.0,0.0,0.0,0.0,0.0,0.0,0,0
2025-05-02,ZEEL,106.5,131.75,104.45,130.2,17590620,2122008348.0,98.42,93.38,119.7,108.3,95.2,89.29,106.32,98.33,274.65,274.65,274.65,274.65,299.5,89.29,299.5,89.29,344.42499999999995,344.42499999999995,0.22460496613995473,0.08125699176243262,0.0573118279569893,0.008520526723470034,-0.12470588235294122,0.12288786482334868,-0.09254992319508437,-0.10829493087557596,-0.22081413210445455,114.94014023807762,122.59207708813555,107.31021035711642,107.80531553567462,120.90142755216569,124.1417447859803,34.01827797813423,0.702,0.2314,0.151,-0.3446,-0.4157,False,50.37622341360345,35.70322087144149,25.25258291664532,21.896241146384465,87.00384592103633,71.5784171011933,60.98043803399353,HHHL,HHHL,LHLL,LHLL,LHLL,HHHL,0,0,0.0,0.0,0.0,0.0,0.0,0.0,0,0
2025-06-02,ZEEL,130.85,151.45,126.15,146.2,30175047,4261074070.0,106.5,98.42,131.75,119.7,104.45,95.2,130.2,106.32,274.65,274.65,274.65,274.65,299.5,89.29,299.5,89.29,344.42499999999995,344.42499999999995,0.12288786482334868,0.22460496613995473,0.08125699176243262,0.2047795632468068,-0.03752468729427261,-0.19186046511627897,-0.2058823529411764,-0.2311901504787961,-0.3847469220246237,125.36009349205176,126.88442670847454,114.94014023807762,107.31021035711642,122.59207708813555,120.90142755216569,33.39554383683893,0.4791,0.702,0.2314,0.151,-0.3446,False,58.9415601722732,47.20989124372284,35.70322087144149,25.25258291664532,89.04527819718145,87.00384592103633,71.5784171011933,HHHL,HHHL,HHHL,LHLL,LHLL,LHLL,0,0,0.0,0.0,0.0,0.0,0.0,0.0,0,0
2025-07-01,ZEEL,147.4,151.7,115.25,118.15,20100430,2767472869.0,130.85,106.5,151.45,131.75,126.15,104.45,146.2,130.2,274.65,274.65,274.65,274.65,299.5,89.29,299.5,89.29,344.42499999999995,344.42499999999995,-0.19186046511627897,0.12288786482334868,0.22460496613995473,0.11884469696969702,-0.20624790057104458,-0.017350825222175348,-0.048666948793906095,-0.14811680067710542,-0.2868387642826915,122.9567289947012,125.29634912511553,125.36009349205176,114.94014023807762,126.88442670847454,122.59207708813555,33.613719277064725,-0.8345,0.4791,0.702,0.2314,0.151,False,43.56257062502557,50.960118070300744,47.20989124372284,35.70322087144149,22.37850410949714,89.04527819718145,87.00384592103633,HHLL,HHHL,HHHL,HHHL,LHLL,LHLL,1,0,0.0,0.0,0.0,0.0,0.0,0.0,0,0
2025-08-01,ZEEL,118.55,124.15,111.7,116.1,7789378,915296731.0,147.4,130.85,151.7,151.45,115.25,126.15,118.15,146.2,274.65,274.65,274.65,274.65,299.5,89.29,299.5,89.29,344.42499999999995,344.42499999999995,-0.017350825222175348,-0.19186046511627897,0.12288786482334868,0.24838709677419346,-0.17542613636363646,-0.031869078380706184,-0.13307493540051674,-0.12618432385874234,-0.24659776055124893,120.67115266313414,123.6242856478218,122.9567289947012,125.36009349205176,125.29634912511553,126.88442670847454,32.10202504298867,-0.0639,-0.8345,0.4791,0.702,0.2314,False,42.61451993247309,48.372883576590624,50.960118070300744,47.20989124372284,34.4732438179173,22.37850410949714,89.04527819718145,LHLL,HHLL,HHHL,HHHL,HHHL,LHLL,2,0,0.0,0.0,0.0,0.0,0.0,0.0,0,0
2025-09-01,ZEEL,116.3,121.75,111.85,112.4,8168047,949637419.0,118.55,147.4,124.15,151.7,111.7,115.25,116.1,118.15,274.65,274.65,274.65,274.65,299.5,89.29,299.5,89.29,344.42499999999995,344.42499999999995,-0.031869078380706184,-0.017350825222175348,-0.19186046511627897,0.14308959625750028,-0.18343625136215036,-0.10453736654804269,-0.09741992882562278,-0.19973309608540923,-0.359252669039146,117.91410177542276,121.58350643912692,120.67115266313414,122.9567289947012,123.6242856478218,125.29634912511553,30.516166111346624,-0.1212,-0.0639,-0.8345,0.4791,0.702,False,40.747233914190254,42.30810815722964,48.372883576590624,50.960118070300744,28.60825008171025,34.4732438179173,22.37850410949714,LHHL,LHLL,HHLL,HHHL,HHHL,HHHL,3,0,0.0,0.0,0.0,0.0,0.0,0.0,0,0
2025-10-01,ZEEL,112.7,115.1,100.3,100.65,9200669,991587710.0,116.3,118.55,121.75,124.15,111.85,111.7,112.4,116.1,274.65,274.65,274.65,274.65,299.5,89.29,299.5,89.29,344.42499999999995,344.42499999999995,-0.10453736654804269,-0.031869078380706184,-0.017350825222175348,-0.05332957110609471,-0.17567567567567555,0.007948335817188346,-0.10630899155489326,-0.16284153005464486,-0.10799801291604572,112.15940118361519,117.77741435928566,117.91410177542276,120.67115266313414,121.58350643912692,123.6242856478218,29.393582817679007,-0.3997,-0.1212,-0.0639,-0.8345,0.4791,False,35.056089047834604,39.47261429816598,42.30810815722964,48.372883576590624,15.59019896178126,28.60825008171025,34.4732438179173,LHLL,LHHL,LHLL,HHLL,HHHL,HHHL,4,0,0.0,0.0,0.0,0.0,0.0,0.0,0,0
2025-11-03,ZEEL,100.45,104.5,96.05,101.45,8048715,807196029.0,112.7,116.3,115.1,121.75,100.3,111.85,100.65,112.4,274.65,274.65,274.65,274.65,299.5,89.29,299.5,89.29,344.42499999999995,344.42499999999995,0.007948335817188346,-0.10453736654804269,-0.031869078380706184,-0.22081413210445455,-0.21417505809450033,-0.1133563331690488,-0.1694430754066042,-0.13780187284376544,-0.08072942336126165,108.5896007890768,114.80879356668825,112.15940118361519,117.91410177542276,117.77741435928566,121.58350643912692,27.897612616416218,0.0287,-0.3997,-0.1212,-0.0639,-0.8345,False,35.76869129731291,37.19067141977926,39.47261429816598,42.30810815722964,54.61697198081473,15.59019896178126,28.60825008171025,LHLL,LHLL,LHHL,LHLL,HHLL,HHHL,5,0,0.0,0.0,0.0,0.0,0.0,0.0,0,0
2025-12-01,ZEEL,102.15,102.15,89.55,89.95,5886865,553411582.0,100.45,112.7,104.5,115.1,96.05,100.3,101.45,100.65,173.05,274.65,274.65,274.65,299.5,89.29,299.5,89.29,344.42499999999995,344.42499999999995,-0.1133563331690488,0.007948335817188346,-0.10453736654804269,-0.3847469220246237,-0.2587556654305727,-0.06325736520289049,-0.02757087270705949,-0.19933296275708734,,102.37640052605121,110.28901291819948,108.5896007890768,112.15940118361519,114.80879356668825,117.77741435928566,26.80492600095792,-0.429,0.0287,-0.3997,-0.1212,-0.0639,False,30.209550682583412,33.67811034257698,37.19067141977926,39.47261429816598,26.6588172653809,54.61697198081473,15.59019896178126,LHLL,LHLL,LHLL,LHHL,LHLL,HHLL,6,0,0.0,0.0,0.0,0.0,0.0,0.0,0,0
2026-01-02,ZEEL,90.51,93.35,79.45,84.26,6127403,549924158.0,102.15,100.45,102.15,104.5,89.55,96.05,89.95,101.45,161.05,274.65,173.05,274.65,299.5,89.29,299.5,89.29,344.42499999999995,344.42499999999995,-0.06325736520289049,-0.1133563331690488,0.007948335817188346,-0.2868387642826915,-0.20208333333333328,0.038096368383574664,-0.14526465701400437,0.0655115119867078,,96.33760035070082,105.55646511489049,102.37640052605121,108.5896007890768,110.28901291819948,114.80879356668825,25.883145572318067,-0.2198,-0.429,0.0287,-0.3997,-0.1212,False,27.722428628250313,31.233556869382213,33.67811034257698,37.19067141977926,25.51686160240784,26.6588172653809,54.61697198081473,LHLL,LHLL,LHLL,LHLL,LHHL,LHLL,7,0,0.0,0.0,0.0,0.0,0.0,0.0,0,0
2026-02-01,ZEEL,84.01,99.03,79.6,87.47,6521535,589522119.0,90.51,102.15,93.35,102.15,79.45,89.55,84.26,89.95,151.9,274.65,161.05,274.65,299.5,89.29,299.5,89.29,344.42499999999995,344.42499999999995,0.038096368383574664,-0.06325736520289049,-0.1133563331690488,-0.24659776055124893,-0.05946236559139784,-0.1766319881102093,0.0264090545329827,0.06619412369955424,,93.38173356713389,102.26801691218311,96.33760035070082,102.37640052605121,105.55646511489049,110.28901291819948,25.422206602866776,0.1263,-0.2198,-0.429,0.0287,-0.3997,False,31.437596334675803,29.789858548503176,31.233556869382213,33.67811034257698,58.75232952288005,25.51686160240784,26.6588172653809,HHHL,LHLL,LHLL,LHLL,LHLL,LHHL,8,0,0.0,0.0,0.0,0.0,0.0,0.0,0,0
2026-03-02,ZEEL,83.43,86.23,68.1,72.02,24172377,1886063965.0,84.01,90.51,99.03,93.35,79.6,79.45,87.47,84.26,151.9,274.65,151.9,274.65,299.5,68.1,299.5,89.29,344.42499999999995,344.42499999999995,-0.1766319881102093,0.038096368383574664,-0.06325736520289049,-0.359252669039146,-0.2675683921488864,0.24659816717578464,0.29491807831158035,,,86.2611557114226,96.76837747360436,93.38173356713389,96.33760035070082,102.26801691218311,105.55646511489049,24.989906131233433,-0.6182,0.1263,-0.2198,-0.429,0.0287,False,24.396092952755936,27.85203930522735,29.789858548503176,31.233556869382213,20.035908809881978,58.75232952288005,25.51686160240784,LHLL,HHHL,LHLL,LHLL,LHLL,LHLL,9,0,0.0,0.0,0.0,0.0,0.0,,0,0
2026-04-01,ZEEL,74.85,94.3,72.1,89.78,18564561,1566437382.0,83.43,84.01,86.23,99.03,68.1,79.6,72.02,87.47,151.9,274.65,151.9,274.65,299.5,68.1,299.5,68.1,344.42499999999995,344.42499999999995,0.24659816717578464,-0.1766319881102093,0.038096368383574664,-0.10799801291604572,-0.15556809631301727,0.038761416796613934,,,,87.43410380761507,95.49776338749447,86.2611557114226,93.38173356713389,96.76837747360436,102.26801691218311,24.796341407573898,0.7162,-0.6182,0.1263,-0.2198,-0.429,False,41.86033838483836,32.564675890756696,27.85203930522735,29.789858548503176,72.71937275302709,20.035908809881978,58.75232952288005,HHHL,LHLL,HHHL,LHLL,LHLL,LHLL,0,0,0.0,0.0,0.0,0.0,,,0,0
2026-05-04,ZEEL,90.03,96.95,81.81,93.26,16293912,1454594308.0,74.85,83.43,94.3,86.23,72.1,68.1,89.78,72.02,151.9,274.65,151.9,274.65,299.5,68.1,299.5,68.1,344.42499999999995,344.42499999999995,0.038761416796613934,0.24659816717578464,-0.1766319881102093,-0.08072942336126165,-0.28371735791090624,,,,,89.37606920507673,95.09089731704093,87.43410380761507,86.2611557114226,95.49776338749447,96.76837747360436,24.106602735604334,0.1444,0.7162,-0.6182,0.1263,-0.2198,False,44.77650636401427,37.01097923386952,32.564675890756696,27.85203930522735,71.2434481504868,72.71937275302709,20.035908809881978,HHHL,HHHL,LHLL,HHHL,LHLL,LHLL,0,0,0.0,0.0,0.0,,,,0,0
